codigo,date,value_sa
20636,2011-03-01,10411.069396138964
20636,2011-04-01,10713.138316004088
20636,2011-05-01,10915.28703676602
20636,2011-06-01,10699.650202090053
20636,2011-07-01,10918.238682846684
20636,2011-08-01,11731.834263009829
20636,2011-09-01,10680.148045061225
20636,2011-10-01,10943.493234769016
20636,2011-11-01,11143.487863367445
20636,2011-12-01,8959.75691499492
20636,2012-01-01,11756.558050038426
20636,2012-02-01,11650.881830685872
20636,2012-03-01,11812.617134753445
20636,2012-04-01,11847.572943678539
20636,2012-05-01,11990.555073969052
20636,2012-06-01,11837.020741534125
20636,2012-07-01,12546.25727844475
20636,2012-08-01,13625.766672196662
20636,2012-09-01,11405.44097577543
20636,2012-10-01,12836.957272708649
20636,2012-11-01,12882.575792579892
20636,2012-12-01,10625.929819182835
20636,2013-01-01,14793.3486186564
20636,2013-02-01,13793.143272052577
20636,2013-03-01,13782.344770356549
20636,2013-04-01,14594.281992118958
20636,2013-05-01,14766.618860402503
20636,2013-06-01,15284.468861552426
20636,2013-07-01,15751.721220222522
20636,2013-08-01,15772.289352883818
20636,2013-09-01,15604.095685915248
20636,2013-10-01,15970.52567301862
20636,2013-11-01,16614.10241265281
20636,2013-12-01,13609.808788520846
20636,2014-01-01,16326.512771377267
20636,2014-02-01,16935.2559178523
20636,2014-03-01,15709.829708446729
20636,2014-04-01,16335.772109585812
20636,2014-05-01,16562.51981597728
20636,2014-06-01,15530.226262884045
20636,2014-07-01,15656.267394995903
20636,2014-08-01,14679.076523357713
20636,2014-09-01,15530.59887055695
20636,2014-10-01,15551.31954224618
20636,2014-11-01,14595.485809475931
20636,2014-12-01,14951.67661491881
20636,2015-01-01,14895.310828179578
20636,2015-02-01,14203.723990873012
20636,2015-03-01,15135.444633761
20636,2015-04-01,14853.193368257373
20636,2015-05-01,13848.660977647365
20636,2015-06-01,14646.60686849404
20636,2015-07-01,14198.676821514591
20636,2015-08-01,14467.468410021396
20636,2015-09-01,15177.425047636276
20636,2015-10-01,14499.526960880641
20636,2015-11-01,14473.359054589806
20636,2015-12-01,14680.158077163547
20636,2016-01-01,13953.678791557259
20636,2016-02-01,12542.898796900712
20636,2016-03-01,13631.965873105042
20636,2016-04-01,12828.525305913088
20636,2016-05-01,13695.162937778749
20636,2016-06-01,13634.703889861683
20636,2016-07-01,12561.414555455183
20636,2016-08-01,13749.817544464153
20636,2016-09-01,14160.091776671845
20636,2016-10-01,14496.746663566395
20636,2016-11-01,15254.710450654718
20636,2016-12-01,14701.263691153874
20636,2017-01-01,15582.568668435155
20636,2017-02-01,17492.010979407525
20636,2017-03-01,18867.84638732714
20636,2017-04-01,16913.267807886314
20636,2017-05-01,18776.71211274353
20636,2017-06-01,22810.96474014119
20636,2017-07-01,20218.624837516294
20636,2017-08-01,21132.495841286185
20636,2017-09-01,20958.75411356211
20636,2017-10-01,20000.154912439015
20636,2017-11-01,21961.206240694224
20636,2017-12-01,23935.867279700404
20636,2018-01-01,24876.51742653722
20636,2018-02-01,23503.269786293884
20636,2018-03-01,24034.108792842097
20636,2018-04-01,25853.161279240445
20636,2018-05-01,26387.497722419383
20636,2018-06-01,26610.249707559593
20636,2018-07-01,28386.486192736586
20636,2018-08-01,28113.861255797678
20636,2018-09-01,27058.637303052332
20636,2018-10-01,29350.174558330356
20636,2018-11-01,28110.247003521396
20636,2018-12-01,28068.67984990038
20636,2019-01-01,27868.302931122027
20636,2019-02-01,30360.48621236081
20636,2019-03-01,27590.823741737033
20636,2019-04-01,28757.45864491168
20636,2019-05-01,33015.66867975887
20636,2019-06-01,31941.43164789809
20636,2019-07-01,32125.1178235277
20636,2019-08-01,32466.82627788691
20636,2019-09-01,34752.389106077564
20636,2019-10-01,33544.397391384504
20636,2019-11-01,35545.66531400128
20636,2019-12-01,35943.737670933515
20636,2020-01-01,36842.767804376264
20636,2020-02-01,38261.48025268586
20636,2020-03-01,40124.14658456348
20636,2020-04-01,28836.323489404018
20636,2020-05-01,27177.043624854083
20636,2020-06-01,27372.319760384406
20636,2020-07-01,29492.275268334935
20636,2020-08-01,31493.499290111635
20636,2020-09-01,33033.93125544974
20636,2020-10-01,35274.09171896322
20636,2020-11-01,36656.20124292099
20636,2020-12-01,40934.847467902895
20636,2021-01-01,41369.972098556624
20636,2021-02-01,44821.65887061044
20636,2021-03-01,52362.00705105518
20636,2021-04-01,52701.967766654285
20636,2021-05-01,50335.75886728781
20636,2021-06-01,56167.936305077106
20636,2021-07-01,55339.256392498435
20636,2021-08-01,57813.252350300216
20636,2021-09-01,56459.30265621446
20636,2021-10-01,61429.06660100919
20636,2021-11-01,63586.3247030107
20636,2021-12-01,61233.04619327798
20636,2022-01-01,64083.25591205729
20636,2022-02-01,63964.582672243356
20636,2022-03-01,65723.76287521518
20636,2022-04-01,68302.44396435906
20636,2022-05-01,68792.77189095819
20636,2022-06-01,65276.993368125164
20636,2022-07-01,68924.0184575567
20636,2022-08-01,72083.06475760842
20636,2022-09-01,69635.62625141305
20636,2022-10-01,65761.79517904395
20636,2022-11-01,65911.36927116757
20636,2022-12-01,65554.87341940602
20636,2023-01-01,67578.78090282652
20636,2023-02-01,60996.895488283975
20636,2023-03-01,62147.382255486424
20636,2023-04-01,55283.02806573697
20636,2023-05-01,62295.03668131637
20636,2023-06-01,60720.727454204694
20636,2023-07-01,51579.98453132285
20636,2023-08-01,58141.33823336465
20636,2023-09-01,62493.973541137464
20636,2023-10-01,57071.593490541214
20636,2023-11-01,59864.84236640581
20636,2023-12-01,61517.58637689654
20636,2024-01-01,58889.58865339524
20636,2024-02-01,66491.85502791309
20636,2024-03-01,66645.30761779673
20636,2024-04-01,66280.32402319883
20636,2024-05-01,68632.06347931497
20636,2024-06-01,75068.00771117004
20636,2024-07-01,72937.49029462282
20636,2024-08-01,74360.9302530555
20636,2024-09-01,74235.43144139896
20636,2024-10-01,83708.0547845803
20636,2024-11-01,81695.40244794537
20636,2024-12-01,74839.17770594324
20636,2025-01-01,87316.91905190422
20636,2025-02-01,86280.25280012068
20636,2025-03-01,78265.48548203963
20636,2025-04-01,89385.4486438461
20636,2025-05-01,97169.52844483189
20636,2025-06-01,57582.7613498265
20636,2025-07-01,68672.91275083394
20636,2025-08-01,67657.645673248
20636,2025-09-01,72089.76357325328
20636,2025-10-01,70589.53101011892
20636,2025-11-01,65648.31349347162
20636,2025-12-01,79643.86834269427
20636,2026-01-01,77387.58783551012
20636,2026-02-01,79394.3020494001
20636,2026-03-01,80933.56277879553
20636,2026-04-01,83663.9189625599
20636,2026-05-01,80164.25554176593
20636,2026-06-01,82689.5472613079
20637,2011-03-01,4681.854986170063
20637,2011-04-01,4399.935336348484
20637,2011-05-01,4576.40144531929
20637,2011-06-01,4605.372218654564
20637,2011-07-01,4339.313093588728
20637,2011-08-01,4583.69043258047
20637,2011-09-01,4429.319482083294
20637,2011-10-01,3894.692259138302
20637,2011-11-01,4430.069292768185
20637,2011-12-01,4346.112370097001
20637,2012-01-01,4309.272401305649
20637,2012-02-01,4359.63874767498
20637,2012-03-01,4445.479809983974
20637,2012-04-01,4311.906693556939
20637,2012-05-01,4485.819440637496
20637,2012-06-01,4340.878445645696
20637,2012-07-01,4394.706165878851
20637,2012-08-01,4551.192381225599
20637,2012-09-01,3995.982076078739
20637,2012-10-01,4440.911552867789
20637,2012-11-01,4431.268704991927
20637,2012-12-01,4140.245339166319
20637,2013-01-01,4459.490115169077
20637,2013-02-01,4234.025096862941
20637,2013-03-01,4015.2229547519046
20637,2013-04-01,4438.070667372189
20637,2013-05-01,4169.114323229519
20637,2013-06-01,4099.65111392328
20637,2013-07-01,4225.033004429358
20637,2013-08-01,4058.2333634376323
20637,2013-09-01,3884.9570483485063
20637,2013-10-01,4048.4749614526195
20637,2013-11-01,3908.5265025505273
20637,2013-12-01,3868.792278813608
20637,2014-01-01,3924.929699410616
20637,2014-02-01,4057.5689318003397
20637,2014-03-01,3452.592440265834
20637,2014-04-01,3716.4297965990945
20637,2014-05-01,3619.1703071826273
20637,2014-06-01,3483.9608157582024
20637,2014-07-01,3547.2733735496868
20637,2014-08-01,3326.244056473725
20637,2014-09-01,3631.816642057789
20637,2014-10-01,3539.0389209551204
20637,2014-11-01,3314.8946841098586
20637,2014-12-01,3489.377553666652
20637,2015-01-01,3189.0888130235808
20637,2015-02-01,3158.20603932388
20637,2015-03-01,3217.988312049085
20637,2015-04-01,3062.062945906591
20637,2015-05-01,2851.336828826219
20637,2015-06-01,3018.1716084191953
20637,2015-07-01,2971.60740584913
20637,2015-08-01,2703.7266435789165
20637,2015-09-01,2864.2160673466146
20637,2015-10-01,2522.7814077342628
20637,2015-11-01,2541.3659659975706
20637,2015-12-01,2537.5382131514857
20637,2016-01-01,2232.601057022775
20637,2016-02-01,2331.3869645312825
20637,2016-03-01,2222.932594548318
20637,2016-04-01,2055.6749706251394
20637,2016-05-01,2039.173444229323
20637,2016-06-01,2006.9464063417843
20637,2016-07-01,1811.525134736976
20637,2016-08-01,1892.111134474829
20637,2016-09-01,1685.8822595447816
20637,2016-10-01,1566.0277084968432
20637,2016-11-01,1595.8959682243321
20637,2016-12-01,1515.8033815018405
20637,2017-01-01,1504.6324917449372
20637,2017-02-01,1377.4913290635668
20637,2017-03-01,1449.0430970158734
20637,2017-04-01,1236.5473492323163
20637,2017-05-01,1362.0376388621598
20637,2017-06-01,1310.7513725956533
20637,2017-07-01,1232.9305656538768
20637,2017-08-01,1295.182624947769
20637,2017-09-01,1236.9998037192324
20637,2017-10-01,1280.3424095143691
20637,2017-11-01,1279.1684168134489
20637,2017-12-01,1229.806298797351
20637,2018-01-01,1268.6931810244307
20637,2018-02-01,1213.963799171396
20637,2018-03-01,1152.0918003613697
20637,2018-04-01,1220.3464148635264
20637,2018-05-01,1178.6259930665535
20637,2018-06-01,1175.7301263731104
20637,2018-07-01,1205.198037089203
20637,2018-08-01,1190.0626570915238
20637,2018-09-01,1112.5765408040959
20637,2018-10-01,1220.0368783281074
20637,2018-11-01,1177.458534898767
20637,2018-12-01,1102.1003475037455
20637,2019-01-01,1137.8328406399598
20637,2019-02-01,1173.8725331297028
20637,2019-03-01,1011.8011228062232
20637,2019-04-01,1160.7012884763583
20637,2019-05-01,1183.4531669009639
20637,2019-06-01,1114.6126591334314
20637,2019-07-01,1180.0736469588198
20637,2019-08-01,1113.1365329040023
20637,2019-09-01,1167.6155547738783
20637,2019-10-01,1195.0258095936015
20637,2019-11-01,1113.726547134834
20637,2019-12-01,1179.32013170594
20637,2020-01-01,1161.391760281813
20637,2020-02-01,1091.7726902314566
20637,2020-03-01,1088.9970854842118
20637,2020-04-01,666.8743461138369
20637,2020-05-01,524.4049991007623
20637,2020-06-01,559.3847984564366
20637,2020-07-01,553.4130328801754
20637,2020-08-01,490.41199819583653
20637,2020-09-01,529.3564333888997
20637,2020-10-01,527.9023900335927
20637,2020-11-01,570.0108935699816
20637,2020-12-01,592.7514013662467
20637,2021-01-01,588.5342511235003
20637,2021-02-01,666.4316152072381
20637,2021-03-01,698.0489202946327
20637,2021-04-01,727.8779008931403
20637,2021-05-01,751.1771474785359
20637,2021-06-01,791.068802455769
20637,2021-07-01,790.1775773429652
20637,2021-08-01,888.3963881470868
20637,2021-09-01,924.6166703741085
20637,2021-10-01,889.3439223778672
20637,2021-11-01,942.7204308047867
20637,2021-12-01,958.8990840607213
20637,2022-01-01,922.8713526635689
20637,2022-02-01,945.9042623397087
20637,2022-03-01,959.8520263008742
20637,2022-04-01,906.9336184991197
20637,2022-05-01,956.2141127627485
20637,2022-06-01,918.4374668922693
20637,2022-07-01,856.9125118802673
20637,2022-08-01,847.4775439219096
20637,2022-09-01,812.5716662026865
20637,2022-10-01,740.6771956057004
20637,2022-11-01,720.5514988872054
20637,2022-12-01,680.2690225983596
20637,2023-01-01,662.5661940138543
20637,2023-02-01,598.1603820497875
20637,2023-03-01,578.3920038178169
20637,2023-04-01,490.28838576974505
20637,2023-05-01,505.57278905685797
20637,2023-06-01,486.7142366423336
20637,2023-07-01,440.54207982275875
20637,2023-08-01,444.6424883916594
20637,2023-09-01,409.2330553810593
20637,2023-10-01,420.6838321182469
20637,2023-11-01,409.1070972443563
20637,2023-12-01,383.44301673571033
20637,2024-01-01,430.5326210178283
20637,2024-02-01,397.2571290244745
20637,2024-03-01,357.5326377964937
20637,2024-04-01,389.78534174080085
20637,2024-05-01,379.4704052385959
20637,2024-06-01,365.7327730878273
20637,2024-07-01,397.3186821731036
20637,2024-08-01,391.5516410883962
20637,2024-09-01,400.1313232941473
20637,2024-10-01,400.53387783044025
20637,2024-11-01,390.34542232310054
20637,2024-12-01,391.53300002375835
20637,2025-01-01,398.8936319546524
20637,2025-02-01,418.0732091899279
20637,2025-03-01,360.0145459160353
20637,2025-04-01,386.1534601444263
20637,2025-05-01,404.61944488126227
20637,2025-06-01,372.04333623225637
20637,2025-07-01,393.52967545590155
20637,2025-08-01,360.9265135366748
20637,2025-09-01,374.83341981538064
20637,2025-10-01,382.54485307990365
20637,2025-11-01,346.7330250636945
20637,2025-12-01,353.1786484022086
20637,2026-01-01,332.32093200276046
20637,2026-02-01,292.9978771414213
20637,2026-03-01,304.12396238578634
20637,2026-04-01,310.09952540793364
20637,2026-05-01,286.91333415864557
20637,2026-06-01,290.4901797619049
20638,2011-03-01,1740.8223142460254
20638,2011-04-01,1780.5632932679023
20638,2011-05-01,1859.218543593536
20638,2011-06-01,1903.1942697336024
20638,2011-07-01,1920.693362754662
20638,2011-08-01,1928.857466557159
20638,2011-09-01,1937.7917580554322
20638,2011-10-01,1945.7212882834706
20638,2011-11-01,2046.8416063050397
20638,2011-12-01,2047.8949236778233
20638,2012-01-01,2206.458635518332
20638,2012-02-01,2091.1503372516204
20638,2012-03-01,2114.010272574349
20638,2012-04-01,2082.6111882151285
20638,2012-05-01,2233.2302664785025
20638,2012-06-01,2323.3029149326007
20638,2012-07-01,2345.096257199097
20638,2012-08-01,2331.2378658809257
20638,2012-09-01,2323.9817107591202
20638,2012-10-01,2404.8725924966147
20638,2012-11-01,2478.071283174416
20638,2012-12-01,2420.461927033457
20638,2013-01-01,2496.4113159674607
20638,2013-02-01,2440.4476783808545
20638,2013-03-01,2438.8873134045834
20638,2013-04-01,2518.2501484484196
20638,2013-05-01,3419.0652772233484
20638,2013-06-01,3539.742006732352
20638,2013-07-01,3439.4893243016836
20638,2013-08-01,3490.3061947601855
20638,2013-09-01,3440.3411374887733
20638,2013-10-01,3543.0797234481192
20638,2013-11-01,3637.0163203689654
20638,2013-12-01,3753.1541812741484
20638,2014-01-01,3708.714006625393
20638,2014-02-01,3703.2333600502825
20638,2014-03-01,3711.18444372876
20638,2014-04-01,4230.523226835909
20638,2014-05-01,4362.587329066306
20638,2014-06-01,5811.760032023688
20638,2014-07-01,4451.710159485656
20638,2014-08-01,4332.379604734457
20638,2014-09-01,4324.910747047171
20638,2014-10-01,3926.0992249471306
20638,2014-11-01,4051.6410242929096
20638,2014-12-01,4362.9989815815325
20638,2015-01-01,4164.646057772096
20638,2015-02-01,4366.915501159295
20638,2015-03-01,4222.310678398996
20638,2015-04-01,4204.394240662846
20638,2015-05-01,4097.86066354617
20638,2015-06-01,4158.865624993598
20638,2015-07-01,4774.714212009816
20638,2015-08-01,5018.5262151733805
20638,2015-09-01,5529.2954604555125
20638,2015-10-01,5356.386151397704
20638,2015-11-01,5506.166940522788
20638,2015-12-01,5597.352292900835
20638,2016-01-01,5719.018698746922
20638,2016-02-01,5951.050060688634
20638,2016-03-01,6053.415877431786
20638,2016-04-01,6208.882504999724
20638,2016-05-01,6164.077776524202
20638,2016-06-01,6194.537350098663
20638,2016-07-01,4149.951957510315
20638,2016-08-01,4912.427757719534
20638,2016-09-01,5750.258718070353
20638,2016-10-01,5904.69753949394
20638,2016-11-01,6408.874766962443
20638,2016-12-01,6060.692658595667
20638,2017-01-01,6577.799881198995
20638,2017-02-01,6313.931318743948
20638,2017-03-01,7178.356605870415
20638,2017-04-01,6976.770497106696
20638,2017-05-01,7365.916795615722
20638,2017-06-01,7470.147434305327
20638,2017-07-01,7570.330367783858
20638,2017-08-01,8278.467743334346
20638,2017-09-01,8477.190700257872
20638,2017-10-01,12165.348962945414
20638,2017-11-01,11502.76508037689
20638,2017-12-01,11802.47515800898
20638,2018-01-01,11578.259515404518
20638,2018-02-01,12383.352309702155
20638,2018-03-01,12008.017544055707
20638,2018-04-01,12911.823907016289
20638,2018-05-01,12606.240246478565
20638,2018-06-01,13680.367407550211
20638,2018-07-01,13193.514411919721
20638,2018-08-01,13680.979942462729
20638,2018-09-01,12929.730083734872
20638,2018-10-01,13599.705526554679
20638,2018-11-01,13284.802750315046
20638,2018-12-01,15045.977871041212
20638,2019-01-01,14679.441819195878
20638,2019-02-01,15526.483443572415
20638,2019-03-01,14499.23241569823
20638,2019-04-01,14899.028186938047
20638,2019-05-01,14980.433382279472
20638,2019-06-01,15102.399466652914
20638,2019-07-01,14920.760892730268
20638,2019-08-01,14952.696905868075
20638,2019-09-01,15661.024618015454
20638,2019-10-01,17093.116803089444
20638,2019-11-01,18042.20670985534
20638,2019-12-01,19513.75536555583
20638,2020-01-01,20853.844683877924
20638,2020-02-01,22245.6831397025
20638,2020-03-01,23636.077244035314
20638,2020-04-01,12824.53669996773
20638,2020-05-01,13889.198273990705
20638,2020-06-01,15061.530560565789
20638,2020-07-01,16186.921495143306
20638,2020-08-01,16742.497502660906
20638,2020-09-01,17768.123173866825
20638,2020-10-01,18870.933726982494
20638,2020-11-01,18413.531680941225
20638,2020-12-01,17663.58124752829
20638,2021-01-01,17928.6154182243
20638,2021-02-01,19989.913602962464
20638,2021-03-01,21993.05233284945
20638,2021-04-01,22736.23766633712
20638,2021-05-01,22028.42480412845
20638,2021-06-01,21021.02303033685
20638,2021-07-01,19861.65622639098
20638,2021-08-01,19282.50169525623
20638,2021-09-01,25321.81739672333
20638,2021-10-01,26756.09562806663
20638,2021-11-01,27000.000898288417
20638,2021-12-01,26138.72067732222
20638,2022-01-01,26298.35212960773
20638,2022-02-01,27296.71249395698
20638,2022-03-01,28886.245121667816
20638,2022-04-01,27091.03340257028
20638,2022-05-01,25216.80755256178
20638,2022-06-01,23500.387216515424
20638,2022-07-01,23214.838950623795
20638,2022-08-01,23518.230553719877
20638,2022-09-01,23769.175511870424
20638,2022-10-01,24559.64108028771
20638,2022-11-01,25382.19472008264
20638,2022-12-01,25329.972253592758
20638,2023-01-01,25854.75901737039
20638,2023-02-01,24336.91096201265
20638,2023-03-01,25741.66074247529
20638,2023-04-01,25961.913630922394
20638,2023-05-01,27373.028842189375
20638,2023-06-01,26408.446287507915
20638,2023-07-01,26640.030474218787
20638,2023-08-01,26948.048366772833
20638,2023-09-01,37645.634234044504
20638,2023-10-01,37875.506012204416
20638,2023-11-01,39135.879840992864
20638,2023-12-01,40983.04131035389
20638,2024-01-01,43233.20508599891
20638,2024-02-01,43494.801370001835
20638,2024-03-01,42416.90906067817
20638,2024-04-01,41178.88493674425
20638,2024-05-01,41361.783314519496
20638,2024-06-01,44807.29787494939
20638,2024-07-01,47757.309037939005
20638,2024-08-01,48650.42762669383
20638,2024-09-01,46241.27779197666
20638,2024-10-01,46253.754886704024
20638,2024-11-01,44974.617671327826
20638,2024-12-01,45084.29835853209
20638,2025-01-01,43584.31522330017
20638,2025-02-01,43866.49000461559
20638,2025-03-01,43370.582795368246
20638,2025-04-01,44897.020788002555
20638,2025-05-01,46573.54291986838
20638,2025-06-01,46117.97629479439
20638,2025-07-01,47418.55869547006
20638,2025-08-01,46353.37486596404
20638,2025-09-01,48656.98536894417
20638,2025-10-01,48852.50595986093
20638,2025-11-01,50267.41417021743
20638,2025-12-01,51069.307723817736
20638,2026-01-01,51923.81732164984
20638,2026-02-01,51385.47912372384
20638,2026-03-01,50590.57139209671
20638,2026-04-01,52565.813025562275
20638,2026-05-01,54593.78656083629
20638,2026-06-01,56297.82278450206
20639,2011-03-01,7650.1564053405255
20639,2011-04-01,8618.314440274082
20639,2011-05-01,9124.028082226007
20639,2011-06-01,9897.235007877556
20639,2011-07-01,10123.690921995261
20639,2011-08-01,10180.27327593536
20639,2011-09-01,8895.245812385012
20639,2011-10-01,8484.584980377436
20639,2011-11-01,8929.566561544121
20639,2011-12-01,8650.738661777816
20639,2012-01-01,8019.449279520861
20639,2012-02-01,8701.602102198773
20639,2012-03-01,9162.240936058819
20639,2012-04-01,10686.047322297203
20639,2012-05-01,10157.740163243867
20639,2012-06-01,7981.9225393844235
20639,2012-07-01,9607.438908690077
20639,2012-08-01,9449.388327831288
20639,2012-09-01,8336.911059811318
20639,2012-10-01,10021.049518628311
20639,2012-11-01,9098.248381002455
20639,2012-12-01,8816.430458496465
20639,2013-01-01,8520.308535400894
20639,2013-02-01,8702.604738671032
20639,2013-03-01,7477.276004897757
20639,2013-04-01,9059.294960002113
20639,2013-05-01,8200.178192067957
20639,2013-06-01,8227.082397216314
20639,2013-07-01,7804.801895897901
20639,2013-08-01,8139.653493788568
20639,2013-09-01,7482.056280611748
20639,2013-10-01,8898.711929589861
20639,2013-11-01,9139.500342483212
20639,2013-12-01,8564.16150754816
20639,2014-01-01,7462.5769613198
20639,2014-02-01,8477.272283364924
20639,2014-03-01,6695.032139538806
20639,2014-04-01,9855.01127832814
20639,2014-05-01,9107.291704833917
20639,2014-06-01,7717.943058440392
20639,2014-07-01,8816.350299807507
20639,2014-08-01,7696.539917699605
20639,2014-09-01,8376.047935463206
20639,2014-10-01,7758.514717035642
20639,2014-11-01,6776.635026762733
20639,2014-12-01,7317.67689689125
20639,2015-01-01,8430.706847892397
20639,2015-02-01,7587.079329960193
20639,2015-03-01,7524.004408854248
20639,2015-04-01,8201.025970670364
20639,2015-05-01,7909.397460910111
20639,2015-06-01,7458.488557283899
20639,2015-07-01,7101.189692914202
20639,2015-08-01,5812.888566551258
20639,2015-09-01,6549.001227423708
20639,2015-10-01,5537.319367764476
20639,2015-11-01,5498.876030363222
20639,2015-12-01,5141.734780203059
20639,2016-01-01,5396.260202259734
20639,2016-02-01,6051.663373772878
20639,2016-03-01,6004.254023579841
20639,2016-04-01,5860.177577484566
20639,2016-05-01,5711.003522320134
20639,2016-06-01,6812.962002221014
20639,2016-07-01,5308.3374726480815
20639,2016-08-01,5265.2470462699075
20639,2016-09-01,4665.672530447017
20639,2016-10-01,5202.970439357132
20639,2016-11-01,5334.622841168069
20639,2016-12-01,5431.352614633892
20639,2017-01-01,4680.049936795651
20639,2017-02-01,4147.983268799455
20639,2017-03-01,4189.612693580724
20639,2017-04-01,3219.9558150133566
20639,2017-05-01,4310.150885703357
20639,2017-06-01,4064.888816423549
20639,2017-07-01,3221.577212801672
20639,2017-08-01,3803.763580380865
20639,2017-09-01,3777.107000810405
20639,2017-10-01,3581.7023269954307
20639,2017-11-01,3719.9953926516027
20639,2017-12-01,3750.8296619085736
20639,2018-01-01,4032.775160352431
20639,2018-02-01,4359.358297117509
20639,2018-03-01,3123.6635098580487
20639,2018-04-01,3059.0663119172823
20639,2018-05-01,3355.9214556623133
20639,2018-06-01,3173.4855344305074
20639,2018-07-01,3419.5709623249204
20639,2018-08-01,4222.37464594126
20639,2018-09-01,3150.9560851182423
20639,2018-10-01,3856.9755600841722
20639,2018-11-01,3763.369687734516
20639,2018-12-01,3500.1570385407495
20639,2019-01-01,3823.5379051138107
20639,2019-02-01,3891.693712608114
20639,2019-03-01,3808.4650719202773
20639,2019-04-01,3885.807360780489
20639,2019-05-01,4603.967265073094
20639,2019-06-01,5031.609073918273
20639,2019-07-01,6136.792298125045
20639,2019-08-01,6152.620734152421
20639,2019-09-01,4987.372668873891
20639,2019-10-01,5396.671131465817
20639,2019-11-01,5657.560972162715
20639,2019-12-01,6121.6868413802695
20639,2020-01-01,6377.125533904957
20639,2020-02-01,5380.329100602916
20639,2020-03-01,10171.191645253162
20639,2020-04-01,26133.682713218113
20639,2020-05-01,14446.18024821407
20639,2020-06-01,10186.556156193581
20639,2020-07-01,7736.2096311024425
20639,2020-08-01,7322.515880649178
20639,2020-09-01,7870.984657166916
20639,2020-10-01,5811.683096455074
20639,2020-11-01,8201.36364055242
20639,2020-12-01,6512.725528091019
20639,2021-01-01,3265.6995591928194
20639,2021-02-01,4436.27252163145
20639,2021-03-01,6370.035039687106
20639,2021-04-01,6242.8962636803235
20639,2021-05-01,6066.5985813820835
20639,2021-06-01,4882.345656993454
20639,2021-07-01,8063.882970311673
20639,2021-08-01,5177.621417982088
20639,2021-09-01,6180.8445978777845
20639,2021-10-01,8776.059989587804
20639,2021-11-01,6487.746938870858
20639,2021-12-01,5924.11635164547
20639,2022-01-01,8447.36219543424
20639,2022-02-01,8019.960447205988
20639,2022-03-01,8363.283624681115
20639,2022-04-01,6430.0024047903025
20639,2022-05-01,8253.148940760966
20639,2022-06-01,7600.191607119089
20639,2022-07-01,5930.3589646192395
20639,2022-08-01,10135.189864240088
20639,2022-09-01,9278.51531142631
20639,2022-10-01,8632.642949099316
20639,2022-11-01,9277.931458765615
20639,2022-12-01,6861.006306116887
20639,2023-01-01,11347.242685028323
20639,2023-02-01,8737.212832361769
20639,2023-03-01,7492.2420161312175
20639,2023-04-01,6762.208597821438
20639,2023-05-01,7402.494551665221
20639,2023-06-01,7224.718825515613
20639,2023-07-01,9438.216001905252
20639,2023-08-01,9558.109152863235
20639,2023-09-01,8868.478512900016
20639,2023-10-01,7297.833984039237
20639,2023-11-01,6897.2801966536645
20639,2023-12-01,8820.376485694187
20639,2024-01-01,9808.889943507882
20639,2024-02-01,5698.462345004563
20639,2024-03-01,8514.118680615746
20639,2024-04-01,10584.259663257597
20639,2024-05-01,5640.739785536829
20639,2024-06-01,8328.298712118833
20639,2024-07-01,7429.729299796571
20639,2024-08-01,13157.13631526151
20639,2024-09-01,15808.963217063396
20639,2024-10-01,15175.590185657506
20639,2024-11-01,16337.208207023272
20639,2024-12-01,16002.31476537646
20639,2025-01-01,10540.042536204412
20639,2025-02-01,16861.755010596797
20639,2025-03-01,12482.608333857783
20639,2025-04-01,11509.43844642938
20639,2025-05-01,11559.977171247527
20639,2025-06-01,15529.93712537362
20639,2025-07-01,12642.747280991307
20639,2025-08-01,10966.563992192401
20639,2025-09-01,16790.572701563968
20639,2025-10-01,13832.4500940898
20639,2025-11-01,12623.738541379544
20639,2025-12-01,20003.06330312586
20639,2026-01-01,27668.557144475348
20639,2026-02-01,33973.05642475849
20639,2026-03-01,32285.050167069097
20639,2026-04-01,32953.4933302038
20639,2026-05-01,42874.853600242444
20639,2026-06-01,42572.121199324545
20640,2011-03-01,10450.220308663702
20640,2011-04-01,10106.08666594784
20640,2011-05-01,10674.63354644168
20640,2011-06-01,10223.157724551163
20640,2011-07-01,11416.254434380928
20640,2011-08-01,18904.05119577502
20640,2011-09-01,11405.038860836105
20640,2011-10-01,9332.19534140398
20640,2011-11-01,11949.949460668084
20640,2011-12-01,11734.137870634391
20640,2012-01-01,11987.14764030917
20640,2012-02-01,11983.749240495546
20640,2012-03-01,11372.441953337338
20640,2012-04-01,12194.544485166974
20640,2012-05-01,13803.622885468954
20640,2012-06-01,14107.433670160879
20640,2012-07-01,12032.84530849149
20640,2012-08-01,13331.790233944344
20640,2012-09-01,13174.036238519937
20640,2012-10-01,13099.89492221969
20640,2012-11-01,12360.774482794857
20640,2012-12-01,12285.065953007053
20640,2013-01-01,12806.169774614236
20640,2013-02-01,12970.99736068728
20640,2013-03-01,11895.892306359601
20640,2013-04-01,12463.74167894209
20640,2013-05-01,11558.523851851685
20640,2013-06-01,12019.792274791353
20640,2013-07-01,12918.851257879462
20640,2013-08-01,10849.333174290934
20640,2013-09-01,11001.565807120198
20640,2013-10-01,12381.075311966428
20640,2013-11-01,11506.005035324377
20640,2013-12-01,11595.1257692461
20640,2014-01-01,10590.257991886503
20640,2014-02-01,12974.004181748727
20640,2014-03-01,8960.433341903787
20640,2014-04-01,14256.486744909025
20640,2014-05-01,12636.368244520974
20640,2014-06-01,11318.845688714013
20640,2014-07-01,10180.945063529238
20640,2014-08-01,12663.96239343192
20640,2014-09-01,12817.51162177111
20640,2014-10-01,11036.362592840193
20640,2014-11-01,11183.408958676007
20640,2014-12-01,12177.03267024248
20640,2015-01-01,11863.888535526004
20640,2015-02-01,9676.037241574568
20640,2015-03-01,12345.173503062715
20640,2015-04-01,10884.174896339151
20640,2015-05-01,10477.7888245216
20640,2015-06-01,10516.28736593926
20640,2015-07-01,12064.180149345493
20640,2015-08-01,9471.30703062347
20640,2015-09-01,9285.915076281633
20640,2015-10-01,9550.501442246275
20640,2015-11-01,9394.365999519745
20640,2015-12-01,11477.390227570908
20640,2016-01-01,7782.758955158445
20640,2016-02-01,7971.839213938228
20640,2016-03-01,7193.521354413579
20640,2016-04-01,8222.158885607485
20640,2016-05-01,7560.416197588084
20640,2016-06-01,6929.010829038086
20640,2016-07-01,7196.30412824804
20640,2016-08-01,7549.394099383149
20640,2016-09-01,10631.034218262866
20640,2016-10-01,8142.758851978463
20640,2016-11-01,8803.87093263502
20640,2016-12-01,8345.47237788772
20640,2017-01-01,9832.544044266615
20640,2017-02-01,8165.825675007838
20640,2017-03-01,9245.737046824055
20640,2017-04-01,7411.9861069313165
20640,2017-05-01,7188.883763819792
20640,2017-06-01,8763.721591214675
20640,2017-07-01,7212.348654017683
20640,2017-08-01,7328.465012122524
20640,2017-09-01,7056.707243823635
20640,2017-10-01,7067.392152719686
20640,2017-11-01,7535.59195719063
20640,2017-12-01,8577.392973118673
20640,2018-01-01,8228.46760554539
20640,2018-02-01,7739.156073021586
20640,2018-03-01,8877.69978954173
20640,2018-04-01,11603.781730873148
20640,2018-05-01,7596.257581453925
20640,2018-06-01,8639.483113255903
20640,2018-07-01,8493.757650305579
20640,2018-08-01,8997.154683655304
20640,2018-09-01,7650.897898567324
20640,2018-10-01,9783.797205329638
20640,2018-11-01,9020.982185996365
20640,2018-12-01,8820.420627181651
20640,2019-01-01,9601.61323247169
20640,2019-02-01,10837.409301239475
20640,2019-03-01,8751.664011216879
20640,2019-04-01,10701.419093016038
20640,2019-05-01,11456.268461293954
20640,2019-06-01,10155.054727404146
20640,2019-07-01,12400.99103576021
20640,2019-08-01,10958.892742180013
20640,2019-09-01,10919.86787176768
20640,2019-10-01,12255.871321994331
20640,2019-11-01,11468.373964007451
20640,2019-12-01,13490.31775065918
20640,2020-01-01,11430.150000506614
20640,2020-02-01,11375.214745095864
20640,2020-03-01,13386.045829896204
20640,2020-04-01,20679.969972443057
20640,2020-05-01,17008.942426760197
20640,2020-06-01,22329.868520775897
20640,2020-07-01,31004.720972518757
20640,2020-08-01,13076.361588706428
20640,2020-09-01,21604.21331528762
20640,2020-10-01,19047.38134723566
20640,2020-11-01,23681.89120571309
20640,2020-12-01,17635.7841689919
20640,2021-01-01,9230.578146597136
20640,2021-02-01,11634.546520409245
20640,2021-03-01,13729.91702548441
20640,2021-04-01,12121.022337867278
20640,2021-05-01,14599.115840438159
20640,2021-06-01,14479.720051478957
20640,2021-07-01,12164.85107041623
20640,2021-08-01,13944.079719233428
20640,2021-09-01,14455.332431273679
20640,2021-10-01,12432.390539911663
20640,2021-11-01,14031.981985386661
20640,2021-12-01,11839.616703287791
20640,2022-01-01,15684.378094352107
20640,2022-02-01,15667.050026758901
20640,2022-03-01,14353.677092876569
20640,2022-04-01,16220.287939094153
20640,2022-05-01,23373.456248993178
20640,2022-06-01,16646.316886018107
20640,2022-07-01,16917.168943140092
20640,2022-08-01,16630.684259312115
20640,2022-09-01,16830.09175752795
20640,2022-10-01,14698.671682541828
20640,2022-11-01,14295.317307175836
20640,2022-12-01,13705.191096596356
20640,2023-01-01,16345.529048219309
20640,2023-02-01,12705.073415369776
20640,2023-03-01,12964.327456487137
20640,2023-04-01,11580.55388411702
20640,2023-05-01,12110.815414699555
20640,2023-06-01,14914.243829768622
20640,2023-07-01,13045.75428070366
20640,2023-08-01,14109.165260396952
20640,2023-09-01,12375.438374901069
20640,2023-10-01,13302.010458828358
20640,2023-11-01,14914.287751393693
20640,2023-12-01,14201.246460252962
20640,2024-01-01,15865.968121831218
20640,2024-02-01,15727.097270698825
20640,2024-03-01,15412.00935458995
20640,2024-04-01,15326.582320456051
20640,2024-05-01,14470.63613320547
20640,2024-06-01,13107.687426653778
20640,2024-07-01,16448.182683731586
20640,2024-08-01,13414.302597341559
20640,2024-09-01,14130.566576391113
20640,2024-10-01,12776.260270202343
20640,2024-11-01,11364.438015442749
20640,2024-12-01,11993.57308724516
20640,2025-01-01,12203.2999958781
20640,2025-02-01,12444.021124148245
20640,2025-03-01,12862.380957845113
20640,2025-04-01,12714.008689994129
20640,2025-05-01,13052.637353303971
20640,2025-06-01,14294.7506267397
20640,2025-07-01,13827.730154008561
20640,2025-08-01,14250.05719334967
20640,2025-09-01,16242.663979783207
20640,2025-10-01,19185.289746329552
20640,2025-11-01,17114.91826040588
20640,2025-12-01,24714.472553653886
20640,2026-01-01,17583.27002536303
20640,2026-02-01,10956.233823410263
20640,2026-03-01,9426.586413574236
20640,2026-04-01,15341.858666965074
20640,2026-05-01,9428.452245228571
20640,2026-06-01,9602.558860817668
20641,2011-03-01,3750.8192560645166
20641,2011-04-01,3504.3520573342435
20641,2011-05-01,3817.627600034279
20641,2011-06-01,4031.573896926704
20641,2011-07-01,4071.532704268182
20641,2011-08-01,4182.465471795678
20641,2011-09-01,4356.834541438986
20641,2011-10-01,4046.5149073462726
20641,2011-11-01,4385.217882739279
20641,2011-12-01,4235.204764249431
20641,2012-01-01,3975.5081665109187
20641,2012-02-01,4032.3853244560487
20641,2012-03-01,4743.546286785505
20641,2012-04-01,4778.258213885826
20641,2012-05-01,5189.74888034501
20641,2012-06-01,4807.9838579765
20641,2012-07-01,5090.724989615889
20641,2012-08-01,5238.346412335564
20641,2012-09-01,4534.149846591068
20641,2012-10-01,5080.742550038119
20641,2012-11-01,5050.89765221157
20641,2012-12-01,5236.963826023239
20641,2013-01-01,5659.109152014402
20641,2013-02-01,5482.054423251339
20641,2013-03-01,5302.601382914574
20641,2013-04-01,5898.663270812284
20641,2013-05-01,5699.7269541956175
20641,2013-06-01,5619.931443089365
20641,2013-07-01,5422.535143511024
20641,2013-08-01,5489.290054149005
20641,2013-09-01,5345.357366102396
20641,2013-10-01,5047.2131377356145
20641,2013-11-01,3810.6942274611333
20641,2013-12-01,3630.9562519758274
20641,2014-01-01,4025.726760415524
20641,2014-02-01,3805.718320502235
20641,2014-03-01,3258.2965317098137
20641,2014-04-01,3358.6053116038106
20641,2014-05-01,3309.5541259494435
20641,2014-06-01,3296.510653833771
20641,2014-07-01,3547.8039560692687
20641,2014-08-01,3284.45835184119
20641,2014-09-01,3579.2415956805908
20641,2014-10-01,3640.7152308584405
20641,2014-11-01,3940.0935023145807
20641,2014-12-01,4187.40073734775
20641,2015-01-01,3804.823873529753
20641,2015-02-01,3590.0914130912615
20641,2015-03-01,3859.4635987015786
20641,2015-04-01,3484.316380235725
20641,2015-05-01,3389.0968657761678
20641,2015-06-01,2696.770912290539
20641,2015-07-01,2584.2727094988913
20641,2015-08-01,3092.427731771057
20641,2015-09-01,3036.6299216206507
20641,2015-10-01,3048.4130096113
20641,2015-11-01,2965.275315773612
20641,2015-12-01,2804.5118570167833
20641,2016-01-01,2782.721524433684
20641,2016-02-01,2929.4730280175086
20641,2016-03-01,2554.16005705837
20641,2016-04-01,2412.220943218519
20641,2016-05-01,2133.874180382274
20641,2016-06-01,2144.483568623697
20641,2016-07-01,1825.522847240038
20641,2016-08-01,1794.1723635802516
20641,2016-09-01,1701.461258003066
20641,2016-10-01,1558.6139661923066
20641,2016-11-01,1428.6508619773115
20641,2016-12-01,1422.2149104618868
20641,2017-01-01,1291.0973159774383
20641,2017-02-01,1331.00051817421
20641,2017-03-01,1572.4916542143076
20641,2017-04-01,1259.4741275999058
20641,2017-05-01,1280.8930877891887
20641,2017-06-01,1509.2595432408752
20641,2017-07-01,1299.3099052094383
20641,2017-08-01,1305.6114226421691
20641,2017-09-01,1378.2916758776212
20641,2017-10-01,1411.1921728277384
20641,2017-11-01,1504.9412990626283
20641,2017-12-01,2028.6285500322695
20641,2018-01-01,1559.2867536504675
20641,2018-02-01,1479.588488094529
20641,2018-03-01,1425.424133772728
20641,2018-04-01,1600.7361798406141
20641,2018-05-01,1622.3618305008752
20641,2018-06-01,1837.958599899605
20641,2018-07-01,1836.6957703018586
20641,2018-08-01,1952.3815290940531
20641,2018-09-01,1744.6271285848786
20641,2018-10-01,2068.2904445565573
20641,2018-11-01,2013.1834865134892
20641,2018-12-01,2070.739290569313
20641,2019-01-01,1940.156029526494
20641,2019-02-01,2141.559067368896
20641,2019-03-01,2306.1495861002295
20641,2019-04-01,2455.4355468698914
20641,2019-05-01,2711.699219630724
20641,2019-06-01,2540.703409160779
20641,2019-07-01,2853.9478990260077
20641,2019-08-01,2401.781859984788
20641,2019-09-01,2809.707067339339
20641,2019-10-01,2651.5877081512886
20641,2019-11-01,2720.914613153117
20641,2019-12-01,3211.771280627903
20641,2020-01-01,2505.3421736577757
20641,2020-02-01,2691.9699366685263
20641,2020-03-01,3149.3548609065037
20641,2020-04-01,2395.7012796103304
20641,2020-05-01,2124.9781078731025
20641,2020-06-01,2281.4923749147038
20641,2020-07-01,2189.6660068148694
20641,2020-08-01,2345.15658976507
20641,2020-09-01,2686.4631748837273
20641,2020-10-01,2492.5845980398653
20641,2020-11-01,2391.9522552034673
20641,2020-12-01,1191.0662641819385
20641,2021-01-01,1419.4856124086552
20641,2021-02-01,1607.299146699651
20641,2021-03-01,1445.8123281499431
20641,2021-04-01,1419.6124129123368
20641,2021-05-01,1314.041634480128
20641,2021-06-01,1347.1158948746677
20641,2021-07-01,1209.4576288858038
20641,2021-08-01,1295.7619421152797
20641,2021-09-01,1275.1824035789423
20641,2021-10-01,1293.9026459757497
20641,2021-11-01,1449.8701559762321
20641,2021-12-01,1611.1189556540287
20641,2022-01-01,1559.5373264972843
20641,2022-02-01,1509.0542906436342
20641,2022-03-01,1862.3568647282623
20641,2022-04-01,1674.4918659216403
20641,2022-05-01,2076.7066093014528
20641,2022-06-01,1579.664983848054
20641,2022-07-01,1561.431471189591
20641,2022-08-01,1555.1520815308586
20641,2022-09-01,1556.5658014997646
20641,2022-10-01,1439.2337994073087
20641,2022-11-01,1366.3414456629182
20641,2022-12-01,1191.8463504292497
20641,2023-01-01,1301.394632527278
20641,2023-02-01,1307.8331073131758
20641,2023-03-01,1268.4651503175462
20641,2023-04-01,1209.9666257037225
20641,2023-05-01,1227.048710977324
20641,2023-06-01,1161.3701969203612
20641,2023-07-01,1337.8841137287975
20641,2023-08-01,1285.3840492582294
20641,2023-09-01,1231.575152904345
20641,2023-10-01,1253.340067821004
20641,2023-11-01,1291.1063508762818
20641,2023-12-01,1154.8276999934187
20641,2024-01-01,1375.3853706728382
20641,2024-02-01,1326.9024781563685
20641,2024-03-01,1240.9443885734736
20641,2024-04-01,1405.2258513190682
20641,2024-05-01,1494.4908782329933
20641,2024-06-01,1434.257424894177
20641,2024-07-01,1366.6649761369174
20641,2024-08-01,1418.8911473819949
20641,2024-09-01,1177.2535375761079
20641,2024-10-01,987.9263945307293
20641,2024-11-01,1459.8430480188417
20641,2024-12-01,1115.2943199858635
20641,2025-01-01,1098.3104595862044
20641,2025-02-01,1057.5294158571146
20641,2025-03-01,937.1954695954184
20641,2025-04-01,968.5903476206685
20641,2025-05-01,981.825723373238
20641,2025-06-01,864.4386764335846
20641,2025-07-01,908.3674671790578
20641,2025-08-01,756.1745914378985
20641,2025-09-01,1029.431983730031
20641,2025-10-01,1041.3888778911942
20641,2025-11-01,807.2904756970026
20641,2025-12-01,909.5229692892292
20641,2026-01-01,828.3607775492915
20641,2026-02-01,822.4941258397779
20641,2026-03-01,809.3824520382153
20641,2026-04-01,721.0204651285086
20641,2026-05-01,710.4638039607216
20641,2026-06-01,810.661944028237
20642,2011-03-01,22124.704650309206
20642,2011-04-01,21565.30242436186
20642,2011-05-01,23208.657410680906
20642,2011-06-01,24079.043044526068
20642,2011-07-01,25542.99257653052
20642,2011-08-01,33517.719246982226
20642,2011-09-01,25035.257308859425
20642,2011-10-01,21360.13538503387
20642,2011-11-01,25493.885156595963
20642,2011-12-01,24488.302934034717
20642,2012-01-01,24413.66288616705
20642,2012-02-01,24997.573149371397
20642,2012-03-01,25522.44242658139
20642,2012-04-01,26851.263036326287
20642,2012-05-01,28801.332072061377
20642,2012-06-01,27010.934554732223
20642,2012-07-01,26754.39388595531
20642,2012-08-01,28337.45194634895
20642,2012-09-01,26242.659974662256
20642,2012-10-01,27806.761287134148
20642,2012-11-01,26798.287067071735
20642,2012-12-01,26015.00119045025
20642,2013-01-01,27510.859124307215
20642,2013-02-01,27414.028484797644
20642,2013-03-01,24715.61958972231
20642,2013-04-01,26708.349443774296
20642,2013-05-01,25250.097383425447
20642,2013-06-01,25797.45863814568
20642,2013-07-01,26269.243291293034
20642,2013-08-01,24726.10777136164
20642,2013-09-01,24058.159827618183
20642,2013-10-01,26098.628756606402
20642,2013-11-01,24676.732893936
20642,2013-12-01,23580.707047088454
20642,2014-01-01,22443.904484505692
20642,2014-02-01,25490.261857156245
20642,2014-03-01,19111.604182669606
20642,2014-04-01,26652.801340738522
20642,2014-05-01,24773.59322511292
20642,2014-06-01,22278.28613524571
20642,2014-07-01,22676.043704645337
20642,2014-08-01,23711.796184848947
20642,2014-09-01,24987.99108050698
20642,2014-10-01,22336.23528111149
20642,2014-11-01,22136.470798145394
20642,2014-12-01,23406.457946893883
20642,2015-01-01,24398.720282763297
20642,2015-02-01,21189.290321019733
20642,2015-03-01,23878.974961919346
20642,2015-04-01,21891.33210659888
20642,2015-05-01,21546.05666570145
20642,2015-06-01,20611.6132678175
20642,2015-07-01,21934.71777929714
20642,2015-08-01,18377.02662923981
20642,2015-09-01,19111.222943091983
20642,2015-10-01,18198.248775256267
20642,2015-11-01,18052.92558286624
20642,2015-12-01,19178.65295950719
20642,2016-01-01,16081.492347047193
20642,2016-02-01,17206.652594634077
20642,2016-03-01,15875.648234778175
20642,2016-04-01,15995.956186839445
20642,2016-05-01,15299.930803613317
20642,2016-06-01,15718.937572516594
20642,2016-07-01,14438.591056637273
20642,2016-08-01,14610.239093148219
20642,2016-09-01,17095.630926370864
20642,2016-10-01,14978.878507382324
20642,2016-11-01,15766.003176308866
20642,2016-12-01,14967.231105226458
20642,2017-01-01,15644.803794215595
20642,2017-02-01,13645.704092917731
20642,2017-03-01,14938.798791204874
20642,2017-04-01,11578.74741947496
20642,2017-05-01,12845.879986935133
20642,2017-06-01,14432.209984593514
20642,2017-07-01,11885.08220399915
20642,2017-08-01,12555.038136434518
20642,2017-09-01,12314.312539167402
20642,2017-10-01,12187.588898824913
20642,2017-11-01,12951.38979002221
20642,2017-12-01,13918.566556988118
20642,2018-01-01,13639.765726085032
20642,2018-02-01,13592.056795872979
20642,2018-03-01,13306.909354373296
20642,2018-04-01,16022.242006951865
20642,2018-05-01,12748.01364923881
20642,2018-06-01,13803.603394962644
20642,2018-07-01,13930.311246297484
20642,2018-08-01,15347.998403764486
20642,2018-09-01,12636.981976708463
20642,2018-10-01,15906.587197661971
20642,2018-11-01,15024.043413995007
20642,2018-12-01,13749.242457020566
20642,2019-01-01,15057.922318822617
20642,2019-02-01,16752.798824312496
20642,2019-03-01,14750.573997814894
20642,2019-04-01,17068.51032996453
20642,2019-05-01,19255.679443828838
20642,2019-06-01,17794.12243395057
20642,2019-07-01,21722.113386534336
20642,2019-08-01,19545.028832772598
20642,2019-09-01,18791.749944326002
20642,2019-10-01,20452.476119209052
20642,2019-11-01,19978.555425141476
20642,2019-12-01,21720.788140545184
20642,2020-01-01,19998.173235897375
20642,2020-02-01,19504.738678469526
20642,2020-03-01,26882.074710967554
20642,2020-04-01,49235.88802597762
20642,2020-05-01,34839.7649822534
20642,2020-06-01,35019.3693618153
20642,2020-07-01,41865.27693460904
20642,2020-08-01,22643.26347163501
20642,2020-09-01,32128.513865038643
20642,2020-10-01,27493.423702188917
20642,2020-11-01,34398.2581873296
20642,2020-12-01,24031.98070118328
20642,2021-01-01,13560.050523724796
20642,2021-02-01,17638.159616374596
20642,2021-03-01,21675.357071923925
20642,2021-04-01,20170.339598721024
20642,2021-05-01,23073.55515841193
20642,2021-06-01,20947.863106412125
20642,2021-07-01,21783.229710298554
20642,2021-08-01,20410.867162261176
20642,2021-09-01,21750.826298920438
20642,2021-10-01,22289.753518730286
20642,2021-11-01,21876.802257638694
20642,2021-12-01,18482.42275555405
20642,2022-01-01,25174.022714291405
20642,2022-02-01,25323.710637647448
20642,2022-03-01,24942.296898982615
20642,2022-04-01,25095.026009033154
20642,2022-05-01,35489.92209102362
20642,2022-06-01,25900.89064319758
20642,2022-07-01,24891.425663145204
20642,2022-08-01,27927.448846293537
20642,2022-09-01,27183.375758161503
20642,2022-10-01,24477.52923950997
20642,2022-11-01,24767.06498699006
20642,2022-12-01,20845.289877834966
20642,2023-01-01,28532.67184421498
20642,2023-02-01,23089.902326626572
20642,2023-03-01,22134.322306307706
20642,2023-04-01,20322.74132801556
20642,2023-05-01,21811.753002505528
20642,2023-06-01,23322.156745579014
20642,2023-07-01,24147.16147056467
20642,2023-08-01,24524.490015126463
20642,2023-09-01,21815.129095399392
20642,2023-10-01,21549.633227777413
20642,2023-11-01,22883.99321186639
20642,2023-12-01,23344.85055317521
20642,2024-01-01,26617.725495044655
20642,2024-02-01,22852.439572926804
20642,2024-03-01,25734.703153248654
20642,2024-04-01,28594.3360031183
20642,2024-05-01,22791.5813226898
20642,2024-06-01,22759.36068314878
20642,2024-07-01,25731.83906970724
20642,2024-08-01,27206.572538255175
20642,2024-09-01,29709.724661357403
20642,2024-10-01,28245.005982357823
20642,2024-11-01,28783.82939783107
20642,2024-12-01,28861.3400838996
20642,2025-01-01,23598.177939673355
20642,2025-02-01,31366.660463045242
20642,2025-03-01,27342.66543440749
20642,2025-04-01,26572.36063593437
20642,2025-05-01,26902.350258569575
20642,2025-06-01,30298.63166977955
20642,2025-07-01,27801.548928914606
20642,2025-08-01,25135.951284046398
20642,2025-09-01,32228.045771420737
20642,2025-10-01,33310.55491724096
20642,2025-11-01,29981.752691434085
20642,2025-12-01,44924.16989419553
20642,2026-01-01,45847.37120616784
20642,2026-02-01,47997.468293682265
20642,2026-03-01,45286.316753527164
20642,2026-04-01,51635.58149485504
20642,2026-05-01,55799.60739635781
20642,2026-06-01,51104.19677799923
20643,2011-03-01,22230.400752931415
20643,2011-04-01,21911.01231905052
20643,2011-05-01,22747.511750838225
20643,2011-06-01,23455.544306718897
20643,2011-07-01,22351.31070402782
20643,2011-08-01,23304.3612919426
20643,2011-09-01,23320.565530961583
20643,2011-10-01,21771.064366822127
20643,2011-11-01,22479.028989260933
20643,2011-12-01,22898.835892913874
20643,2012-01-01,22024.817885208227
20643,2012-02-01,22119.810456089785
20643,2012-03-01,22661.951239759823
20643,2012-04-01,22802.375679582467
20643,2012-05-01,23179.848134171876
20643,2012-06-01,22102.957237514176
20643,2012-07-01,22611.757167415548
20643,2012-08-01,22652.163702824437
20643,2012-09-01,21467.051769423702
20643,2012-10-01,22301.71615249583
20643,2012-11-01,22439.893163770175
20643,2012-12-01,21163.806046280024
20643,2013-01-01,22069.60485751698
20643,2013-02-01,21271.950751987522
20643,2013-03-01,19884.352485100248
20643,2013-04-01,21674.735858636017
20643,2013-05-01,21300.17566740189
20643,2013-06-01,20959.992762275877
20643,2013-07-01,22245.340306629267
20643,2013-08-01,21370.778632007346
20643,2013-09-01,21252.854830776923
20643,2013-10-01,22737.639504503375
20643,2013-11-01,21886.7372211742
20643,2013-12-01,21950.099071081084
20643,2014-01-01,22076.883064481153
20643,2014-02-01,22520.804322335134
20643,2014-03-01,20792.616559423728
20643,2014-04-01,21012.69214772976
20643,2014-05-01,20811.594212122385
20643,2014-06-01,21132.2412912393
20643,2014-07-01,20839.55150713485
20643,2014-08-01,21109.559152674025
20643,2014-09-01,21497.544918433487
20643,2014-10-01,21075.119243952995
20643,2014-11-01,20646.56032261609
20643,2014-12-01,22627.219875819108
20643,2015-01-01,20922.32547837097
20643,2015-02-01,20809.675843257814
20643,2015-03-01,21987.164157925552
20643,2015-04-01,22659.618538176237
20643,2015-05-01,20482.520591960172
20643,2015-06-01,21760.297243845875
20643,2015-07-01,21448.127364900025
20643,2015-08-01,20442.935075708392
20643,2015-09-01,21060.979684564856
20643,2015-10-01,20813.849803863388
20643,2015-11-01,20435.447290119933
20643,2015-12-01,20555.299340003516
20643,2016-01-01,18488.37032718418
20643,2016-02-01,20338.64308975007
20643,2016-03-01,19738.10492204239
20643,2016-04-01,18937.833552233213
20643,2016-05-01,19131.403255445846
20643,2016-06-01,19713.783268018673
20643,2016-07-01,18652.103001247382
20643,2016-08-01,19083.521405601376
20643,2016-09-01,19030.418304442217
20643,2016-10-01,17065.1471040222
20643,2016-11-01,17416.104523482347
20643,2016-12-01,18109.485722649326
20643,2017-01-01,17450.65083835547
20643,2017-02-01,16522.416300523022
20643,2017-03-01,17482.404780262146
20643,2017-04-01,16127.271521461349
20643,2017-05-01,16980.108401051726
20643,2017-06-01,15996.793813226206
20643,2017-07-01,15595.141506062508
20643,2017-08-01,15922.334247272245
20643,2017-09-01,16392.960135291607
20643,2017-10-01,16216.19395142799
20643,2017-11-01,17289.67562288478
20643,2017-12-01,16083.273170980165
20643,2018-01-01,16878.478458138925
20643,2018-02-01,16737.39615747959
20643,2018-03-01,15172.621679030311
20643,2018-04-01,16807.10841500391
20643,2018-05-01,16502.373705311777
20643,2018-06-01,16436.482691796817
20643,2018-07-01,17154.817978223302
20643,2018-08-01,16954.43125414536
20643,2018-09-01,15953.622663166094
20643,2018-10-01,16423.880179579395
20643,2018-11-01,16227.689273761367
20643,2018-12-01,15841.979416208495
20643,2019-01-01,15929.963958669998
20643,2019-02-01,16188.910744835493
20643,2019-03-01,14342.020127141255
20643,2019-04-01,15643.369912027987
20643,2019-05-01,15678.754409239342
20643,2019-06-01,14401.235539279449
20643,2019-07-01,16055.45288709891
20643,2019-08-01,14814.814399700264
20643,2019-09-01,14409.066882970468
20643,2019-10-01,14868.694022383981
20643,2019-11-01,14299.503552222219
20643,2019-12-01,14690.672390730348
20643,2020-01-01,14123.348440599068
20643,2020-02-01,14400.01511118645
20643,2020-03-01,15928.916206059544
20643,2020-04-01,10185.589616274025
20643,2020-05-01,9399.92995604454
20643,2020-06-01,9997.20832868447
20643,2020-07-01,9402.216791480203
20643,2020-08-01,9190.193100056047
20643,2020-09-01,8972.991383311999
20643,2020-10-01,9530.244589691061
20643,2020-11-01,9948.201335086804
20643,2020-12-01,8989.359220047752
20643,2021-01-01,8086.54430355719
20643,2021-02-01,9884.863696120974
20643,2021-03-01,9467.62995198922
20643,2021-04-01,9484.519014487252
20643,2021-05-01,9562.74873978539
20643,2021-06-01,10507.44833898569
20643,2021-07-01,10052.04145530208
20643,2021-08-01,10381.609346043686
20643,2021-09-01,11502.167735227586
20643,2021-10-01,11144.010991881596
20643,2021-11-01,11524.386051496524
20643,2021-12-01,12794.149598673568
20643,2022-01-01,12418.419685969355
20643,2022-02-01,11960.187297895653
20643,2022-03-01,12987.264235007087
20643,2022-04-01,12235.785306331114
20643,2022-05-01,12795.819463892518
20643,2022-06-01,12822.961595486942
20643,2022-07-01,12939.737382540316
20643,2022-08-01,13629.549217175849
20643,2022-09-01,13322.67969700769
20643,2022-10-01,12504.814451139833
20643,2022-11-01,12049.455611193047
20643,2022-12-01,11716.362148571525
20643,2023-01-01,12010.487138376277
20643,2023-02-01,12274.995780043826
20643,2023-03-01,11509.348706025909
20643,2023-04-01,11418.602010273136
20643,2023-05-01,12643.766546544093
20643,2023-06-01,11735.734201520741
20643,2023-07-01,11344.878012270927
20643,2023-08-01,11613.493998937192
20643,2023-09-01,12003.009646625995
20643,2023-10-01,12421.802248335975
20643,2023-11-01,14039.638681505532
20643,2023-12-01,16004.318967102967
20643,2024-01-01,16696.933691963895
20643,2024-02-01,16258.589821038273
20643,2024-03-01,14911.917355642416
20643,2024-04-01,17754.04704439248
20643,2024-05-01,16989.597549027367
20643,2024-06-01,16799.620823886213
20643,2024-07-01,18277.465691761066
20643,2024-08-01,18844.18574733283
20643,2024-09-01,18324.666775154274
20643,2024-10-01,18721.9188481232
20643,2024-11-01,19013.53055954751
20643,2024-12-01,18861.301599168884
20643,2025-01-01,19271.574313000914
20643,2025-02-01,19513.77794796074
20643,2025-03-01,18739.41110342816
20643,2025-04-01,19854.617418318398
20643,2025-05-01,19851.008048062336
20643,2025-06-01,20293.49397460163
20643,2025-07-01,20148.367585942746
20643,2025-08-01,19533.37191987658
20643,2025-09-01,20372.600148032034
20643,2025-10-01,20729.61005485687
20643,2025-11-01,19873.98013210534
20643,2025-12-01,22102.107663929033
20643,2026-01-01,20980.300991552333
20643,2026-02-01,21257.58137671699
20643,2026-03-01,21901.327204173933
20643,2026-04-01,21806.44461661984
20643,2026-05-01,20515.7181193567
20643,2026-06-01,21539.66685054711
20644,2011-03-01,17734.684757838804
20644,2011-04-01,17661.381983226416
20644,2011-05-01,18734.411307079994
20644,2011-06-01,18234.1786712589
20644,2011-07-01,18021.493793314057
20644,2011-08-01,18641.16139945467
20644,2011-09-01,18407.096217208516
20644,2011-10-01,18250.589822904643
20644,2011-11-01,18654.68535760469
20644,2011-12-01,18726.29155094852
20644,2012-01-01,18446.6975178469
20644,2012-02-01,17902.494786195704
20644,2012-03-01,19104.555494405504
20644,2012-04-01,18792.157309807528
20644,2012-05-01,18770.22533306588
20644,2012-06-01,18719.556707462434
20644,2012-07-01,19148.293222785305
20644,2012-08-01,18995.525955843965
20644,2012-09-01,18310.514323835494
20644,2012-10-01,19275.487167771837
20644,2012-11-01,19089.30320048571
20644,2012-12-01,18626.397446025323
20644,2013-01-01,19123.98605972798
20644,2013-02-01,19101.09957861923
20644,2013-03-01,18785.706356291237
20644,2013-04-01,19872.4927038031
20644,2013-05-01,19155.834996419853
20644,2013-06-01,19195.09674881957
20644,2013-07-01,19671.746026242865
20644,2013-08-01,19868.051011682168
20644,2013-09-01,20017.069335444095
20644,2013-10-01,20313.58597253935
20644,2013-11-01,20075.836308426304
20644,2013-12-01,20167.888170190425
20644,2014-01-01,20225.441701470052
20644,2014-02-01,20782.127727198287
20644,2014-03-01,19683.549837389637
20644,2014-04-01,20210.511425334884
20644,2014-05-01,20162.43912501893
20644,2014-06-01,20044.809236466586
20644,2014-07-01,20093.049634931296
20644,2014-08-01,19628.221950064377
20644,2014-09-01,20539.48040431078
20644,2014-10-01,19658.418703571027
20644,2014-11-01,19904.323271577938
20644,2014-12-01,20766.033761126182
20644,2015-01-01,20885.310369625193
20644,2015-02-01,20991.191402841778
20644,2015-03-01,22825.66455870556
20644,2015-04-01,22043.745324521533
20644,2015-05-01,21544.238245972767
20644,2015-06-01,22479.341653417006
20644,2015-07-01,22009.562185292663
20644,2015-08-01,21781.490072941066
20644,2015-09-01,21847.333376712915
20644,2015-10-01,21582.580483143705
20644,2015-11-01,21499.885341263154
20644,2015-12-01,21080.004713644386
20644,2016-01-01,19826.507001123588
20644,2016-02-01,20100.75224481253
20644,2016-03-01,20102.21757807181
20644,2016-04-01,19223.72731181572
20644,2016-05-01,19524.804659307538
20644,2016-06-01,19055.58138486603
20644,2016-07-01,18627.334551045824
20644,2016-08-01,19064.65116778307
20644,2016-09-01,18492.14786732192
20644,2016-10-01,18252.779872050738
20644,2016-11-01,17707.265714513538
20644,2016-12-01,17699.53918169892
20644,2017-01-01,17224.094384592976
20644,2017-02-01,15920.470164544575
20644,2017-03-01,18220.95567116021
20644,2017-04-01,16339.272259079595
20644,2017-05-01,17079.438297183402
20644,2017-06-01,16293.215417754458
20644,2017-07-01,16141.990176020303
20644,2017-08-01,16441.135918124663
20644,2017-09-01,16417.703558036468
20644,2017-10-01,16656.726866446385
20644,2017-11-01,16926.077851452916
20644,2017-12-01,18431.951466228013
20644,2018-01-01,16814.682515272892
20644,2018-02-01,17265.00477742899
20644,2018-03-01,16629.113828087255
20644,2018-04-01,17350.52440376987
20644,2018-05-01,16586.486142025424
20644,2018-06-01,16906.501950194837
20644,2018-07-01,17169.736040112963
20644,2018-08-01,16972.90645101577
20644,2018-09-01,16721.988185813225
20644,2018-10-01,17239.37665448476
20644,2018-11-01,17586.449151922516
20644,2018-12-01,17256.615462737867
20644,2019-01-01,17951.774065307927
20644,2019-02-01,17938.059079081435
20644,2019-03-01,16771.602324966378
20644,2019-04-01,18362.83438081984
20644,2019-05-01,18278.542331457214
20644,2019-06-01,17734.630050493197
20644,2019-07-01,19347.192116298404
20644,2019-08-01,18756.863024859747
20644,2019-09-01,19772.08976746956
20644,2019-10-01,19366.869154010346
20644,2019-11-01,18350.83967417357
20644,2019-12-01,19270.614435732914
20644,2020-01-01,18734.5909934161
20644,2020-02-01,19439.668351706132
20644,2020-03-01,18605.728403001034
20644,2020-04-01,13870.882277077524
20644,2020-05-01,13153.065061550838
20644,2020-06-01,11035.85332997432
20644,2020-07-01,11224.032226902616
20644,2020-08-01,11787.53651444371
20644,2020-09-01,11700.218271365666
20644,2020-10-01,12000.124185607872
20644,2020-11-01,12660.37929984939
20644,2020-12-01,12729.25860135629
20644,2021-01-01,12886.917807831363
20644,2021-02-01,14254.750392545331
20644,2021-03-01,14517.216584435744
20644,2021-04-01,14588.567657340023
20644,2021-05-01,15223.236134395045
20644,2021-06-01,16094.28521583482
20644,2021-07-01,16265.048192850036
20644,2021-08-01,17467.56370483
20644,2021-09-01,18499.50039519055
20644,2021-10-01,18680.229773537936
20644,2021-11-01,20157.859093298484
20644,2021-12-01,21755.60524966666
20644,2022-01-01,21265.808542394454
20644,2022-02-01,21415.697277930092
20644,2022-03-01,22837.51658532488
20644,2022-04-01,21520.74100172618
20644,2022-05-01,22419.666520301773
20644,2022-06-01,21844.35250271021
20644,2022-07-01,22394.20791901973
20644,2022-08-01,22115.262036062977
20644,2022-09-01,21469.09630958035
20644,2022-10-01,20483.90779710483
20644,2022-11-01,21020.572124155904
20644,2022-12-01,21471.08983569897
20644,2023-01-01,21315.397745319016
20644,2023-02-01,21068.647715196326
20644,2023-03-01,21799.897223916614
20644,2023-04-01,21696.86945030485
20644,2023-05-01,22228.15150675673
20644,2023-06-01,22080.126107941018
20644,2023-07-01,21283.076101541646
20644,2023-08-01,21575.84230968611
20644,2023-09-01,21293.734137202075
20644,2023-10-01,22315.969441182744
20644,2023-11-01,22024.541605096663
20644,2023-12-01,20848.601856603014
20644,2024-01-01,22130.426478086403
20644,2024-02-01,21931.848021345635
20644,2024-03-01,21981.66898672891
20644,2024-04-01,23467.108098324894
20644,2024-05-01,21379.78804457809
20644,2024-06-01,21360.011375702325
20644,2024-07-01,22285.34834722958
20644,2024-08-01,22642.23499351454
20644,2024-09-01,22983.182538753754
20644,2024-10-01,22920.309716524
20644,2024-11-01,23287.3580167081
20644,2024-12-01,23180.670446078355
20644,2025-01-01,23874.04496737587
20644,2025-02-01,24846.638003967684
20644,2025-03-01,23697.896981559625
20644,2025-04-01,24487.400433715426
20644,2025-05-01,24827.77824185733
20644,2025-06-01,24351.17452662544
20644,2025-07-01,24802.56682548361
20644,2025-08-01,24163.786397351323
20644,2025-09-01,25816.73275915328
20644,2025-10-01,25695.959984200486
20644,2025-11-01,24553.840394747684
20644,2025-12-01,25124.606599572384
20644,2026-01-01,24876.992849212995
20644,2026-02-01,24520.93446876461
20644,2026-03-01,25520.14681148467
20644,2026-04-01,24420.582739260768
20644,2026-05-01,25877.214135110684
20644,2026-06-01,26804.48322289129
20645,2011-03-01,1069.2866541937506
20645,2011-04-01,1067.4312932536661
20645,2011-05-01,1101.870305191144
20645,2011-06-01,1163.0162641687252
20645,2011-07-01,1202.9843333139715
20645,2011-08-01,1224.3675150905574
20645,2011-09-01,1236.037976050048
20645,2011-10-01,1063.2700422614892
20645,2011-11-01,1234.713023770183
20645,2011-12-01,1229.6027511778075
20645,2012-01-01,1286.648992108842
20645,2012-02-01,1198.2476201055244
20645,2012-03-01,1303.086184023119
20645,2012-04-01,1172.9051462335879
20645,2012-05-01,1168.4738971673091
20645,2012-06-01,1210.5386587982887
20645,2012-07-01,1119.5864248958612
20645,2012-08-01,1144.9718364897387
20645,2012-09-01,946.6665318202668
20645,2012-10-01,1015.1443282351788
20645,2012-11-01,1067.1255152858432
20645,2012-12-01,968.9803997930205
20645,2013-01-01,1069.011133821808
20645,2013-02-01,1030.2493780206896
20645,2013-03-01,976.9113870290661
20645,2013-04-01,1220.1816986236163
20645,2013-05-01,1138.9347812981073
20645,2013-06-01,1053.0417411424862
20645,2013-07-01,1057.3487333955993
20645,2013-08-01,1039.8424195565628
20645,2013-09-01,1068.0744372773195
20645,2013-10-01,1083.0203001583147
20645,2013-11-01,1005.8822512544717
20645,2013-12-01,1011.6553085366103
20645,2014-01-01,1044.310618839352
20645,2014-02-01,1159.9642568814602
20645,2014-03-01,959.8588380120251
20645,2014-04-01,1038.7465846376922
20645,2014-05-01,1063.8459741113263
20645,2014-06-01,988.3706697267684
20645,2014-07-01,921.7362318807126
20645,2014-08-01,938.1334005402912
20645,2014-09-01,1241.9123789849039
20645,2014-10-01,1120.0808944311623
20645,2014-11-01,1008.6702409790197
20645,2014-12-01,1078.9489466035586
20645,2015-01-01,878.9164861860112
20645,2015-02-01,754.3344321076438
20645,2015-03-01,891.9154065316233
20645,2015-04-01,847.2651350903917
20645,2015-05-01,750.1309030720826
20645,2015-06-01,762.6225723242071
20645,2015-07-01,823.2600144078006
20645,2015-08-01,728.0997183971698
20645,2015-09-01,768.179537325569
20645,2015-10-01,705.6092585548913
20645,2015-11-01,766.6902879685358
20645,2015-12-01,780.572631465533
20645,2016-01-01,715.3915618841244
20645,2016-02-01,749.5567694357883
20645,2016-03-01,693.0302493431255
20645,2016-04-01,690.4399718674453
20645,2016-05-01,645.9957476880204
20645,2016-06-01,798.1088396585428
20645,2016-07-01,796.3991593859502
20645,2016-08-01,813.0752286260332
20645,2016-09-01,738.2838388976603
20645,2016-10-01,622.5682825427701
20645,2016-11-01,714.9070654093947
20645,2016-12-01,782.0119711841804
20645,2017-01-01,775.9621282588178
20645,2017-02-01,783.1472977766649
20645,2017-03-01,899.0277982076099
20645,2017-04-01,805.562121102056
20645,2017-05-01,933.5671432965229
20645,2017-06-01,982.1905335338843
20645,2017-07-01,937.5418104422031
20645,2017-08-01,1043.8297594927706
20645,2017-09-01,1057.1586419187452
20645,2017-10-01,1139.2049024423939
20645,2017-11-01,1218.9458929598204
20645,2017-12-01,1203.205919763244
20645,2018-01-01,1540.824957597379
20645,2018-02-01,1422.0971087549558
20645,2018-03-01,1657.5023500373354
20645,2018-04-01,1819.7569823635024
20645,2018-05-01,1615.4087671821073
20645,2018-06-01,1544.905302638253
20645,2018-07-01,1666.5404595777627
20645,2018-08-01,1863.4197317611663
20645,2018-09-01,1682.1620846374317
20645,2018-10-01,1945.7182051150403
20645,2018-11-01,2020.3608649360813
20645,2018-12-01,1986.1340239145154
20645,2019-01-01,2208.7753672459157
20645,2019-02-01,2533.9026686527095
20645,2019-03-01,2363.5371604351026
20645,2019-04-01,2948.1816444005776
20645,2019-05-01,3069.1439730884385
20645,2019-06-01,2784.4151214401636
20645,2019-07-01,3076.277155442726
20645,2019-08-01,2975.82833352863
20645,2019-09-01,3399.5138735724986
20645,2019-10-01,3656.377748423076
20645,2019-11-01,3578.1116417056182
20645,2019-12-01,3304.4391428906583
20645,2020-01-01,3503.3558542511546
20645,2020-02-01,3301.9563256573347
20645,2020-03-01,3126.6501827242737
20645,2020-04-01,1364.7083982228557
20645,2020-05-01,1651.0174639816246
20645,2020-06-01,2586.2444256951576
20645,2020-07-01,3182.9099187920506
20645,2020-08-01,2531.448130885936
20645,2020-09-01,3045.475054457018
20645,2020-10-01,2940.6666904517288
20645,2020-11-01,3563.2352593979504
20645,2020-12-01,3702.3407260289287
20645,2021-01-01,2839.3947057902915
20645,2021-02-01,3867.974129819839
20645,2021-03-01,4679.733508755669
20645,2021-04-01,4441.886475197718
20645,2021-05-01,4749.257868032148
20645,2021-06-01,5029.1599972654585
20645,2021-07-01,4813.885766025783
20645,2021-08-01,4880.113278224796
20645,2021-09-01,4520.431948260398
20645,2021-10-01,4357.055077752981
20645,2021-11-01,4195.550160550613
20645,2021-12-01,4737.789309974808
20645,2022-01-01,4203.07832774782
20645,2022-02-01,4770.072888748953
20645,2022-03-01,4520.869004404904
20645,2022-04-01,3857.751463888806
20645,2022-05-01,4816.813087576091
20645,2022-06-01,4857.159268353868
20645,2022-07-01,4833.0961185574815
20645,2022-08-01,5035.696617058801
20645,2022-09-01,5128.032097768616
20645,2022-10-01,4546.165453966079
20645,2022-11-01,4703.264823771202
20645,2022-12-01,4917.8003163373005
20645,2023-01-01,4966.174630929351
20645,2023-02-01,4339.41121145169
20645,2023-03-01,4878.824187132829
20645,2023-04-01,3755.2990760085795
20645,2023-05-01,4453.663961331772
20645,2023-06-01,4334.680892763152
20645,2023-07-01,4265.28756575719
20645,2023-08-01,4706.378851620287
20645,2023-09-01,4493.228580360652
20645,2023-10-01,4843.574861731094
20645,2023-11-01,4817.48867476667
20645,2023-12-01,4599.041062096167
20645,2024-01-01,5204.3566847021975
20645,2024-02-01,5237.013350627069
20645,2024-03-01,4837.122127245121
20645,2024-04-01,5299.17481336914
20645,2024-05-01,4943.251323321784
20645,2024-06-01,5032.107948007021
20645,2024-07-01,5087.798112261952
20645,2024-08-01,5123.574082637165
20645,2024-09-01,5182.636738732473
20645,2024-10-01,5370.70942694399
20645,2024-11-01,5178.563772062658
20645,2024-12-01,4921.155978387902
20645,2025-01-01,4788.85380166694
20645,2025-02-01,5219.86460415115
20645,2025-03-01,4564.762420154728
20645,2025-04-01,4821.366908879677
20645,2025-05-01,4897.081424509909
20645,2025-06-01,4934.458494614913
20645,2025-07-01,5154.513460023382
20645,2025-08-01,4329.518016707585
20645,2025-09-01,5077.1336681427
20645,2025-10-01,5555.148342805091
20645,2025-11-01,4739.6734347591055
20645,2025-12-01,4708.036732380898
20645,2026-01-01,4455.811391802672
20645,2026-02-01,4171.641543460247
20645,2026-03-01,4301.109272874004
20645,2026-04-01,4237.0039631633035
20645,2026-05-01,3949.3532165404454
20645,2026-06-01,3696.1798468898833
20646,2011-03-01,243
20646,2011-04-01,248
20646,2011-05-01,278
20646,2011-06-01,269
20646,2011-07-01,436
20646,2011-08-01,434
20646,2011-09-01,543
20646,2011-10-01,314
20646,2011-11-01,807
20646,2011-12-01,982
20646,2012-01-01,299
20646,2012-02-01,468
20646,2012-03-01,683
20646,2012-04-01,252
20646,2012-05-01,260
20646,2012-06-01,386
20646,2012-07-01,296
20646,2012-08-01,415
20646,2012-09-01,389
20646,2012-10-01,526
20646,2012-11-01,319
20646,2012-12-01,658
20646,2013-01-01,340
20646,2013-02-01,426
20646,2013-03-01,598
20646,2013-04-01,354
20646,2013-05-01,371
20646,2013-06-01,301
20646,2013-07-01,354
20646,2013-08-01,517
20646,2013-09-01,498
20646,2013-10-01,460
20646,2013-11-01,581
20646,2013-12-01,767
20646,2014-01-01,463
20646,2014-02-01,666
20646,2014-03-01,550
20646,2014-04-01,594
20646,2014-05-01,819
20646,2014-06-01,651
20646,2014-07-01,794
20646,2014-08-01,527
20646,2014-09-01,826
20646,2014-10-01,844
20646,2014-11-01,443
20646,2014-12-01,654
20646,2015-01-01,493
20646,2015-02-01,308
20646,2015-03-01,383
20646,2015-04-01,525
20646,2015-05-01,668
20646,2015-06-01,502
20646,2015-07-01,480
20646,2015-08-01,367
20646,2015-09-01,349
20646,2015-10-01,328
20646,2015-11-01,316
20646,2015-12-01,474
20646,2016-01-01,260
20646,2016-02-01,470
20646,2016-03-01,303
20646,2016-04-01,499
20646,2016-05-01,482
20646,2016-06-01,345
20646,2016-07-01,319
20646,2016-08-01,382
20646,2016-09-01,371
20646,2016-10-01,499
20646,2016-11-01,359
20646,2016-12-01,579
20646,2017-01-01,414
20646,2017-02-01,239
20646,2017-03-01,544
20646,2017-04-01,234
20646,2017-05-01,427
20646,2017-06-01,392
20646,2017-07-01,351
20646,2017-08-01,270
20646,2017-09-01,392
20646,2017-10-01,497
20646,2017-11-01,247
20646,2017-12-01,392
20646,2018-01-01,315
20646,2018-02-01,552
20646,2018-03-01,341
20646,2018-04-01,373
20646,2018-05-01,344
20646,2018-06-01,411
20646,2018-07-01,445
20646,2018-08-01,423
20646,2018-09-01,419
20646,2018-10-01,382
20646,2018-11-01,362
20646,2018-12-01,480
20646,2019-01-01,447
20646,2019-02-01,482
20646,2019-03-01,579
20646,2019-04-01,545
20646,2019-05-01,629
20646,2019-06-01,761
20646,2019-07-01,865
20646,2019-08-01,871
20646,2019-09-01,994
20646,2019-10-01,904
20646,2019-11-01,816
20646,2019-12-01,901
20646,2020-01-01,796
20646,2020-02-01,819
20646,2020-03-01,979
20646,2020-04-01,859
20646,2020-05-01,908
20646,2020-06-01,1170
20646,2020-07-01,928
20646,2020-08-01,956
20646,2020-09-01,1309
20646,2020-10-01,1002
20646,2020-11-01,1249
20646,2020-12-01,1165
20646,2021-01-01,681
20646,2021-02-01,847
20646,2021-03-01,1378
20646,2021-04-01,1167
20646,2021-05-01,1179
20646,2021-06-01,1265
20646,2021-07-01,1471
20646,2021-08-01,1389
20646,2021-09-01,1680
20646,2021-10-01,1445
20646,2021-11-01,1568
20646,2021-12-01,1887
20646,2022-01-01,1401
20646,2022-02-01,1169
20646,2022-03-01,1528
20646,2022-04-01,1504
20646,2022-05-01,1860
20646,2022-06-01,1631
20646,2022-07-01,1770
20646,2022-08-01,1884
20646,2022-09-01,1868
20646,2022-10-01,1729
20646,2022-11-01,1461
20646,2022-12-01,1687
20646,2023-01-01,1229
20646,2023-02-01,1103
20646,2023-03-01,1326
20646,2023-04-01,1067
20646,2023-05-01,1414
20646,2023-06-01,1291
20646,2023-07-01,1349
20646,2023-08-01,1506
20646,2023-09-01,1373
20646,2023-10-01,1367
20646,2023-11-01,1224
20646,2023-12-01,1450
20646,2024-01-01,1105
20646,2024-02-01,1192
20646,2024-03-01,1203
20646,2024-04-01,1404
20646,2024-05-01,1360
20646,2024-06-01,1541
20646,2024-07-01,1630
20646,2024-08-01,1611
20646,2024-09-01,1538
20646,2024-10-01,1554
20646,2024-11-01,1192
20646,2024-12-01,1378
20646,2025-01-01,1463
20646,2025-02-01,1802
20646,2025-03-01,1704
20646,2025-04-01,1095
20646,2025-05-01,1273
20646,2025-06-01,1747
20646,2025-07-01,1384
20646,2025-08-01,1259
20646,2025-09-01,1355
20646,2025-10-01,1444
20646,2025-11-01,1115
20646,2025-12-01,1904
20646,2026-01-01,1170
20646,2026-02-01,1326
20646,2026-03-01,1562
20646,2026-04-01,1186
20646,2026-05-01,1577
20646,2026-06-01,1745
20648,2011-03-01,486.30784138177705
20648,2011-04-01,468.09781567135974
20648,2011-05-01,534.9225008901878
20648,2011-06-01,475.50202238275944
20648,2011-07-01,444.3166613997655
20648,2011-08-01,411.7337482577403
20648,2011-09-01,394.7184064124705
20648,2011-10-01,358.1210227663421
20648,2011-11-01,373.67507961573426
20648,2011-12-01,376.0806790441818
20648,2012-01-01,368.8298522197978
20648,2012-02-01,375.27627707206875
20648,2012-03-01,369.53377455134853
20648,2012-04-01,338.0964220010331
20648,2012-05-01,306.0267737153145
20648,2012-06-01,285.77853422523634
20648,2012-07-01,295.3357671952798
20648,2012-08-01,249.19654296867918
20648,2012-09-01,272.2337967642974
20648,2012-10-01,292.4112328866977
20648,2012-11-01,236.2222702450208
20648,2012-12-01,209.86212448440926
20648,2013-01-01,217.86831581646697
20648,2013-02-01,192.60585056819656
20648,2013-03-01,180.9948751663993
20648,2013-04-01,263.4263741752034
20648,2013-05-01,252.51092976583806
20648,2013-06-01,247.05924038999444
20648,2013-07-01,243.48940510625454
20648,2013-08-01,242.3514574748839
20648,2013-09-01,250.85371569788921
20648,2013-10-01,252.01380381294916
20648,2013-11-01,219.50963948839035
20648,2013-12-01,227.23214562049537
20648,2014-01-01,197.4719274939249
20648,2014-02-01,195.349001648186
20648,2014-03-01,217.97463157952882
20648,2014-04-01,214.14238062585719
20648,2014-05-01,213.25318504881506
20648,2014-06-01,249.7116052450933
20648,2014-07-01,221.9561848244029
20648,2014-08-01,212.5843286421654
20648,2014-09-01,223.8440312186029
20648,2014-10-01,230.1296337266632
20648,2014-11-01,237.70741438008312
20648,2014-12-01,270.6026061710476
20648,2015-01-01,268.7753989709602
20648,2015-02-01,151.61919390673154
20648,2015-03-01,133.5565057261943
20648,2015-04-01,159.9392162453707
20648,2015-05-01,153.94960535230967
20648,2015-06-01,166.72377522450566
20648,2015-07-01,126.21993657096603
20648,2015-08-01,199.82828271159727
20648,2015-09-01,157.77339221355177
20648,2015-10-01,112.04274267400871
20648,2015-11-01,138.77292894910133
20648,2015-12-01,174.42480735733082
20648,2016-01-01,144.21450738147524
20648,2016-02-01,116.805625072937
20648,2016-03-01,140.06481003443187
20648,2016-04-01,126.83362387427697
20648,2016-05-01,102.54456751883362
20648,2016-06-01,128.0681895536866
20648,2016-07-01,104.14525132193043
20648,2016-08-01,107.49452881134127
20648,2016-09-01,114.75185313776849
20648,2016-10-01,106.45922607900486
20648,2016-11-01,163.95919986422803
20648,2016-12-01,89.56483729321803
20648,2017-01-01,110.76575186084133
20648,2017-02-01,115.81897934127906
20648,2017-03-01,106.50285026975544
20648,2017-04-01,128.74164726866934
20648,2017-05-01,195.1914870465778
20648,2017-06-01,116.41715112337741
20648,2017-07-01,142.78383470179614
20648,2017-08-01,120.19768946371327
20648,2017-09-01,107.61319227151584
20648,2017-10-01,126.59077187701928
20648,2017-11-01,124.57785469080665
20648,2017-12-01,148.61835619700474
20648,2018-01-01,131.18133452703637
20648,2018-02-01,166.81679321394873
20648,2018-03-01,120.76039148945071
20648,2018-04-01,131.78396371992048
20648,2018-05-01,103.46099758787395
20648,2018-06-01,97.66612508657998
20648,2018-07-01,100.44681280612774
20648,2018-08-01,96.64384610753311
20648,2018-09-01,129.25409265026198
20648,2018-10-01,126.646737626936
20648,2018-11-01,96.29012336014816
20648,2018-12-01,99.71006567258806
20648,2019-01-01,113.67641307447232
20648,2019-02-01,107.25487434030933
20648,2019-03-01,126.99180577642541
20648,2019-04-01,132.9919115163696
20648,2019-05-01,106.76195550414273
20648,2019-06-01,108.46921577629713
20648,2019-07-01,152.0509351899229
20648,2019-08-01,149.88051132385985
20648,2019-09-01,162.04069144920422
20648,2019-10-01,211.16746172652427
20648,2019-11-01,124.68847441876692
20648,2019-12-01,116.61917515448687
20648,2020-01-01,98.96783179081578
20648,2020-02-01,142.87205613155643
20648,2020-03-01,79.12901714424405
20648,2020-04-01,26.040476354891595
20648,2020-05-01,21.505904948446055
20648,2020-06-01,46.87802582443689
20648,2020-07-01,64.89117084883368
20648,2020-08-01,64.39091944233442
20648,2020-09-01,54.439732160322194
20648,2020-10-01,30.74545861526027
20648,2020-11-01,35.11371306549046
20648,2020-12-01,57.57999029678303
20648,2021-01-01,65.2559899779703
20648,2021-02-01,75.98108621753794
20648,2021-03-01,65.10304349932522
20648,2021-04-01,86.47023006526521
20648,2021-05-01,87.48900188222589
20648,2021-06-01,88.89724598223918
20648,2021-07-01,77.77835040684279
20648,2021-08-01,71.93893239803428
20648,2021-09-01,85.89728202440082
20648,2021-10-01,50.185511203350615
20648,2021-11-01,136.46880568637562
20648,2021-12-01,96.5081521861384
20648,2022-01-01,145.79061335174669
20648,2022-02-01,108.50871448543063
20648,2022-03-01,131.22727166760518
20648,2022-04-01,104.93390663371805
20648,2022-05-01,70.33881254380144
20648,2022-06-01,77.91408216091601
20648,2022-07-01,99.673153529241
20648,2022-08-01,58.16199252288762
20648,2022-09-01,88.24726066676033
20648,2022-10-01,73.953046724556
20648,2022-11-01,94.18793890318862
20648,2022-12-01,118.63131639014702
20648,2023-01-01,94.94825702724198
20648,2023-02-01,74.22099175501242
20648,2023-03-01,61.61953250899417
20648,2023-04-01,84.55525134817366
20648,2023-05-01,61.806818586957604
20648,2023-06-01,95.79414397460584
20648,2023-07-01,73.4958442194166
20648,2023-08-01,75.870024575873245
20648,2023-09-01,100.60723807015393
20648,2023-10-01,77.29639870063703
20648,2023-11-01,96.24851062796962
20648,2023-12-01,92.117846960828075
20648,2024-01-01,101.48641739848091
20648,2024-02-01,104.86869089587961
20648,2024-03-01,101.89419534328246
20648,2024-04-01,107.18702049985943
20648,2024-05-01,135.0149577873721
20648,2024-06-01,129.75581464806015
20648,2024-07-01,144.30892830706355
20648,2024-08-01,193.59988842802528
20648,2024-09-01,103.91107648837891
20648,2024-10-01,188.6551719553032
20648,2024-11-01,138.32020509931547
20648,2024-12-01,102.48214452876078
20648,2025-01-01,244.9772499800511
20648,2025-02-01,118.2793895462776
20648,2025-03-01,204.2111867830767
20648,2025-04-01,144.69696866792393
20648,2025-05-01,129.18164977585118
20648,2025-06-01,151.8882076876506
20648,2025-07-01,145.2771205638242
20648,2025-08-01,158.0348795993242
20648,2025-09-01,289.97691940100856
20648,2025-10-01,127.41974118535444
20648,2025-11-01,124.28797626295169
20648,2025-12-01,136.33937951712062
20648,2026-01-01,104.1229518933115
20648,2026-02-01,110.34589076178736
20648,2026-03-01,94.04736113041095
20648,2026-04-01,76.04722889167965
20648,2026-05-01,94.241952232281193
20648,2026-06-01,76.04570264934243
20649,2011-03-01,501
20649,2011-04-01,415
20649,2011-05-01,598
20649,2011-06-01,435
20649,2011-07-01,795
20649,2011-08-01,551
20649,2011-09-01,524
20649,2011-10-01,584
20649,2011-11-01,426
20649,2011-12-01,614
20649,2012-01-01,455
20649,2012-02-01,359
20649,2012-03-01,452
20649,2012-04-01,387
20649,2012-05-01,411
20649,2012-06-01,363
20649,2012-07-01,417
20649,2012-08-01,384
20649,2012-09-01,676
20649,2012-10-01,574
20649,2012-11-01,460
20649,2012-12-01,590
20649,2013-01-01,684
20649,2013-02-01,451
20649,2013-03-01,492
20649,2013-04-01,326
20649,2013-05-01,476
20649,2013-06-01,337
20649,2013-07-01,349
20649,2013-08-01,557
20649,2013-09-01,284
20649,2013-10-01,557
20649,2013-11-01,774
20649,2013-12-01,417
20649,2014-01-01,752
20649,2014-02-01,320
20649,2014-03-01,369
20649,2014-04-01,659
20649,2014-05-01,515
20649,2014-06-01,499
20649,2014-07-01,308
20649,2014-08-01,528
20649,2014-09-01,515
20649,2014-10-01,274
20649,2014-11-01,291
20649,2014-12-01,387
20649,2015-01-01,794
20649,2015-02-01,341
20649,2015-03-01,374
20649,2015-04-01,436
20649,2015-05-01,327
20649,2015-06-01,292
20649,2015-07-01,431
20649,2015-08-01,255
20649,2015-09-01,242
20649,2015-10-01,411
20649,2015-11-01,224
20649,2015-12-01,474
20649,2016-01-01,248
20649,2016-02-01,203
20649,2016-03-01,276
20649,2016-04-01,195
20649,2016-05-01,209
20649,2016-06-01,361
20649,2016-07-01,285
20649,2016-08-01,152
20649,2016-09-01,197
20649,2016-10-01,956
20649,2016-11-01,216
20649,2016-12-01,391
20649,2017-01-01,207
20649,2017-02-01,120
20649,2017-03-01,263
20649,2017-04-01,139
20649,2017-05-01,188
20649,2017-06-01,257
20649,2017-07-01,214
20649,2017-08-01,192
20649,2017-09-01,259
20649,2017-10-01,695
20649,2017-11-01,187
20649,2017-12-01,302
20649,2018-01-01,225
20649,2018-02-01,144
20649,2018-03-01,206
20649,2018-04-01,259
20649,2018-05-01,177
20649,2018-06-01,232
20649,2018-07-01,306
20649,2018-08-01,288
20649,2018-09-01,266
20649,2018-10-01,354
20649,2018-11-01,189
20649,2018-12-01,271
20649,2019-01-01,1140
20649,2019-02-01,318
20649,2019-03-01,260
20649,2019-04-01,331
20649,2019-05-01,732
20649,2019-06-01,293
20649,2019-07-01,421
20649,2019-08-01,261
20649,2019-09-01,459
20649,2019-10-01,363
20649,2019-11-01,445
20649,2019-12-01,625
20649,2020-01-01,421
20649,2020-02-01,380
20649,2020-03-01,387
20649,2020-04-01,645
20649,2020-05-01,210
20649,2020-06-01,169
20649,2020-07-01,742
20649,2020-08-01,314
20649,2020-09-01,442
20649,2020-10-01,788
20649,2020-11-01,359
20649,2020-12-01,383
20649,2021-01-01,456
20649,2021-02-01,447
20649,2021-03-01,435
20649,2021-04-01,549
20649,2021-05-01,350
20649,2021-06-01,540
20649,2021-07-01,1257
20649,2021-08-01,760
20649,2021-09-01,552
20649,2021-10-01,498
20649,2021-11-01,775
20649,2021-12-01,1110
20649,2022-01-01,338
20649,2022-02-01,300
20649,2022-03-01,341
20649,2022-04-01,853
20649,2022-05-01,405
20649,2022-06-01,383
20649,2022-07-01,1313
20649,2022-08-01,657
20649,2022-09-01,376
20649,2022-10-01,523
20649,2022-11-01,764
20649,2022-12-01,751
20649,2023-01-01,369
20649,2023-02-01,317
20649,2023-03-01,638
20649,2023-04-01,345
20649,2023-05-01,441
20649,2023-06-01,626
20649,2023-07-01,582
20649,2023-08-01,460
20649,2023-09-01,1189
20649,2023-10-01,529
20649,2023-11-01,664
20649,2023-12-01,683
20649,2024-01-01,1480
20649,2024-02-01,475
20649,2024-03-01,665
20649,2024-04-01,863
20649,2024-05-01,435
20649,2024-06-01,946
20649,2024-07-01,526
20649,2024-08-01,560
20649,2024-09-01,503
20649,2024-10-01,1303
20649,2024-11-01,533
20649,2024-12-01,825
20649,2025-01-01,684
20649,2025-02-01,400
20649,2025-03-01,723
20649,2025-04-01,537
20649,2025-05-01,880
20649,2025-06-01,906
20649,2025-07-01,903
20649,2025-08-01,770
20649,2025-09-01,741
20649,2025-10-01,601
20649,2025-11-01,637
20649,2025-12-01,846
20649,2026-01-01,590
20649,2026-02-01,765
20649,2026-03-01,454
20649,2026-04-01,653
20649,2026-05-01,591
20649,2026-06-01,624
20650,2011-03-01,1000
20650,2011-04-01,887
20650,2011-05-01,1144
20650,2011-06-01,907
20650,2011-07-01,1247
20650,2011-08-01,974
20650,2011-09-01,914
20650,2011-10-01,945
20650,2011-11-01,789
20650,2011-12-01,1023
20650,2012-01-01,790
20650,2012-02-01,706
20650,2012-03-01,834
20650,2012-04-01,728
20650,2012-05-01,727
20650,2012-06-01,645
20650,2012-07-01,718
20650,2012-08-01,644
20650,2012-09-01,944
20650,2012-10-01,871
20650,2012-11-01,687
20650,2012-12-01,833
20650,2013-01-01,868
20650,2013-02-01,615
20650,2013-03-01,686
20650,2013-04-01,593
20650,2013-05-01,737
20650,2013-06-01,580
20650,2013-07-01,599
20650,2013-08-01,811
20650,2013-09-01,531
20650,2013-10-01,814
20650,2013-11-01,985
20650,2013-12-01,678
20650,2014-01-01,916
20650,2014-02-01,486
20650,2014-03-01,599
20650,2014-04-01,876
20650,2014-05-01,735
20650,2014-06-01,744
20650,2014-07-01,537
20650,2014-08-01,753
20650,2014-09-01,735
20650,2014-10-01,509
20650,2014-11-01,521
20650,2014-12-01,692
20650,2015-01-01,1030
20650,2015-02-01,465
20650,2015-03-01,521
20650,2015-04-01,598
20650,2015-05-01,486
20650,2015-06-01,452
20650,2015-07-01,563
20650,2015-08-01,468
20650,2015-09-01,396
20650,2015-10-01,528
20650,2015-11-01,357
20650,2015-12-01,683
20650,2016-01-01,360
20650,2016-02-01,293
20650,2016-03-01,428
20650,2016-04-01,322
20650,2016-05-01,315
20650,2016-06-01,482
20650,2016-07-01,395
20650,2016-08-01,273
20650,2016-09-01,309
20650,2016-10-01,1068
20650,2016-11-01,374
20650,2016-12-01,515
20650,2017-01-01,285
20650,2017-02-01,210
20650,2017-03-01,382
20650,2017-04-01,267
20650,2017-05-01,384
20650,2017-06-01,365
20650,2017-07-01,364
20650,2017-08-01,326
20650,2017-09-01,363
20650,2017-10-01,828
20650,2017-11-01,306
20650,2017-12-01,486
20650,2018-01-01,326
20650,2018-02-01,286
20650,2018-03-01,342
20650,2018-04-01,390
20650,2018-05-01,279
20650,2018-06-01,320
20650,2018-07-01,413
20650,2018-08-01,399
20650,2018-09-01,392
20650,2018-10-01,488
20650,2018-11-01,280
20650,2018-12-01,405
20650,2019-01-01,1223
20650,2019-02-01,401
20650,2019-03-01,402
20650,2019-04-01,461
20650,2019-05-01,837
20650,2019-06-01,390
20650,2019-07-01,580
20650,2019-08-01,426
20650,2019-09-01,618
20650,2019-10-01,582
20650,2019-11-01,565
20650,2019-12-01,777
20650,2020-01-01,490
20650,2020-02-01,499
20650,2020-03-01,481
20650,2020-04-01,666
20650,2020-05-01,227
20650,2020-06-01,205
20650,2020-07-01,814
20650,2020-08-01,394
20650,2020-09-01,492
20650,2020-10-01,826
20650,2020-11-01,390
20650,2020-12-01,475
20650,2021-01-01,492
20650,2021-02-01,500
20650,2021-03-01,517
20650,2021-04-01,631
20650,2021-05-01,431
20650,2021-06-01,618
20650,2021-07-01,1342
20650,2021-08-01,847
20650,2021-09-01,634
20650,2021-10-01,556
20650,2021-11-01,908
20650,2021-12-01,1240
20650,2022-01-01,455
20650,2022-02-01,383
20650,2022-03-01,490
20650,2022-04-01,953
20650,2022-05-01,470
20650,2022-06-01,450
20650,2022-07-01,1420
20650,2022-08-01,732
20650,2022-09-01,460
20650,2022-10-01,604
20650,2022-11-01,855
20650,2022-12-01,905
20650,2023-01-01,435
20650,2023-02-01,366
20650,2023-03-01,718
20650,2023-04-01,424
20650,2023-05-01,496
20650,2023-06-01,712
20650,2023-07-01,662
20650,2023-08-01,554
20650,2023-09-01,1286
20650,2023-10-01,614
20650,2023-11-01,758
20650,2023-12-01,808
20650,2024-01-01,1552
20650,2024-02-01,554
20650,2024-03-01,786
20650,2024-04-01,964
20650,2024-05-01,562
20650,2024-06-01,1066
20650,2024-07-01,679
20650,2024-08-01,773
20650,2024-09-01,602
20650,2024-10-01,1501
20650,2024-11-01,668
20650,2024-12-01,961
20650,2025-01-01,899
20650,2025-02-01,492
20650,2025-03-01,946
20650,2025-04-01,675
20650,2025-05-01,1003
20650,2025-06-01,1047
20650,2025-07-01,1056
20650,2025-08-01,949
20650,2025-09-01,1026
20650,2025-10-01,738
20650,2025-11-01,758
20650,2025-12-01,1016
20650,2026-01-01,665
20650,2026-02-01,849
20650,2026-03-01,568
20650,2026-04-01,722
20650,2026-05-01,678
20650,2026-06-01,689
20651,2011-03-01,2294.3573000413144
20651,2011-04-01,2203.355261289353
20651,2011-05-01,2366.3266293581823
20651,2011-06-01,2173.762341589594
20651,2011-07-01,2150.3345634584684
20651,2011-08-01,2276.902734400247
20651,2011-09-01,2065.7632643653274
20651,2011-10-01,2070.8650533515474
20651,2011-11-01,1958.685505839252
20651,2011-12-01,1913.1519318033215
20651,2012-01-01,1915.5958319610604
20651,2012-02-01,1806.456068129034
20651,2012-03-01,1888.3488466238744
20651,2012-04-01,1913.4622942474552
20651,2012-05-01,1876.1356043875203
20651,2012-06-01,1835.9386221618524
20651,2012-07-01,1981.8322794842018
20651,2012-08-01,2017.6064334590658
20651,2012-09-01,1753.395890567748
20651,2012-10-01,2063.0862274645724
20651,2012-11-01,2038.9694742221568
20651,2012-12-01,1661.6232231645524
20651,2013-01-01,2179.2242616252984
20651,2013-02-01,2126.8799932569173
20651,2013-03-01,2068.81934229873
20651,2013-04-01,2259.8280199722008
20651,2013-05-01,2034.07685416509
20651,2013-06-01,2077.2712303093967
20651,2013-07-01,2020.3326315559857
20651,2013-08-01,2107.8753044919217
20651,2013-09-01,2179.0705053149773
20651,2013-10-01,2197.6259924876367
20651,2013-11-01,2224.0368235343217
20651,2013-12-01,2241.566769630207
20651,2014-01-01,2279.667106734678
20651,2014-02-01,2123.5830548765994
20651,2014-03-01,1967.4122300028023
20651,2014-04-01,1953.626706819584
20651,2014-05-01,1798.2153442432143
20651,2014-06-01,2011.9186303846054
20651,2014-07-01,1880.6833009953373
20651,2014-08-01,1774.3007269890259
20651,2014-09-01,2357.183326979134
20651,2014-10-01,2189.289358923393
20651,2014-11-01,1947.815651809053
20651,2014-12-01,2409.6324066823227
20651,2015-01-01,1632.2176934847107
20651,2015-02-01,1535.6708124499298
20651,2015-03-01,1981.1529909573567
20651,2015-04-01,1790.603272522655
20651,2015-05-01,1597.9982693027675
20651,2015-06-01,1620.5461833984084
20651,2015-07-01,1628.4036518908063
20651,2015-08-01,1426.6806406270962
20651,2015-09-01,1664.6505850701697
20651,2015-10-01,1500.2692560430828
20651,2015-11-01,1382.5718474734072
20651,2015-12-01,1422.9997226224498
20651,2016-01-01,1155.9418351844329
20651,2016-02-01,1342.128256065274
20651,2016-03-01,1195.6155475895023
20651,2016-04-01,1241.5479985033314
20651,2016-05-01,1263.43185231052
20651,2016-06-01,1352.2444917067871
20651,2016-07-01,1177.1882310222604
20651,2016-08-01,1318.0699262155429
20651,2016-09-01,1171.7346206098744
20651,2016-10-01,908.7456648198824
20651,2016-11-01,1107.9707472570237
20651,2016-12-01,1208.9293006965545
20651,2017-01-01,1150.2816422561414
20651,2017-02-01,992.6921402762258
20651,2017-03-01,1173.13853050222
20651,2017-04-01,1078.3093513432264
20651,2017-05-01,1234.9831364688769
20651,2017-06-01,1237.3383254233786
20651,2017-07-01,1132.3590997788947
20651,2017-08-01,1062.6443823162795
20651,2017-09-01,1021.8757439074988
20651,2017-10-01,949.7478559302749
20651,2017-11-01,960.3493270394883
20651,2017-12-01,1085.2778802990217
20651,2018-01-01,1095.089129282934
20651,2018-02-01,1048.7752138062865
20651,2018-03-01,882.3503881313862
20651,2018-04-01,990.406849465317
20651,2018-05-01,911.5718519728116
20651,2018-06-01,911.7168848925652
20651,2018-07-01,1021.1695289394929
20651,2018-08-01,954.2280886118131
20651,2018-09-01,651.7051705920612
20651,2018-10-01,1012.9580925574128
20651,2018-11-01,1091.9205122982323
20651,2018-12-01,963.9970787401951
20651,2019-01-01,940.3049094226028
20651,2019-02-01,1032.067786128638
20651,2019-03-01,719.1696722836153
20651,2019-04-01,946.1744658334012
20651,2019-05-01,727.9380623837769
20651,2019-06-01,570.0776360416231
20651,2019-07-01,814.2083667403508
20651,2019-08-01,739.7413634633149
20651,2019-09-01,646.8021984113194
20651,2019-10-01,803.2603952524094
20651,2019-11-01,649.8704535217202
20651,2019-12-01,693.0096452864024
20651,2020-01-01,789.6182333985219
20651,2020-02-01,707.0024495763433
20651,2020-03-01,784.0564354060845
20651,2020-04-01,485.18298469545203
20651,2020-05-01,685.8473921088174
20651,2020-06-01,539.391290026099
20651,2020-07-01,818.5435206190575
20651,2020-08-01,843.813513977827
20651,2020-09-01,1053.8422534571257
20651,2020-10-01,696.4746089590099
20651,2020-11-01,964.2945018417914
20651,2020-12-01,503.7689915674001
20651,2021-01-01,831.6009239998089
20651,2021-02-01,916.1227450279207
20651,2021-03-01,680.1285827479727
20651,2021-04-01,1123.7370029756155
20651,2021-05-01,1069.4661816892356
20651,2021-06-01,1005.9880509625398
20651,2021-07-01,1076.194399536998
20651,2021-08-01,984.2218135918376
20651,2021-09-01,998.12480362347
20651,2021-10-01,774.46539591339
20651,2021-11-01,1030.9453531265863
20651,2021-12-01,1153.749323677776
20651,2022-01-01,824.0632026423156
20651,2022-02-01,938.6215336876281
20651,2022-03-01,1137.136767387718
20651,2022-04-01,754.7708365009512
20651,2022-05-01,875.8298735371098
20651,2022-06-01,861.1630662899571
20651,2022-07-01,707.7393246227291
20651,2022-08-01,844.3266858812577
20651,2022-09-01,805.5318223201084
20651,2022-10-01,1058.3368038743536
20651,2022-11-01,889.4200735773309
20651,2022-12-01,821.1032274948407
20651,2023-01-01,902.6187642044388
20651,2023-02-01,874.3696066272735
20651,2023-03-01,781.2289498161999
20651,2023-04-01,1002.3557189329242
20651,2023-05-01,1030.2328140759503
20651,2023-06-01,1072.8943308846165
20651,2023-07-01,943.8962950017108
20651,2023-08-01,889.2511775048483
20651,2023-09-01,890.2887713356943
20651,2023-10-01,797.0282751785219
20651,2023-11-01,662.7911820889848
20651,2023-12-01,826.0288126017782
20651,2024-01-01,911.4757716765877
20651,2024-02-01,1082.028876269459
20651,2024-03-01,1041.3495808079153
20651,2024-04-01,1031.9558444869472
20651,2024-05-01,1130.2573852216171
20651,2024-06-01,881.0116637329184
20651,2024-07-01,1013.0930468156394
20651,2024-08-01,1043.1188755881528
20651,2024-09-01,741.9122266200386
20651,2024-10-01,885.4877170311058
20651,2024-11-01,939.7045573682103
20651,2024-12-01,623.1161259007583
20651,2025-01-01,1010.508996060817
20651,2025-02-01,1003.5992418365323
20651,2025-03-01,1074.2305129466492
20651,2025-04-01,891.336535514977
20651,2025-05-01,1039.7180865100925
20651,2025-06-01,1612.0832860974674
20651,2025-07-01,845.5000535641105
20651,2025-08-01,827.1964768832834
20651,2025-09-01,1720.0628366390408
20651,2025-10-01,1001.902493274084
20651,2025-11-01,961.2623771523221
20651,2025-12-01,1184.5742607779462
20651,2026-01-01,997.0958275027715
20651,2026-02-01,988.9368956252775
20651,2026-03-01,1019.3508814371128
20651,2026-04-01,915.5677964150573
20651,2026-05-01,835.4210980298471
20651,2026-06-01,1291.3020123316685
20652,2011-03-01,6764.693006542172
20652,2011-04-01,6503.159024229888
20652,2011-05-01,6492.376273038819
20652,2011-06-01,6816.180091022618
20652,2011-07-01,6837.365940699312
20652,2011-08-01,6896.2459224924005
20652,2011-09-01,6631.053634124844
20652,2011-10-01,6245.094865023355
20652,2011-11-01,6355.967033040658
20652,2011-12-01,6559.09596103973
20652,2012-01-01,6968.041782278648
20652,2012-02-01,6591.694008673541
20652,2012-03-01,7069.314555685963
20652,2012-04-01,6605.200291117571
20652,2012-05-01,7910.2399572484155
20652,2012-06-01,8032.466040075514
20652,2012-07-01,7835.382266554842
20652,2012-08-01,7667.07482340203
20652,2012-09-01,5973.606586665149
20652,2012-10-01,7491.125929674778
20652,2012-11-01,7283.920286527545
20652,2012-12-01,5968.963674576295
20652,2013-01-01,7798.034400843014
20652,2013-02-01,5953.224430511395
20652,2013-03-01,6366.880492558501
20652,2013-04-01,7725.502304472008
20652,2013-05-01,6884.042100599513
20652,2013-06-01,6679.645508068683
20652,2013-07-01,7021.560676146157
20652,2013-08-01,6971.143670039
20652,2013-09-01,6997.010224978871
20652,2013-10-01,7303.43433812019
20652,2013-11-01,7672.234423906451
20652,2013-12-01,7578.8256100025255
20652,2014-01-01,7856.068161456982
20652,2014-02-01,8191.06992161756
20652,2014-03-01,7629.4534459897195
20652,2014-04-01,8282.080723041312
20652,2014-05-01,7583.436257529774
20652,2014-06-01,7075.790404948986
20652,2014-07-01,6979.144747325798
20652,2014-08-01,6895.670956501919
20652,2014-09-01,8097.1039829734
20652,2014-10-01,8206.936607403928
20652,2014-11-01,7769.112335060802
20652,2014-12-01,7969.84442757515
20652,2015-01-01,7634.958712661761
20652,2015-02-01,7649.608333295391
20652,2015-03-01,7659.91234369956
20652,2015-04-01,7010.989535472652
20652,2015-05-01,6096.517508329143
20652,2015-06-01,7316.147803842981
20652,2015-07-01,7038.595960594948
20652,2015-08-01,6494.886438576727
20652,2015-09-01,6437.618839323454
20652,2015-10-01,6135.787101352607
20652,2015-11-01,6142.569194329368
20652,2015-12-01,6494.982507775085
20652,2016-01-01,5931.6818493872515
20652,2016-02-01,6449.988353725895
20652,2016-03-01,6459.241078193984
20652,2016-04-01,6196.420498708582
20652,2016-05-01,5756.459424718926
20652,2016-06-01,5888.628714373005
20652,2016-07-01,6044.272262149919
20652,2016-08-01,6099.6938556178575
20652,2016-09-01,6041.251084380756
20652,2016-10-01,5858.534508106745
20652,2016-11-01,6159.563185550822
20652,2016-12-01,6117.609053100112
20652,2017-01-01,6903.520189361341
20652,2017-02-01,6164.30582729634
20652,2017-03-01,7058.432861311752
20652,2017-04-01,6082.2881485328135
20652,2017-05-01,7104.984240658187
20652,2017-06-01,7193.866971569812
20652,2017-07-01,7197.216274940977
20652,2017-08-01,7219.212257387082
20652,2017-09-01,6638.556776012752
20652,2017-10-01,7118.679789788587
20652,2017-11-01,7118.334895777603
20652,2017-12-01,7034.792770360378
20652,2018-01-01,7656.311882801439
20652,2018-02-01,7060.077288791835
20652,2018-03-01,8031.6876314333895
20652,2018-04-01,8658.762533240963
20652,2018-05-01,6632.791086069934
20652,2018-06-01,8067.191403886671
20652,2018-07-01,8132.060123444202
20652,2018-08-01,8967.545431225568
20652,2018-09-01,8123.789608636659
20652,2018-10-01,8921.575013251291
20652,2018-11-01,8894.754501237621
20652,2018-12-01,9136.209966008568
20652,2019-01-01,7838.021114859628
20652,2019-02-01,9839.014442886772
20652,2019-03-01,8768.31817509062
20652,2019-04-01,9214.13022218016
20652,2019-05-01,9928.42736348135
20652,2019-06-01,10222.502024742547
20652,2019-07-01,10001.255315576434
20652,2019-08-01,9443.678912135025
20652,2019-09-01,10568.440667990833
20652,2019-10-01,9773.938697302838
20652,2019-11-01,9730.612084797855
20652,2019-12-01,11767.788313439185
20652,2020-01-01,9016.462746556821
20652,2020-02-01,9392.362301235462
20652,2020-03-01,8580.182884056394
20652,2020-04-01,3885.8239682156313
20652,2020-05-01,3977.5102655155565
20652,2020-06-01,6119.065216930123
20652,2020-07-01,8908.722369176534
20652,2020-08-01,8272.698571275918
20652,2020-09-01,9046.265976926112
20652,2020-10-01,9105.725322753644
20652,2020-11-01,8738.082264557048
20652,2020-12-01,7336.1729722462405
20652,2021-01-01,9603.470562794602
20652,2021-02-01,8993.581044675184
20652,2021-03-01,9104.090691864449
20652,2021-04-01,9448.349996771929
20652,2021-05-01,8859.019649442993
20652,2021-06-01,9401.83514592446
20652,2021-07-01,9074.855400565351
20652,2021-08-01,8127.818365287768
20652,2021-09-01,9007.519458415105
20652,2021-10-01,8032.847948423252
20652,2021-11-01,9821.645248370562
20652,2021-12-01,9567.569981006141
20652,2022-01-01,9903.039844331643
20652,2022-02-01,10671.118481966845
20652,2022-03-01,11670.570598716511
20652,2022-04-01,10791.651399328093
20652,2022-05-01,13010.187006345679
20652,2022-06-01,11824.264421301443
20652,2022-07-01,12210.34963198229
20652,2022-08-01,14733.570181234416
20652,2022-09-01,13008.37188445292
20652,2022-10-01,14543.867197361495
20652,2022-11-01,14369.687791233922
20652,2022-12-01,14129.166454313097
20652,2023-01-01,13876.321620199782
20652,2023-02-01,13844.60952813016
20652,2023-03-01,17849.347738350487
20652,2023-04-01,14604.211154973515
20652,2023-05-01,17854.93669749567
20652,2023-06-01,19202.374578547242
20652,2023-07-01,16275.316474843914
20652,2023-08-01,17571.85580268665
20652,2023-09-01,15890.219808919259
20652,2023-10-01,16146.897781475116
20652,2023-11-01,15935.65803180323
20652,2023-12-01,14177.50711445235
20652,2024-01-01,15199.557531575101
20652,2024-02-01,14812.481585181169
20652,2024-03-01,13534.06265612201
20652,2024-04-01,15970.067456015979
20652,2024-05-01,13087.142204635524
20652,2024-06-01,12332.863281301152
20652,2024-07-01,14748.243752040918
20652,2024-08-01,10751.009950721624
20652,2024-09-01,11300.903196269803
20652,2024-10-01,10229.440153878139
20652,2024-11-01,9819.197749669345
20652,2024-12-01,11411.078247247888
20652,2025-01-01,11173.42395581077
20652,2025-02-01,10188.551185629549
20652,2025-03-01,8389.467568957303
20652,2025-04-01,9576.444757431622
20652,2025-05-01,8530.587099818467
20652,2025-06-01,9207.081476785568
20652,2025-07-01,9936.300995848354
20652,2025-08-01,9188.668681806274
20652,2025-09-01,10043.816557908614
20652,2025-10-01,10264.095685937275
20652,2025-11-01,8798.756759634422
20652,2025-12-01,9542.57370357995
20652,2026-01-01,8311.97001759792
20652,2026-02-01,8883.608146906869
20652,2026-03-01,10613.152372141652
20652,2026-04-01,9501.544022706003
20652,2026-05-01,9979.376430552158
20652,2026-06-01,10902.015699123178
20655,2011-03-01,1281.4433425622071
20655,2011-04-01,1339.7041461104438
20655,2011-05-01,1314.1040062673956
20655,2011-06-01,1275.528145790737
20655,2011-07-01,1570.2220535922409
20655,2011-08-01,1988.8817217942176
20655,2011-09-01,2085.940828486674
20655,2011-10-01,2053.5363555740705
20655,2011-11-01,2143.51295232652
20655,2011-12-01,1914.611893168177
20655,2012-01-01,2068.6446360627097
20655,2012-02-01,1914.0874939737673
20655,2012-03-01,1853.6337408595684
20655,2012-04-01,1954.8403844647853
20655,2012-05-01,1955.4883695830508
20655,2012-06-01,1850.1613062169338
20655,2012-07-01,2083.4573669600127
20655,2012-08-01,1862.1190216469065
20655,2012-09-01,2122.275757495463
20655,2012-10-01,2261.481116865325
20655,2012-11-01,2538.9344433957394
20655,2012-12-01,2687.112520280857
20655,2013-01-01,2262.926585433863
20655,2013-02-01,2444.538369098843
20655,2013-03-01,2890.0214137080798
20655,2013-04-01,2768.7246118819917
20655,2013-05-01,2700.8808689044768
20655,2013-06-01,3181.8200046587463
20655,2013-07-01,2536.5275600061414
20655,2013-08-01,2429.4500901669894
20655,2013-09-01,2364.9419379092187
20655,2013-10-01,2362.902256023044
20655,2013-11-01,2220.8286599844496
20655,2013-12-01,2563.403112211356
20655,2014-01-01,2492.6930042967424
20655,2014-02-01,2923.855875045939
20655,2014-03-01,2248.4247096109048
20655,2014-04-01,2290.7733524223145
20655,2014-05-01,2542.537069254285
20655,2014-06-01,2355.8388382817784
20655,2014-07-01,2615.852869442242
20655,2014-08-01,2563.222001824003
20655,2014-09-01,2773.007479201942
20655,2014-10-01,2643.8382146859362
20655,2014-11-01,2842.249599766157
20655,2014-12-01,2915.9162370654885
20655,2015-01-01,3256.475093573455
20655,2015-02-01,3323.420487892162
20655,2015-03-01,3371.2352911718135
20655,2015-04-01,3096.9655614881576
20655,2015-05-01,3173.8289765453255
20655,2015-06-01,3707.6196242048677
20655,2015-07-01,3654.5410294416884
20655,2015-08-01,3463.24603898589
20655,2015-09-01,3361.4346991233724
20655,2015-10-01,3280.0758578765103
20655,2015-11-01,3104.0951389902716
20655,2015-12-01,2857.9613821438643
20655,2016-01-01,3095.772368242389
20655,2016-02-01,3719.0704396247365
20655,2016-03-01,2685.7180077958596
20655,2016-04-01,3329.385433798675
20655,2016-05-01,3559.1072337900578
20655,2016-06-01,3446.921927823915
20655,2016-07-01,3407.4889220385503
20655,2016-08-01,3640.5115182301656
20655,2016-09-01,3670.4704189443482
20655,2016-10-01,3718.2978213142446
20655,2016-11-01,3013.084810623428
20655,2016-12-01,3175.4384585813264
20655,2017-01-01,3244.6402938451793
20655,2017-02-01,3156.3471260802535
20655,2017-03-01,3803.3526968467136
20655,2017-04-01,2754.693595538943
20655,2017-05-01,3383.846717353206
20655,2017-06-01,3952.017827711376
20655,2017-07-01,3622.9824276507557
20655,2017-08-01,3979.802103253099
20655,2017-09-01,3730.7044554395716
20655,2017-10-01,4037.234341688891
20655,2017-11-01,5340.337757556815
20655,2017-12-01,4731.051269292999
20655,2018-01-01,4096.874934563325
20655,2018-02-01,4502.942221749086
20655,2018-03-01,4917.754043053089
20655,2018-04-01,4970.343839837606
20655,2018-05-01,4771.778543459771
20655,2018-06-01,4554.291427325849
20655,2018-07-01,4888.787413656983
20655,2018-08-01,4649.730504811176
20655,2018-09-01,4421.457295421927
20655,2018-10-01,4665.848081609356
20655,2018-11-01,5280.755743144993
20655,2018-12-01,4745.752873106138
20655,2019-01-01,5102.801387410673
20655,2019-02-01,6157.864496380214
20655,2019-03-01,5040.611835073359
20655,2019-04-01,5836.723151401699
20655,2019-05-01,5729.410042362006
20655,2019-06-01,4879.090139405462
20655,2019-07-01,5206.2372109113785
20655,2019-08-01,5926.972836793401
20655,2019-09-01,6339.545265023316
20655,2019-10-01,6127.6112343800405
20655,2019-11-01,6003.304658499045
20655,2019-12-01,5746.544826074321
20655,2020-01-01,5677.341616270934
20655,2020-02-01,5414.738155455441
20655,2020-03-01,4523.707710767593
20655,2020-04-01,2823.486489287664
20655,2020-05-01,3122.461292069227
20655,2020-06-01,4278.366807363231
20655,2020-07-01,4265.93680109267
20655,2020-08-01,4249.318374203802
20655,2020-09-01,4709.818963907554
20655,2020-10-01,5286.225157400778
20655,2020-11-01,5586.668786829442
20655,2020-12-01,6043.087106559705
20655,2021-01-01,7383.070216074664
20655,2021-02-01,6642.361074510594
20655,2021-03-01,7015.2623547967505
20655,2021-04-01,7786.566854892423
20655,2021-05-01,7927.155839332063
20655,2021-06-01,9935.750227487577
20655,2021-07-01,6742.29852202829
20655,2021-08-01,7024.962394386147
20655,2021-09-01,6744.260515326798
20655,2021-10-01,6863.963727054209
20655,2021-11-01,8188.739882773129
20655,2021-12-01,7721.118819427732
20655,2022-01-01,7485.631189485699
20655,2022-02-01,7880.5236008915535
20655,2022-03-01,8637.670777334806
20655,2022-04-01,8525.341905698255
20655,2022-05-01,9770.652583004032
20655,2022-06-01,8894.771339126235
20655,2022-07-01,9679.15036288613
20655,2022-08-01,9700.697015411764
20655,2022-09-01,11239.28925759033
20655,2022-10-01,9392.298917028254
20655,2022-11-01,9477.947680159794
20655,2022-12-01,10061.541557781811
20655,2023-01-01,10321.567217238044
20655,2023-02-01,10173.87541977053
20655,2023-03-01,10951.97964422033
20655,2023-04-01,9392.263542685154
20655,2023-05-01,10496.508392219584
20655,2023-06-01,12345.728180265023
20655,2023-07-01,11268.281002192658
20655,2023-08-01,11516.651092822789
20655,2023-09-01,10988.12639377722
20655,2023-10-01,12136.61652572124
20655,2023-11-01,10790.671969155212
20655,2023-12-01,11302.92393671064
20655,2024-01-01,12088.135815405825
20655,2024-02-01,12138.512051636328
20655,2024-03-01,10304.670939643482
20655,2024-04-01,14308.87583121038
20655,2024-05-01,12448.233107708673
20655,2024-06-01,12665.687028939083
20655,2024-07-01,14937.489537769256
20655,2024-08-01,14005.911359644646
20655,2024-09-01,16046.135876604329
20655,2024-10-01,15074.114746879764
20655,2024-11-01,15971.12787382644
20655,2024-12-01,16173.308864173236
20655,2025-01-01,15169.468526593475
20655,2025-02-01,18536.657652960606
20655,2025-03-01,16494.997442311
20655,2025-04-01,16500.948647982914
20655,2025-05-01,16303.930627573045
20655,2025-06-01,18894.734007314415
20655,2025-07-01,16790.649359816383
20655,2025-08-01,18581.101648998065
20655,2025-09-01,17891.43607489021
20655,2025-10-01,18668.651723617662
20655,2025-11-01,17413.15682156869
20655,2025-12-01,19691.01538176523
20655,2026-01-01,19207.251964501746
20655,2026-02-01,17468.61658235577
20655,2026-03-01,24092.39679995542
20655,2026-04-01,19309.43039993982
20655,2026-05-01,19486.783979985044
20655,2026-06-01,21305.144806856417
20656,2011-03-01,2170.491324820907
20656,2011-04-01,2347.195078038355
20656,2011-05-01,2253.9558572791107
20656,2011-06-01,2294.9575932003104
20656,2011-07-01,2973.8349070115946
20656,2011-08-01,3119.7080139805694
20656,2011-09-01,2992.4463328785
20656,2011-10-01,3233.2335603121414
20656,2011-11-01,3387.0167709520656
20656,2011-12-01,2760.500911441249
20656,2012-01-01,2969.863806306273
20656,2012-02-01,2971.791724121711
20656,2012-03-01,2679.33657987966
20656,2012-04-01,3023.448255549185
20656,2012-05-01,3116.317186155665
20656,2012-06-01,2890.3796719306392
20656,2012-07-01,3171.9741111271246
20656,2012-08-01,3122.734374901687
20656,2012-09-01,3260.9857449602887
20656,2012-10-01,3507.9433899000123
20656,2012-11-01,3780.131003681111
20656,2012-12-01,3826.61053786378
20656,2013-01-01,3882.324879125967
20656,2013-02-01,3744.0149723883296
20656,2013-03-01,4365.453205091336
20656,2013-04-01,4042.539028923649
20656,2013-05-01,4390.612281986987
20656,2013-06-01,4525.337675408736
20656,2013-07-01,4278.206689827792
20656,2013-08-01,4154.828336338159
20656,2013-09-01,4639.276055740426
20656,2013-10-01,4427.11100970924
20656,2013-11-01,4585.933750586463
20656,2013-12-01,4695.49358487899
20656,2014-01-01,4715.877269424306
20656,2014-02-01,4947.2818656641475
20656,2014-03-01,4942.0844040624625
20656,2014-04-01,4964.942645425857
20656,2014-05-01,4810.119714640643
20656,2014-06-01,5200.050032210648
20656,2014-07-01,5080.845755870032
20656,2014-08-01,5420.380185685289
20656,2014-09-01,5180.263991880107
20656,2014-10-01,5130.593584294504
20656,2014-11-01,5256.79201017969
20656,2014-12-01,5549.666224017684
20656,2015-01-01,5702.113935763221
20656,2015-02-01,5930.875172010484
20656,2015-03-01,5759.898117740298
20656,2015-04-01,6030.145565533944
20656,2015-05-01,5821.879798736925
20656,2015-06-01,6065.312780296187
20656,2015-07-01,6396.900187829067
20656,2015-08-01,5887.227762723845
20656,2015-09-01,6289.599215582436
20656,2015-10-01,5966.075003856669
20656,2015-11-01,5540.654027286919
20656,2015-12-01,5877.467212225446
20656,2016-01-01,5694.34227166882
20656,2016-02-01,6432.6126187370255
20656,2016-03-01,4901.848841466425
20656,2016-04-01,5422.766430517567
20656,2016-05-01,5514.628519044574
20656,2016-06-01,5393.022512325473
20656,2016-07-01,5291.018984286565
20656,2016-08-01,5525.993744599456
20656,2016-09-01,5185.128022803007
20656,2016-10-01,5748.507172476171
20656,2016-11-01,5259.921113162543
20656,2016-12-01,4874.958232430168
20656,2017-01-01,5120.444729480373
20656,2017-02-01,4868.934256799865
20656,2017-03-01,5458.748215497595
20656,2017-04-01,3893.623346411347
20656,2017-05-01,4789.948636588736
20656,2017-06-01,4948.512710704186
20656,2017-07-01,5035.586806150334
20656,2017-08-01,5316.7264433651735
20656,2017-09-01,5099.122241457869
20656,2017-10-01,5211.116106617749
20656,2017-11-01,7414.1598180506635
20656,2017-12-01,6564.417850838827
20656,2018-01-01,5449.220207905596
20656,2018-02-01,5629.831871054071
20656,2018-03-01,5947.302355542818
20656,2018-04-01,5472.214718424229
20656,2018-05-01,5849.152751421097
20656,2018-06-01,5619.402115400854
20656,2018-07-01,5706.068962407481
20656,2018-08-01,5657.221592273349
20656,2018-09-01,5714.927764196357
20656,2018-10-01,5963.1343787438755
20656,2018-11-01,6152.0131051561875
20656,2018-12-01,5929.516902447014
20656,2019-01-01,6569.257336774748
20656,2019-02-01,7386.143128664592
20656,2019-03-01,6206.444593679784
20656,2019-04-01,6658.795401777532
20656,2019-05-01,6897.5609651954765
20656,2019-06-01,6597.717041019688
20656,2019-07-01,7184.644743871164
20656,2019-08-01,7194.764599028225
20656,2019-09-01,7455.710440937073
20656,2019-10-01,7516.4336892313995
20656,2019-11-01,7259.2605987798
20656,2019-12-01,7517.867979082631
20656,2020-01-01,7228.657524454475
20656,2020-02-01,7281.675100375363
20656,2020-03-01,6807.505865114481
20656,2020-04-01,4398.334413328484
20656,2020-05-01,4190.786513990463
20656,2020-06-01,5677.481541290888
20656,2020-07-01,6501.406380739246
20656,2020-08-01,5430.620889054754
20656,2020-09-01,5967.34899701001
20656,2020-10-01,6561.118409359606
20656,2020-11-01,6444.413800896639
20656,2020-12-01,6798.30267134918
20656,2021-01-01,8915.158597692105
20656,2021-02-01,7829.358275749178
20656,2021-03-01,7988.276092161303
20656,2021-04-01,8660.837262558642
20656,2021-05-01,8902.34807399849
20656,2021-06-01,11159.785348397243
20656,2021-07-01,8155.864358788872
20656,2021-08-01,7969.445800136334
20656,2021-09-01,8652.964427013974
20656,2021-10-01,8740.797342655032
20656,2021-11-01,9443.472269312533
20656,2021-12-01,10319.078331072782
20656,2022-01-01,10103.905317476814
20656,2022-02-01,9838.225529256579
20656,2022-03-01,11052.767143002311
20656,2022-04-01,10780.097934761676
20656,2022-05-01,11923.423660701546
20656,2022-06-01,12244.84023345668
20656,2022-07-01,12849.459728233891
20656,2022-08-01,13718.509724978696
20656,2022-09-01,14028.061193473459
20656,2022-10-01,13106.485573839913
20656,2022-11-01,14192.382183358086
20656,2022-12-01,16122.146449705564
20656,2023-01-01,13962.08302862749
20656,2023-02-01,14986.093623131426
20656,2023-03-01,16417.2751215116
20656,2023-04-01,15430.91154560972
20656,2023-05-01,16033.861356875723
20656,2023-06-01,17317.695054606484
20656,2023-07-01,15847.236220225537
20656,2023-08-01,18231.196559123426
20656,2023-09-01,18592.294640328437
20656,2023-10-01,19261.19828727515
20656,2023-11-01,19927.800241927453
20656,2023-12-01,16738.847624549988
20656,2024-01-01,18551.156902769468
20656,2024-02-01,19848.444112832633
20656,2024-03-01,18380.302541921497
20656,2024-04-01,19227.016911927494
20656,2024-05-01,17342.426161415355
20656,2024-06-01,17387.030506949748
20656,2024-07-01,20357.856380174035
20656,2024-08-01,19666.018802133327
20656,2024-09-01,20001.88911726289
20656,2024-10-01,19989.371721504038
20656,2024-11-01,19346.30954661395
20656,2024-12-01,19042.13185083442
20656,2025-01-01,20539.911542794292
20656,2025-02-01,23297.678111899564
20656,2025-03-01,20360.150328937463
20656,2025-04-01,21078.754888072224
20656,2025-05-01,22561.36501010361
20656,2025-06-01,23062.800717131555
20656,2025-07-01,22075.214558897605
20656,2025-08-01,22575.4103985283
20656,2025-09-01,21975.225413649234
20656,2025-10-01,23714.963417718835
20656,2025-11-01,22503.01722824144
20656,2025-12-01,25077.6871176937
20656,2026-01-01,25509.531630109035
20656,2026-02-01,21794.150373842243
20656,2026-03-01,26241.805997681255
20656,2026-04-01,26165.79796182924
20656,2026-05-01,24685.263424947294
20656,2026-06-01,26456.301128071525
20657,2011-03-01,6557.690685445976
20657,2011-04-01,6698.668699738671
20657,2011-05-01,7055.198160413218
20657,2011-06-01,6976.053374699855
20657,2011-07-01,8058.1089821573
20657,2011-08-01,8862.412546889058
20657,2011-09-01,9629.425258919886
20657,2011-10-01,6850.314570220561
20657,2011-11-01,7674.334878540294
20657,2011-12-01,8067.414429940976
20657,2012-01-01,8473.13157726501
20657,2012-02-01,6806.617017645473
20657,2012-03-01,8794.578309680735
20657,2012-04-01,9009.480181937162
20657,2012-05-01,7674.948206464857
20657,2012-06-01,6882.888812876942
20657,2012-07-01,8752.963499925345
20657,2012-08-01,9336.678304392364
20657,2012-09-01,7950.6223018826595
20657,2012-10-01,8499.792756163426
20657,2012-11-01,8393.49852329533
20657,2012-12-01,6001.55433893903
20657,2013-01-01,6081.535693740744
20657,2013-02-01,6889.664387230056
20657,2013-03-01,6619.052455820973
20657,2013-04-01,6042.086991450608
20657,2013-05-01,8580.595280384465
20657,2013-06-01,7817.209330716441
20657,2013-07-01,7467.059511348486
20657,2013-08-01,8068.80836784741
20657,2013-09-01,7190.277625880296
20657,2013-10-01,7141.71154664077
20657,2013-11-01,6870.826384657257
20657,2013-12-01,7496.285383658844
20657,2014-01-01,6959.4138461219645
20657,2014-02-01,9235.820158249122
20657,2014-03-01,6782.667943649906
20657,2014-04-01,6321.490518011434
20657,2014-05-01,7345.356324195577
20657,2014-06-01,8210.638382827463
20657,2014-07-01,8106.807863261656
20657,2014-08-01,7008.940061266499
20657,2014-09-01,6635.01009554206
20657,2014-10-01,9648.92376936103
20657,2014-11-01,8202.031070094
20657,2014-12-01,8862.772780273888
20657,2015-01-01,11297.484756866254
20657,2015-02-01,7009.538519776799
20657,2015-03-01,6827.591596217203
20657,2015-04-01,10029.99835958439
20657,2015-05-01,9404.742441272667
20657,2015-06-01,10160.173294212125
20657,2015-07-01,9977.210773169381
20657,2015-08-01,7529.793498395044
20657,2015-09-01,11059.809522171197
20657,2015-10-01,10281.876330087814
20657,2015-11-01,10668.96280649732
20657,2015-12-01,12030.140021873225
20657,2016-01-01,9973.151091303424
20657,2016-02-01,8416.996857836992
20657,2016-03-01,9218.754144310327
20657,2016-04-01,8352.348104753044
20657,2016-05-01,11458.596711253356
20657,2016-06-01,8481.3148297785865
20657,2016-07-01,8185.714689487307
20657,2016-08-01,6920.732379872792
20657,2016-09-01,7870.981500784886
20657,2016-10-01,8195.267754618453
20657,2016-11-01,9599.091602420689
20657,2016-12-01,8537.451766464921
20657,2017-01-01,7413.704898746458
20657,2017-02-01,7736.5394290203985
20657,2017-03-01,8144.965562525944
20657,2017-04-01,6221.446625833849
20657,2017-05-01,7038.3653809501275
20657,2017-06-01,7885.450790041754
20657,2017-07-01,8000.01832057978
20657,2017-08-01,6094.427492089363
20657,2017-09-01,7813.09379565685
20657,2017-10-01,7868.467076928993
20657,2017-11-01,8652.072477083379
20657,2017-12-01,8392.652816875203
20657,2018-01-01,7213.908809521217
20657,2018-02-01,10438.410024160497
20657,2018-03-01,10569.653458235158
20657,2018-04-01,11802.410230417367
20657,2018-05-01,11018.72651194711
20657,2018-06-01,10620.98524262762
20657,2018-07-01,10066.132816148569
20657,2018-08-01,11794.792892573525
20657,2018-09-01,9533.284429406578
20657,2018-10-01,12293.617261912805
20657,2018-11-01,8928.005015628056
20657,2018-12-01,11048.984374390524
20657,2019-01-01,11585.018100265323
20657,2019-02-01,10600.82049532792
20657,2019-03-01,9710.373586825523
20657,2019-04-01,9638.417008693696
20657,2019-05-01,10855.021742784524
20657,2019-06-01,9024.357308905423
20657,2019-07-01,9210.43549867716
20657,2019-08-01,12210.77634188533
20657,2019-09-01,11118.155779578541
20657,2019-10-01,9373.968884667984
20657,2019-11-01,12036.22949140762
20657,2019-12-01,11083.725051148715
20657,2020-01-01,8638.339322678443
20657,2020-02-01,8731.251995007206
20657,2020-03-01,25843.337007483005
20657,2020-04-01,11056.829246968224
20657,2020-05-01,7507.611123226332
20657,2020-06-01,7374.150247544136
20657,2020-07-01,7616.621786757608
20657,2020-08-01,10606.972942692595
20657,2020-09-01,7766.364734958119
20657,2020-10-01,7270.83011154646
20657,2020-11-01,7970.174876979469
20657,2020-12-01,6931.520161190738
20657,2021-01-01,9217.919141997825
20657,2021-02-01,9576.77708158624
20657,2021-03-01,16181.567084116728
20657,2021-04-01,17592.842111146
20657,2021-05-01,14848.963310478126
20657,2021-06-01,11907.807455900447
20657,2021-07-01,12810.149716427853
20657,2021-08-01,10590.708860440633
20657,2021-09-01,13161.888056294873
20657,2021-10-01,12861.89713111644
20657,2021-11-01,11243.726145022287
20657,2021-12-01,12770.126277554578
20657,2022-01-01,16235.147727828036
20657,2022-02-01,15966.099744661644
20657,2022-03-01,20796.87478854374
20657,2022-04-01,17986.320540221244
20657,2022-05-01,13777.940833897503
20657,2022-06-01,15431.590359124053
20657,2022-07-01,15115.908167325282
20657,2022-08-01,13062.240582289365
20657,2022-09-01,14093.441088423633
20657,2022-10-01,13433.677114298878
20657,2022-11-01,14713.415238614645
20657,2022-12-01,15938.209520490605
20657,2023-01-01,13802.132094232396
20657,2023-02-01,16744.285750868283
20657,2023-03-01,16335.86763383378
20657,2023-04-01,11669.349337689999
20657,2023-05-01,13073.298562873613
20657,2023-06-01,13644.14707515803
20657,2023-07-01,12965.293205138254
20657,2023-08-01,12605.142135680253
20657,2023-09-01,12379.524803172828
20657,2023-10-01,12082.707864374248
20657,2023-11-01,14892.778421309946
20657,2023-12-01,11089.205327050493
20657,2024-01-01,12631.116592597342
20657,2024-02-01,11001.056435017994
20657,2024-03-01,13302.616096177424
20657,2024-04-01,14550.174640363903
20657,2024-05-01,12866.896707170625
20657,2024-06-01,14867.65792458751
20657,2024-07-01,13845.871946824765
20657,2024-08-01,17880.611818888785
20657,2024-09-01,15902.46153256224
20657,2024-10-01,16437.59039729499
20657,2024-11-01,13679.424301411536
20657,2024-12-01,14696.864384630402
20657,2025-01-01,15325.108873469519
20657,2025-02-01,14037.59794257115
20657,2025-03-01,10840.882505692134
20657,2025-04-01,15203.328460052937
20657,2025-05-01,13960.24337583838
20657,2025-06-01,18365.00959348256
20657,2025-07-01,15593.057435641338
20657,2025-08-01,15172.140398679592
20657,2025-09-01,14464.331099847353
20657,2025-10-01,14198.751131078132
20657,2025-11-01,11759.759196155232
20657,2025-12-01,14056.395487694204
20657,2026-01-01,12754.393784005006
20657,2026-02-01,14672.679638035386
20657,2026-03-01,13188.292983884592
20657,2026-04-01,10697.74291907904
20657,2026-05-01,11890.8632575871
20657,2026-06-01,13177.25484045705
20658,2011-03-01,526
20658,2011-04-01,408
20658,2011-05-01,550
20658,2011-06-01,459
20658,2011-07-01,385
20658,2011-08-01,566
20658,2011-09-01,451
20658,2011-10-01,500
20658,2011-11-01,591
20658,2011-12-01,651
20658,2012-01-01,475
20658,2012-02-01,423
20658,2012-03-01,513
20658,2012-04-01,540
20658,2012-05-01,1407
20658,2012-06-01,1575
20658,2012-07-01,723
20658,2012-08-01,734
20658,2012-09-01,432
20658,2012-10-01,571
20658,2012-11-01,542
20658,2012-12-01,601
20658,2013-01-01,607
20658,2013-02-01,416
20658,2013-03-01,478
20658,2013-04-01,398
20658,2013-05-01,473
20658,2013-06-01,624
20658,2013-07-01,695
20658,2013-08-01,618
20658,2013-09-01,616
20658,2013-10-01,565
20658,2013-11-01,516
20658,2013-12-01,627
20658,2014-01-01,542
20658,2014-02-01,569
20658,2014-03-01,560
20658,2014-04-01,511
20658,2014-05-01,483
20658,2014-06-01,525
20658,2014-07-01,708
20658,2014-08-01,451
20658,2014-09-01,615
20658,2014-10-01,515
20658,2014-11-01,491
20658,2014-12-01,619
20658,2015-01-01,505
20658,2015-02-01,558
20658,2015-03-01,627
20658,2015-04-01,596
20658,2015-05-01,505
20658,2015-06-01,523
20658,2015-07-01,512
20658,2015-08-01,611
20658,2015-09-01,423
20658,2015-10-01,470
20658,2015-11-01,642
20658,2015-12-01,411
20658,2016-01-01,372
20658,2016-02-01,292
20658,2016-03-01,326
20658,2016-04-01,306
20658,2016-05-01,268
20658,2016-06-01,260
20658,2016-07-01,211
20658,2016-08-01,317
20658,2016-09-01,306
20658,2016-10-01,223
20658,2016-11-01,294
20658,2016-12-01,314
20658,2017-01-01,379
20658,2017-02-01,163
20658,2017-03-01,316
20658,2017-04-01,202
20658,2017-05-01,290
20658,2017-06-01,352
20658,2017-07-01,388
20658,2017-08-01,408
20658,2017-09-01,318
20658,2017-10-01,262
20658,2017-11-01,290
20658,2017-12-01,300
20658,2018-01-01,280
20658,2018-02-01,402
20658,2018-03-01,291
20658,2018-04-01,336
20658,2018-05-01,327
20658,2018-06-01,421
20658,2018-07-01,426
20658,2018-08-01,343
20658,2018-09-01,417
20658,2018-10-01,320
20658,2018-11-01,282
20658,2018-12-01,372
20658,2019-01-01,358
20658,2019-02-01,229
20658,2019-03-01,217
20658,2019-04-01,271
20658,2019-05-01,384
20658,2019-06-01,324
20658,2019-07-01,292
20658,2019-08-01,284
20658,2019-09-01,323
20658,2019-10-01,383
20658,2019-11-01,412
20658,2019-12-01,574
20658,2020-01-01,521
20658,2020-02-01,272
20658,2020-03-01,622
20658,2020-04-01,419
20658,2020-05-01,312
20658,2020-06-01,521
20658,2020-07-01,413
20658,2020-08-01,549
20658,2020-09-01,427
20658,2020-10-01,643
20658,2020-11-01,601
20658,2020-12-01,688
20658,2021-01-01,606
20658,2021-02-01,663
20658,2021-03-01,851
20658,2021-04-01,851
20658,2021-05-01,995
20658,2021-06-01,616
20658,2021-07-01,683
20658,2021-08-01,686
20658,2021-09-01,581
20658,2021-10-01,1188
20658,2021-11-01,1063
20658,2021-12-01,1311
20658,2022-01-01,1339
20658,2022-02-01,1213
20658,2022-03-01,1193
20658,2022-04-01,923
20658,2022-05-01,1887
20658,2022-06-01,1623
20658,2022-07-01,1692
20658,2022-08-01,1793
20658,2022-09-01,1528
20658,2022-10-01,1407
20658,2022-11-01,1450
20658,2022-12-01,1431
20658,2023-01-01,957
20658,2023-02-01,866
20658,2023-03-01,1068
20658,2023-04-01,689
20658,2023-05-01,781
20658,2023-06-01,951
20658,2023-07-01,1071
20658,2023-08-01,1141
20658,2023-09-01,1111
20658,2023-10-01,773
20658,2023-11-01,705
20658,2023-12-01,731
20658,2024-01-01,1066
20658,2024-02-01,1218
20658,2024-03-01,938
20658,2024-04-01,836
20658,2024-05-01,1007
20658,2024-06-01,1050
20658,2024-07-01,1405
20658,2024-08-01,1336
20658,2024-09-01,1247
20658,2024-10-01,1294
20658,2024-11-01,1453
20658,2024-12-01,1491
20658,2025-01-01,2407
20658,2025-02-01,1424
20658,2025-03-01,966
20658,2025-04-01,1263
20658,2025-05-01,782
20658,2025-06-01,1204
20658,2025-07-01,1152
20658,2025-08-01,962
20658,2025-09-01,1247
20658,2025-10-01,1154
20658,2025-11-01,667
20658,2025-12-01,1333
20658,2026-01-01,1325
20658,2026-02-01,870
20658,2026-03-01,1239
20658,2026-04-01,714
20658,2026-05-01,1293
20658,2026-06-01,1414
20659,2011-03-01,1440
20659,2011-04-01,3168
20659,2011-05-01,2007
20659,2011-06-01,2330
20659,2011-07-01,1414
20659,2011-08-01,2442
20659,2011-09-01,2481
20659,2011-10-01,1560
20659,2011-11-01,4332
20659,2011-12-01,4061
20659,2012-01-01,2831
20659,2012-02-01,1855
20659,2012-03-01,4324
20659,2012-04-01,2460
20659,2012-05-01,4299
20659,2012-06-01,4038
20659,2012-07-01,3629
20659,2012-08-01,2439
20659,2012-09-01,3547
20659,2012-10-01,5445
20659,2012-11-01,3027
20659,2012-12-01,2046
20659,2013-01-01,1366
20659,2013-02-01,4915
20659,2013-03-01,4584
20659,2013-04-01,5934
20659,2013-05-01,11141
20659,2013-06-01,2978
20659,2013-07-01,2231
20659,2013-08-01,2514
20659,2013-09-01,3495
20659,2013-10-01,3269
20659,2013-11-01,1762
20659,2013-12-01,4862
20659,2014-01-01,2219
20659,2014-02-01,2110
20659,2014-03-01,3288
20659,2014-04-01,2732
20659,2014-05-01,4231
20659,2014-06-01,4845
20659,2014-07-01,2097
20659,2014-08-01,3086
20659,2014-09-01,3654
20659,2014-10-01,2437
20659,2014-11-01,3425
20659,2014-12-01,3625
20659,2015-01-01,2035
20659,2015-02-01,1735
20659,2015-03-01,3028
20659,2015-04-01,2681
20659,2015-05-01,3274
20659,2015-06-01,8029
20659,2015-07-01,2813
20659,2015-08-01,3628
20659,2015-09-01,4928
20659,2015-10-01,3682
20659,2015-11-01,4450
20659,2015-12-01,5571
20659,2016-01-01,1844
20659,2016-02-01,2319
20659,2016-03-01,3244
20659,2016-04-01,2770
20659,2016-05-01,3087
20659,2016-06-01,4195
20659,2016-07-01,1582
20659,2016-08-01,2178
20659,2016-09-01,3449
20659,2016-10-01,1542
20659,2016-11-01,2511
20659,2016-12-01,3407
20659,2017-01-01,2577
20659,2017-02-01,2592
20659,2017-03-01,4368
20659,2017-04-01,2268
20659,2017-05-01,4232
20659,2017-06-01,10683
20659,2017-07-01,1430
20659,2017-08-01,11140
20659,2017-09-01,3572
20659,2017-10-01,2829
20659,2017-11-01,2526
20659,2017-12-01,4560
20659,2018-01-01,4495
20659,2018-02-01,9191
20659,2018-03-01,5636
20659,2018-04-01,3915
20659,2018-05-01,5750
20659,2018-06-01,7253
20659,2018-07-01,3965
20659,2018-08-01,5152
20659,2018-09-01,4025
20659,2018-10-01,3029
20659,2018-11-01,2744
20659,2018-12-01,6251
20659,2019-01-01,5041
20659,2019-02-01,5221
20659,2019-03-01,4279
20659,2019-04-01,5024
20659,2019-05-01,5407
20659,2019-06-01,5937
20659,2019-07-01,3984
20659,2019-08-01,3868
20659,2019-09-01,3820
20659,2019-10-01,5057
20659,2019-11-01,4635
20659,2019-12-01,5761
20659,2020-01-01,3680
20659,2020-02-01,5033
20659,2020-03-01,18415
20659,2020-04-01,10255
20659,2020-05-01,9135
20659,2020-06-01,3323
20659,2020-07-01,1056
20659,2020-08-01,2030
20659,2020-09-01,748
20659,2020-10-01,2128
20659,2020-11-01,997
20659,2020-12-01,2487
20659,2021-01-01,2040
20659,2021-02-01,6130
20659,2021-03-01,9642
20659,2021-04-01,3910
20659,2021-05-01,5570
20659,2021-06-01,6776
20659,2021-07-01,3353
20659,2021-08-01,5959
20659,2021-09-01,6686
20659,2021-10-01,5047
20659,2021-11-01,4899
20659,2021-12-01,10680
20659,2022-01-01,4621
20659,2022-02-01,8686
20659,2022-03-01,9851
20659,2022-04-01,7028
20659,2022-05-01,6361
20659,2022-06-01,5593
20659,2022-07-01,4529
20659,2022-08-01,5001
20659,2022-09-01,4427
20659,2022-10-01,5147
20659,2022-11-01,3476
20659,2022-12-01,5858
20659,2023-01-01,2985
20659,2023-02-01,5079
20659,2023-03-01,8154
20659,2023-04-01,3637
20659,2023-05-01,6173
20659,2023-06-01,7228
20659,2023-07-01,3863
20659,2023-08-01,4706
20659,2023-09-01,4693
20659,2023-10-01,5372
20659,2023-11-01,5535
20659,2023-12-01,10913
20659,2024-01-01,5211
20659,2024-02-01,6084
20659,2024-03-01,6332
20659,2024-04-01,4568
20659,2024-05-01,5603
20659,2024-06-01,9342
20659,2024-07-01,6741
20659,2024-08-01,4353
20659,2024-09-01,5027
20659,2024-10-01,3173
20659,2024-11-01,3249
20659,2024-12-01,10378
20659,2025-01-01,7451
20659,2025-02-01,4853
20659,2025-03-01,4351
20659,2025-04-01,10436
20659,2025-05-01,6488
20659,2025-06-01,8282
20659,2025-07-01,9818
20659,2025-08-01,7467
20659,2025-09-01,6996
20659,2025-10-01,5573
20659,2025-11-01,6580
20659,2025-12-01,7128
20659,2026-01-01,9071
20659,2026-02-01,6718
20659,2026-03-01,6925
20659,2026-04-01,7765
20659,2026-05-01,8177
20659,2026-06-01,10185
20660,2011-03-01,798
20660,2011-04-01,502
20660,2011-05-01,582
20660,2011-06-01,509
20660,2011-07-01,557
20660,2011-08-01,338
20660,2011-09-01,509
20660,2011-10-01,415
20660,2011-11-01,299
20660,2011-12-01,464
20660,2012-01-01,261
20660,2012-02-01,350
20660,2012-03-01,681
20660,2012-04-01,789
20660,2012-05-01,790
20660,2012-06-01,1495
20660,2012-07-01,610
20660,2012-08-01,808
20660,2012-09-01,541
20660,2012-10-01,417
20660,2012-11-01,734
20660,2012-12-01,2741
20660,2013-01-01,2213
20660,2013-02-01,230
20660,2013-03-01,251
20660,2013-04-01,366
20660,2013-05-01,370
20660,2013-06-01,1540
20660,2013-07-01,668
20660,2013-08-01,582
20660,2013-09-01,3311
20660,2013-10-01,403
20660,2013-11-01,1093
20660,2013-12-01,2131
20660,2014-01-01,336
20660,2014-02-01,210
20660,2014-03-01,2326
20660,2014-04-01,1300
20660,2014-05-01,435
20660,2014-06-01,659
20660,2014-07-01,1413
20660,2014-08-01,276
20660,2014-09-01,1153
20660,2014-10-01,231
20660,2014-11-01,699
20660,2014-12-01,817
20660,2015-01-01,275
20660,2015-02-01,260
20660,2015-03-01,1069
20660,2015-04-01,79
20660,2015-05-01,381
20660,2015-06-01,120
20660,2015-07-01,480
20660,2015-08-01,274
20660,2015-09-01,1036
20660,2015-10-01,256
20660,2015-11-01,1569
20660,2015-12-01,2568
20660,2016-01-01,455
20660,2016-02-01,401
20660,2016-03-01,635
20660,2016-04-01,351
20660,2016-05-01,430
20660,2016-06-01,244
20660,2016-07-01,294
20660,2016-08-01,164
20660,2016-09-01,369
20660,2016-10-01,81
20660,2016-11-01,282
20660,2016-12-01,291
20660,2017-01-01,18
20660,2017-02-01,33
20660,2017-03-01,167
20660,2017-04-01,2606
20660,2017-05-01,200
20660,2017-06-01,134
20660,2017-07-01,58
20660,2017-08-01,189
20660,2017-09-01,164
20660,2017-10-01,248
20660,2017-11-01,149
20660,2017-12-01,1185
20660,2018-01-01,82
20660,2018-02-01,125
20660,2018-03-01,69
20660,2018-04-01,180
20660,2018-05-01,140
20660,2018-06-01,439
20660,2018-07-01,89
20660,2018-08-01,109
20660,2018-09-01,101
20660,2018-10-01,125
20660,2018-11-01,104
20660,2018-12-01,93
20660,2019-01-01,75
20660,2019-02-01,113
20660,2019-03-01,126
20660,2019-04-01,108
20660,2019-05-01,132
20660,2019-06-01,253
20660,2019-07-01,102
20660,2019-08-01,151
20660,2019-09-01,206
20660,2019-10-01,126
20660,2019-11-01,164
20660,2019-12-01,165
20660,2020-01-01,46
20660,2020-02-01,386
20660,2020-03-01,452
20660,2020-04-01,407
20660,2020-05-01,256
20660,2020-06-01,2760
20660,2020-07-01,206
20660,2020-08-01,321
20660,2020-09-01,311
20660,2020-10-01,278
20660,2020-11-01,254
20660,2020-12-01,471
20660,2021-01-01,30
20660,2021-02-01,80
20660,2021-03-01,305
20660,2021-04-01,233
20660,2021-05-01,103
20660,2021-06-01,490
20660,2021-07-01,68
20660,2021-08-01,344
20660,2021-09-01,168
20660,2021-10-01,414
20660,2021-11-01,124
20660,2021-12-01,480
20660,2022-01-01,87
20660,2022-02-01,297
20660,2022-03-01,407
20660,2022-04-01,95
20660,2022-05-01,268
20660,2022-06-01,710
20660,2022-07-01,289
20660,2022-08-01,405
20660,2022-09-01,676
20660,2022-10-01,287
20660,2022-11-01,265
20660,2022-12-01,162
20660,2023-01-01,91
20660,2023-02-01,86
20660,2023-03-01,365
20660,2023-04-01,356
20660,2023-05-01,466
20660,2023-06-01,1013
20660,2023-07-01,277
20660,2023-08-01,327
20660,2023-09-01,345
20660,2023-10-01,321
20660,2023-11-01,347
20660,2023-12-01,149
20660,2024-01-01,169
20660,2024-02-01,272
20660,2024-03-01,461
20660,2024-04-01,735
20660,2024-05-01,759
20660,2024-06-01,346
20660,2024-07-01,481
20660,2024-08-01,475
20660,2024-09-01,362
20660,2024-10-01,345
20660,2024-11-01,212
20660,2024-12-01,242
20660,2025-01-01,113
20660,2025-02-01,402
20660,2025-03-01,284
20660,2025-04-01,498
20660,2025-05-01,579
20660,2025-06-01,499
20660,2025-07-01,534
20660,2025-08-01,300
20660,2025-09-01,352
20660,2025-10-01,433
20660,2025-11-01,257
20660,2025-12-01,239
20660,2026-01-01,89
20660,2026-02-01,136
20660,2026-03-01,174
20660,2026-04-01,281
20660,2026-05-01,296
20660,2026-06-01,490
20661,2011-03-01,6190.746651142023
20661,2011-04-01,6057.317840267473
20661,2011-05-01,6148.085819716438
20661,2011-06-01,6430.128680428435
20661,2011-07-01,6193.036234658708
20661,2011-08-01,6242.199566367314
20661,2011-09-01,6557.65262967266
20661,2011-10-01,6690.672268233057
20661,2011-11-01,6896.108057130066
20661,2011-12-01,8104.974199064695
20661,2012-01-01,7195.203641787537
20661,2012-02-01,6930.10375511386
20661,2012-03-01,7608.50278091095
20661,2012-04-01,7456.7037619746025
20661,2012-05-01,7363.8994649032265
20661,2012-06-01,8383.87778197599
20661,2012-07-01,8019.022807743538
20661,2012-08-01,8313.960399375761
20661,2012-09-01,8542.685101488994
20661,2012-10-01,8583.980074032888
20661,2012-11-01,8218.820726653055
20661,2012-12-01,8394.916938718345
20661,2013-01-01,7513.980850749278
20661,2013-02-01,8042.463441238931
20661,2013-03-01,8444.76265364418
20661,2013-04-01,8604.093968860061
20661,2013-05-01,9208.12273714661
20661,2013-06-01,8511.021652848474
20661,2013-07-01,8599.001850473036
20661,2013-08-01,8822.100635600404
20661,2013-09-01,8569.03960700214
20661,2013-10-01,8693.68821120427
20661,2013-11-01,8981.533112479203
20661,2013-12-01,9157.652093938646
20661,2014-01-01,9278.429676622045
20661,2014-02-01,9073.377554290248
20661,2014-03-01,8948.277966724565
20661,2014-04-01,9104.990720559232
20661,2014-05-01,8227.420951620557
20661,2014-06-01,9003.709985085125
20661,2014-07-01,8284.291711172233
20661,2014-08-01,8293.056503045258
20661,2014-09-01,9463.420994172793
20661,2014-10-01,8729.963416817605
20661,2014-11-01,8739.530604365791
20661,2014-12-01,8729.514109842185
20661,2015-01-01,7710.8338852260695
20661,2015-02-01,7520.758776061584
20661,2015-03-01,8879.321416721397
20661,2015-04-01,7398.585846771146
20661,2015-05-01,8780.662162606204
20661,2015-06-01,8183.581577977476
20661,2015-07-01,8575.825952982286
20661,2015-08-01,8225.848251733833
20661,2015-09-01,7772.208424156526
20661,2015-10-01,7552.697785194437
20661,2015-11-01,7647.473015987299
20661,2015-12-01,8020.9991436213795
20661,2016-01-01,7573.042497026406
20661,2016-02-01,9127.057120687765
20661,2016-03-01,8385.013101052657
20661,2016-04-01,8869.509041351526
20661,2016-05-01,7932.255121464464
20661,2016-06-01,8950.097984030788
20661,2016-07-01,8221.446749808458
20661,2016-08-01,8559.902192928732
20661,2016-09-01,8608.604784307945
20661,2016-10-01,7560.176625900868
20661,2016-11-01,7894.4801839186075
20661,2016-12-01,7847.414120298018
20661,2017-01-01,7846.4752440590855
20661,2017-02-01,5429.997190252819
20661,2017-03-01,5603.3450831578775
20661,2017-04-01,5235.415859724088
20661,2017-05-01,5293.035193158169
20661,2017-06-01,4468.328711331984
20661,2017-07-01,3634.816447407639
20661,2017-08-01,3283.934853617373
20661,2017-09-01,3199.691576879685
20661,2017-10-01,3534.051341901183
20661,2017-11-01,2827.706150976333
20661,2017-12-01,3538.048575861525
20661,2018-01-01,2471.2404039742078
20661,2018-02-01,2381.9635026496544
20661,2018-03-01,2352.442118041821
20661,2018-04-01,2158.0346036109295
20661,2018-05-01,1949.8100899834517
20661,2018-06-01,2282.684297069938
20661,2018-07-01,2529.1824409062247
20661,2018-08-01,2957.2928812606233
20661,2018-09-01,2676.0873479605566
20661,2018-10-01,2431.9619861160277
20661,2018-11-01,3063.4508700699457
20661,2018-12-01,2333.412232155568
20661,2019-01-01,2676.958160271758
20661,2019-02-01,2943.855813894764
20661,2019-03-01,3163.435005249737
20661,2019-04-01,3255.916392574978
20661,2019-05-01,3710.9471210087268
20661,2019-06-01,2715.7127877199264
20661,2019-07-01,2715.8325878471937
20661,2019-08-01,2741.7855286931654
20661,2019-09-01,3180.8289440128096
20661,2019-10-01,3958.744044293683
20661,2019-11-01,3416.487091822366
20661,2019-12-01,4331.09557910919
20661,2020-01-01,3400.9944045087136
20661,2020-02-01,3566.7528322546623
20661,2020-03-01,3621.442910618217
20661,2020-04-01,3891.2952587306777
20661,2020-05-01,3541.9380436221672
20661,2020-06-01,4353.255714401288
20661,2020-07-01,5143.633345895118
20661,2020-08-01,4797.270279250186
20661,2020-09-01,4270.477529811255
20661,2020-10-01,4369.896624021292
20661,2020-11-01,4326.051384873446
20661,2020-12-01,4530.546054721972
20661,2021-01-01,4815.109639863613
20661,2021-02-01,4972.68607155548
20661,2021-03-01,5270.91597903068
20661,2021-04-01,5117.464576645209
20661,2021-05-01,4969.645353897137
20661,2021-06-01,5361.154909819359
20661,2021-07-01,4949.328656470157
20661,2021-08-01,5640.29875240849
20661,2021-09-01,4974.374812788433
20661,2021-10-01,5054.157947678137
20661,2021-11-01,5528.9015596772215
20661,2021-12-01,4269.369757756059
20661,2022-01-01,5051.921939698526
20661,2022-02-01,5022.055375074531
20661,2022-03-01,5004.202221046983
20661,2022-04-01,4928.611611179226
20661,2022-05-01,5028.866390112444
20661,2022-06-01,4867.732590370248
20661,2022-07-01,4819.043017486241
20661,2022-08-01,4914.122260699873
20661,2022-09-01,5452.723893165321
20661,2022-10-01,4745.403013383914
20661,2022-11-01,5180.04947882256
20661,2022-12-01,6557.928445508144
20661,2023-01-01,6629.530373053271
20661,2023-02-01,4658.800386200581
20661,2023-03-01,5074.496480779972
20661,2023-04-01,5153.524280982641
20661,2023-05-01,5207.8048409420135
20661,2023-06-01,6628.375513808927
20661,2023-07-01,5029.338819506869
20661,2023-08-01,4421.022203332303
20661,2023-09-01,4544.1665556754
20661,2023-10-01,4466.258028524837
20661,2023-11-01,4842.654639586329
20661,2023-12-01,4298.690381809139
20661,2024-01-01,3465.799777307759
20661,2024-02-01,4888.722980546973
20661,2024-03-01,4858.697424129655
20661,2024-04-01,4294.417426886041
20661,2024-05-01,5374.862952854794
20661,2024-06-01,3898.233445281479
20661,2024-07-01,6247.437530934099
20661,2024-08-01,6096.301166803645
20661,2024-09-01,6375.6735744776115
20661,2024-10-01,5800.646940086689
20661,2024-11-01,6067.757818328259
20661,2024-12-01,8059.260080598148
20661,2025-01-01,6914.981167368469
20661,2025-02-01,7189.894704977325
20661,2025-03-01,5372.670541570541
20661,2025-04-01,8973.45426335835
20661,2025-05-01,8311.253794593036
20661,2025-06-01,9721.66359096012
20661,2025-07-01,8335.80071540163
20661,2025-08-01,7991.626752855772
20661,2025-09-01,8464.377638906386
20661,2025-10-01,8794.820452397616
20661,2025-11-01,8211.934713699438
20661,2025-12-01,9353.923207954273
20661,2026-01-01,9870.503084316615
20661,2026-02-01,8161.095398868418
20661,2026-03-01,12233.042392997731
20661,2026-04-01,11296.334737285084
20661,2026-05-01,9028.083409828643
20661,2026-06-01,9501.55186650043
20635,2011-03-01,106304.90152419315
20635,2011-04-01,106444.21992264687
20635,2011-05-01,108396.72379666711
20635,2011-06-01,111865.46403317763
20635,2011-07-01,113359.46949191918
20635,2011-08-01,127444.65481319807
20635,2011-09-01,113892.9391241249
20635,2011-10-01,106018.44474293209
20635,2011-11-01,118252.42149631685
20635,2011-12-01,115311.52447984951
20635,2012-01-01,117187.85894734248
20635,2012-02-01,117396.40588952237
20635,2012-03-01,119690.08120345305
20635,2012-04-01,119452.88184593148
20635,2012-05-01,122572.81594747111
20635,2012-06-01,121929.72559061655
20635,2012-07-01,124065.66539366764
20635,2012-08-01,128066.08986266615
20635,2012-09-01,113820.7280858471
20635,2012-10-01,127320.64022324645
20635,2012-11-01,123647.56646554054
20635,2012-12-01,114257.31264953272
20635,2013-01-01,124612.14884001217
20635,2013-02-01,125383.16559314792
20635,2013-03-01,115352.22098916335
20635,2013-04-01,126156.30466209256
20635,2013-05-01,129546.33415772775
20635,2013-06-01,122397.28330502451
20635,2013-07-01,125992.45375526744
20635,2013-08-01,125544.36401388525
20635,2013-09-01,122398.06098145015
20635,2013-10-01,127898.96843302679
20635,2013-11-01,125674.22291680511
20635,2013-12-01,122576.51405334199
20635,2014-01-01,125688.24963047287
20635,2014-02-01,134924.3170149361
20635,2014-03-01,117312.74698829692
20635,2014-04-01,126529.06220743008
20635,2014-05-01,123119.88246436279
20635,2014-06-01,123157.652524804
20635,2014-07-01,123277.18437238892
20635,2014-08-01,120546.22707396417
20635,2014-09-01,127022.18030441106
20635,2014-10-01,123525.70093462085
20635,2014-11-01,120782.338465311
20635,2014-12-01,125031.26041057461
20635,2015-01-01,125628.98557739341
20635,2015-02-01,118967.27024736183
20635,2015-03-01,126384.7219515828
20635,2015-04-01,123621.25124660644
20635,2015-05-01,118287.27696649003
20635,2015-06-01,125770.33965306911
20635,2015-07-01,127575.34801854532
20635,2015-08-01,117139.87271942453
20635,2015-09-01,122854.00176127879
20635,2015-10-01,117681.99327835705
20635,2015-11-01,118742.42137555152
20635,2015-12-01,119930.59425181315
20635,2016-01-01,108777.94487768186
20635,2016-02-01,114769.62340653891
20635,2016-03-01,111759.00265186797
20635,2016-04-01,107508.7936897162
20635,2016-05-01,110665.16992368984
20635,2016-06-01,109529.54196145092
20635,2016-07-01,102351.16188063612
20635,2016-08-01,105240.15054788586
20635,2016-09-01,108880.7723378949
20635,2016-10-01,103254.53314582974
20635,2016-11-01,107340.83037001405
20635,2016-12-01,104204.96401560208
20635,2017-01-01,107522.01626243744
20635,2017-02-01,97268.70006922341
20635,2017-03-01,112592.3155418914
20635,2017-04-01,94684.05716830058
20635,2017-05-01,104491.5288889842
20635,2017-06-01,114376.82573751817
20635,2017-07-01,100810.71037073617
20635,2017-08-01,111408.07940397339
20635,2017-09-01,105118.1721773732
20635,2017-10-01,108590.8084043307
20635,2017-11-01,112484.67709982701
20635,2017-12-01,115485.47900563803
20635,2018-01-01,116315.97463627707
20635,2018-02-01,121741.86078426127
20635,2018-03-01,117345.52401694805
20635,2018-04-01,126684.9740886177
20635,2018-05-01,119377.7436711986
20635,2018-06-01,124032.71081788703
20635,2018-07-01,127305.9063553609
20635,2018-08-01,130634.96083394454
20635,2018-09-01,120683.78352381391
20635,2018-10-01,130571.48573399597
20635,2018-11-01,124737.51889706115
20635,2018-12-01,125302.36834839036
20635,2019-01-01,131370.40573382092
20635,2019-02-01,135782.97252866614
20635,2019-03-01,123894.33414921774
20635,2019-04-01,133805.43069354448
20635,2019-05-01,143948.35254867806
20635,2019-06-01,134690.933358439
20635,2019-07-01,146028.76944737564
20635,2019-08-01,141514.9518834451
20635,2019-09-01,147758.72518182953
20635,2019-10-01,149321.0366032656
20635,2019-11-01,148743.59023490734
20635,2019-12-01,156075.25339388012
20635,2020-01-01,147560.2322267397
20635,2020-02-01,150154.72443197962
20635,2020-03-01,194782.85240463752
20635,2020-04-01,149780.48558130034
20635,2020-05-01,126934.44620834105
20635,2020-06-01,135050.66981452642
20635,2020-07-01,144735.04786362036
20635,2020-08-01,129429.31272666987
20635,2020-09-01,138924.93814674328
20635,2020-10-01,139758.48549512716
20635,2020-11-01,148789.02105738712
20635,2020-12-01,140611.64411325502
20635,2021-01-01,130682.3929680817
20635,2021-02-01,147341.47538965696
20635,2021-03-01,172659.83926227668
20635,2021-04-01,174125.66202284087
20635,2021-05-01,170366.91097842922
20635,2021-06-01,180080.32575435555
20635,2021-07-01,173265.0794587766
20635,2021-08-01,177922.8345786179
20635,2021-09-01,183670.05684226932
20635,2021-10-01,188021.3777462451
20635,2021-11-01,195729.208511756
20635,2021-12-01,194524.0784728471
20635,2022-01-01,198623.23685515436
20635,2022-02-01,205583.70898769514
20635,2022-03-01,218033.70621590965
20635,2022-04-01,209301.92362795083
20635,2022-05-01,220278.60616770745
20635,2022-06-01,211685.5360684355
20635,2022-07-01,212975.48939876177
20635,2022-08-01,224201.88702918132
20635,2022-09-01,215192.56671513166
20635,2022-10-01,206621.14008360228
20635,2022-11-01,207452.21324531472
20635,2022-12-01,206608.77349741754
20635,2023-01-01,210324.42050870776
20635,2023-02-01,197186.54656743258
20635,2023-03-01,206489.04019416176
20635,2023-04-01,182601.69521027748
20635,2023-05-01,209241.57770246195
20635,2023-06-01,216764.88145785328
20635,2023-07-01,196196.4666064596
20635,2023-08-01,209248.65349415434
20635,2023-09-01,214555.32324215042
20635,2023-10-01,211667.4475082635
20635,2023-11-01,219999.1513010101
20635,2023-12-01,220412.62815350146
20635,2024-01-01,226946.82448207453
20635,2024-02-01,229882.01006839663
20635,2024-03-01,221593.37669727328
20635,2024-04-01,236119.9123081925
20635,2024-05-01,229496.51821046107
20635,2024-06-01,246898.85975065865
20635,2024-07-01,262185.1415807429
20635,2024-08-01,262423.6575147671
20635,2024-09-01,255483.2900379017
20635,2024-10-01,266177.9441296496
20635,2024-11-01,258916.02610402138
20635,2024-12-01,256732.57325590024
20635,2025-01-01,262222.9927460476
20635,2025-02-01,270382.50865644554
20635,2025-03-01,240017.53337320854
20635,2025-04-01,269132.08143269346
20635,2025-05-01,277664.9241610478
20635,2025-06-01,253585.46616919458
20635,2025-07-01,265069.6414603964
20635,2025-08-01,255929.22141793917
20635,2025-09-01,269018.24400810746
20635,2025-10-01,273767.9542078535
20635,2025-11-01,252632.12332060406
20635,2025-12-01,289626.99610733526
20635,2026-01-01,289137.87650053715
20635,2026-02-01,285164.9169957705
20635,2026-03-01,292580.6785891356
20635,2026-04-01,293719.3311525974
20635,2026-05-01,301241.9787411414
20635,2026-06-01,314673.7754793148
20665,2011-03-01,22792.78660433825
20665,2011-04-01,23322.090801959894
20665,2011-05-01,24105.147647674305
20665,2011-06-01,24748.827446646002
20665,2011-07-01,24960.530818781826
20665,2011-08-01,25183.149331335713
20665,2011-09-01,25704.84328657981
20665,2011-10-01,25076.360838900004
20665,2011-11-01,25484.877381416547
20665,2011-12-01,26363.24956730531
20665,2012-01-01,25227.708816810944
20665,2012-02-01,25367.113124752334
20665,2012-03-01,25687.849598690358
20665,2012-04-01,25400.682287330794
20665,2012-05-01,25859.270724408972
20665,2012-06-01,25825.008854890646
20665,2012-07-01,25688.23730591372
20665,2012-08-01,25901.803487777706
20665,2012-09-01,25327.423580243038
20665,2012-10-01,25632.78605360019
20665,2012-11-01,25977.03941714521
20665,2012-12-01,25581.69568622972
20665,2013-01-01,26627.0834514766
20665,2013-02-01,26519.937615465187
20665,2013-03-01,24989.551017569538
20665,2013-04-01,26771.624794646796
20665,2013-05-01,26267.33644681934
20665,2013-06-01,26593.65300744934
20665,2013-07-01,26842.032344700936
20665,2013-08-01,27337.64856577711
20665,2013-09-01,26978.866301113398
20665,2013-10-01,27995.81592997197
20665,2013-11-01,27833.0326584662
20665,2013-12-01,28044.355724664176
20665,2014-01-01,28021.897559611505
20665,2014-02-01,29079.432992078055
20665,2014-03-01,26851.327480727028
20665,2014-04-01,27832.983085465625
20665,2014-05-01,28179.496654232895
20665,2014-06-01,27874.151949764477
20665,2014-07-01,28502.91860144315
20665,2014-08-01,28260.529791359382
20665,2014-09-01,28662.10450812391
20665,2014-10-01,28419.58679767072
20665,2014-11-01,28190.892592069562
20665,2014-12-01,28861.138866878937
20665,2015-01-01,29902.9702465295
20665,2015-02-01,29594.96289750924
20665,2015-03-01,30394.555455803762
20665,2015-04-01,30590.490917473777
20665,2015-05-01,30607.70936933799
20665,2015-06-01,30650.863332111112
20665,2015-07-01,30992.979081857193
20665,2015-08-01,30240.996748887952
20665,2015-09-01,31116.16578236748
20665,2015-10-01,30903.499679404595
20665,2015-11-01,30243.53136862368
20665,2015-12-01,30399.499156527727
20665,2016-01-01,29579.902525257134
20665,2016-02-01,29635.592691470145
20665,2016-03-01,30078.921454272604
20665,2016-04-01,30150.57131995988
20665,2016-05-01,30078.90078709376
20665,2016-06-01,30360.38496322238
20665,2016-07-01,29973.726778429645
20665,2016-08-01,30184.211172026535
20665,2016-09-01,30534.64632246266
20665,2016-10-01,30217.14143805654
20665,2016-11-01,30166.498548315663
20665,2016-12-01,31041.66181553456
20665,2017-01-01,30321.530664677022
20665,2017-02-01,27257.134842757838
20665,2017-03-01,33105.23901624637
20665,2017-04-01,29224.411844218874
20665,2017-05-01,30329.922749004803
20665,2017-06-01,30693.550528490316
20665,2017-07-01,29710.067453230295
20665,2017-08-01,30560.650084050423
20665,2017-09-01,30538.128912521814
20665,2017-10-01,30451.800697911473
20665,2017-11-01,30914.477639667173
20665,2017-12-01,30560.781311251903
20665,2018-01-01,30431.29585995975
20665,2018-02-01,30870.309179346397
20665,2018-03-01,30241.46052931933
20665,2018-04-01,31141.71507726198
20665,2018-05-01,29860.213351980918
20665,2018-06-01,31625.579695851902
20665,2018-07-01,30587.465241648184
20665,2018-08-01,30487.76663993194
20665,2018-09-01,29570.67691545242
20665,2018-10-01,30207.906919533816
20665,2018-11-01,31010.486277411277
20665,2018-12-01,29887.476327963013
20665,2019-01-01,31180.723696425317
20665,2019-02-01,31766.89632479866
20665,2019-03-01,30515.63488758021
20665,2019-04-01,31689.352235322232
20665,2019-05-01,32673.116756864372
20665,2019-06-01,32272.346211540633
20665,2019-07-01,32917.75650041919
20665,2019-08-01,32783.692296608344
20665,2019-09-01,31928.58204505537
20665,2019-10-01,32358.741328817727
20665,2019-11-01,31918.82391090439
20665,2019-12-01,31286.71769462843
20665,2020-01-01,31631.580544856126
20665,2020-02-01,30652.367409715243
20665,2020-03-01,30287.587882956974
20665,2020-04-01,25084.320819271714
20665,2020-05-01,22449.772620354634
20665,2020-06-01,22433.773855609972
20665,2020-07-01,23696.990106629433
20665,2020-08-01,23306.50707258899
20665,2020-09-01,24870.4185521177
20665,2020-10-01,25028.749304382618
20665,2020-11-01,24403.52727989734
20665,2020-12-01,25640.36429248923
20665,2021-01-01,26315.140770764534
20665,2021-02-01,26609.54423275247
20665,2021-03-01,27507.19110622237
20665,2021-04-01,27449.32946900483
20665,2021-05-01,27599.17895452468
20665,2021-06-01,28649.420090874886
20665,2021-07-01,28712.23514424701
20665,2021-08-01,29534.57311938604
20665,2021-09-01,30499.177056959594
20665,2021-10-01,31139.736428886466
20665,2021-11-01,32385.688924001915
20665,2021-12-01,33339.19861959525
20665,2022-01-01,32847.212367604596
20665,2022-02-01,31151.422531550947
20665,2022-03-01,37106.64496247673
20665,2022-04-01,35464.528945282334
20665,2022-05-01,36205.83190534083
20665,2022-06-01,36332.19375842861
20665,2022-07-01,36448.403549478986
20665,2022-08-01,37414.179737460145
20665,2022-09-01,37222.06484385968
20665,2022-10-01,36389.14247238998
20665,2022-11-01,37140.46708732471
20665,2022-12-01,37708.558893738
20665,2023-01-01,37403.77048122337
20665,2023-02-01,36650.78846416658
20665,2023-03-01,39381.78905313108
20665,2023-04-01,37874.38040337687
20665,2023-05-01,39949.36413308715
20665,2023-06-01,39828.31588161588
20665,2023-07-01,37923.32495350433
20665,2023-08-01,38949.30510289487
20665,2023-09-01,38485.75530606271
20665,2023-10-01,38894.12454164653
20665,2023-11-01,39479.63237155797
20665,2023-12-01,38553.74169766469
20665,2024-01-01,39976.17629945114
20665,2024-02-01,39026.695561418805
20665,2024-03-01,38873.38890607379
20665,2024-04-01,41622.29519679901
20665,2024-05-01,40114.11483735601
20665,2024-06-01,40346.05950251117
20665,2024-07-01,41808.7704003665
20665,2024-08-01,42261.4409602101
20665,2024-09-01,42409.82458697799
20665,2024-10-01,43316.44729879681
20665,2024-11-01,43506.61007094101
20665,2024-12-01,43878.09965524463
20665,2025-01-01,44434.87124426024
20665,2025-02-01,45200.67953663275
20665,2025-03-01,44110.03342988899
20665,2025-04-01,45297.33084547454
20665,2025-05-01,46289.02279148497
20665,2025-06-01,45702.58388895543
20665,2025-07-01,46509.27236309177
20665,2025-08-01,46139.71898833545
20665,2025-09-01,47459.878335336005
20665,2025-10-01,47637.08414242357
20665,2025-11-01,46618.148504787954
20665,2025-12-01,47740.41032719517
20665,2026-01-01,47545.953386258276
20665,2026-02-01,45667.27460770625
20665,2026-03-01,49125.85766340708
20665,2026-04-01,48008.90326080887
20665,2026-05-01,47563.40835849435
20665,2026-06-01,47910.72891955306
20666,2011-03-01,5616.011461770327
20666,2011-04-01,5900.436318243375
20666,2011-05-01,6114.478867872305
20666,2011-06-01,6420.95894285667
20666,2011-07-01,6782.204047593334
20666,2011-08-01,6672.537560832834
20666,2011-09-01,6752.91333037132
20666,2011-10-01,6728.979105855051
20666,2011-11-01,6943.905929188743
20666,2011-12-01,7155.106897597912
20666,2012-01-01,6767.765272697323
20666,2012-02-01,7025.619034650903
20666,2012-03-01,7379.643213743805
20666,2012-04-01,7130.405736319506
20666,2012-05-01,7195.080772272324
20666,2012-06-01,7516.3134155879525
20666,2012-07-01,6948.973426362836
20666,2012-08-01,6873.30252104203
20666,2012-09-01,6454.305940145494
20666,2012-10-01,7064.827114079426
20666,2012-11-01,6995.850325575193
20666,2012-12-01,7014.146175436179
20666,2013-01-01,6949.535513377642
20666,2013-02-01,7012.095092205012
20666,2013-03-01,7051.669292631713
20666,2013-04-01,7258.175183067633
20666,2013-05-01,7057.320057260766
20666,2013-06-01,6928.803628537055
20666,2013-07-01,6983.303960257994
20666,2013-08-01,7154.73685756364
20666,2013-09-01,7015.267954166911
20666,2013-10-01,6810.045878090707
20666,2013-11-01,7035.258141378465
20666,2013-12-01,6629.43267217748
20666,2014-01-01,6967.748765163504
20666,2014-02-01,7356.579556210467
20666,2014-03-01,6585.7027771660005
20666,2014-04-01,6525.204886563223
20666,2014-05-01,6804.9726599777305
20666,2014-06-01,6464.378135833995
20666,2014-07-01,6688.853678501273
20666,2014-08-01,7006.083006632372
20666,2014-09-01,7357.809509392292
20666,2014-10-01,7378.874961014237
20666,2014-11-01,7104.15876078217
20666,2014-12-01,7031.299703558931
20666,2015-01-01,7327.977181136303
20666,2015-02-01,6936.743645125599
20666,2015-03-01,7783.6549391837425
20666,2015-04-01,7065.3095337878685
20666,2015-05-01,7014.85133311525
20666,2015-06-01,7060.581545671203
20666,2015-07-01,7031.6232866541195
20666,2015-08-01,7066.8936658617295
20666,2015-09-01,6595.772062975716
20666,2015-10-01,6154.588079471421
20666,2015-11-01,6711.027782688682
20666,2015-12-01,7022.274677387839
20666,2016-01-01,6503.757770766312
20666,2016-02-01,6761.27028589597
20666,2016-03-01,6545.396517567114
20666,2016-04-01,6807.792502794982
20666,2016-05-01,6395.233233903726
20666,2016-06-01,6581.222217347444
20666,2016-07-01,6509.988311876961
20666,2016-08-01,6263.265828624446
20666,2016-09-01,5748.544009495179
20666,2016-10-01,6657.482774286819
20666,2016-11-01,6095.08241572331
20666,2016-12-01,5949.804420219496
20666,2017-01-01,6090.576406938012
20666,2017-02-01,6258.955764192409
20666,2017-03-01,6453.803456534894
20666,2017-04-01,6353.312746665105
20666,2017-05-01,6811.2518582493
20666,2017-06-01,6986.960257559717
20666,2017-07-01,6847.438901604321
20666,2017-08-01,6574.72526629575
20666,2017-09-01,7092.294963271438
20666,2017-10-01,6861.839439066047
20666,2017-11-01,6866.821780093553
20666,2017-12-01,7393.753988080742
20666,2018-01-01,7235.169711893613
20666,2018-02-01,7512.551537162703
20666,2018-03-01,7497.553600598485
20666,2018-04-01,7886.078350936203
20666,2018-05-01,7707.916511616814
20666,2018-06-01,8070.11470381358
20666,2018-07-01,8062.049504705139
20666,2018-08-01,8560.77798164325
20666,2018-09-01,7983.542387330529
20666,2018-10-01,8708.45734219605
20666,2018-11-01,8965.020169092964
20666,2018-12-01,10142.810909655385
20666,2019-01-01,9607.726030034904
20666,2019-02-01,9632.807831873784
20666,2019-03-01,8644.292161924783
20666,2019-04-01,9143.525898040749
20666,2019-05-01,9876.448116814989
20666,2019-06-01,9653.07142795859
20666,2019-07-01,9992.548735382561
20666,2019-08-01,10352.46337687066
20666,2019-09-01,10201.571502267405
20666,2019-10-01,11476.63402525614
20666,2019-11-01,11162.260144264017
20666,2019-12-01,11117.305069078186
20666,2020-01-01,11308.102552834807
20666,2020-02-01,11060.751020895814
20666,2020-03-01,11525.798168859312
20666,2020-04-01,11912.64074718816
20666,2020-05-01,9912.595174721504
20666,2020-06-01,11205.35073156027
20666,2020-07-01,9235.042209329102
20666,2020-08-01,10554.207515292555
20666,2020-09-01,11837.700696298663
20666,2020-10-01,11032.166309681556
20666,2020-11-01,11543.065531158343
20666,2020-12-01,11944.479470747949
20666,2021-01-01,9810.155874331396
20666,2021-02-01,10713.0625950381
20666,2021-03-01,12144.709053608838
20666,2021-04-01,12327.158272131965
20666,2021-05-01,12880.936550114593
20666,2021-06-01,13727.909660645459
20666,2021-07-01,15095.71934303361
20666,2021-08-01,15728.520631309455
20666,2021-09-01,15832.960135337882
20666,2021-10-01,16006.277457530394
20666,2021-11-01,15474.93265554191
20666,2021-12-01,14903.4074254703
20666,2022-01-01,17919.69011086104
20666,2022-02-01,14889.089128283427
20666,2022-03-01,14413.314039042172
20666,2022-04-01,15426.012361934765
20666,2022-05-01,15155.63471848651
20666,2022-06-01,15162.102563187667
20666,2022-07-01,14634.462758041875
20666,2022-08-01,14602.177156818485
20666,2022-09-01,14618.907227118103
20666,2022-10-01,14358.712306830323
20666,2022-11-01,13285.693568261511
20666,2022-12-01,15838.786797718196
20666,2023-01-01,13886.515973187972
20666,2023-02-01,13038.82725508626
20666,2023-03-01,14557.636728450116
20666,2023-04-01,13452.150886170068
20666,2023-05-01,14125.068037315588
20666,2023-06-01,14219.315100293936
20666,2023-07-01,14219.046236998405
20666,2023-08-01,14513.146581214334
20666,2023-09-01,14944.946800417692
20666,2023-10-01,14665.823228161207
20666,2023-11-01,15600.811786740942
20666,2023-12-01,15593.236906277718
20666,2024-01-01,16788.468621070402
20666,2024-02-01,17307.07784554378
20666,2024-03-01,16985.494130667943
20666,2024-04-01,18802.93057335799
20666,2024-05-01,18556.63805440306
20666,2024-06-01,18200.293089460887
20666,2024-07-01,19321.21286922107
20666,2024-08-01,19977.632724440235
20666,2024-09-01,19443.13580062134
20666,2024-10-01,20431.048788400058
20666,2024-11-01,20810.15940811505
20666,2024-12-01,20985.693445010234
20666,2025-01-01,21277.825163391677
20666,2025-02-01,21359.360517381865
20666,2025-03-01,20714.930954544583
20666,2025-04-01,20742.46496976116
20666,2025-05-01,21859.43018987404
20666,2025-06-01,22061.34436026469
20666,2025-07-01,21704.29629553879
20666,2025-08-01,21798.83980377281
20666,2025-09-01,22991.00693437021
20666,2025-10-01,24285.33584411702
20666,2025-11-01,21383.056629675848
20666,2025-12-01,21707.522167045478
20666,2026-01-01,22242.667978410023
20666,2026-02-01,21536.798686458784
20666,2026-03-01,21835.73300584362
20666,2026-04-01,21139.210188154095
20666,2026-05-01,21185.671663368455
20666,2026-06-01,21259.35602292893
20669,2011-03-01,5455.242711123881
20669,2011-04-01,4882.180746394972
20669,2011-05-01,5285.295585098685
20669,2011-06-01,5450.436268854659
20669,2011-07-01,5709.7401299924295
20669,2011-08-01,5801.861051952851
20669,2011-09-01,6404.762975977944
20669,2011-10-01,5161.388511088772
20669,2011-11-01,7486.17875434464
20669,2011-12-01,6336.478270062251
20669,2012-01-01,5571.43527606227
20669,2012-02-01,5490.186053258417
20669,2012-03-01,5674.725730394611
20669,2012-04-01,5979.7868933667305
20669,2012-05-01,7213.788821231147
20669,2012-06-01,6599.865892508292
20669,2012-07-01,6526.178613452748
20669,2012-08-01,6853.45006333628
20669,2012-09-01,5964.773703404923
20669,2012-10-01,7095.214241955894
20669,2012-11-01,6964.495710615867
20669,2012-12-01,6433.990076996463
20669,2013-01-01,7610.091810812742
20669,2013-02-01,7762.212111368887
20669,2013-03-01,7762.676617975677
20669,2013-04-01,8337.700533149691
20669,2013-05-01,7852.2810111863955
20669,2013-06-01,7611.616257326291
20669,2013-07-01,8054.114583885539
20669,2013-08-01,8256.594831150478
20669,2013-09-01,8016.646692760289
20669,2013-10-01,7797.974550735079
20669,2013-11-01,8137.06244193257
20669,2013-12-01,8026.2058666544535
20669,2014-01-01,8218.095739233273
20669,2014-02-01,9929.60015214973
20669,2014-03-01,7510.713490991501
20669,2014-04-01,7801.774465270888
20669,2014-05-01,7914.177675012245
20669,2014-06-01,7803.184839856601
20669,2014-07-01,7313.15050376152
20669,2014-08-01,5932.189696631278
20669,2014-09-01,7121.568320307959
20669,2014-10-01,9942.681534767486
20669,2014-11-01,8228.391716289876
20669,2014-12-01,7659.784712431293
20669,2015-01-01,7081.843749126112
20669,2015-02-01,6767.844299036555
20669,2015-03-01,7243.879653904175
20669,2015-04-01,6542.113916809587
20669,2015-05-01,6067.8513070479285
20669,2015-06-01,5972.6925377214975
20669,2015-07-01,6059.209085595341
20669,2015-08-01,5648.128108016429
20669,2015-09-01,7259.960193068373
20669,2015-10-01,5284.898679929321
20669,2015-11-01,7629.195228661827
20669,2015-12-01,6647.56592660582
20669,2016-01-01,5177.037168847054
20669,2016-02-01,5399.674881071938
20669,2016-03-01,5303.2911865605965
20669,2016-04-01,5207.413972596695
20669,2016-05-01,5227.860675855697
20669,2016-06-01,5373.230901172592
20669,2016-07-01,5494.6557084314245
20669,2016-08-01,5552.363363472733
20669,2016-09-01,4923.811675704472
20669,2016-10-01,5299.855001408222
20669,2016-11-01,5437.381603626203
20669,2016-12-01,5432.6641568044615
20669,2017-01-01,5869.387716378645
20669,2017-02-01,5913.570895893223
20669,2017-03-01,6329.65803672406
20669,2017-04-01,6070.809415858332
20669,2017-05-01,6519.913785484978
20669,2017-06-01,6657.844050159126
20669,2017-07-01,6249.459741363784
20669,2017-08-01,6625.9350947923085
20669,2017-09-01,6572.2911183374945
20669,2017-10-01,6605.079480710328
20669,2017-11-01,6676.577222389029
20669,2017-12-01,7210.80890826308
20669,2018-01-01,6776.954000080716
20669,2018-02-01,7007.824477951607
20669,2018-03-01,7133.619655696586
20669,2018-04-01,7241.792244881908
20669,2018-05-01,7236.100515693071
20669,2018-06-01,7137.812856404998
20669,2018-07-01,7084.57107426942
20669,2018-08-01,7320.6630203227
20669,2018-09-01,7093.308562638156
20669,2018-10-01,7555.829254766575
20669,2018-11-01,8032.502185396753
20669,2018-12-01,7077.721965612786
20669,2019-01-01,8913.372726325288
20669,2019-02-01,8505.810397153824
20669,2019-03-01,7894.348595203104
20669,2019-04-01,8594.507416034538
20669,2019-05-01,8449.123499990726
20669,2019-06-01,8533.968536640816
20669,2019-07-01,9231.744559924737
20669,2019-08-01,8521.816485982128
20669,2019-09-01,9994.560970544178
20669,2019-10-01,10182.741278810445
20669,2019-11-01,10000.471671455103
20669,2019-12-01,12583.821212655434
20669,2020-01-01,10731.681298634008
20669,2020-02-01,9907.08822602235
20669,2020-03-01,9289.732488893951
20669,2020-04-01,8006.230184626761
20669,2020-05-01,7923.694198286342
20669,2020-06-01,8906.817745616496
20669,2020-07-01,10531.790591976174
20669,2020-08-01,9031.257235227054
20669,2020-09-01,11476.485477403714
20669,2020-10-01,9855.467792945103
20669,2020-11-01,10384.317976175085
20669,2020-12-01,10707.7267793508
20669,2021-01-01,9985.836690600947
20669,2021-02-01,10542.629838074166
20669,2021-03-01,11404.285957290997
20669,2021-04-01,11680.131247494919
20669,2021-05-01,12375.544866403743
20669,2021-06-01,12321.616203466481
20669,2021-07-01,11131.829495715134
20669,2021-08-01,10722.278706056715
20669,2021-09-01,10334.685087180778
20669,2021-10-01,9150.039063248823
20669,2021-11-01,9009.918981601004
20669,2021-12-01,8940.585210001056
20669,2022-01-01,6060.2739103066015
20669,2022-02-01,6951.342973578914
20669,2022-03-01,7278.497098700942
20669,2022-04-01,7222.004138960053
20669,2022-05-01,7728.858883531863
20669,2022-06-01,6558.8988497025475
20669,2022-07-01,8188.290858630392
20669,2022-08-01,8370.228159763605
20669,2022-09-01,7966.153320372388
20669,2022-10-01,8254.81625078751
20669,2022-11-01,7715.21166260521
20669,2022-12-01,7556.881572255711
20669,2023-01-01,9344.753272374684
20669,2023-02-01,7683.546196275578
20669,2023-03-01,8125.838567750789
20669,2023-04-01,6974.734713087082
20669,2023-05-01,7644.3798337826565
20669,2023-06-01,7332.014900465372
20669,2023-07-01,7151.882757965988
20669,2023-08-01,8014.168161504787
20669,2023-09-01,8046.150211785389
20669,2023-10-01,7999.414801899603
20669,2023-11-01,8555.194893274138
20669,2023-12-01,8082.491934567696
20669,2024-01-01,8760.77834971421
20669,2024-02-01,8372.613931000973
20669,2024-03-01,7818.906108604716
20669,2024-04-01,8701.222214563475
20669,2024-05-01,8039.534074510481
20669,2024-06-01,8081.461734694232
20669,2024-07-01,8919.693944317458
20669,2024-08-01,8500.780779770801
20669,2024-09-01,8193.220530222281
20669,2024-10-01,8670.039780738767
20669,2024-11-01,8195.864651306596
20669,2024-12-01,8221.328315683313
20669,2025-01-01,8146.587146751137
20669,2025-02-01,8312.054010639202
20669,2025-03-01,8013.983030715459
20669,2025-04-01,8282.59495796662
20669,2025-05-01,7976.35024130929
20669,2025-06-01,8437.462130786966
20669,2025-07-01,7644.826995954421
20669,2025-08-01,6784.134906717083
20669,2025-09-01,7873.835794211495
20669,2025-10-01,8465.156476810493
20669,2025-11-01,7584.537462871693
20669,2025-12-01,7773.144413829323
20669,2026-01-01,7775.3813068543595
20669,2026-02-01,7751.984187934007
20669,2026-03-01,8198.293927037872
20669,2026-04-01,7806.5613283838675
20669,2026-05-01,8207.094329930896
20669,2026-06-01,7834.5706789993355
20668,2011-03-01,796.0261387395334
20668,2011-04-01,761.8594085738011
20668,2011-05-01,825.2347871088257
20668,2011-06-01,861.3003009416084
20668,2011-07-01,982.0763819668687
20668,2011-08-01,850.7378254870632
20668,2011-09-01,858.0348274254452
20668,2011-10-01,751.315519541401
20668,2011-11-01,840.5201813596774
20668,2011-12-01,862.1018116029322
20668,2012-01-01,871.7815182500489
20668,2012-02-01,912.3971479266495
20668,2012-03-01,929.7932466806415
20668,2012-04-01,934.1695460496993
20668,2012-05-01,1094.3600026694223
20668,2012-06-01,1007.0544415393339
20668,2012-07-01,994.7418422907051
20668,2012-08-01,1024.471344048398
20668,2012-09-01,958.5195871112173
20668,2012-10-01,1086.406922518686
20668,2012-11-01,1057.8890051040007
20668,2012-12-01,919.6568592862143
20668,2013-01-01,1052.5718355610284
20668,2013-02-01,1045.5679622604266
20668,2013-03-01,1059.583871750928
20668,2013-04-01,1151.7450974489975
20668,2013-05-01,1086.6430357760862
20668,2013-06-01,1053.5664655478802
20668,2013-07-01,1092.5012307860973
20668,2013-08-01,1083.1429716267749
20668,2013-09-01,1066.6793101133503
20668,2013-10-01,1089.3093829383877
20668,2013-11-01,1054.7369835770157
20668,2013-12-01,1127.00871717712
20668,2014-01-01,1154.2055909720787
20668,2014-02-01,1259.6560555864762
20668,2014-03-01,1052.837328410885
20668,2014-04-01,1104.9598389247406
20668,2014-05-01,1090.095972810916
20668,2014-06-01,1025.0861806104795
20668,2014-07-01,1131.5052885029488
20668,2014-08-01,1029.8440607690306
20668,2014-09-01,1177.5784619813564
20668,2014-10-01,1099.2779729793242
20668,2014-11-01,1075.607219279408
20668,2014-12-01,1050.3167269795317
20668,2015-01-01,984.2469043926236
20668,2015-02-01,937.7372193230647
20668,2015-03-01,1059.6199027339806
20668,2015-04-01,934.0101924583596
20668,2015-05-01,901.467253025093
20668,2015-06-01,917.5982973491906
20668,2015-07-01,893.9575413372137
20668,2015-08-01,825.3554703354014
20668,2015-09-01,946.9248846732686
20668,2015-10-01,784.8451319174092
20668,2015-11-01,789.3935240725341
20668,2015-12-01,747.9589527946515
20668,2016-01-01,705.1377160947461
20668,2016-02-01,788.9667681256215
20668,2016-03-01,777.0652309417483
20668,2016-04-01,807.0362865705991
20668,2016-05-01,780.5978833027127
20668,2016-06-01,877.5821361663087
20668,2016-07-01,782.643991057363
20668,2016-08-01,848.909439263133
20668,2016-09-01,797.4359331748175
20668,2016-10-01,704.8018683469129
20668,2016-11-01,780.7321653360494
20668,2016-12-01,856.3110026672545
20668,2017-01-01,810.2127188161717
20668,2017-02-01,800.3303439779914
20668,2017-03-01,866.1592396691816
20668,2017-04-01,750.4202242035219
20668,2017-05-01,897.4744698731755
20668,2017-06-01,866.7388482182689
20668,2017-07-01,845.2394053891683
20668,2017-08-01,964.6886011469484
20668,2017-09-01,916.4071758053644
20668,2017-10-01,965.8573578334647
20668,2017-11-01,995.2770739478651
20668,2017-12-01,947.4170309108362
20668,2018-01-01,1055.831106438145
20668,2018-02-01,975.3033631398472
20668,2018-03-01,979.6022014831407
20668,2018-04-01,1065.9031795781816
20668,2018-05-01,1071.3661644762872
20668,2018-06-01,1028.9412632871727
20668,2018-07-01,1115.4834378814849
20668,2018-08-01,1146.1352255812901
20668,2018-09-01,1016.4971439467688
20668,2018-10-01,1188.0895145897148
20668,2018-11-01,1231.028472144038
20668,2018-12-01,1230.67323869195
20668,2019-01-01,1383.75717951755
20668,2019-02-01,1436.220324608447
20668,2019-03-01,1203.8007603394194
20668,2019-04-01,1557.7102512536524
20668,2019-05-01,1541.7382486584386
20668,2019-06-01,1478.2306505668375
20668,2019-07-01,1655.0490895753787
20668,2019-08-01,1456.3497037600046
20668,2019-09-01,1500.4799614171368
20668,2019-10-01,1602.4307486366174
20668,2019-11-01,1487.8671836829517
20668,2019-12-01,1640.6610980147489
20668,2020-01-01,1591.86424039491
20668,2020-02-01,1534.5792136975442
20668,2020-03-01,1417.2653494036495
20668,2020-04-01,1105.8290464356041
20668,2020-05-01,1088.8769855928688
20668,2020-06-01,1147.8402951261826
20668,2020-07-01,1129.6378719451732
20668,2020-08-01,977.4586239869492
20668,2020-09-01,1210.860871514121
20668,2020-10-01,1173.3263404441775
20668,2020-11-01,1318.4808740221183
20668,2020-12-01,1246.9053969047409
20668,2021-01-01,1231.9369475607166
20668,2021-02-01,1369.5781475022043
20668,2021-03-01,1418.4780763409794
20668,2021-04-01,1459.7063149173266
20668,2021-05-01,1513.5971218976838
20668,2021-06-01,1671.945053911789
20668,2021-07-01,1632.6821729072813
20668,2021-08-01,1648.6558542357654
20668,2021-09-01,1615.379515025557
20668,2021-10-01,1557.8590865440797
20668,2021-11-01,1495.8982498689863
20668,2021-12-01,1453.9945307349155
20668,2022-01-01,1202.653799412046
20668,2022-02-01,1310.9234149661772
20668,2022-03-01,1413.8914323805388
20668,2022-04-01,1293.4496387694
20668,2022-05-01,1385.2521915106875
20668,2022-06-01,1529.0946273686948
20668,2022-07-01,1487.3201139826315
20668,2022-08-01,1566.220305988525
20668,2022-09-01,1546.5411031181409
20668,2022-10-01,9191.486212375463
20668,2022-11-01,4113.420358204734
20668,2022-12-01,1554.9754182037461
20668,2023-01-01,1546.210605985628
20668,2023-02-01,1465.7417352698415
20668,2023-03-01,1547.875578569292
20668,2023-04-01,1333.8267001281129
20668,2023-05-01,1637.4968044138614
20668,2023-06-01,1592.4540850864084
20668,2023-07-01,1522.5647390960346
20668,2023-08-01,1537.9356213362141
20668,2023-09-01,1466.0707227879752
20668,2023-10-01,1563.4328925573504
20668,2023-11-01,1603.4132877546467
20668,2023-12-01,1458.037433060172
20668,2024-01-01,1504.0918256393786
20668,2024-02-01,1572.6936448661813
20668,2024-03-01,1422.5101217052863
20668,2024-04-01,1647.133944834549
20668,2024-05-01,1663.0585482955426
20668,2024-06-01,1568.6927729675901
20668,2024-07-01,1661.2376268710748
20668,2024-08-01,1670.1210197217288
20668,2024-09-01,1687.54677459071
20668,2024-10-01,1724.2446459984658
20668,2024-11-01,1563.9445173229271
20668,2024-12-01,1499.6938472077316
20668,2025-01-01,1631.5840778379943
20668,2025-02-01,1669.6642814163476
20668,2025-03-01,2249.9163311520056
20668,2025-04-01,5360.73480118018
20668,2025-05-01,2970.609542191218
20668,2025-06-01,2622.694759308008
20668,2025-07-01,5128.1937995969
20668,2025-08-01,5676.697224434179
20668,2025-09-01,6176.445820669991
20668,2025-10-01,6436.414311129853
20668,2025-11-01,6872.570750463517
20668,2025-12-01,8090.263286355594
20668,2026-01-01,8828.569765273567
20668,2026-02-01,7598.955854422977
20668,2026-03-01,10889.159370094063
20668,2026-04-01,9465.933170256007
20668,2026-05-01,7453.335865246328
20668,2026-06-01,7849.45228559633
20670,2011-03-01,2711
20670,2011-04-01,2304
20670,2011-05-01,2779
20670,2011-06-01,2424
20670,2011-07-01,2158
20670,2011-08-01,2483
20670,2011-09-01,2434
20670,2011-10-01,2195
20670,2011-11-01,2390
20670,2011-12-01,2179
20670,2012-01-01,2836
20670,2012-02-01,2957
20670,2012-03-01,2607
20670,2012-04-01,2594
20670,2012-05-01,2956
20670,2012-06-01,2839
20670,2012-07-01,2725
20670,2012-08-01,2615
20670,2012-09-01,1948
20670,2012-10-01,2786
20670,2012-11-01,2658
20670,2012-12-01,2226
20670,2013-01-01,3581
20670,2013-02-01,3914
20670,2013-03-01,3572
20670,2013-04-01,3703
20670,2013-05-01,3769
20670,2013-06-01,3239
20670,2013-07-01,3378
20670,2013-08-01,3413
20670,2013-09-01,2894
20670,2013-10-01,3442
20670,2013-11-01,3053
20670,2013-12-01,2947
20670,2014-01-01,3579
20670,2014-02-01,5548
20670,2014-03-01,3603
20670,2014-04-01,3649
20670,2014-05-01,3591
20670,2014-06-01,3639
20670,2014-07-01,4091
20670,2014-08-01,3586
20670,2014-09-01,3701
20670,2014-10-01,6001
20670,2014-11-01,5363
20670,2014-12-01,4472
20670,2015-01-01,4221
20670,2015-02-01,4347
20670,2015-03-01,4414
20670,2015-04-01,3776
20670,2015-05-01,3875
20670,2015-06-01,3952
20670,2015-07-01,3981
20670,2015-08-01,3809
20670,2015-09-01,3556
20670,2015-10-01,2593
20670,2015-11-01,2594
20670,2015-12-01,2411
20670,2016-01-01,3481
20670,2016-02-01,4115
20670,2016-03-01,3907
20670,2016-04-01,3662
20670,2016-05-01,3925
20670,2016-06-01,4378
20670,2016-07-01,4080
20670,2016-08-01,4376
20670,2016-09-01,3103
20670,2016-10-01,3753
20670,2016-11-01,4243
20670,2016-12-01,3835
20670,2017-01-01,4535
20670,2017-02-01,4846
20670,2017-03-01,5103
20670,2017-04-01,4070
20670,2017-05-01,5798
20670,2017-06-01,4955
20670,2017-07-01,4752
20670,2017-08-01,4956
20670,2017-09-01,4240
20670,2017-10-01,4940
20670,2017-11-01,4965
20670,2017-12-01,4696
20670,2018-01-01,5772
20670,2018-02-01,5103
20670,2018-03-01,5171
20670,2018-04-01,5003
20670,2018-05-01,5628
20670,2018-06-01,5364
20670,2018-07-01,5564
20670,2018-08-01,5641
20670,2018-09-01,5229
20670,2018-10-01,6020
20670,2018-11-01,5124
20670,2018-12-01,5337
20670,2019-01-01,5465
20670,2019-02-01,6848
20670,2019-03-01,6267
20670,2019-04-01,6552
20670,2019-05-01,6236
20670,2019-06-01,5702
20670,2019-07-01,6935
20670,2019-08-01,6789
20670,2019-09-01,6396
20670,2019-10-01,7331
20670,2019-11-01,6391
20670,2019-12-01,6724
20670,2020-01-01,6641
20670,2020-02-01,7668
20670,2020-03-01,7988
20670,2020-04-01,8425
20670,2020-05-01,7072
20670,2020-06-01,8371
20670,2020-07-01,8475
20670,2020-08-01,9548
20670,2020-09-01,7425
20670,2020-10-01,12273
20670,2020-11-01,11099
20670,2020-12-01,8702
20670,2021-01-01,4050
20670,2021-02-01,4562
20670,2021-03-01,5263
20670,2021-04-01,9365
20670,2021-05-01,9103
20670,2021-06-01,8229
20670,2021-07-01,8040
20670,2021-08-01,8147
20670,2021-09-01,7976
20670,2021-10-01,7350
20670,2021-11-01,7163
20670,2021-12-01,5883
20670,2022-01-01,2575
20670,2022-02-01,2995
20670,2022-03-01,5803
20670,2022-04-01,13355
20670,2022-05-01,8503
20670,2022-06-01,7191
20670,2022-07-01,6724
20670,2022-08-01,6878
20670,2022-09-01,6863
20670,2022-10-01,6828
20670,2022-11-01,7435
20670,2022-12-01,6270
20670,2023-01-01,9243
20670,2023-02-01,6530
20670,2023-03-01,3922
20670,2023-04-01,5150
20670,2023-05-01,5462
20670,2023-06-01,4322
20670,2023-07-01,4801
20670,2023-08-01,6645
20670,2023-09-01,8427
20670,2023-10-01,8873
20670,2023-11-01,8208
20670,2023-12-01,7208
20670,2024-01-01,11102
20670,2024-02-01,9496
20670,2024-03-01,8426
20670,2024-04-01,8764
20670,2024-05-01,7905
20670,2024-06-01,8356
20670,2024-07-01,9438
20670,2024-08-01,9014
20670,2024-09-01,8800
20670,2024-10-01,8283
20670,2024-11-01,7489
20670,2024-12-01,6014
20670,2025-01-01,9714
20670,2025-02-01,8809
20670,2025-03-01,8175
20670,2025-04-01,7047
20670,2025-05-01,3110
20670,2025-06-01,3202
20670,2025-07-01,4787
20670,2025-08-01,4594
20670,2025-09-01,5676
20670,2025-10-01,5712
20670,2025-11-01,4712
20670,2025-12-01,5125
20670,2026-01-01,4788
20670,2026-02-01,6394
20670,2026-03-01,6519
20670,2026-04-01,4969
20670,2026-05-01,3710
20670,2026-06-01,4112
20671,2011-03-01,8885.152454022742
20671,2011-04-01,7958.040731935011
20671,2011-05-01,8589.942140254981
20671,2011-06-01,8771.110610209227
20671,2011-07-01,8896.345463062406
20671,2011-08-01,9195.539281555622
20671,2011-09-01,9824.178727692846
20671,2011-10-01,8184.633178766192
20671,2011-11-01,10912.343028683232
20671,2011-12-01,9690.377220948947
20671,2012-01-01,9185.080702851195
20671,2012-02-01,9028.898998103145
20671,2012-03-01,9129.597076442245
20671,2012-04-01,9529.17500172722
20671,2012-05-01,10971.21441314761
20671,2012-06-01,10485.999129263862
20671,2012-07-01,10247.828650479314
20671,2012-08-01,10582.754295365547
20671,2012-09-01,8996.02471398393
20671,2012-10-01,11095.733031429245
20671,2012-11-01,10831.76195808197
20671,2012-12-01,9919.220549414236
20671,2013-01-01,12156.38421966328
20671,2013-02-01,12235.209650544315
20671,2013-03-01,12272.471349948757
20671,2013-04-01,13203.164600939745
20671,2013-05-01,12413.537304326232
20671,2013-06-01,11909.445893581857
20671,2013-07-01,12458.988403957655
20671,2013-08-01,12816.023187299945
20671,2013-09-01,12143.625487136727
20671,2013-10-01,12530.675525681585
20671,2013-11-01,12371.09862620125
20671,2013-12-01,12563.005563815852
20671,2014-01-01,12930.492758462009
20671,2014-02-01,16138.746277421065
20671,2014-03-01,12007.068933967583
20671,2014-04-01,12561.088065296166
20671,2014-05-01,12383.478369465165
20671,2014-06-01,12399.59823850151
20671,2014-07-01,12397.88857290102
20671,2014-08-01,10461.96723082904
20671,2014-09-01,12243.042310153636
20671,2014-10-01,17364.862155243245
20671,2014-11-01,14844.931962719944
20671,2014-12-01,13906.584294926915
20671,2015-01-01,12372.813689100072
20671,2015-02-01,11669.300902253235
20671,2015-03-01,12525.475123629194
20671,2015-04-01,11258.560960807265
20671,2015-05-01,10634.91046579782
20671,2015-06-01,10675.304360682047
20671,2015-07-01,10786.72293982576
20671,2015-08-01,10149.59778788477
20671,2015-09-01,12021.221994097634
20671,2015-10-01,8847.0165440744
20671,2015-11-01,11052.7432639034
20671,2015-12-01,10213.514093541691
20671,2016-01-01,9401.41810348163
20671,2016-02-01,10083.10599373654
20671,2016-03-01,9805.374915384691
20671,2016-04-01,9687.581958577932
20671,2016-05-01,9722.576504579363
20671,2016-06-01,10444.52223553319
20671,2016-07-01,10199.303602104608
20671,2016-08-01,10610.118429440985
20671,2016-09-01,9071.251001533434
20671,2016-10-01,9888.614642708993
20671,2016-11-01,10560.724557735613
20671,2016-12-01,10703.360566102005
20671,2017-01-01,11218.331827312995
20671,2017-02-01,11382.054660554717
20671,2017-03-01,12068.226908197968
20671,2017-04-01,10915.43530960507
20671,2017-05-01,12871.611926488267
20671,2017-06-01,12341.883458338001
20671,2017-07-01,11665.177023224123
20671,2017-08-01,12430.312213439773
20671,2017-09-01,12070.746165868983
20671,2017-10-01,12515.283146648428
20671,2017-11-01,12770.7129822526
20671,2017-12-01,13603.557596504646
20671,2018-01-01,13528.717119334598
20671,2018-02-01,12981.530337952667
20671,2018-03-01,13080.825049515797
20671,2018-04-01,13248.42679087949
20671,2018-05-01,13544.849644668844
20671,2018-06-01,13499.586603923859
20671,2018-07-01,13572.15658637005
20671,2018-08-01,14061.017689325028
20671,2018-09-01,13744.286868666051
20671,2018-10-01,14561.900767571684
20671,2018-11-01,14553.671957635033
20671,2018-12-01,14523.662312142267
20671,2019-01-01,15493.72956923419
20671,2019-02-01,16820.0035556291
20671,2019-03-01,15140.361868261793
20671,2019-04-01,16476.964239185392
20671,2019-05-01,15683.437819048226
20671,2019-06-01,15871.369903016826
20671,2019-07-01,17632.31308214509
20671,2019-08-01,16822.343767792918
20671,2019-09-01,18411.442642855836
20671,2019-10-01,18709.11057574839
20671,2019-11-01,18073.14687651702
20671,2019-12-01,22230.078671455343
20671,2020-01-01,18477.55985097276
20671,2020-02-01,19399.23562208873
20671,2020-03-01,18343.908377550288
20671,2020-04-01,17100.140801495356
20671,2020-05-01,15414.052637491499
20671,2020-06-01,18819.4454320366
20671,2020-07-01,19922.076581115976
20671,2020-08-01,19619.878186723512
20671,2020-09-01,20596.99623946415
20671,2020-10-01,22760.53655579946
20671,2020-11-01,23106.945878074363
20671,2020-12-01,22431.158147440743
20671,2021-01-01,14671.689731106115
20671,2021-02-01,16742.055230659764
20671,2021-03-01,17621.337635823853
20671,2021-04-01,21868.17964613348
20671,2021-05-01,22086.17561339529
20671,2021-06-01,22985.840628211634
20671,2021-07-01,20639.06780954786
20671,2021-08-01,20867.30443770448
20671,2021-09-01,20229.303174477423
20671,2021-10-01,17736.559392408442
20671,2021-11-01,17804.570015209585
20671,2021-12-01,17649.18119216325
20671,2022-01-01,9365.426370134848
20671,2022-02-01,11410.37977837849
20671,2022-03-01,14037.888183916706
20671,2022-04-01,21212.93242315414
20671,2022-05-01,16918.126854132755
20671,2022-06-01,15991.197770952378
20671,2022-07-01,16248.52087044707
20671,2022-08-01,17135.014298304213
20671,2022-09-01,16432.54233915356
20671,2022-10-01,24143.998613121876
20671,2022-11-01,19559.96303675464
20671,2022-12-01,16869.80451273116
20671,2023-01-01,19045.656758057627
20671,2023-02-01,15869.61190236687
20671,2023-03-01,13188.7713400477
20671,2023-04-01,13018.69270349815
20671,2023-05-01,14414.979675506476
20671,2023-06-01,14029.137660405917
20671,2023-07-01,13356.253579525966
20671,2023-08-01,16529.863322101442
20671,2023-09-01,17814.563664691956
20671,2023-10-01,18235.427504000774
20671,2023-11-01,18735.758936446924
20671,2023-12-01,18379.16985031034
20671,2024-01-01,20063.622036596622
20671,2024-02-01,19593.031148353086
20671,2024-03-01,17024.77155041465
20671,2024-04-01,18381.507411479794
20671,2024-05-01,17505.492844462697
20671,2024-06-01,19286.19514943483
20671,2024-07-01,19676.94132466709
20671,2024-08-01,19513.927347783283
20671,2024-09-01,18369.18705641197
20671,2024-10-01,18444.681487118673
20671,2024-11-01,17703.662389925263
20671,2024-12-01,16940.637011658913
20671,2025-01-01,18277.128364916283
20671,2025-02-01,18715.698325198824
20671,2025-03-01,17761.919235412977
20671,2025-04-01,19997.322503883537
20671,2025-05-01,14426.66032618498
20671,2025-06-01,15296.217893649478
20671,2025-07-01,17165.452368490613
20671,2025-08-01,17545.45461046015
20671,2025-09-01,19405.55256883483
20671,2025-10-01,20412.14940252031
20671,2025-11-01,19694.462386264066
20671,2025-12-01,22010.401091688123
20671,2026-01-01,20490.537829316065
20671,2026-02-01,21279.6548947225
20671,2026-03-01,24558.489858255067
20671,2026-04-01,21564.709751799714
20671,2026-05-01,20249.562962158758
20671,2026-06-01,21065.45212444282
20672,2011-03-01,15100
20672,2011-04-01,14025
20672,2011-05-01,16170
20672,2011-06-01,16203
20672,2011-07-01,15527
20672,2011-08-01,17232
20672,2011-09-01,16214
20672,2011-10-01,14668
20672,2011-11-01,17107
20672,2011-12-01,15100
20672,2012-01-01,15390
20672,2012-02-01,15167
20672,2012-03-01,16722
20672,2012-04-01,17044
20672,2012-05-01,20211
20672,2012-06-01,18754
20672,2012-07-01,17512
20672,2012-08-01,18805
20672,2012-09-01,14812
20672,2012-10-01,18468
20672,2012-11-01,16887
20672,2012-12-01,15093
20672,2013-01-01,18551
20672,2013-02-01,17941
20672,2013-03-01,19409
20672,2013-04-01,21272
20672,2013-05-01,21290
20672,2013-06-01,19715
20672,2013-07-01,20031
20672,2013-08-01,21179
20672,2013-09-01,18527
20672,2013-10-01,19669
20672,2013-11-01,18107
20672,2013-12-01,17414
20672,2014-01-01,19085
20672,2014-02-01,22109
20672,2014-03-01,18778
20672,2014-04-01,19941
20672,2014-05-01,20526
20672,2014-06-01,19994
20672,2014-07-01,19774
20672,2014-08-01,18250
20672,2014-09-01,19094
20672,2014-10-01,24718
20672,2014-11-01,20558
20672,2014-12-01,19273
20672,2015-01-01,18674
20672,2015-02-01,17584
20672,2015-03-01,21033
20672,2015-04-01,18962
20672,2015-05-01,18600
20672,2015-06-01,19041
20672,2015-07-01,18211
20672,2015-08-01,17887
20672,2015-09-01,18136
20672,2015-10-01,14696
20672,2015-11-01,16819
20672,2015-12-01,16270
20672,2016-01-01,15119
20672,2016-02-01,16203
20672,2016-03-01,17278
20672,2016-04-01,16531
20672,2016-05-01,17284
20672,2016-06-01,18183
20672,2016-07-01,16667
20672,2016-08-01,17970
20672,2016-09-01,14248
20672,2016-10-01,16134
20672,2016-11-01,16147
20672,2016-12-01,15252
20672,2017-01-01,16969
20672,2017-02-01,16926
20672,2017-03-01,19304
20672,2017-04-01,17134
20672,2017-05-01,21142
20672,2017-06-01,20341
20672,2017-07-01,18508
20672,2017-08-01,20183
20672,2017-09-01,18166
20672,2017-10-01,19504
20672,2017-11-01,19025
20672,2017-12-01,19078
20672,2018-01-01,20722
20672,2018-02-01,19684
20672,2018-03-01,21110
20672,2018-04-01,21103
20672,2018-05-01,22879
20672,2018-06-01,22032
20672,2018-07-01,22095
20672,2018-08-01,23610
20672,2018-09-01,20745
20672,2018-10-01,23815
20672,2018-11-01,22722
20672,2018-12-01,22437
20672,2019-01-01,25453
20672,2019-02-01,25376
20672,2019-03-01,24196
20672,2019-04-01,25910
20672,2019-05-01,27173
20672,2019-06-01,25588
20672,2019-07-01,28436
20672,2019-08-01,27869
20672,2019-09-01,27974
20672,2019-10-01,31273
20672,2019-11-01,27887
20672,2019-12-01,30360
20672,2020-01-01,30062
20672,2020-02-01,29058
20672,2020-03-01,31238
20672,2020-04-01,29375
20672,2020-05-01,26285
20672,2020-06-01,30236
20672,2020-07-01,29848
20672,2020-08-01,30863
20672,2020-09-01,32867
20672,2020-10-01,34214
20672,2020-11-01,33412
20672,2020-12-01,31301
20672,2021-01-01,24301
20672,2021-02-01,26058
20672,2021-03-01,31553
20672,2021-04-01,34478
20672,2021-05-01,36237
20672,2021-06-01,36566
20672,2021-07-01,36002
20672,2021-08-01,38325
20672,2021-09-01,36892
20672,2021-10-01,33670
20672,2021-11-01,32606
20672,2021-12-01,29374
20672,2022-01-01,27167
20672,2022-02-01,24792
20672,2022-03-01,30494
20672,2022-04-01,36316
20672,2022-05-01,33614
20672,2022-06-01,30556
20672,2022-07-01,30795
20672,2022-08-01,33691
20672,2022-09-01,32004
20672,2022-10-01,38620
20672,2022-11-01,32064
20672,2022-12-01,28684
20672,2023-01-01,34279
20672,2023-02-01,27492
20672,2023-03-01,29158
20672,2023-04-01,26062
20672,2023-05-01,29922
20672,2023-06-01,27229
20672,2023-07-01,27460
20672,2023-08-01,33247
20672,2023-09-01,33385
20672,2023-10-01,33816
20672,2023-11-01,33150
20672,2023-12-01,29348
20672,2024-01-01,39127
20672,2024-02-01,35998
20672,2024-03-01,34616
20672,2024-04-01,37875
20672,2024-05-01,37005
20672,2024-06-01,35034
20672,2024-07-01,40474
20672,2024-08-01,40693
20672,2024-09-01,39214
20672,2024-10-01,40915
20672,2024-11-01,35930
20672,2024-12-01,34429
20672,2025-01-01,41997
20672,2025-02-01,38397
20672,2025-03-01,38964
20672,2025-04-01,41933
20672,2025-05-01,35781
20672,2025-06-01,35440
20672,2025-07-01,40779
20672,2025-08-01,39933
20672,2025-09-01,44859
20672,2025-10-01,46513
20672,2025-11-01,38143
20672,2025-12-01,39975
20672,2026-01-01,44329
20672,2026-02-01,41152
20672,2026-03-01,48478
20672,2026-04-01,43801
20672,2026-05-01,40095
20672,2026-06-01,40841
20673,2011-03-01,8438.56668823177
20673,2011-04-01,8348.126461938049
20673,2011-05-01,8760.771874662654
20673,2011-06-01,8905.692351771366
20673,2011-07-01,8310.666824049425
20673,2011-08-01,8915.371110230957
20673,2011-09-01,8860.293094271336
20673,2011-10-01,7588.80372617224
20673,2011-11-01,8592.943291033727
20673,2011-12-01,8092.209753857825
20673,2012-01-01,7523.437180133795
20673,2012-02-01,7738.389522515962
20673,2012-03-01,7866.679620881768
20673,2012-04-01,7159.509880168137
20673,2012-05-01,7517.694443572295
20673,2012-06-01,9095.495360245139
20673,2012-07-01,8444.354308527318
20673,2012-08-01,9102.83044517842
20673,2012-09-01,6290.224798960263
20673,2012-10-01,7596.005206965601
20673,2012-11-01,7326.881098351023
20673,2012-12-01,7205.764012529348
20673,2013-01-01,7627.306336272154
20673,2013-02-01,7425.778139081311
20673,2013-03-01,7203.771096312206
20673,2013-04-01,8160.815159807389
20673,2013-05-01,7611.598131719853
20673,2013-06-01,7572.401579308051
20673,2013-07-01,7950.627829933776
20673,2013-08-01,7959.014955407807
20673,2013-09-01,7652.625322315206
20673,2013-10-01,8159.586970465011
20673,2013-11-01,7922.216958229181
20673,2013-12-01,8275.102698008162
20673,2014-01-01,8321.873314172823
20673,2014-02-01,8172.712133118186
20673,2014-03-01,6701.463895526572
20673,2014-04-01,8092.438826079296
20673,2014-05-01,7910.110320553628
20673,2014-06-01,7360.734822898345
20673,2014-07-01,7891.489579023257
20673,2014-08-01,7372.107849584375
20673,2014-09-01,8536.736812014144
20673,2014-10-01,8268.678292507404
20673,2014-11-01,7879.295385844774
20673,2014-12-01,8994.989703231944
20673,2015-01-01,7705.5521245607815
20673,2015-02-01,6900.267849428334
20673,2015-03-01,7266.891603684242
20673,2015-04-01,7039.56885768081
20673,2015-05-01,6627.269892706431
20673,2015-06-01,7145.878376376679
20673,2015-07-01,6974.054277965186
20673,2015-08-01,6069.441188523112
20673,2015-09-01,6329.0769336149
20673,2015-10-01,5637.64905254128
20673,2015-11-01,5869.502992622489
20673,2015-12-01,6094.2916968211575
20673,2016-01-01,5398.811658901901
20673,2016-02-01,6175.364606114979
20673,2016-03-01,5835.306441538202
20673,2016-04-01,5782.453126069887
20673,2016-05-01,5815.06884686612
20673,2016-06-01,6268.431831134287
20673,2016-07-01,5806.339440614943
20673,2016-08-01,5986.104431987853
20673,2016-09-01,6014.362767182358
20673,2016-10-01,5711.955234603444
20673,2016-11-01,6317.339946561402
20673,2016-12-01,6344.186565277832
20673,2017-01-01,6533.963607295421
20673,2017-02-01,6842.099937142759
20673,2017-03-01,7175.334501866634
20673,2017-04-01,6436.170005899464
20673,2017-05-01,7489.897118570915
20673,2017-06-01,7331.951659083982
20673,2017-07-01,7037.333485475359
20673,2017-08-01,7656.114425444242
20673,2017-09-01,7484.014546408094
20673,2017-10-01,7719.556332985295
20673,2017-11-01,7870.35371508623
20673,2017-12-01,7666.378317116288
20673,2018-01-01,8461.220609107484
20673,2018-02-01,8136.727231439509
20673,2018-03-01,8301.08980858611
20673,2018-04-01,9055.27716275089
20673,2018-05-01,8506.342045362395
20673,2018-06-01,7700.097781558585
20673,2018-07-01,8135.477088806984
20673,2018-08-01,8885.299699978776
20673,2018-09-01,8232.271612645047
20673,2018-10-01,9047.579021426765
20673,2018-11-01,9194.98277273788
20673,2018-12-01,8718.964217583363
20673,2019-01-01,9675.768459902392
20673,2019-02-01,10352.523154844135
20673,2019-03-01,8266.050062786318
20673,2019-04-01,10494.502449385403
20673,2019-05-01,10460.489282973307
20673,2019-06-01,9321.276219159572
20673,2019-07-01,10852.765951863013
20673,2019-08-01,10291.995283836764
20673,2019-09-01,10638.266569249563
20673,2019-10-01,11300.83245719345
20673,2019-11-01,10864.091499616226
20673,2019-12-01,11296.496560123884
20673,2020-01-01,11567.273418133045
20673,2020-02-01,10866.35807924098
20673,2020-03-01,8283.873941501373
20673,2020-04-01,5188.610723250898
20673,2020-05-01,6507.8618260537105
20673,2020-06-01,9220.364069765088
20673,2020-07-01,10196.032789468436
20673,2020-08-01,10092.64281234976
20673,2020-09-01,11971.894768483708
20673,2020-10-01,11942.563085349411
20673,2020-11-01,12503.84836895091
20673,2020-12-01,13026.187260281939
20673,2021-01-01,10634.114379649833
20673,2021-02-01,12488.59711813897
20673,2021-03-01,10790.851032023123
20673,2021-04-01,12079.108015868907
20673,2021-05-01,11930.339079640735
20673,2021-06-01,12676.30311424625
20673,2021-07-01,12486.058559781784
20673,2021-08-01,12540.876592530522
20673,2021-09-01,12075.140013708819
20673,2021-10-01,11405.13877875358
20673,2021-11-01,11245.13356322737
20673,2021-12-01,11515.436417248764
20673,2022-01-01,10912.127078512858
20673,2022-02-01,11957.608453475134
20673,2022-03-01,11316.967927960255
20673,2022-04-01,11768.301596208596
20673,2022-05-01,12410.949101710698
20673,2022-06-01,11733.389633812238
20673,2022-07-01,10191.109975748896
20673,2022-08-01,11782.469774573474
20673,2022-09-01,11754.296891646252
20673,2022-10-01,11139.796275133629
20673,2022-11-01,11432.770204369523
20673,2022-12-01,11059.041003000713
20673,2023-01-01,12113.970260923195
20673,2023-02-01,11595.352164052065
20673,2023-03-01,12685.035203645291
20673,2023-04-01,11688.19237796061
20673,2023-05-01,12908.341017824248
20673,2023-06-01,12991.51896611944
20673,2023-07-01,12427.458398543995
20673,2023-08-01,13770.319181325849
20673,2023-09-01,12892.470758632258
20673,2023-10-01,13854.977405721556
20673,2023-11-01,14836.693115340737
20673,2023-12-01,15382.432587681395
20673,2024-01-01,16995.10279209709
20673,2024-02-01,16425.359316012396
20673,2024-03-01,15570.578853806335
20673,2024-04-01,18887.491423720032
20673,2024-05-01,17332.303116059225
20673,2024-06-01,17226.405046166878
20673,2024-07-01,18363.79003115236
20673,2024-08-01,17625.07674915163
20673,2024-09-01,17718.236777113903
20673,2024-10-01,19052.914080496863
20673,2024-11-01,17841.961677940082
20673,2024-12-01,17497.704322478814
20673,2025-01-01,17333.717979264817
20673,2025-02-01,17795.361455560225
20673,2025-03-01,15479.440021460889
20673,2025-04-01,17628.18727049064
20673,2025-05-01,18074.94126209732
20673,2025-06-01,17713.38663375844
20673,2025-07-01,18493.084988605864
20673,2025-08-01,18008.938534895475
20673,2025-09-01,19975.4692749445
20673,2025-10-01,20674.190323629777
20673,2025-11-01,19356.654119915744
20673,2025-12-01,21887.34291490235
20673,2026-01-01,20707.05853495854
20673,2026-02-01,20271.899075302987
20673,2026-03-01,22657.872030615577
20673,2026-04-01,22111.630958778078
20673,2026-05-01,21026.798539545995
20673,2026-06-01,21339.221331804205
20674,2011-03-01,739.9588424452805
20674,2011-04-01,742.6384500725535
20674,2011-05-01,695.1086875681957
20674,2011-06-01,702.6044102419875
20674,2011-07-01,726.7825747977226
20674,2011-08-01,699.018776318301
20674,2011-09-01,715.0499729579375
20674,2011-10-01,697.8355908608047
20674,2011-11-01,735.7160359073865
20674,2011-12-01,820.4858616292057
20674,2012-01-01,731.3755219700947
20674,2012-02-01,761.2610939949909
20674,2012-03-01,774.2097284460011
20674,2012-04-01,771.3923789082896
20674,2012-05-01,813.9807811418042
20674,2012-06-01,804.1651904607373
20674,2012-07-01,801.3594769259668
20674,2012-08-01,814.7093365166289
20674,2012-09-01,776.0142157018313
20674,2012-10-01,831.2491329022507
20674,2012-11-01,813.2278723667279
20674,2012-12-01,796.314897331491
20674,2013-01-01,807.4135111630251
20674,2013-02-01,795.8388813852064
20674,2013-03-01,801.8471348146867
20674,2013-04-01,877.5997534014372
20674,2013-05-01,824.6724588377407
20674,2013-06-01,838.8085392060007
20674,2013-07-01,828.883388458919
20674,2013-08-01,842.1560309167219
20674,2013-09-01,818.2205942912603
20674,2013-10-01,794.7293816846741
20674,2013-11-01,780.8535310906788
20674,2013-12-01,790.4538210933972
20674,2014-01-01,797.770595914995
20674,2014-02-01,818.2102915193169
20674,2014-03-01,678.6701107916316
20674,2014-04-01,719.0779411752386
20674,2014-05-01,725.205722030023
20674,2014-06-01,692.7326201911943
20674,2014-07-01,676.4071000446279
20674,2014-08-01,672.3254244554735
20674,2014-09-01,722.2885040570443
20674,2014-10-01,720.4245316927781
20674,2014-11-01,667.0797511700623
20674,2014-12-01,661.6871068622609
20674,2015-01-01,627.8173715288178
20674,2015-02-01,608.7161464113426
20674,2015-03-01,609.7796177450542
20674,2015-04-01,606.6025381839155
20674,2015-05-01,603.929776156097
20674,2015-06-01,583.621539634871
20674,2015-07-01,549.5523235476865
20674,2015-08-01,509.78849668299006
20674,2015-09-01,521.6685112116097
20674,2015-10-01,529.4280180526363
20674,2015-11-01,523.6085124558546
20674,2015-12-01,499.65015580462716
20674,2016-01-01,491.2233425193073
20674,2016-02-01,510.4441777203184
20674,2016-03-01,489.01414548987725
20674,2016-04-01,468.2053022005216
20674,2016-05-01,459.4980419760713
20674,2016-06-01,463.4215475930414
20674,2016-07-01,481.6090619230709
20674,2016-08-01,467.54475526159007
20674,2016-09-01,454.09220928553026
20674,2016-10-01,434.1576237447481
20674,2016-11-01,435.45621419593334
20674,2016-12-01,462.7368131987451
20674,2017-01-01,459.799840713003
20674,2017-02-01,415.00335709725084
20674,2017-03-01,476.0858174849469
20674,2017-04-01,455.0380030846195
20674,2017-05-01,453.2506812665558
20674,2017-06-01,464.9638576821527
20674,2017-07-01,467.870960362308
20674,2017-08-01,468.83044666328993
20674,2017-09-01,472.2463785311274
20674,2017-10-01,467.84677736292474
20674,2017-11-01,478.93920606041087
20674,2017-12-01,487.39198655835725
20674,2018-01-01,478.71038748772173
20674,2018-02-01,464.23353834331743
20674,2018-03-01,456.12069702009984
20674,2018-04-01,469.37554596323923
20674,2018-05-01,452.5490471040061
20674,2018-06-01,475.2665475245871
20674,2018-07-01,464.6736319463491
20674,2018-08-01,531.3428171513099
20674,2018-09-01,494.4824040561063
20674,2018-10-01,480.81258163557294
20674,2018-11-01,516.2273739876881
20674,2018-12-01,502.3089788108683
20674,2019-01-01,542.145579546234
20674,2019-02-01,564.7651761785464
20674,2019-03-01,515.6166132127698
20674,2019-04-01,552.4015610660654
20674,2019-05-01,563.4251806542013
20674,2019-06-01,525.0473130907175
20674,2019-07-01,564.3295777163156
20674,2019-08-01,542.1889288469098
20674,2019-09-01,528.249160408126
20674,2019-10-01,574.4666748094498
20674,2019-11-01,523.1739597687416
20674,2019-12-01,549.0583249303189
20674,2020-01-01,550.44405332221
20674,2020-02-01,534.1573356492408
20674,2020-03-01,393.2642135751658
20674,2020-04-01,356.838671453142
20674,2020-05-01,491.25597595086185
20674,2020-06-01,648.9793748280717
20674,2020-07-01,643.4627105476485
20674,2020-08-01,685.9212841300969
20674,2020-09-01,696.6756964608686
20674,2020-10-01,755.3031439511318
20674,2020-11-01,680.7016079262293
20674,2020-12-01,672.8523294674981
20674,2021-01-01,663.3974423916236
20674,2021-02-01,720.8154818324598
20674,2021-03-01,742.8203401538358
20674,2021-04-01,762.0686373697994
20674,2021-05-01,787.4189617177428
20674,2021-06-01,830.2506049334776
20674,2021-07-01,929.1678090942372
20674,2021-08-01,861.3476115226273
20674,2021-09-01,899.8738590175922
20674,2021-10-01,955.2942041340538
20674,2021-11-01,1018.7503147598953
20674,2021-12-01,1021.4333604307687
20674,2022-01-01,1042.581201931102
20674,2022-02-01,1353.9991486024498
20674,2022-03-01,1274.1514932524242
20674,2022-04-01,1234.2660620181198
20674,2022-05-01,1144.3193183328983
20674,2022-06-01,992.7620309269366
20674,2022-07-01,1054.2741703923405
20674,2022-08-01,1084.581680908054
20674,2022-09-01,1095.078470589884
20674,2022-10-01,1048.6059660373865
20674,2022-11-01,1107.8368183835548
20674,2022-12-01,1235.6080468389582
20674,2023-01-01,1039.071215400315
20674,2023-02-01,1016.5297791384932
20674,2023-03-01,1036.489255559264
20674,2023-04-01,968.1683197508466
20674,2023-05-01,972.2852206381009
20674,2023-06-01,926.7884762409052
20674,2023-07-01,935.1856864942345
20674,2023-08-01,1013.4875496582989
20674,2023-09-01,1005.6351815231626
20674,2023-10-01,965.8853496482847
20674,2023-11-01,1065.9252941238537
20674,2023-12-01,1061.9868369225705
20674,2024-01-01,1198.1019853107953
20674,2024-02-01,1145.5820996953291
20674,2024-03-01,1170.5225611912467
20674,2024-04-01,1256.205145958882
20674,2024-05-01,1283.6279457040384
20674,2024-06-01,1358.3682922040878
20674,2024-07-01,1350.9611397157616
20674,2024-08-01,1336.09017748864
20674,2024-09-01,1268.0724923577936
20674,2024-10-01,1325.8518857178972
20674,2024-11-01,1258.4054165593566
20674,2024-12-01,1297.5731620447318
20674,2025-01-01,1309.5956319627182
20674,2025-02-01,1385.014523702153
20674,2025-03-01,1170.9654507897699
20674,2025-04-01,1302.3903960855498
20674,2025-05-01,1401.8487458733105
20674,2025-06-01,1262.0890817177722
20674,2025-07-01,1071.290594597914
20674,2025-08-01,1008.3101332652446
20674,2025-09-01,1094.840440956292
20674,2025-10-01,1132.7482743531261
20674,2025-11-01,1076.8503445553254
20674,2025-12-01,1083.549501798096
20674,2026-01-01,1150.2460005139947
20674,2026-02-01,1154.8525434735654
20674,2026-03-01,1198.160596618766
20674,2026-04-01,1117.5944104773514
20674,2026-05-01,1286.284769276545
20674,2026-06-01,1336.3918565727142
20679,2011-03-01,12469.095102649613
20679,2011-04-01,13352.776601601881
20679,2011-05-01,13270.137986267318
20679,2011-06-01,12424.024391338706
20679,2011-07-01,12638.466778042948
20679,2011-08-01,11928.660230691023
20679,2011-09-01,13873.56528096238
20679,2011-10-01,14515.87864870853
20679,2011-11-01,13059.610324571358
20679,2011-12-01,12732.534926921984
20679,2012-01-01,12905.58824525552
20679,2012-02-01,11452.515128161827
20679,2012-03-01,12656.87616160465
20679,2012-04-01,12782.821352910732
20679,2012-05-01,12795.96163601245
20679,2012-06-01,14336.87217682326
20679,2012-07-01,13884.002675098096
20679,2012-08-01,13350.781919826284
20679,2012-09-01,14144.439410927249
20679,2012-10-01,14135.162154169446
20679,2012-11-01,14149.942820963239
20679,2012-12-01,14431.538669126427
20679,2013-01-01,14217.276640862221
20679,2013-02-01,14441.477969685413
20679,2013-03-01,14588.023778117673
20679,2013-04-01,15112.916502684153
20679,2013-05-01,14984.671847211648
20679,2013-06-01,15374.681711637657
20679,2013-07-01,15489.573405278712
20679,2013-08-01,16316.902532185448
20679,2013-09-01,16541.42730917222
20679,2013-10-01,16395.346358644194
20679,2013-11-01,16509.73032083728
20679,2013-12-01,17683.268928218225
20679,2014-01-01,16523.189358826916
20679,2014-02-01,17738.887131432093
20679,2014-03-01,17739.75649374214
20679,2014-04-01,17319.425907968907
20679,2014-05-01,17513.691875875844
20679,2014-06-01,18038.236281240755
20679,2014-07-01,17349.3999978563
20679,2014-08-01,17630.13292614676
20679,2014-09-01,16363.384955841311
20679,2014-10-01,16090.705357774534
20679,2014-11-01,16235.495828518886
20679,2014-12-01,16213.319086341115
20679,2015-01-01,16894.411140919543
20679,2015-02-01,16470.844102023108
20679,2015-03-01,17067.76904754191
20679,2015-04-01,16174.378001590661
20679,2015-05-01,16057.462064228937
20679,2015-06-01,15970.84834557674
20679,2015-07-01,14821.527424716314
20679,2015-08-01,15460.687763549004
20679,2015-09-01,15160.890524039365
20679,2015-10-01,15727.690857139516
20679,2015-11-01,15687.126505320924
20679,2015-12-01,14907.66867790997
20679,2016-01-01,14962.73661772469
20679,2016-02-01,15158.833297315083
20679,2016-03-01,13955.49822877449
20679,2016-04-01,15117.095666764428
20679,2016-05-01,15269.853683269961
20679,2016-06-01,14625.208083351981
20679,2016-07-01,15025.997374430786
20679,2016-08-01,14993.3484820691
20679,2016-09-01,15472.692331126349
20679,2016-10-01,15452.532946905663
20679,2016-11-01,15307.86776124033
20679,2016-12-01,15017.683871576464
20679,2017-01-01,15253.858151258864
20679,2017-02-01,13446.220051181299
20679,2017-03-01,15134.890743186723
20679,2017-04-01,15044.441976630242
20679,2017-05-01,15711.804064294789
20679,2017-06-01,15461.858325796211
20679,2017-07-01,15852.54923198494
20679,2017-08-01,15666.460120784122
20679,2017-09-01,16491.780784298047
20679,2017-10-01,17003.548547684863
20679,2017-11-01,16483.613011329813
20679,2017-12-01,16942.684592479407
20679,2018-01-01,16634.756523963984
20679,2018-02-01,16630.630311373756
20679,2018-03-01,16232.46416814054
20679,2018-04-01,16392.00327504778
20679,2018-05-01,14324.34299748274
20679,2018-06-01,15735.289773664086
20679,2018-07-01,16675.576615156315
20679,2018-08-01,15124.243615661333
20679,2018-09-01,14985.086445840569
20679,2018-10-01,15000.915395098024
20679,2018-11-01,16197.797125357918
20679,2018-12-01,15292.688868084322
20679,2019-01-01,15419.274070249232
20679,2019-02-01,16151.748219106195
20679,2019-03-01,16379.325258865905
20679,2019-04-01,16625.169398865775
20679,2019-05-01,16488.00562673378
20679,2019-06-01,17172.337818406242
20679,2019-07-01,17863.619477987573
20679,2019-08-01,17471.389784631476
20679,2019-09-01,17036.141753049178
20679,2019-10-01,16448.96400467618
20679,2019-11-01,16975.03025431089
20679,2019-12-01,17207.233550037363
20679,2020-01-01,17088.736903611596
20679,2020-02-01,16685.71753051269
20679,2020-03-01,18539.62939324073
20679,2020-04-01,18033.330934740883
20679,2020-05-01,15171.617351710562
20679,2020-06-01,15304.646505280974
20679,2020-07-01,12288.963277996996
20679,2020-08-01,13037.692416750398
20679,2020-09-01,13821.847290122803
20679,2020-10-01,13908.95529203122
20679,2020-11-01,13870.475813042362
20679,2020-12-01,13674.838084224562
20679,2021-01-01,15436.663845493624
20679,2021-02-01,15354.517954387444
20679,2021-03-01,16091.80240488648
20679,2021-04-01,17247.054622602325
20679,2021-05-01,17087.646504715634
20679,2021-06-01,17344.569081342826
20679,2021-07-01,18461.24749314172
20679,2021-08-01,19901.45083884621
20679,2021-09-01,20153.85096318738
20679,2021-10-01,21770.09418708138
20679,2021-11-01,23057.42876128502
20679,2021-12-01,23369.566938227676
20679,2022-01-01,24005.354547318966
20679,2022-02-01,23053.675504914634
20679,2022-03-01,27798.77475549802
20679,2022-04-01,27228.62152225074
20679,2022-05-01,28120.52875395139
20679,2022-06-01,27645.970753569974
20679,2022-07-01,29581.622840567325
20679,2022-08-01,29628.07223765353
20679,2022-09-01,32644.16012736688
20679,2022-10-01,30806.76734228754
20679,2022-11-01,29948.086075470903
20679,2022-12-01,30352.55689979383
20679,2023-01-01,30675.390103124686
20679,2023-02-01,30630.169771581637
20679,2023-03-01,29258.162059771897
20679,2023-04-01,30235.445520329384
20679,2023-05-01,29576.996239870085
20679,2023-06-01,31477.630925322406
20679,2023-07-01,29469.5559323599
20679,2023-08-01,28976.879882720736
20679,2023-09-01,30360.185142414164
20679,2023-10-01,30552.116400753413
20679,2023-11-01,30772.88349842891
20679,2023-12-01,29602.363865599647
20679,2024-01-01,28517.394939849382
20679,2024-02-01,30106.662665281576
20679,2024-03-01,29549.82801002569
20679,2024-04-01,31689.274804244247
20679,2024-05-01,29583.934821323935
20679,2024-06-01,29873.32557075225
20679,2024-07-01,29942.365181952402
20679,2024-08-01,31733.78345844157
20679,2024-09-01,30242.680097063167
20679,2024-10-01,29667.19838803521
20679,2024-11-01,30927.372157392045
20679,2024-12-01,31721.826804446664
20679,2025-01-01,31236.0222720522
20679,2025-02-01,32477.061895591487
20679,2025-03-01,34298.12987904986
20679,2025-04-01,32577.308082475407
20679,2025-05-01,33004.72230226154
20679,2025-06-01,33616.67159149564
20679,2025-07-01,34305.72312176996
20679,2025-08-01,34090.48115571357
20679,2025-09-01,34633.630195615995
20679,2025-10-01,32965.630081774274
20679,2025-11-01,34278.12852076358
20679,2025-12-01,35952.267071272225
20679,2026-01-01,36921.794973003656
20679,2026-02-01,35937.960753029976
20679,2026-03-01,38183.10920328592
20679,2026-04-01,38396.89532373017
20679,2026-05-01,39623.179826994456
20679,2026-06-01,39585.06370356744
20680,2011-03-01,2230.8705236159753
20680,2011-04-01,1476.0780437487779
20680,2011-05-01,1627.3753159722671
20680,2011-06-01,1716.8103373998856
20680,2011-07-01,1809.6272245315984
20680,2011-08-01,1866.677121342837
20680,2011-09-01,1925.6571733632936
20680,2011-10-01,1691.273376685813
20680,2011-11-01,2051.9167289740312
20680,2011-12-01,2331.678330887606
20680,2012-01-01,2092.5832194919763
20680,2012-02-01,2035.9670370506603
20680,2012-03-01,2133.4476581855924
20680,2012-04-01,1777.4882270064174
20680,2012-05-01,1899.2482672733715
20680,2012-06-01,1934.8884131184695
20680,2012-07-01,1856.9686725681968
20680,2012-08-01,1784.608575244144
20680,2012-09-01,1742.8747464214532
20680,2012-10-01,1976.7829708754125
20680,2012-11-01,2048.048495689353
20680,2012-12-01,2016.2320643649937
20680,2013-01-01,1962.1596144245627
20680,2013-02-01,1978.2803348591049
20680,2013-03-01,2013.7688030031554
20680,2013-04-01,2139.4693229755912
20680,2013-05-01,2237.382382652687
20680,2013-06-01,2167.746066807068
20680,2013-07-01,2144.873560821908
20680,2013-08-01,2386.1774045516768
20680,2013-09-01,2439.2811447002373
20680,2013-10-01,2421.088857513996
20680,2013-11-01,2463.9675835710077
20680,2013-12-01,2424.124908138437
20680,2014-01-01,2455.245584836303
20680,2014-02-01,2714.719087985024
20680,2014-03-01,2381.2457638546352
20680,2014-04-01,2548.036893641486
20680,2014-05-01,2498.8415194106774
20680,2014-06-01,2415.880833488028
20680,2014-07-01,2478.3471081910175
20680,2014-08-01,2543.2044749425836
20680,2014-09-01,2449.0065222386415
20680,2014-10-01,2381.2303272831346
20680,2014-11-01,2485.4708580933034
20680,2014-12-01,2603.0292650962483
20680,2015-01-01,2691.9947197036336
20680,2015-02-01,2728.447519569968
20680,2015-03-01,2663.782525084659
20680,2015-04-01,2478.0576645618235
20680,2015-05-01,2586.6578934987815
20680,2015-06-01,2777.945533395109
20680,2015-07-01,2703.1209998715553
20680,2015-08-01,2937.366068745186
20680,2015-09-01,2622.895527827586
20680,2015-10-01,2578.8907723769526
20680,2015-11-01,2419.9129420931026
20680,2015-12-01,2364.7957836190753
20680,2016-01-01,2446.9593693438014
20680,2016-02-01,2366.5260810946866
20680,2016-03-01,2461.856060258977
20680,2016-04-01,2412.764149786492
20680,2016-05-01,2461.270648021162
20680,2016-06-01,2473.9433181853406
20680,2016-07-01,2471.912903670988
20680,2016-08-01,2360.273074315138
20680,2016-09-01,2316.267893936625
20680,2016-10-01,2393.089432321434
20680,2016-11-01,2429.274583628438
20680,2016-12-01,2430.7065796751394
20680,2017-01-01,2399.676711288907
20680,2017-02-01,2271.015507892376
20680,2017-03-01,2468.722662759464
20680,2017-04-01,2616.6127309021244
20680,2017-05-01,4548.274499478171
20680,2017-06-01,3539.468288998372
20680,2017-07-01,3523.7502934763884
20680,2017-08-01,3320.592215176488
20680,2017-09-01,3401.131584974793
20680,2017-10-01,3314.4714240913354
20680,2017-11-01,3321.145936354369
20680,2017-12-01,3418.8706233957023
20680,2018-01-01,3386.2343008227162
20680,2018-02-01,3452.3161654737614
20680,2018-03-01,3584.861252515418
20680,2018-04-01,3506.7002998556904
20680,2018-05-01,3638.928943356008
20680,2018-06-01,3880.842885085107
20680,2018-07-01,3885.3577189293296
20680,2018-08-01,4062.8397997649745
20680,2018-09-01,4355.813970193587
20680,2018-10-01,4200.016627220411
20680,2018-11-01,4580.815960738518
20680,2018-12-01,4421.627460213088
20680,2019-01-01,4355.128545513052
20680,2019-02-01,4542.786792635456
20680,2019-03-01,4591.2821803692295
20680,2019-04-01,4722.173654159625
20680,2019-05-01,5025.487288096716
20680,2019-06-01,4952.679737242808
20680,2019-07-01,5180.754804240731
20680,2019-08-01,5244.666529125658
20680,2019-09-01,4949.292352291794
20680,2019-10-01,5107.557817982528
20680,2019-11-01,5017.623368671611
20680,2019-12-01,4861.698556611012
20680,2020-01-01,4921.399992249891
20680,2020-02-01,5057.536484569293
20680,2020-03-01,4993.619919075129
20680,2020-04-01,5687.147742048086
20680,2020-05-01,5164.125891939769
20680,2020-06-01,4321.034300398004
20680,2020-07-01,3877.2247864163232
20680,2020-08-01,3492.4473337575655
20680,2020-09-01,3753.6346063287806
20680,2020-10-01,4018.004980883811
20680,2020-11-01,4104.100837171067
20680,2020-12-01,4169.458224614512
20680,2021-01-01,4563.288813775772
20680,2021-02-01,4787.817987394253
20680,2021-03-01,4897.558889810023
20680,2021-04-01,5013.885336684221
20680,2021-05-01,4963.880188848206
20680,2021-06-01,5173.43831813474
20680,2021-07-01,5417.829069931362
20680,2021-08-01,5685.062214876931
20680,2021-09-01,6001.485827596493
20680,2021-10-01,6312.103949640653
20680,2021-11-01,6623.085578393124
20680,2021-12-01,6945.806636016192
20680,2022-01-01,6979.7746794173045
20680,2022-02-01,7134.099862550966
20680,2022-03-01,7778.9395205329865
20680,2022-04-01,7913.364694022849
20680,2022-05-01,7991.4108901983955
20680,2022-06-01,8071.401021981817
20680,2022-07-01,8778.603034739392
20680,2022-08-01,8644.561989004134
20680,2022-09-01,9149.04679341934
20680,2022-10-01,8962.503396298083
20680,2022-11-01,9084.4528028985
20680,2022-12-01,9515.719043879208
20680,2023-01-01,9372.4855157549
20680,2023-02-01,9498.12449172156
20680,2023-03-01,9896.083021313825
20680,2023-04-01,9814.545702449872
20680,2023-05-01,10446.441790012706
20680,2023-06-01,10675.666116862518
20680,2023-07-01,10529.445500675038
20680,2023-08-01,11013.901859246314
20680,2023-09-01,13315.890868963661
20680,2023-10-01,11665.68787434176
20680,2023-11-01,12220.486943815244
20680,2023-12-01,12352.543459055705
20680,2024-01-01,12544.157778721863
20680,2024-02-01,12355.67574953571
20680,2024-03-01,12514.277659402547
20680,2024-04-01,13665.920749790455
20680,2024-05-01,12903.886037010012
20680,2024-06-01,13414.101804021757
20680,2024-07-01,13453.504431345877
20680,2024-08-01,13536.44609031783
20680,2024-09-01,12563.569454758737
20680,2024-10-01,13211.714225903363
20680,2024-11-01,13399.076966070073
20680,2024-12-01,13532.41742121903
20680,2025-01-01,14020.164954639211
20680,2025-02-01,14689.460135503716
20680,2025-03-01,14092.777536917529
20680,2025-04-01,14631.32762584171
20680,2025-05-01,15487.661991893588
20680,2025-06-01,14575.924232560328
20680,2025-07-01,15843.456077317498
20680,2025-08-01,16457.359915659545
20680,2025-09-01,16583.013879968075
20680,2025-10-01,18092.603540315406
20680,2025-11-01,17161.017579788124
20680,2025-12-01,17474.639361525722
20680,2026-01-01,17994.644256816915
20680,2026-02-01,17946.371054525513
20680,2026-03-01,18192.431644918448
20680,2026-04-01,17412.228983950856
20680,2026-05-01,18183.250633806558
20680,2026-06-01,17757.450224923894
20681,2011-03-01,31207.02381334786
20681,2011-04-01,31031.62591204135
20681,2011-05-01,32480.600508902233
20681,2011-06-01,33265.07956729264
20681,2011-07-01,33657.59151203139
20681,2011-08-01,34532.82723521545
20681,2011-09-01,35637.69408194503
20681,2011-10-01,35231.74641587721
20681,2011-11-01,35804.27130379191
20681,2011-12-01,37048.81164885065
20681,2012-01-01,36160.784066981665
20681,2012-02-01,36565.21894333059
20681,2012-03-01,38325.16332648947
20681,2012-04-01,38064.51941218172
20681,2012-05-01,38790.20848736853
20681,2012-06-01,35290.3702864727
20681,2012-07-01,34922.8352492579
20681,2012-08-01,32864.13393942288
20681,2012-09-01,39480.48643408462
20681,2012-10-01,42412.4108793495
20681,2012-11-01,40995.72143176703
20681,2012-12-01,42113.689748486395
20681,2013-01-01,43915.874223259976
20681,2013-02-01,43743.054282006306
20681,2013-03-01,43367.297455728505
20681,2013-04-01,45814.630603983685
20681,2013-05-01,44711.17855301428
20681,2013-06-01,44743.62049723678
20681,2013-07-01,46509.02216939494
20681,2013-08-01,46405.673534315116
20681,2013-09-01,46017.754662766594
20681,2013-10-01,47553.715700315064
20681,2013-11-01,47911.55388282157
20681,2013-12-01,49051.153227912226
20681,2014-01-01,49121.09738628982
20681,2014-02-01,51934.75240179036
20681,2014-03-01,50235.62875521065
20681,2014-04-01,51657.55067719029
20681,2014-05-01,52719.38313836094
20681,2014-06-01,50185.09068335613
20681,2014-07-01,53665.27756225348
20681,2014-08-01,54190.03639244074
20681,2014-09-01,55873.035457007296
20681,2014-10-01,54734.788419345976
20681,2014-11-01,52839.338778121586
20681,2014-12-01,55705.366286112636
20681,2015-01-01,57258.90022406672
20681,2015-02-01,53541.26257670556
20681,2015-03-01,55896.9763191548
20681,2015-04-01,54542.140085017505
20681,2015-05-01,57304.44515495776
20681,2015-06-01,54891.642267588686
20681,2015-07-01,53567.12192370628
20681,2015-08-01,54634.234178444836
20681,2015-09-01,54756.86585559146
20681,2015-10-01,55649.479361513644
20681,2015-11-01,54309.08593916184
20681,2015-12-01,55014.798658336076
20681,2016-01-01,54976.41690231436
20681,2016-02-01,55675.011180573536
20681,2016-03-01,56057.493805334954
20681,2016-04-01,56885.19890216934
20681,2016-05-01,56964.5015351517
20681,2016-06-01,57712.586055015956
20681,2016-07-01,58169.09275319204
20681,2016-08-01,59088.01498960539
20681,2016-09-01,58103.79608015424
20681,2016-10-01,59076.089713863636
20681,2016-11-01,61346.66057070249
20681,2016-12-01,60097.84910815289
20681,2017-01-01,59899.86966654961
20681,2017-02-01,58066.10222084517
20681,2017-03-01,65471.69891188385
20681,2017-04-01,62013.90942371031
20681,2017-05-01,63966.09304201623
20681,2017-06-01,64469.47062009164
20681,2017-07-01,65527.5135505244
20681,2017-08-01,64589.38561404922
20681,2017-09-01,66561.64681154415
20681,2017-10-01,65947.71570609792
20681,2017-11-01,66968.32310397431
20681,2017-12-01,67151.39237083108
20681,2018-01-01,70235.04980417658
20681,2018-02-01,69138.32497718312
20681,2018-03-01,72354.99798828876
20681,2018-04-01,71565.8295303798
20681,2018-05-01,72724.11395136235
20681,2018-06-01,73946.47757723319
20681,2018-07-01,71110.00675725282
20681,2018-08-01,78029.90398913802
20681,2018-09-01,75557.38755797832
20681,2018-10-01,75479.91864010559
20681,2018-11-01,83576.05859442115
20681,2018-12-01,81058.08220036865
20681,2019-01-01,82532.54388387303
20681,2019-02-01,84961.46864447046
20681,2019-03-01,82670.50717019892
20681,2019-04-01,86293.29814238328
20681,2019-05-01,87426.36660551203
20681,2019-06-01,88416.9747024784
20681,2019-07-01,91293.04034887026
20681,2019-08-01,92378.15492979347
20681,2019-09-01,91796.88677350128
20681,2019-10-01,93482.90739485902
20681,2019-11-01,94590.93868243486
20681,2019-12-01,98194.184478303
20681,2020-01-01,97168.34536317702
20681,2020-02-01,96846.49838709002
20681,2020-03-01,84636.82212168573
20681,2020-04-01,67332.38968162163
20681,2020-05-01,75329.49010558217
20681,2020-06-01,83265.45464654123
20681,2020-07-01,87265.95939616901
20681,2020-08-01,93036.7741822669
20681,2020-09-01,97924.31205354191
20681,2020-10-01,100689.95959864922
20681,2020-11-01,101159.82967454834
20681,2020-12-01,101619.18642635237
20681,2021-01-01,102328.23148007868
20681,2021-02-01,105481.90064854127
20681,2021-03-01,103931.03668582682
20681,2021-04-01,107855.45588082164
20681,2021-05-01,120880.95153608867
20681,2021-06-01,123237.35353922725
20681,2021-07-01,125840.70087258214
20681,2021-08-01,128964.8592560402
20681,2021-09-01,132569.48573763133
20681,2021-10-01,135746.26242070738
20681,2021-11-01,139721.83948195569
20681,2021-12-01,139013.44012088922
20681,2022-01-01,143294.83967359018
20681,2022-02-01,147470.32010535192
20681,2022-03-01,162781.68097568513
20681,2022-04-01,164725.8398122664
20681,2022-05-01,167877.56830010487
20681,2022-06-01,167297.40298198262
20681,2022-07-01,170230.97737804585
20681,2022-08-01,169453.24665759222
20681,2022-09-01,172467.65180292513
20681,2022-10-01,172973.90989270015
20681,2022-11-01,153043.79441601745
20681,2022-12-01,156142.81779063272
20681,2023-01-01,153792.73700697595
20681,2023-02-01,156525.11554702435
20681,2023-03-01,163324.2466272109
20681,2023-04-01,161207.00227306393
20681,2023-05-01,163317.5967609023
20681,2023-06-01,166981.56001974308
20681,2023-07-01,166453.3348187763
20681,2023-08-01,169093.80537088355
20681,2023-09-01,170685.84658511705
20681,2023-10-01,166900.33499124093
20681,2023-11-01,168406.21127192467
20681,2023-12-01,172706.1179951165
20681,2024-01-01,177469.68542451836
20681,2024-02-01,175146.00623524925
20681,2024-03-01,180646.91828031023
20681,2024-04-01,180247.13273153667
20681,2024-05-01,184474.46832867793
20681,2024-06-01,193115.88050311003
20681,2024-07-01,191012.59862012736
20681,2024-08-01,188400.8275181749
20681,2024-09-01,190303.22659652305
20681,2024-10-01,194779.15058721986
20681,2024-11-01,192127.10310980928
20681,2024-12-01,191700.8038108489
20681,2025-01-01,191859.1572486084
20681,2025-02-01,212188.3720491881
20681,2025-03-01,201947.01571685573
20681,2025-04-01,207656.73636837682
20681,2025-05-01,207575.35817469287
20681,2025-06-01,207696.1034710907
20681,2025-07-01,207945.41779341022
20681,2025-08-01,216425.39006283332
20681,2025-09-01,211815.41884999428
20681,2025-10-01,215535.68707935195
20681,2025-11-01,221849.8785948544
20681,2025-12-01,219315.7542726865
20681,2026-01-01,222357.39187254704
20681,2026-02-01,219929.7129787407
20681,2026-03-01,223258.28967455658
20681,2026-04-01,224060.73658827003
20681,2026-05-01,229184.61968514297
20681,2026-06-01,226434.4939480336
20682,2011-03-01,45603.919387282614
20682,2011-04-01,46267.674999714254
20682,2011-05-01,46565.32334259686
20682,2011-06-01,48295.328226196485
20682,2011-07-01,48628.43456269563
20682,2011-08-01,48355.86280555723
20682,2011-09-01,51384.7221434795
20682,2011-10-01,50604.09233728616
20682,2011-11-01,50755.28936412036
20682,2011-12-01,52354.781604034986
20682,2012-01-01,50616.68166118688
20682,2012-02-01,50885.06497275347
20682,2012-03-01,52880.62234863444
20682,2012-04-01,51994.0356794393
20682,2012-05-01,53288.61869614861
20682,2012-06-01,52709.85107556135
20682,2012-07-01,50274.46268689639
20682,2012-08-01,48262.30356451998
20682,2012-09-01,55722.98394019406
20682,2012-10-01,57701.25289385843
20682,2012-11-01,56687.14544918802
20682,2012-12-01,58548.473840296705
20682,2013-01-01,60230.402053804486
20682,2013-02-01,60756.216083261126
20682,2013-03-01,59935.71866278683
20682,2013-04-01,62224.16771815981
20682,2013-05-01,61890.315735629985
20682,2013-06-01,63367.10931292415
20682,2013-07-01,64352.25195791665
20682,2013-08-01,65316.88131481216
20682,2013-09-01,64588.716834405495
20682,2013-10-01,65741.47504588918
20682,2013-11-01,66973.57211047613
20682,2013-12-01,68266.18612861163
20682,2014-01-01,68587.72028186209
20682,2014-02-01,73156.63209143186
20682,2014-03-01,70224.99497088166
20682,2014-04-01,71675.65265520681
20682,2014-05-01,72587.67134903691
20682,2014-06-01,70717.7060633658
20682,2014-07-01,73760.23192955361
20682,2014-08-01,74540.96491201485
20682,2014-09-01,74162.41179570206
20682,2014-10-01,73174.31567233709
20682,2014-11-01,71500.91698663421
20682,2014-12-01,74598.866189076
20682,2015-01-01,77222.7646683048
20682,2015-02-01,73280.18166306379
20682,2015-03-01,74840.54671637891
20682,2015-04-01,73348.106035825
20682,2015-05-01,75889.93358519212
20682,2015-06-01,73453.12423232316
20682,2015-07-01,71614.18713265065
20682,2015-08-01,72650.70944657491
20682,2015-09-01,72878.36746537419
20682,2015-10-01,74124.67055602686
20682,2015-11-01,71686.2630910564
20682,2015-12-01,72398.20998518165
20682,2016-01-01,72800.92495619004
20682,2016-02-01,73035.19126112084
20682,2016-03-01,72586.0391307874
20682,2016-04-01,74775.16640827194
20682,2016-05-01,73767.51706989284
20682,2016-06-01,75189.4812163101
20682,2016-07-01,76095.79788804424
20682,2016-08-01,76078.67883128546
20682,2016-09-01,75736.23129434143
20682,2016-10-01,76978.18623506604
20682,2016-11-01,79251.19355226381
20682,2016-12-01,77719.96675584308
20682,2017-01-01,76893.90978024578
20682,2017-02-01,73719.84892143437
20682,2017-03-01,83591.54236811602
20682,2017-04-01,79801.58979910178
20682,2017-05-01,84164.1037426951
20682,2017-06-01,83385.9824322286
20682,2017-07-01,84873.63111770731
20682,2017-08-01,83343.2402912179
20682,2017-09-01,86823.89480274347
20682,2017-10-01,85883.6572797984
20682,2017-11-01,86882.88351193022
20682,2017-12-01,87424.98289269829
20682,2018-01-01,90155.0428267554
20682,2018-02-01,89205.5725702742
20682,2018-03-01,92654.90939042807
20682,2018-04-01,90978.65421784768
20682,2018-05-01,90828.28716539101
20682,2018-06-01,93951.68393238746
20682,2018-07-01,91042.37055922709
20682,2018-08-01,97579.5498138468
20682,2018-09-01,94852.17313132141
20682,2018-10-01,95140.53894926589
20682,2018-11-01,104140.22535170449
20682,2018-12-01,100378.03016206443
20682,2019-01-01,102148.04912204534
20682,2019-02-01,105383.23984968134
20682,2019-03-01,104161.93897522033
20682,2019-04-01,106967.15114318357
20682,2019-05-01,109834.07808021533
20682,2019-06-01,110672.54145226668
20682,2019-07-01,114374.70446910147
20682,2019-08-01,115296.25906517556
20682,2019-09-01,112913.01552397091
20682,2019-10-01,115830.24943518848
20682,2019-11-01,116846.7580957168
20682,2019-12-01,119445.77389328022
20682,2020-01-01,119491.57518179616
20682,2020-02-01,118638.02142072978
20682,2020-03-01,107482.85048433598
20682,2020-04-01,91693.48524344682
20682,2020-05-01,96431.6097219771
20682,2020-06-01,102323.2884414192
20682,2020-07-01,104054.30656551545
20682,2020-08-01,109524.67789945117
20682,2020-09-01,115554.85989590829
20682,2020-10-01,119408.940932547
20682,2020-11-01,118716.13661923731
20682,2020-12-01,119745.92468620914
20682,2021-01-01,122369.83039800558
20682,2021-02-01,125312.75404779203
20682,2021-03-01,124551.57896654577
20682,2021-04-01,129708.90244366006
20682,2021-05-01,143095.49122990007
20682,2021-06-01,146188.462059025
20682,2021-07-01,149985.39931974173
20682,2021-08-01,154189.86383538615
20682,2021-09-01,158826.7020199614
20682,2021-10-01,164964.28046580602
20682,2021-11-01,168351.17623137266
20682,2021-12-01,169732.68938163487
20682,2022-01-01,173766.66729135724
20682,2022-02-01,177508.23637416156
20682,2022-03-01,197858.01371621882
20682,2022-04-01,200053.08462017938
20682,2022-05-01,203404.57797934022
20682,2022-06-01,203735.15278853523
20682,2022-07-01,209096.55350190037
20682,2022-08-01,208303.21531217312
20682,2022-09-01,214112.19001464633
20682,2022-10-01,212687.62541046142
20682,2022-11-01,192193.0590372306
20682,2022-12-01,195432.725961892
20682,2023-01-01,192789.20581918818
20682,2023-02-01,197137.7766452551
20682,2023-03-01,202784.06276081695
20682,2023-04-01,201027.6042913833
20682,2023-05-01,203790.05700209894
20682,2023-06-01,209421.3786453901
20682,2023-07-01,205864.05186199961
20682,2023-08-01,209774.10424029772
20682,2023-09-01,215322.8321575542
20682,2023-10-01,208025.54001635456
20682,2023-11-01,211382.63591999223
20682,2023-12-01,214555.25160285784
20682,2024-01-01,218474.9623773808
20682,2024-02-01,217382.32760044036
20682,2024-03-01,222731.5608609649
20682,2024-04-01,223843.8077016604
20682,2024-05-01,228403.73512708835
20682,2024-06-01,237140.72631483775
20682,2024-07-01,234448.59355012202
20682,2024-08-01,234458.20925750973
20682,2024-09-01,232504.66615673533
20682,2024-10-01,237887.10563754017
20682,2024-11-01,236848.61660767853
20682,2024-12-01,235178.50564014688
20682,2025-01-01,238095.58947415306
20682,2025-02-01,259217.01570801993
20682,2025-03-01,249436.78076598773
20682,2025-04-01,254760.3889993878
20682,2025-05-01,256869.78176275425
20682,2025-06-01,255612.69491066772
20682,2025-07-01,258276.56223681365
20682,2025-08-01,268095.3657131776
20682,2025-09-01,262261.2497783048
20682,2025-10-01,267514.5935129959
20682,2025-11-01,272942.448551195
20682,2025-12-01,272077.6345299889
20682,2026-01-01,277498.78725320176
20682,2026-02-01,274030.58851046785
20682,2026-03-01,278130.16107798135
20682,2026-04-01,279666.89229808416
20682,2026-05-01,288237.37130157335
20682,2026-06-01,283435.8522018641
20676,2011-03-01,331
20676,2011-04-01,416
20676,2011-05-01,701
20676,2011-06-01,617
20676,2011-07-01,588
20676,2011-08-01,323
20676,2011-09-01,170
20676,2011-10-01,126
20676,2011-11-01,148
20676,2011-12-01,155
20676,2012-01-01,117
20676,2012-02-01,101
20676,2012-03-01,117
20676,2012-04-01,81
20676,2012-05-01,120
20676,2012-06-01,151
20676,2012-07-01,88
20676,2012-08-01,101
20676,2012-09-01,50
20676,2012-10-01,66
20676,2012-11-01,48
20676,2012-12-01,62
20676,2013-01-01,50
20676,2013-02-01,32
20676,2013-03-01,40
20676,2013-04-01,49
20676,2013-05-01,53
20676,2013-06-01,71
20676,2013-07-01,72
20676,2013-08-01,67
20676,2013-09-01,61
20676,2013-10-01,64
20676,2013-11-01,67
20676,2013-12-01,77
20676,2014-01-01,65
20676,2014-02-01,50
20676,2014-03-01,40
20676,2014-04-01,68
20676,2014-05-01,59
20676,2014-06-01,53
20676,2014-07-01,47
20676,2014-08-01,47
20676,2014-09-01,51
20676,2014-10-01,57
20676,2014-11-01,59
20676,2014-12-01,75
20676,2015-01-01,44
20676,2015-02-01,45
20676,2015-03-01,104
20676,2015-04-01,108
20676,2015-05-01,92
20676,2015-06-01,110
20676,2015-07-01,118
20676,2015-08-01,95
20676,2015-09-01,95
20676,2015-10-01,88
20676,2015-11-01,103
20676,2015-12-01,117
20676,2016-01-01,85
20676,2016-02-01,88
20676,2016-03-01,102
20676,2016-04-01,67
20676,2016-05-01,42
20676,2016-06-01,40
20676,2016-07-01,31
20676,2016-08-01,31
20676,2016-09-01,37
20676,2016-10-01,34
20676,2016-11-01,36
20676,2016-12-01,38
20676,2017-01-01,25
20676,2017-02-01,23
20676,2017-03-01,33
20676,2017-04-01,24
20676,2017-05-01,29
20676,2017-06-01,24
20676,2017-07-01,28
20676,2017-08-01,29
20676,2017-09-01,28
20676,2017-10-01,27
20676,2017-11-01,33
20676,2017-12-01,39
20676,2018-01-01,29
20676,2018-02-01,21
20676,2018-03-01,34
20676,2018-04-01,32
20676,2018-05-01,29
20676,2018-06-01,29
20676,2018-07-01,34
20676,2018-08-01,41
20676,2018-09-01,38
20676,2018-10-01,52
20676,2018-11-01,49
20676,2018-12-01,53
20676,2019-01-01,45
20676,2019-02-01,43
20676,2019-03-01,47
20676,2019-04-01,55
20676,2019-05-01,56
20676,2019-06-01,51
20676,2019-07-01,67
20676,2019-08-01,24
20676,2019-09-01,7
20676,2019-10-01,7
20676,2019-11-01,4
20676,2019-12-01,6
20676,2020-01-01,6
20676,2020-02-01,9
20676,2020-03-01,7
20676,2020-04-01,2
20676,2020-05-01,2
20676,2020-06-01,5
20676,2020-07-01,4
20676,2020-08-01,4
20676,2020-09-01,2
20676,2020-10-01,4
20676,2020-11-01,4
20676,2020-12-01,5
20676,2021-01-01,4
20676,2021-02-01,5
20676,2021-03-01,4
20676,2021-04-01,4
20676,2021-05-01,6
20676,2021-06-01,6
20676,2021-07-01,5
20676,2021-08-01,8
20676,2021-09-01,7
20676,2021-10-01,6
20676,2021-11-01,4
20676,2021-12-01,4
20676,2022-01-01,3
20676,2022-02-01,4
20676,2022-03-01,9
20676,2022-04-01,9
20676,2022-05-01,21
20676,2022-06-01,1
20676,2022-07-01,8
20676,2022-08-01,1
20676,2022-09-01,0
20676,2022-10-01,1
20676,2022-11-01,1
20676,2022-12-01,1
20676,2023-01-01,1
20676,2023-02-01,1
20676,2023-03-01,0
20676,2023-04-01,1
20676,2023-05-01,1
20676,2023-06-01,1
20676,2023-07-01,0
20676,2023-08-01,0
20676,2023-09-01,4
20676,2023-10-01,2
20676,2023-11-01,0
20676,2023-12-01,0
20676,2024-01-01,1
20676,2024-02-01,0
20676,2024-03-01,1
20676,2024-04-01,1
20676,2024-05-01,1
20676,2024-06-01,0
20676,2024-07-01,1
20676,2024-08-01,0
20676,2024-09-01,0
20676,2024-10-01,0
20676,2024-11-01,0
20676,2024-12-01,0
20676,2025-01-01,0
20676,2025-02-01,1
20676,2025-03-01,1
20676,2025-04-01,0
20676,2025-05-01,0
20676,2025-06-01,0
20676,2025-07-01,0
20676,2025-08-01,0
20676,2025-09-01,0
20676,2025-10-01,0
20676,2025-11-01,0
20676,2025-12-01,0
20676,2026-01-01,0
20676,2026-02-01,1
20676,2026-03-01,0
20676,2026-04-01,0
20676,2026-05-01,0
20676,2026-06-01,0
20677,2011-03-01,12
20677,2011-04-01,2
20677,2011-05-01,4
20677,2011-06-01,9
20677,2011-07-01,8
20677,2011-08-01,11
20677,2011-09-01,7
20677,2011-10-01,8
20677,2011-11-01,7
20677,2011-12-01,8
20677,2012-01-01,2
20677,2012-02-01,2
20677,2012-03-01,4
20677,2012-04-01,3
20677,2012-05-01,7
20677,2012-06-01,12
20677,2012-07-01,7
20677,2012-08-01,4
20677,2012-09-01,3
20677,2012-10-01,3
20677,2012-11-01,1
20677,2012-12-01,10
20677,2013-01-01,4
20677,2013-02-01,4
20677,2013-03-01,4
20677,2013-04-01,5
20677,2013-05-01,4
20677,2013-06-01,4
20677,2013-07-01,3
20677,2013-08-01,2
20677,2013-09-01,8
20677,2013-10-01,17
20677,2013-11-01,16
20677,2013-12-01,3
20677,2014-01-01,1
20677,2014-02-01,0
20677,2014-03-01,12
20677,2014-04-01,3
20677,2014-05-01,14
20677,2014-06-01,1
20677,2014-07-01,1
20677,2014-08-01,4
20677,2014-09-01,2
20677,2014-10-01,58
20677,2014-11-01,2
20677,2014-12-01,2
20677,2015-01-01,2
20677,2015-02-01,15
20677,2015-03-01,0
20677,2015-04-01,0
20677,2015-05-01,20
20677,2015-06-01,9
20677,2015-07-01,2
20677,2015-08-01,0
20677,2015-09-01,1
20677,2015-10-01,3
20677,2015-11-01,1
20677,2015-12-01,1
20677,2016-01-01,0
20677,2016-02-01,0
20677,2016-03-01,1
20677,2016-04-01,0
20677,2016-05-01,2
20677,2016-06-01,2
20677,2016-07-01,1
20677,2016-08-01,2
20677,2016-09-01,3
20677,2016-10-01,1
20677,2016-11-01,5
20677,2016-12-01,0
20677,2017-01-01,10
20677,2017-02-01,0
20677,2017-03-01,10
20677,2017-04-01,5
20677,2017-05-01,0
20677,2017-06-01,0
20677,2017-07-01,5
20677,2017-08-01,14
20677,2017-09-01,9
20677,2017-10-01,6
20677,2017-11-01,6
20677,2017-12-01,3
20677,2018-01-01,3
20677,2018-02-01,4
20677,2018-03-01,6
20677,2018-04-01,5
20677,2018-05-01,1
20677,2018-06-01,0
20677,2018-07-01,3
20677,2018-08-01,0
20677,2018-09-01,8
20677,2018-10-01,4
20677,2018-11-01,2
20677,2018-12-01,10
20677,2019-01-01,2
20677,2019-02-01,0
20677,2019-03-01,20
20677,2019-04-01,0
20677,2019-05-01,3
20677,2019-06-01,4
20677,2019-07-01,6
20677,2019-08-01,13
20677,2019-09-01,4
20677,2019-10-01,6
20677,2019-11-01,2
20677,2019-12-01,8
20677,2020-01-01,1
20677,2020-02-01,5
20677,2020-03-01,2
20677,2020-04-01,2
20677,2020-05-01,0
20677,2020-06-01,1
20677,2020-07-01,10
20677,2020-08-01,2
20677,2020-09-01,0
20677,2020-10-01,3
20677,2020-11-01,1
20677,2020-12-01,32
20677,2021-01-01,1
20677,2021-02-01,6
20677,2021-03-01,10
20677,2021-04-01,10
20677,2021-05-01,13
20677,2021-06-01,14
20677,2021-07-01,62
20677,2021-08-01,4
20677,2021-09-01,68
20677,2021-10-01,4
20677,2021-11-01,19
20677,2021-12-01,41
20677,2022-01-01,1
20677,2022-02-01,3
20677,2022-03-01,21
20677,2022-04-01,35
20677,2022-05-01,8
20677,2022-06-01,10
20677,2022-07-01,1
20677,2022-08-01,63
20677,2022-09-01,30
20677,2022-10-01,33
20677,2022-11-01,18
20677,2022-12-01,78
20677,2023-01-01,57
20677,2023-02-01,2
20677,2023-03-01,3
20677,2023-04-01,25
20677,2023-05-01,20
20677,2023-06-01,3
20677,2023-07-01,0
20677,2023-08-01,68
20677,2023-09-01,47
20677,2023-10-01,19
20677,2023-11-01,8
20677,2023-12-01,25
20677,2024-01-01,16
20677,2024-02-01,0
20677,2024-03-01,25
20677,2024-04-01,33
20677,2024-05-01,30
20677,2024-06-01,12
20677,2024-07-01,67
20677,2024-08-01,40
20677,2024-09-01,29
20677,2024-10-01,19
20677,2024-11-01,20
20677,2024-12-01,3
20677,2025-01-01,0
20677,2025-02-01,20
20677,2025-03-01,8
20677,2025-04-01,0
20677,2025-05-01,22
20677,2025-06-01,17
20677,2025-07-01,27
20677,2025-08-01,1
20677,2025-09-01,17
20677,2025-10-01,17
20677,2025-11-01,3
20677,2025-12-01,26
20677,2026-01-01,28
20677,2026-02-01,6
20677,2026-03-01,0
20677,2026-04-01,1
20677,2026-05-01,1
20677,2026-06-01,0
20678,2011-03-01,343
20678,2011-04-01,418
20678,2011-05-01,706
20678,2011-06-01,625
20678,2011-07-01,595
20678,2011-08-01,334
20678,2011-09-01,178
20678,2011-10-01,134
20678,2011-11-01,155
20678,2011-12-01,163
20678,2012-01-01,119
20678,2012-02-01,103
20678,2012-03-01,121
20678,2012-04-01,85
20678,2012-05-01,126
20678,2012-06-01,163
20678,2012-07-01,95
20678,2012-08-01,105
20678,2012-09-01,54
20678,2012-10-01,69
20678,2012-11-01,50
20678,2012-12-01,72
20678,2013-01-01,55
20678,2013-02-01,36
20678,2013-03-01,44
20678,2013-04-01,54
20678,2013-05-01,57
20678,2013-06-01,75
20678,2013-07-01,74
20678,2013-08-01,69
20678,2013-09-01,69
20678,2013-10-01,81
20678,2013-11-01,84
20678,2013-12-01,80
20678,2014-01-01,66
20678,2014-02-01,50
20678,2014-03-01,53
20678,2014-04-01,70
20678,2014-05-01,73
20678,2014-06-01,54
20678,2014-07-01,49
20678,2014-08-01,51
20678,2014-09-01,53
20678,2014-10-01,115
20678,2014-11-01,61
20678,2014-12-01,76
20678,2015-01-01,46
20678,2015-02-01,60
20678,2015-03-01,104
20678,2015-04-01,108
20678,2015-05-01,112
20678,2015-06-01,119
20678,2015-07-01,120
20678,2015-08-01,95
20678,2015-09-01,96
20678,2015-10-01,91
20678,2015-11-01,105
20678,2015-12-01,118
20678,2016-01-01,85
20678,2016-02-01,89
20678,2016-03-01,103
20678,2016-04-01,67
20678,2016-05-01,44
20678,2016-06-01,42
20678,2016-07-01,32
20678,2016-08-01,33
20678,2016-09-01,41
20678,2016-10-01,35
20678,2016-11-01,41
20678,2016-12-01,39
20678,2017-01-01,36
20678,2017-02-01,23
20678,2017-03-01,42
20678,2017-04-01,29
20678,2017-05-01,30
20678,2017-06-01,25
20678,2017-07-01,33
20678,2017-08-01,43
20678,2017-09-01,37
20678,2017-10-01,33
20678,2017-11-01,39
20678,2017-12-01,42
20678,2018-01-01,32
20678,2018-02-01,25
20678,2018-03-01,40
20678,2018-04-01,37
20678,2018-05-01,30
20678,2018-06-01,29
20678,2018-07-01,37
20678,2018-08-01,41
20678,2018-09-01,46
20678,2018-10-01,56
20678,2018-11-01,51
20678,2018-12-01,63
20678,2019-01-01,46
20678,2019-02-01,43
20678,2019-03-01,67
20678,2019-04-01,55
20678,2019-05-01,59
20678,2019-06-01,55
20678,2019-07-01,72
20678,2019-08-01,37
20678,2019-09-01,11
20678,2019-10-01,13
20678,2019-11-01,5
20678,2019-12-01,13
20678,2020-01-01,7
20678,2020-02-01,14
20678,2020-03-01,9
20678,2020-04-01,4
20678,2020-05-01,2
20678,2020-06-01,6
20678,2020-07-01,14
20678,2020-08-01,6
20678,2020-09-01,2
20678,2020-10-01,7
20678,2020-11-01,5
20678,2020-12-01,37
20678,2021-01-01,5
20678,2021-02-01,10
20678,2021-03-01,14
20678,2021-04-01,15
20678,2021-05-01,19
20678,2021-06-01,20
20678,2021-07-01,68
20678,2021-08-01,12
20678,2021-09-01,76
20678,2021-10-01,10
20678,2021-11-01,23
20678,2021-12-01,44
20678,2022-01-01,4
20678,2022-02-01,7
20678,2022-03-01,31
20678,2022-04-01,44
20678,2022-05-01,30
20678,2022-06-01,11
20678,2022-07-01,8
20678,2022-08-01,64
20678,2022-09-01,31
20678,2022-10-01,34
20678,2022-11-01,19
20678,2022-12-01,78
20678,2023-01-01,58
20678,2023-02-01,2
20678,2023-03-01,3
20678,2023-04-01,26
20678,2023-05-01,21
20678,2023-06-01,3
20678,2023-07-01,0
20678,2023-08-01,69
20678,2023-09-01,51
20678,2023-10-01,21
20678,2023-11-01,8
20678,2023-12-01,25
20678,2024-01-01,17
20678,2024-02-01,0
20678,2024-03-01,26
20678,2024-04-01,34
20678,2024-05-01,31
20678,2024-06-01,12
20678,2024-07-01,68
20678,2024-08-01,40
20678,2024-09-01,29
20678,2024-10-01,19
20678,2024-11-01,20
20678,2024-12-01,3
20678,2025-01-01,0
20678,2025-02-01,21
20678,2025-03-01,9
20678,2025-04-01,0
20678,2025-05-01,22
20678,2025-06-01,17
20678,2025-07-01,27
20678,2025-08-01,1
20678,2025-09-01,17
20678,2025-10-01,17
20678,2025-11-01,3
20678,2025-12-01,26
20678,2026-01-01,28
20678,2026-02-01,6
20678,2026-03-01,0
20678,2026-04-01,1
20678,2026-05-01,1
20678,2026-06-01,0
20683,2011-03-01,290.76246943782866
20683,2011-04-01,284.6168235129163
20683,2011-05-01,327.1623323958762
20683,2011-06-01,326.40771449237843
20683,2011-07-01,281.6768270409695
20683,2011-08-01,301.4014411759588
20683,2011-09-01,296.39917577331175
20683,2011-10-01,275.81314802024156
20683,2011-11-01,303.88213385144934
20683,2011-12-01,297.20140480830577
20683,2012-01-01,297.8186460852291
20683,2012-02-01,291.4858944647671
20683,2012-03-01,289.7244596915203
20683,2012-04-01,285.6456785953004
20683,2012-05-01,326.2797450109136
20683,2012-06-01,305.7039880651612
20683,2012-07-01,294.7690025061031
20683,2012-08-01,324.6123621554335
20683,2012-09-01,283.5434562159951
20683,2012-10-01,311.50777821540106
20683,2012-11-01,295.2080746375747
20683,2012-12-01,278.3631914064013
20683,2013-01-01,310.3126636314811
20683,2013-02-01,280.28384756795845
20683,2013-03-01,260.19439060300743
20683,2013-04-01,280.2791427798067
20683,2013-05-01,265.39742974336286
20683,2013-06-01,252.3510706062993
20683,2013-07-01,258.3892965094229
20683,2013-08-01,242.54269010050479
20683,2013-09-01,238.07258202100357
20683,2013-10-01,240.93973860036039
20683,2013-11-01,236.37381948398206
20683,2013-12-01,235.7423905785824
20683,2014-01-01,236.4113964353771
20683,2014-02-01,245.644895464296
20683,2014-03-01,217.4362550374536
20683,2014-04-01,237.77482061546172
20683,2014-05-01,233.54189733381847
20683,2014-06-01,259.3517422463467
20683,2014-07-01,238.1683734499625
20683,2014-08-01,203.91565697531755
20683,2014-09-01,234.07620066140163
20683,2014-10-01,224.43048392598416
20683,2014-11-01,195.8479766292381
20683,2014-12-01,196.0867219323738
20683,2015-01-01,187.49187645050637
20683,2015-02-01,175.2862951476475
20683,2015-03-01,188.90035878195965
20683,2015-04-01,184.68166441092924
20683,2015-05-01,170.6392564215059
20683,2015-06-01,179.26559533817996
20683,2015-07-01,178.62957738729983
20683,2015-08-01,154.6236421622857
20683,2015-09-01,167.89745727738966
20683,2015-10-01,145.64948969088414
20683,2015-11-01,150.48634349762338
20683,2015-12-01,154.45832496642112
20683,2016-01-01,132.2869727038383
20683,2016-02-01,133.94756618962737
20683,2016-03-01,125.87028266857452
20683,2016-04-01,116.7429313071348
20683,2016-05-01,112.51449915714085
20683,2016-06-01,110.00849148419071
20683,2016-07-01,100.93273194159971
20683,2016-08-01,107.25908472207249
20683,2016-09-01,93.83233782983453
20683,2016-10-01,91.59830394489867
20683,2016-11-01,97.42395392096846
20683,2016-12-01,94.05617408241098
20683,2017-01-01,87.49510883379229
20683,2017-02-01,80.34856503700944
20683,2017-03-01,89.28876178298728
20683,2017-04-01,72.15446567538727
20683,2017-05-01,80.53574279016141
20683,2017-06-01,78.34489574398337
20683,2017-07-01,74.69407622990127
20683,2017-08-01,77.29826804903512
20683,2017-09-01,77.04375171137765
20683,2017-10-01,80.59617645483739
20683,2017-11-01,79.10090959143906
20683,2017-12-01,77.23113517060065
20683,2018-01-01,87.49672127094718
20683,2018-02-01,82.55498852194677
20683,2018-03-01,89.26170530756625
20683,2018-04-01,91.22208757272453
20683,2018-05-01,80.5618823004495
20683,2018-06-01,76.40632021685926
20683,2018-07-01,76.70486475196873
20683,2018-08-01,77.29093212303229
20683,2018-09-01,67.15899654096678
20683,2018-10-01,76.00797170097671
20683,2018-11-01,73.31718163520827
20683,2018-12-01,67.33062125669211
20683,2019-01-01,70.84290693201149
20683,2019-02-01,69.15004797312959
20683,2019-03-01,64.91340743072779
20683,2019-04-01,69.99697257909949
20683,2019-05-01,73.79980216459155
20683,2019-06-01,59.565090388310956
20683,2019-07-01,73.6705220569539
20683,2019-08-01,64.72330317489441
20683,2019-09-01,63.187594110604174
20683,2019-10-01,66.84610811306179
20683,2019-11-01,59.81245948677499
20683,2019-12-01,63.36238216754664
20683,2020-01-01,64.60548351986321
20683,2020-02-01,63.55564147406605
20683,2020-03-01,58.81901552625944
20683,2020-04-01,46.66286590121846
20683,2020-05-01,37.889478403351106
20683,2020-06-01,41.70730654633476
20683,2020-07-01,44.40811815885205
20683,2020-08-01,40.56771188673342
20683,2020-09-01,42.43712448680121
20683,2020-10-01,42.12363995473894
20683,2020-11-01,37.62339977196983
20683,2020-12-01,44.54913940841472
20683,2021-01-01,39.6095949160433
20683,2021-02-01,45.71076391483152
20683,2021-03-01,47.65888980391614
20683,2021-04-01,47.722818192187376
20683,2021-05-01,51.50488986312777
20683,2021-06-01,54.62341394479154
20683,2021-07-01,53.5003842852531
20683,2021-08-01,58.90738170555731
20683,2021-09-01,59.188902748975075
20683,2021-10-01,54.9436854845038
20683,2021-11-01,57.87940122262762
20683,2021-12-01,67.31845953098599
20683,2022-01-01,62.5487386225363
20683,2022-02-01,64.65655578130146
20683,2022-03-01,73.00616073206392
20683,2022-04-01,69.99265507158653
20683,2022-05-01,77.76645122793163
20683,2022-06-01,76.49083349614004
20683,2022-07-01,70.67361302308838
20683,2022-08-01,79.17981872466927
20683,2022-09-01,71.98451095285422
20683,2022-10-01,69.58256425371079
20683,2022-11-01,57.871493642073546
20683,2022-12-01,52.47232591058076
20683,2023-01-01,48.994323834116514
20683,2023-02-01,44.58105276634725
20683,2023-03-01,40.559282209161175
20683,2023-04-01,33.93236343466102
20683,2023-05-01,35.01001411930248
20683,2023-06-01,31.79869292821254
20683,2023-07-01,24.233858404402945
20683,2023-08-01,28.972169414752713
20683,2023-09-01,31.546783707252093
20683,2023-10-01,29.293886646365262
20683,2023-11-01,29.903126025112986
20683,2023-12-01,26.73699307365905
20683,2024-01-01,35.44464226434201
20683,2024-02-01,30.086092222659982
20683,2024-03-01,27.37514451090297
20683,2024-04-01,29.679441310612834
20683,2024-05-01,24.317558321872795
20683,2024-06-01,24.843643148020202
20683,2024-07-01,29.27910713593068
20683,2024-08-01,28.978698228887477
20683,2024-09-01,23.65847540190125
20683,2024-10-01,27.46132469742535
20683,2024-11-01,22.18908898650604
20683,2024-12-01,22.778384987441136
20683,2025-01-01,22.93799108789025
20683,2025-02-01,24.512927012179986
20683,2025-03-01,23.317063815007398
20683,2025-04-01,24.371337124130395
20683,2025-05-01,24.317675870299603
20683,2025-06-01,24.840700103265238
20683,2025-07-01,22.211698123896596
20683,2025-08-01,18.359925861401372
20683,2025-09-01,19.71852563539919
20683,2025-10-01,20.1388978530246
20683,2025-11-01,21.223153377507398
20683,2025-12-01,20.795448230720986
20683,2026-01-01,6.256019244372546
20683,2026-02-01,4.456760888319773
20683,2026-03-01,5.068299005454915
20683,2026-04-01,3.1783279852378303
20683,2026-05-01,2.9183292915329466
20683,2026-06-01,2.980989261704639
20667,2011-03-01,1516.0785956842062
20667,2011-04-01,1581.2578249886076
20667,2011-05-01,1818.2101502508276
20667,2011-06-01,1910.2796367413155
20667,2011-07-01,1862.7397196757547
20667,2011-08-01,1920.1511408641074
20667,2011-09-01,1898.740955213641
20667,2011-10-01,1869.6844495429013
20667,2011-11-01,2027.9461467552142
20667,2011-12-01,2120.133290182024
20667,2012-01-01,2066.024217672381
20667,2012-02-01,1972.5895518375885
20667,2012-03-01,2375.7424185659897
20667,2012-04-01,2260.1345530287153
20667,2012-05-01,2434.2955297836893
20667,2012-06-01,2648.3896961783844
20667,2012-07-01,2716.536980906797
20667,2012-08-01,2919.848199704903
20667,2012-09-01,2590.480999855815
20667,2012-10-01,2825.6400275870524
20667,2012-11-01,2731.1499912350373
20667,2012-12-01,2614.3192301387908
20667,2013-01-01,2673.1289158068303
20667,2013-02-01,2590.5483703269365
20667,2013-03-01,2562.196707377325
20667,2013-04-01,2712.316465562918
20667,2013-05-01,2718.3253962147883
20667,2013-06-01,2524.9842634431334
20667,2013-07-01,2456.0666801294155
20667,2013-08-01,2434.7214613004408
20667,2013-09-01,2467.460588137853
20667,2013-10-01,2566.4715954281405
20667,2013-11-01,2587.663171956787
20667,2013-12-01,2523.9498602804824
20667,2014-01-01,2509.8087367336893
20667,2014-02-01,2628.74118211121
20667,2014-03-01,2193.7125360274704
20667,2014-04-01,2573.1512935227515
20667,2014-05-01,2396.665824522873
20667,2014-06-01,2374.93737269393
20667,2014-07-01,2643.500102161688
20667,2014-08-01,2500.9445732155036
20667,2014-09-01,2789.58485155097
20667,2014-10-01,2638.7873608520104
20667,2014-11-01,2533.7649453404197
20667,2014-12-01,2782.6185250384033
20667,2015-01-01,2806.525910401136
20667,2015-02-01,2997.913641489275
20667,2015-03-01,3573.983207404993
20667,2015-04-01,3512.532890746392
20667,2015-05-01,2951.3146045371764
20667,2015-06-01,3272.4392849216433
20667,2015-07-01,3446.6208277371456
20667,2015-08-01,3292.431065770241
20667,2015-09-01,3574.952926466456
20667,2015-10-01,3013.1313925855343
20667,2015-11-01,3356.769873366315
20667,2015-12-01,3256.610966725147
20667,2016-01-01,3077.389807794589
20667,2016-02-01,2752.364539860945
20667,2016-03-01,2601.0160961020006
20667,2016-04-01,2348.4063602309775
20667,2016-05-01,2327.82374461674
20667,2016-06-01,2513.5537798825985
20667,2016-07-01,2288.4077414174403
20667,2016-08-01,2443.9205603484716
20667,2016-09-01,2211.4719335117857
20667,2016-10-01,2257.3529776178048
20667,2016-11-01,2211.268032575042
20667,2016-12-01,2216.6060831847194
20667,2017-01-01,2159.6173005802584
20667,2017-02-01,2120.561233546432
20667,2017-03-01,2210.177507030046
20667,2017-04-01,1849.1941668584766
20667,2017-05-01,2083.9964211161932
20667,2017-06-01,1912.5806066269347
20667,2017-07-01,1659.2907345245062
20667,2017-08-01,1759.5698267672437
20667,2017-09-01,1775.9340134337233
20667,2017-10-01,1887.7134226272922
20667,2017-11-01,1960.3689330116883
20667,2017-12-01,1949.5336661768354
20667,2018-01-01,2086.612219949255
20667,2018-02-01,2007.9425272783367
20667,2018-03-01,1932.668358770655
20667,2018-04-01,2110.138288596694
20667,2018-05-01,2077.730661217652
20667,2018-06-01,2285.321800951005
20667,2018-07-01,2412.4597374246523
20667,2018-08-01,2470.091569171206
20667,2018-09-01,2217.547185078243
20667,2018-10-01,2465.1242222762767
20667,2018-11-01,2364.3116810811757
20667,2018-12-01,2229.9094444563216
20667,2019-01-01,2457.6601334050633
20667,2019-02-01,2700.380110865357
20667,2019-03-01,2321.2794699962064
20667,2019-04-01,2811.502704780838
20667,2019-05-01,3093.056886877383
20667,2019-06-01,2933.5292828988513
20667,2019-07-01,3457.121928881169
20667,2019-08-01,3374.446152834508
20667,2019-09-01,3658.7782755522367
20667,2019-10-01,3475.9707205686586
20667,2019-11-01,3146.2147240899285
20667,2019-12-01,3421.550654449594
20667,2020-01-01,3476.597533624831
20667,2020-02-01,3268.825416664185
20667,2020-03-01,5223.929868145554
20667,2020-04-01,8793.612682887444
20667,2020-05-01,8961.09943782469
20667,2020-06-01,6887.780194270241
20667,2020-07-01,4929.950062588496
20667,2020-08-01,3967.3077611378912
20667,2020-09-01,3758.7575298845873
20667,2020-10-01,3554.323913977587
20667,2020-11-01,3591.425497078207
20667,2020-12-01,3536.1951631407665
20667,2021-01-01,3521.69124069214
20667,2021-02-01,3671.2476980278047
20667,2021-03-01,3941.589657872131
20667,2021-04-01,4056.4952256721936
20667,2021-05-01,3764.3714660048704
20667,2021-06-01,3920.619194944159
20667,2021-07-01,4018.125195270644
20667,2021-08-01,4271.680770532304
20667,2021-09-01,4663.857990249592
20667,2021-10-01,4549.47862165895
20667,2021-11-01,4977.958469627938
20667,2021-12-01,5509.064227676818
20667,2022-01-01,4790.62867931006
20667,2022-02-01,5522.296430597186
20667,2022-03-01,5280.056906809882
20667,2022-04-01,5337.356735309029
20667,2022-05-01,5652.829418741004
20667,2022-06-01,5600.766305136966
20667,2022-07-01,5441.879019490153
20667,2022-08-01,5940.847417171822
20667,2022-09-01,6322.025715175194
20667,2022-10-01,6491.1496476030125
20667,2022-11-01,6930.187809584694
20667,2022-12-01,6787.6486564712995
20667,2023-01-01,7180.076175424273
20667,2023-02-01,6736.625281722943
20667,2023-03-01,7141.826060802003
20667,2023-04-01,6313.8103809437735
20667,2023-05-01,7021.24592874843
20667,2023-06-01,6633.899905051769
20667,2023-07-01,6942.517158938754
20667,2023-08-01,7435.518322221705
20667,2023-09-01,6441.38742757814
20667,2023-10-01,6259.832625158436
20667,2023-11-01,5929.638464602389
20667,2023-12-01,5528.226829932145
20667,2024-01-01,6179.326091102958
20667,2024-02-01,5419.985303174952
20667,2024-03-01,4383.412656721635
20667,2024-04-01,5344.288928279058
20667,2024-05-01,4843.930647930983
20667,2024-06-01,4779.569199473675
20667,2024-07-01,5402.659444769324
20667,2024-08-01,4893.639060875572
20667,2024-09-01,4367.011248549355
20667,2024-10-01,4336.143818735603
20667,2024-11-01,4180.097936407152
20667,2024-12-01,4609.106331563205
20667,2025-01-01,4642.799245476827
20667,2025-02-01,4550.392531608105
20667,2025-03-01,3785.6529509310462
20667,2025-04-01,4527.981577234915
20667,2025-05-01,4729.544903411624
20667,2025-06-01,4474.375278607844
20667,2025-07-01,4382.932668696758
20667,2025-08-01,4197.915360348133
20667,2025-09-01,4417.02321372532
20667,2025-10-01,4625.488875286642
20667,2025-11-01,4305.687501164476
20667,2025-12-01,4332.775739241014
20667,2026-01-01,4059.9554931959083
20667,2026-02-01,4171.04159599202
20667,2026-03-01,4290.033669990126
20667,2026-04-01,4242.249573176648
20667,2026-05-01,4413.226825215606
20667,2026-06-01,4898.699622626247
20684,2011-03-01,1906.6431066337148
20684,2011-04-01,1771.0011167904047
20684,2011-05-01,1830.4498852246186
20684,2011-06-01,1947.0602215339861
20684,2011-07-01,1762.6605274497224
20684,2011-08-01,1663.4395733115746
20684,2011-09-01,1584.226501879294
20684,2011-10-01,1575.679142899775
20684,2011-11-01,1697.5454845275879
20684,2011-12-01,1910.1472359658299
20684,2012-01-01,1862.5559254224147
20684,2012-02-01,2014.0095226229746
20684,2012-03-01,1887.6513314883668
20684,2012-04-01,1823.9024587185054
20684,2012-05-01,1744.3813005652987
20684,2012-06-01,1616.8631155897951
20684,2012-07-01,1602.020661737511
20684,2012-08-01,1749.5376578717676
20684,2012-09-01,1578.062497652706
20684,2012-10-01,1745.9640526032642
20684,2012-11-01,1636.4882015644405
20684,2012-12-01,1558.9406214266767
20684,2013-01-01,1751.5848175201402
20684,2013-02-01,1671.2928901556847
20684,2013-03-01,2007.7434191249624
20684,2013-04-01,2383.5862149727855
20684,2013-05-01,2327.3217181943787
20684,2013-06-01,2209.357395926361
20684,2013-07-01,2314.837247792924
20684,2013-08-01,2435.683414267816
20684,2013-09-01,2360.4929305346373
20684,2013-10-01,2417.954077556873
20684,2013-11-01,2632.8665273666857
20684,2013-12-01,2788.017617204118
20684,2014-01-01,2947.2902016745284
20684,2014-02-01,3110.3873526259636
20684,2014-03-01,2504.3065022984365
20684,2014-04-01,2679.5955025735584
20684,2014-05-01,2708.0489673427955
20684,2014-06-01,2520.0187795935362
20684,2014-07-01,2891.469423713463
20684,2014-08-01,2656.1235918590783
20684,2014-09-01,3286.9661072907265
20684,2014-10-01,3355.0380069162275
20684,2014-11-01,2856.6227304380486
20684,2014-12-01,2706.744758308616
20684,2015-01-01,1583.0298332670568
20684,2015-02-01,1531.4985175005038
20684,2015-03-01,1797.8017087876692
20684,2015-04-01,1825.1882867668019
20684,2015-05-01,1642.0751373614148
20684,2015-06-01,1725.7081352836344
20684,2015-07-01,2401.2210773783477
20684,2015-08-01,1700.5782102735452
20684,2015-09-01,1823.1834267587406
20684,2015-10-01,1623.5656501641229
20684,2015-11-01,1741.116834708303
20684,2015-12-01,2342.9781031959005
20684,2016-01-01,1595.7063466753584
20684,2016-02-01,1780.6266941244294
20684,2016-03-01,1436.2382282619674
20684,2016-04-01,1581.415737349993
20684,2016-05-01,1761.7898750481531
20684,2016-06-01,1910.7567566380465
20684,2016-07-01,1826.227775174957
20684,2016-08-01,2029.9652147622378
20684,2016-09-01,1532.2575638507506
20684,2016-10-01,1426.6567951740224
20684,2016-11-01,1716.4376996953195
20684,2016-12-01,2200.0659435097264
20684,2017-01-01,1771.1521950841097
20684,2017-02-01,1334.9717238693127
20684,2017-03-01,1696.2055938771512
20684,2017-04-01,1463.5545759540153
20684,2017-05-01,1545.5606335697275
20684,2017-06-01,1711.0879454485098
20684,2017-07-01,1657.4453027589734
20684,2017-08-01,1630.1529492342142
20684,2017-09-01,1775.6265451091845
20684,2017-10-01,1681.1630214950117
20684,2017-11-01,1569.8951820282798
20684,2017-12-01,1602.7019106082928
20684,2018-01-01,1731.348849593466
20684,2018-02-01,1566.5681281819982
20684,2018-03-01,1822.2172570011655
20684,2018-04-01,1800.2750354926982
20684,2018-05-01,1837.0233483122006
20684,2018-06-01,1961.138945548415
20684,2018-07-01,1988.067148626954
20684,2018-08-01,2302.808594021256
20684,2018-09-01,2009.9988718871834
20684,2018-10-01,2417.999618140371
20684,2018-11-01,2535.7505029378776
20684,2018-12-01,2287.6264471820164
20684,2019-01-01,2360.65112951888
20684,2019-02-01,2621.284207275471
20684,2019-03-01,2437.024402990909
20684,2019-04-01,2840.867939722094
20684,2019-05-01,2785.7979661143413
20684,2019-06-01,2188.3640511332474
20684,2019-07-01,2507.663424392262
20684,2019-08-01,2557.544912250395
20684,2019-09-01,2568.7047057027116
20684,2019-10-01,2416.212163841529
20684,2019-11-01,2363.8033054527295
20684,2019-12-01,2594.2584180061153
20684,2020-01-01,2562.969689191466
20684,2020-02-01,2674.593353130177
20684,2020-03-01,2525.937099928895
20684,2020-04-01,2612.9616047588065
20684,2020-05-01,2484.951723738234
20684,2020-06-01,2326.04915576825
20684,2020-07-01,2353.84200221725
20684,2020-08-01,2404.1470468547786
20684,2020-09-01,2535.4226757637343
20684,2020-10-01,2462.8680154959984
20684,2020-11-01,2236.595499789398
20684,2020-12-01,2376.8093487560627
20684,2021-01-01,2067.8989406271476
20684,2021-02-01,2056.8130237428586
20684,2021-03-01,2085.372007822221
20684,2021-04-01,1875.6465538852453
20684,2021-05-01,2070.326104005884
20684,2021-06-01,2245.931721932669
20684,2021-07-01,2273.445622787966
20684,2021-08-01,2202.0394981402274
20684,2021-09-01,2330.8002952230486
20684,2021-10-01,2443.5248684833564
20684,2021-11-01,2727.3426485981354
20684,2021-12-01,2815.412294733573
20684,2022-01-01,2526.5827875339587
20684,2022-02-01,2638.3421720407
20684,2022-03-01,2753.0995075140518
20684,2022-04-01,3294.077659780056
20684,2022-05-01,2649.6100199893626
20684,2022-06-01,2752.73386475127
20684,2022-07-01,2548.0319194174576
20684,2022-08-01,2669.2651872521606
20684,2022-09-01,3392.823141785082
20684,2022-10-01,2641.245990516451
20684,2022-11-01,2821.6029602040726
20684,2022-12-01,2741.284624508411
20684,2023-01-01,3092.4858709115138
20684,2023-02-01,3243.618784034534
20684,2023-03-01,3364.207011400054
20684,2023-04-01,3109.596027023699
20684,2023-05-01,3470.5664144659254
20684,2023-06-01,2933.7013780351963
20684,2023-07-01,3328.880235728795
20684,2023-08-01,3203.3056442581715
20684,2023-09-01,3079.268185609972
20684,2023-10-01,4095.416945829385
20684,2023-11-01,3215.295440330261
20684,2023-12-01,2883.0403608395554
20684,2024-01-01,3806.048957515166
20684,2024-02-01,3035.132160108094
20684,2024-03-01,3013.483341401624
20684,2024-04-01,3638.7354948913908
20684,2024-05-01,3487.4900604083496
20684,2024-06-01,3567.018403903454
20684,2024-07-01,3853.4057613273094
20684,2024-08-01,3699.3596290758114
20684,2024-09-01,3482.5624841243002
20684,2024-10-01,3789.485154169868
20684,2024-11-01,3205.086564044845
20684,2024-12-01,3449.88510914981
20684,2025-01-01,3852.3127509074397
20684,2025-02-01,3581.0001251403214
20684,2025-03-01,2932.257136284627
20684,2025-04-01,3360.4838275063785
20684,2025-05-01,3525.190657653583
20684,2025-06-01,3390.562746944341
20684,2025-07-01,2897.250809269197
20684,2025-08-01,3418.6257530914004
20684,2025-09-01,4273.899095010286
20684,2025-10-01,3268.2314962279015
20684,2025-11-01,3553.7189771732865
20684,2025-12-01,3755.5123395225564
20684,2026-01-01,3478.658366810628
20684,2026-02-01,3545.3498009428054
20684,2026-03-01,3805.6681167819734
20684,2026-04-01,3443.720807739336
20684,2026-05-01,3084.427988572508
20684,2026-06-01,3768.5688011171464
20663,2011-03-01,25574.77178484553
20663,2011-04-01,25823.857373938772
20663,2011-05-01,25820.829623278863
20663,2011-06-01,27096.84462326695
20663,2011-07-01,27982.01631562173
20663,2011-08-01,27637.646933919892
20663,2011-09-01,28414.446892333297
20663,2011-10-01,25558.194958276228
20663,2011-11-01,27854.703342405686
20663,2011-12-01,29902.908867437418
20663,2012-01-01,25855.508528819013
20663,2012-02-01,26490.661041454132
20663,2012-03-01,28180.86437672841
20663,2012-04-01,26780.71981515033
20663,2012-05-01,27898.923563670534
20663,2012-06-01,29877.22471241124
20663,2012-07-01,27596.728765533542
20663,2012-08-01,31071.081755983283
20663,2012-09-01,24649.190032198072
20663,2012-10-01,27473.578595562118
20663,2012-11-01,27890.304758653507
20663,2012-12-01,27839.495359209046
20663,2013-01-01,29123.502583763657
20663,2013-02-01,30031.63588971463
20663,2013-03-01,29518.964036513033
20663,2013-04-01,32221.434858114266
20663,2013-05-01,30638.1758034422
20663,2013-06-01,30122.045750092417
20663,2013-07-01,29670.47192276291
20663,2013-08-01,33703.453700079306
20663,2013-09-01,29852.870192499307
20663,2013-10-01,30208.260301957034
20663,2013-11-01,31173.592818877263
20663,2013-12-01,30721.228386898794
20663,2014-01-01,32527.110306839135
20663,2014-02-01,36767.768146287664
20663,2014-03-01,29328.73411167099
20663,2014-04-01,29885.930891054497
20663,2014-05-01,31448.52860213467
20663,2014-06-01,29670.926228203665
20663,2014-07-01,30408.863690438637
20663,2014-08-01,30129.7996788053
20663,2014-09-01,30823.436680128925
20663,2014-10-01,37384.100217172585
20663,2014-11-01,34024.963816714
20663,2014-12-01,31926.35893094097
20663,2015-01-01,30827.346472027453
20663,2015-02-01,28489.726968983883
20663,2015-03-01,30126.311011399663
20663,2015-04-01,28014.493515468075
20663,2015-05-01,27370.956708260368
20663,2015-06-01,26477.748601946685
20663,2015-07-01,28559.131714672556
20663,2015-08-01,26719.35559908307
20663,2015-09-01,26123.853348101755
20663,2015-10-01,23500.460854618916
20663,2015-11-01,25917.80572118436
20663,2015-12-01,25818.44561304911
20663,2016-01-01,24386.750045115055
20663,2016-02-01,24940.050011139305
20663,2016-03-01,23961.2463405119
20663,2016-04-01,25151.052625549222
20663,2016-05-01,23640.163305247337
20663,2016-06-01,26182.10429989127
20663,2016-07-01,25776.374744736633
20663,2016-08-01,25019.305963503266
20663,2016-09-01,22841.46563658752
20663,2016-10-01,24260.0353084103
20663,2016-11-01,24446.341207761703
20663,2016-12-01,26075.28555660025
20663,2017-01-01,25688.553643758525
20663,2017-02-01,26842.288195193094
20663,2017-03-01,29492.234845191564
20663,2017-04-01,25572.86932969328
20663,2017-05-01,28209.43049992118
20663,2017-06-01,29627.16953684636
20663,2017-07-01,28242.41807390983
20663,2017-08-01,28703.883144920343
20663,2017-09-01,28826.079321119367
20663,2017-10-01,28579.297375404778
20663,2017-11-01,29725.74265963863
20663,2017-12-01,30746.95888244151
20663,2018-01-01,30571.073492243435
20663,2018-02-01,31287.911654346273
20663,2018-03-01,32713.466775815665
20663,2018-04-01,32766.130386354173
20663,2018-05-01,31718.445211789425
20663,2018-06-01,32604.826181427914
20663,2018-07-01,31733.47844334751
20663,2018-08-01,35074.49234658353
20663,2018-09-01,32623.121931776044
20663,2018-10-01,34103.54486948178
20663,2018-11-01,36209.07347446867
20663,2018-12-01,35465.65814618846
20663,2019-01-01,37343.53952455851
20663,2019-02-01,40715.899851396156
20663,2019-03-01,38156.89774288314
20663,2019-04-01,37455.42087055908
20663,2019-05-01,40176.236297519456
20663,2019-06-01,38740.80802742454
20663,2019-07-01,40265.9887982269
20663,2019-08-01,41928.4709809029
20663,2019-09-01,41599.9706015206
20663,2019-10-01,44015.46373526984
20663,2019-11-01,43146.117821882566
20663,2019-12-01,44408.619689066436
20663,2020-01-01,45101.56834372262
20663,2020-02-01,44617.40272831739
20663,2020-03-01,42854.76102686492
20663,2020-04-01,36987.615203514535
20663,2020-05-01,35992.6535660586
20663,2020-06-01,40958.89918880573
20663,2020-07-01,43382.07630443357
20663,2020-08-01,43904.057350606025
20663,2020-09-01,45524.938077680294
20663,2020-10-01,50511.05138395237
20663,2020-11-01,49234.341414694274
20663,2020-12-01,47381.58328502221
20663,2021-01-01,38558.43697838307
20663,2021-02-01,43393.39311321744
20663,2021-03-01,45104.01701881825
20663,2021-04-01,49494.05972533184
20663,2021-05-01,50655.39136425787
20663,2021-06-01,51001.21160738538
20663,2021-07-01,53474.10459621013
20663,2021-08-01,50844.74534667464
20663,2021-09-01,51029.42743623712
20663,2021-10-01,49583.570032151336
20663,2021-11-01,46117.78577175794
20663,2021-12-01,47122.397858485325
20663,2022-01-01,41337.05019549301
20663,2022-02-01,42282.594582668455
20663,2022-03-01,46914.79067178639
20663,2022-04-01,53222.2142910111
20663,2022-05-01,47509.375221688286
20663,2022-06-01,47217.23198359274
20663,2022-07-01,46460.878601297976
20663,2022-08-01,45660.67725353633
20663,2022-09-01,47545.93329335769
20663,2022-10-01,53510.40220232571
20663,2022-11-01,46405.544799039904
20663,2022-12-01,47802.05723997064
20663,2023-01-01,47236.306918488655
20663,2023-02-01,44631.92564172073
20663,2023-03-01,48850.41050407823
20663,2023-04-01,42044.248103194266
20663,2023-05-01,44724.89111279718
20663,2023-06-01,46139.30718691218
20663,2023-07-01,45383.49154774887
20663,2023-08-01,48457.37346700179
20663,2023-09-01,50051.05763171493
20663,2023-10-01,50181.87776823018
20663,2023-11-01,53452.391101310335
20663,2023-12-01,53487.05736331485
20663,2024-01-01,55515.974698803475
20663,2024-02-01,57315.57259841896
20663,2024-03-01,56700.10784122688
20663,2024-04-01,59865.564588401925
20663,2024-05-01,59864.52662787462
20663,2024-06-01,61243.98793255953
20663,2024-07-01,61353.31096907056
20663,2024-08-01,63759.72239882898
20663,2024-09-01,59827.36292625462
20663,2024-10-01,61282.15533578719
20663,2024-11-01,61155.414647836245
20663,2024-12-01,58291.00837134622
20663,2025-01-01,61828.435221800704
20663,2025-02-01,62825.49951500635
20663,2025-03-01,61373.49654466302
20663,2025-04-01,60595.10888908526
20663,2025-05-01,61444.696311593376
20663,2025-06-01,60562.86499047158
20663,2025-07-01,61944.746212864105
20663,2025-08-01,62837.63076631486
20663,2025-09-01,65505.63822534242
20663,2025-10-01,69346.23464583758
20663,2025-11-01,65468.43859121155
20663,2025-12-01,67466.2313245866
20663,2026-01-01,68592.9022829596
20663,2026-02-01,67676.87829018141
20663,2026-03-01,75358.5528422912
20663,2026-04-01,69373.85092623263
20663,2026-05-01,68716.08406121924
20663,2026-06-01,67932.6980353257
20664,2011-03-01,55175.59246271837
20664,2011-04-01,54111.739332991805
20664,2011-05-01,56394.9000378734
20664,2011-06-01,59276.22780077099
20664,2011-07-01,58575.71418109373
20664,2011-08-01,60019.78838927526
20664,2011-09-01,61373.68681716218
20664,2011-10-01,60101.62734571753
20664,2011-11-01,61122.326096602366
20664,2011-12-01,62552.63013156813
20664,2012-01-01,60698.379649557784
20664,2012-02-01,61868.99852380689
20664,2012-03-01,65216.17372943138
20664,2012-04-01,62877.9775605952
20664,2012-05-01,64350.97793810324
20664,2012-06-01,62610.23240487838
20664,2012-07-01,60605.910222419734
20664,2012-08-01,58684.64461004969
20664,2012-09-01,64794.58823087835
20664,2012-10-01,68043.61038588996
20664,2012-11-01,66502.76826313682
20664,2012-12-01,67254.42034702514
20664,2013-01-01,69980.96617871239
20664,2013-02-01,70057.80223012711
20664,2013-03-01,69218.95123521736
20664,2013-04-01,72195.85260316626
20664,2013-05-01,70516.37744569786
20664,2013-06-01,72522.3370730904
20664,2013-07-01,73784.7699997005
20664,2013-08-01,73768.1903370831
20664,2013-09-01,73033.88236698664
20664,2013-10-01,75208.1436858198
20664,2013-11-01,75699.25086245015
20664,2013-12-01,76628.90946875305
20664,2014-01-01,76682.2819871714
20664,2014-02-01,80911.87016066744
20664,2014-03-01,77931.12007491746
20664,2014-04-01,79218.09043987522
20664,2014-05-01,80384.86720357672
20664,2014-06-01,78931.72875641262
20664,2014-07-01,82247.97975999945
20664,2014-08-01,82370.13140467164
20664,2014-09-01,84764.96103263907
20664,2014-10-01,83048.88454510117
20664,2014-11-01,80699.3466703541
20664,2014-12-01,84928.77905472586
20664,2015-01-01,86859.59967743952
20664,2015-02-01,83083.80187850956
20664,2015-03-01,86426.46395001239
20664,2015-04-01,84871.35018567872
20664,2015-05-01,87356.28871821576
20664,2015-06-01,86384.49290941795
20664,2015-07-01,84660.073310466
20664,2015-08-01,84896.42365679827
20664,2015-09-01,86199.46615285771
20664,2015-10-01,86733.0062739388
20664,2015-11-01,84087.50422399543
20664,2015-12-01,85233.95063455767
20664,2016-01-01,84157.6613714335
20664,2016-02-01,85153.74150535018
20664,2016-03-01,86339.17511865245
20664,2016-04-01,87278.38194851721
20664,2016-05-01,86357.98669382445
20664,2016-06-01,88459.79100885376
20664,2016-07-01,88235.88919444256
20664,2016-08-01,89496.3124712513
20664,2016-09-01,88492.70442151972
20664,2016-10-01,89587.23861460382
20664,2016-11-01,91679.44000062173
20664,2016-12-01,91066.50307586956
20664,2017-01-01,89660.86242895476
20664,2017-02-01,85098.62501973094
20664,2017-03-01,98553.10227115385
20664,2017-04-01,90930.31056226554
20664,2017-05-01,94372.57432214718
20664,2017-06-01,95079.21879746561
20664,2017-07-01,95394.12334542778
20664,2017-08-01,95089.30213330484
20664,2017-09-01,97389.47647370936
20664,2017-10-01,96441.22044301945
20664,2017-11-01,97971.03540817121
20664,2017-12-01,97559.5088542178
20664,2018-01-01,100832.29459341419
20664,2018-02-01,100040.75819251689
20664,2018-03-01,102481.62717334142
20664,2018-04-01,102049.10076460375
20664,2018-05-01,102687.48857182442
20664,2018-06-01,105855.00417358785
20664,2018-07-01,101481.62349820063
20664,2018-08-01,108726.60499747952
20664,2018-09-01,104814.28132991624
20664,2018-10-01,106393.3671610023
20664,2018-11-01,114634.14647563758
20664,2018-12-01,110800.56194049743
20664,2019-01-01,113736.35666169849
20664,2019-02-01,116935.98197864948
20664,2019-03-01,112820.1392535871
20664,2019-04-01,117301.75670847525
20664,2019-05-01,120770.05689909021
20664,2019-06-01,120398.74558501836
20664,2019-07-01,124556.32229663376
20664,2019-08-01,125297.80798580006
20664,2019-09-01,123215.25256213681
20664,2019-10-01,126348.48403814709
20664,2019-11-01,126921.15089105669
20664,2019-12-01,128867.28039590013
20664,2020-01-01,129227.37621554654
20664,2020-02-01,127810.43394024561
20664,2020-03-01,114209.13509593983
20664,2020-04-01,92156.26173738878
20664,2020-05-01,97971.75974044374
20664,2020-06-01,105413.12857470059
20664,2020-07-01,111368.72707474502
20664,2020-08-01,116132.68249991487
20664,2020-09-01,122674.58370699424
20664,2020-10-01,126173.40679071145
20664,2020-11-01,125616.64797111003
20664,2020-12-01,127377.31520905039
20664,2021-01-01,128655.89366766893
20664,2021-02-01,132463.57913554087
20664,2021-03-01,131533.34583256856
20664,2021-04-01,134730.4928018525
20664,2021-05-01,148501.30829726157
20664,2021-06-01,151768.3254006111
20664,2021-07-01,154582.7417612095
20664,2021-08-01,157898.48781379286
20664,2021-09-01,163080.88834780193
20664,2021-10-01,167188.90856014035
20664,2021-11-01,171569.1263768983
20664,2021-12-01,172705.32826725047
20664,2022-01-01,176344.687078244
20664,2022-02-01,179326.22904012416
20664,2022-03-01,199653.81956176288
20664,2022-04-01,200182.88907034203
20664,2022-05-01,203245.6329915976
20664,2022-06-01,203564.62426391264
20664,2022-07-01,206993.93479457285
20664,2022-08-01,206911.38125155494
20664,2022-09-01,209598.51840000617
20664,2022-10-01,208733.32596688127
20664,2022-11-01,190138.7042575346
20664,2022-12-01,193105.99424664764
20664,2023-01-01,191360.73370123468
20664,2023-02-01,194524.19854430293
20664,2023-03-01,203686.18111931116
20664,2023-04-01,198565.3804459852
20664,2023-05-01,203382.82647806956
20664,2023-06-01,206332.94183081295
20664,2023-07-01,203910.242079528
20664,2023-08-01,207836.605209163
20664,2023-09-01,209740.40105604884
20664,2023-10-01,204604.41375518276
20664,2023-11-01,207752.47999690237
20664,2023-12-01,210477.70967262553
20664,2024-01-01,219071.1545340046
20664,2024-02-01,214674.58193024763
20664,2024-03-01,220345.87898833587
20664,2024-04-01,220911.48659249788
20664,2024-05-01,225240.08303312212
20664,2024-06-01,232566.66223286118
20664,2024-07-01,232894.72235919873
20664,2024-08-01,230424.53242135225
20664,2024-09-01,231904.3119043662
20664,2024-10-01,237787.1509423986
20664,2024-11-01,235857.711417397
20664,2024-12-01,233080.91875527607
20664,2025-01-01,239199.15716608445
20664,2025-02-01,259278.52031572175
20664,2025-03-01,246117.28615730652
20664,2025-04-01,253326.799651095
20664,2025-05-01,253642.0640941795
20664,2025-06-01,251955.23658742858
20664,2025-07-01,254362.9570154043
20664,2025-08-01,262373.17203936377
20664,2025-09-01,258272.4417711863
20664,2025-10-01,263739.36769787536
20664,2025-11-01,267997.3161671838
20664,2025-12-01,265723.2377985161
20664,2026-01-01,272623.6988443078
20664,2026-02-01,267447.6248793166
20664,2026-03-01,271597.2415445909
20664,2026-04-01,272413.29167957377
20664,2026-05-01,276458.4047111184
20664,2026-06-01,272874.51525171497
20662,2011-03-01,79698.42034350525
20662,2011-04-01,80656.71748544001
20662,2011-05-01,82527.83563276238
20662,2011-06-01,85373.02689707708
20662,2011-07-01,87198.67301247385
20662,2011-08-01,88525.39365213708
20662,2011-09-01,90383.078418175
20662,2011-10-01,86067.75682035543
20662,2011-11-01,89484.49793270654
20662,2011-12-01,91080.33740076177
20662,2012-01-01,86675.0827524938
20662,2012-02-01,88210.35387720398
20662,2012-03-01,91808.81724584573
20662,2012-04-01,89837.89894645641
20662,2012-05-01,92477.08650366087
20662,2012-06-01,92258.47375517184
20662,2012-07-01,89166.95244745533
20662,2012-08-01,89455.47776014026
20662,2012-09-01,90393.8227601177
20662,2012-10-01,96622.51680571337
20662,2012-11-01,93769.4523246969
20662,2012-12-01,94285.3950037905
20662,2013-01-01,99046.6132985348
20662,2013-02-01,99915.25400258871
20662,2013-03-01,98332.56442732224
20662,2013-04-01,104708.78770966704
20662,2013-05-01,100657.51608288757
20662,2013-06-01,101966.78560161249
20662,2013-07-01,104715.16821821833
20662,2013-08-01,107555.33056163343
20662,2013-09-01,103567.08333757
20662,2013-10-01,106169.02780798177
20662,2013-11-01,106943.53811811631
20662,2013-12-01,106726.01554524023
20662,2014-01-01,108149.54975224992
20662,2014-02-01,117501.81401493005
20662,2014-03-01,106101.22790511935
20662,2014-04-01,110571.91205177791
20662,2014-05-01,111693.41714917039
20662,2014-06-01,107576.48891746635
20662,2014-07-01,113238.50596226544
20662,2014-08-01,112504.59268918502
20662,2014-09-01,117253.67212742183
20662,2014-10-01,120313.61679690557
20662,2014-11-01,114453.17333708759
20662,2014-12-01,116532.77413214951
20662,2015-01-01,117070.98610071193
20662,2015-02-01,111696.10419022181
20662,2015-03-01,115929.88047176867
20662,2015-04-01,113282.17423683654
20662,2015-05-01,114642.44172500605
20662,2015-06-01,112684.29544920943
20662,2015-07-01,112882.77188562196
20662,2015-08-01,111503.90555831602
20662,2015-09-01,113584.89964437179
20662,2015-10-01,110377.01933775461
20662,2015-11-01,109608.88779803303
20662,2015-12-01,110662.22184603718
20662,2016-01-01,108169.46973913896
20662,2016-02-01,110589.85441391812
20662,2016-03-01,110587.9180974877
20662,2016-04-01,112786.56403213859
20662,2016-05-01,110084.26523919337
20662,2016-06-01,113619.5740301594
20662,2016-07-01,113964.95297866636
20662,2016-08-01,114590.68338107505
20662,2016-09-01,111422.4547936134
20662,2016-10-01,114069.01304978492
20662,2016-11-01,116296.6348617512
20662,2016-12-01,116772.31046421008
20662,2017-01-01,115346.00000017972
20662,2017-02-01,112673.39558892639
20662,2017-03-01,127033.49395076855
20662,2017-04-01,117387.9796897447
20662,2017-05-01,122922.83110445291
20662,2017-06-01,123757.81196602654
20662,2017-07-01,123626.04376094177
20662,2017-08-01,123518.75566680182
20662,2017-09-01,126961.5909881481
20662,2017-10-01,125345.21792942344
20662,2017-11-01,126643.44234377182
20662,2017-12-01,127835.33264228459
20662,2018-01-01,131635.86435514348
20662,2018-02-01,132618.7601865749
20662,2018-03-01,135649.92163804802
20662,2018-04-01,134371.55460550357
20662,2018-05-01,134356.75398782964
20662,2018-06-01,138369.20585778204
20662,2018-07-01,133524.6697582446
20662,2018-08-01,142708.21418155363
20662,2018-09-01,137750.48507546095
20662,2018-10-01,141062.2591587959
20662,2018-11-01,149527.09501030346
20662,2018-12-01,145859.70274350618
20662,2019-01-01,151086.7658558872
20662,2019-02-01,159296.35599999773
20662,2019-03-01,150474.78751679917
20662,2019-04-01,155983.78516071523
20662,2019-05-01,160327.66076000963
20662,2019-06-01,158839.4288816414
20662,2019-07-01,165758.0268524189
20662,2019-08-01,166695.28492467265
20662,2019-09-01,164764.99465103922
20662,2019-10-01,170081.40213571105
20662,2019-11-01,169380.19186438672
20662,2019-12-01,172981.34507329637
20662,2020-01-01,173624.58143008765
20662,2020-02-01,174735.373001218
20662,2020-03-01,157080.6261983143
20662,2020-04-01,128244.51821963764
20662,2020-05-01,134466.9313768259
20662,2020-06-01,147358.46924176786
20662,2020-07-01,154178.61608315763
20662,2020-08-01,160140.4061556226
20662,2020-09-01,169748.43171924085
20662,2020-10-01,175698.18661765772
20662,2020-11-01,172923.21649731536
20662,2020-12-01,173822.63555003284
20662,2021-01-01,167913.78496304882
20662,2021-02-01,177373.94762291719
20662,2021-03-01,177048.6069697428
20662,2021-04-01,182167.60141145458
20662,2021-05-01,200136.05443791646
20662,2021-06-01,203945.5382859513
20662,2021-07-01,208147.3453338833
20662,2021-08-01,209441.9136576335
20662,2021-09-01,213778.96029394332
20662,2021-10-01,215529.93621038686
20662,2021-11-01,217859.5382827262
20662,2021-12-01,218577.52211591956
20662,2022-01-01,218910.86990617754
20662,2022-02-01,223607.16843071522
20662,2022-03-01,246470.76794530277
20662,2022-04-01,251739.22822238482
20662,2022-05-01,251985.14569871046
20662,2022-06-01,249796.92911410995
20662,2022-07-01,253654.95908663125
20662,2022-08-01,252986.44141373667
20662,2022-09-01,256554.79676849963
20662,2022-10-01,260643.2805921507
20662,2022-11-01,236670.4663676644
20662,2022-12-01,240490.094676332
20662,2023-01-01,240569.19178140635
20662,2023-02-01,240849.5905125867
20662,2023-03-01,251332.59525959849
20662,2023-04-01,238502.66409145444
20662,2023-05-01,249455.17514864577
20662,2023-06-01,251922.06761011132
20662,2023-07-01,249837.0940910758
20662,2023-08-01,256151.04868583486
20662,2023-09-01,260617.51750641505
20662,2023-10-01,253598.01146098808
20662,2023-11-01,259778.08259138334
20662,2023-12-01,263346.6757064958
20662,2024-01-01,277123.4059845856
20662,2024-02-01,272994.99813650554
20662,2024-03-01,278003.739602085
20662,2024-04-01,278549.92615686875
20662,2024-05-01,284409.03952753753
20662,2024-06-01,293983.1344444173
20662,2024-07-01,295860.9258875373
20662,2024-08-01,294290.22042648384
20662,2024-09-01,291494.9299625886
20662,2024-10-01,297312.78440175613
20662,2024-11-01,297426.8168590347
20662,2024-12-01,291152.2848366552
20662,2025-01-01,301587.4693410797
20662,2025-02-01,324060.66101155995
20662,2025-03-01,306091.8696051651
20662,2025-04-01,313904.469317998
20662,2025-05-01,315042.4216556368
20662,2025-06-01,312065.9728464976
20662,2025-07-01,316955.1175313502
20662,2025-08-01,325461.25065741135
20662,2025-09-01,325102.2517128511
20662,2025-10-01,330461.2314643609
20662,2025-11-01,333616.46936440613
20662,2025-12-01,332815.7294752851
20662,2026-01-01,342610.0575385368
20662,2026-02-01,337447.27860748954
20662,2026-03-01,345398.54971218156
20662,2026-04-01,340450.1285573829
20662,2026-05-01,344943.2757317836
20662,2026-06-01,342004.4895865153
20687,2011-03-01,1420
20687,2011-04-01,1082
20687,2011-05-01,1234
20687,2011-06-01,1863
20687,2011-07-01,157
20687,2011-08-01,418
20687,2011-09-01,833
20687,2011-10-01,472
20687,2011-11-01,795
20687,2011-12-01,1298
20687,2012-01-01,458
20687,2012-02-01,326
20687,2012-03-01,806
20687,2012-04-01,786
20687,2012-05-01,769
20687,2012-06-01,1073
20687,2012-07-01,345
20687,2012-08-01,486
20687,2012-09-01,1377
20687,2012-10-01,1712
20687,2012-11-01,954
20687,2012-12-01,1307
20687,2013-01-01,602
20687,2013-02-01,934
20687,2013-03-01,1424
20687,2013-04-01,635
20687,2013-05-01,1382
20687,2013-06-01,8326
20687,2013-07-01,713
20687,2013-08-01,981
20687,2013-09-01,2345
20687,2013-10-01,841
20687,2013-11-01,1841
20687,2013-12-01,4774
20687,2014-01-01,1295
20687,2014-02-01,1376
20687,2014-03-01,1472
20687,2014-04-01,1497
20687,2014-05-01,1934
20687,2014-06-01,2604
20687,2014-07-01,388
20687,2014-08-01,400
20687,2014-09-01,794
20687,2014-10-01,272
20687,2014-11-01,1250
20687,2014-12-01,771
20687,2015-01-01,722
20687,2015-02-01,328
20687,2015-03-01,2134
20687,2015-04-01,5015
20687,2015-05-01,1244
20687,2015-06-01,1314
20687,2015-07-01,747
20687,2015-08-01,749
20687,2015-09-01,4897
20687,2015-10-01,952
20687,2015-11-01,595
20687,2015-12-01,964
20687,2016-01-01,423
20687,2016-02-01,606
20687,2016-03-01,3380
20687,2016-04-01,2006
20687,2016-05-01,1852
20687,2016-06-01,2368
20687,2016-07-01,1330
20687,2016-08-01,1228
20687,2016-09-01,1101
20687,2016-10-01,1268
20687,2016-11-01,1070
20687,2016-12-01,1000
20687,2017-01-01,359
20687,2017-02-01,677
20687,2017-03-01,1493
20687,2017-04-01,2860
20687,2017-05-01,2190
20687,2017-06-01,2954
20687,2017-07-01,848
20687,2017-08-01,1307
20687,2017-09-01,1952
20687,2017-10-01,1557
20687,2017-11-01,1219
20687,2017-12-01,3546
20687,2018-01-01,1104
20687,2018-02-01,948
20687,2018-03-01,2801
20687,2018-04-01,2813
20687,2018-05-01,1870
20687,2018-06-01,3624
20687,2018-07-01,789
20687,2018-08-01,3977
20687,2018-09-01,784
20687,2018-10-01,1047
20687,2018-11-01,1031
20687,2018-12-01,1336
20687,2019-01-01,1025
20687,2019-02-01,1214
20687,2019-03-01,1248
20687,2019-04-01,1726
20687,2019-05-01,2509
20687,2019-06-01,2060
20687,2019-07-01,1198
20687,2019-08-01,1618
20687,2019-09-01,1801
20687,2019-10-01,1758
20687,2019-11-01,1906
20687,2019-12-01,1789
20687,2020-01-01,695
20687,2020-02-01,757
20687,2020-03-01,1423
20687,2020-04-01,1924
20687,2020-05-01,1508
20687,2020-06-01,1644
20687,2020-07-01,1409
20687,2020-08-01,1561
20687,2020-09-01,2939
20687,2020-10-01,1644
20687,2020-11-01,1841
20687,2020-12-01,1854
20687,2021-01-01,798
20687,2021-02-01,1969
20687,2021-03-01,2463
20687,2021-04-01,1378
20687,2021-05-01,1930
20687,2021-06-01,1597
20687,2021-07-01,968
20687,2021-08-01,1577
20687,2021-09-01,2715
20687,2021-10-01,2331
20687,2021-11-01,2414
20687,2021-12-01,3698
20687,2022-01-01,1888
20687,2022-02-01,2131
20687,2022-03-01,3965
20687,2022-04-01,1552
20687,2022-05-01,3128
20687,2022-06-01,5632
20687,2022-07-01,1909
20687,2022-08-01,2157
20687,2022-09-01,1669
20687,2022-10-01,1063
20687,2022-11-01,882
20687,2022-12-01,1386
20687,2023-01-01,657
20687,2023-02-01,676
20687,2023-03-01,2260
20687,2023-04-01,2155
20687,2023-05-01,1312
20687,2023-06-01,793
20687,2023-07-01,5719
20687,2023-08-01,14155
20687,2023-09-01,4698
20687,2023-10-01,3278
20687,2023-11-01,3100
20687,2023-12-01,4504
20687,2024-01-01,1841
20687,2024-02-01,1932
20687,2024-03-01,4293
20687,2024-04-01,2350
20687,2024-05-01,2088
20687,2024-06-01,3258
20687,2024-07-01,1509
20687,2024-08-01,3344
20687,2024-09-01,2781
20687,2024-10-01,1535
20687,2024-11-01,1654
20687,2024-12-01,2584
20687,2025-01-01,1095
20687,2025-02-01,2507
20687,2025-03-01,3628
20687,2025-04-01,2808
20687,2025-05-01,4714
20687,2025-06-01,4257
20687,2025-07-01,2556
20687,2025-08-01,5077
20687,2025-09-01,7020
20687,2025-10-01,3109
20687,2025-11-01,3567
20687,2025-12-01,7634
20687,2026-01-01,2976
20687,2026-02-01,2787
20687,2026-03-01,7794
20687,2026-04-01,2498
20687,2026-05-01,3746
20687,2026-06-01,4352
20688,2011-03-01,3357.8714816365405
20688,2011-04-01,2256.5999240874885
20688,2011-05-01,2229.9920616386585
20688,2011-06-01,1483.4918941621952
20688,2011-07-01,2358.2495763011802
20688,2011-08-01,2511.999513997378
20688,2011-09-01,2270.0210728206953
20688,2011-10-01,2042.3509140971578
20688,2011-11-01,2187.4042757473903
20688,2011-12-01,1975.2035049850138
20688,2012-01-01,2136.15750625589
20688,2012-02-01,1909.6459463266685
20688,2012-03-01,2349.5977770686304
20688,2012-04-01,2245.1163065760834
20688,2012-05-01,2166.004516887805
20688,2012-06-01,1313.7442727816451
20688,2012-07-01,2409.4322594874993
20688,2012-08-01,3143.356094393828
20688,2012-09-01,2903.4220767152033
20688,2012-10-01,3126.1901214367786
20688,2012-11-01,2575.0151298389633
20688,2012-12-01,2174.7994120089957
20688,2013-01-01,2255.294279128791
20688,2013-02-01,2588.895387838014
20688,2013-03-01,2319.0700709689604
20688,2013-04-01,2730.6031127279693
20688,2013-05-01,2840.7338858594594
20688,2013-06-01,2307.7749367149872
20688,2013-07-01,2247.8153367181462
20688,2013-08-01,2326.052844264287
20688,2013-09-01,2384.247432215699
20688,2013-10-01,2744.41439352037
20688,2013-11-01,2699.8362836643823
20688,2013-12-01,2949.002828972967
20688,2014-01-01,3051.284233479076
20688,2014-02-01,3521.9973581952163
20688,2014-03-01,2965.8364346119893
20688,2014-04-01,3145.4249176706526
20688,2014-05-01,2958.1784050135357
20688,2014-06-01,2994.2472817020075
20688,2014-07-01,3366.324215656932
20688,2014-08-01,2637.8311497760906
20688,2014-09-01,3013.840389855074
20688,2014-10-01,2494.1884885747
20688,2014-11-01,2443.121884868446
20688,2014-12-01,3142.2990597220337
20688,2015-01-01,2924.462471040487
20688,2015-02-01,2982.4576530779364
20688,2015-03-01,2824.430790218887
20688,2015-04-01,2494.0719239321425
20688,2015-05-01,2178.600969697625
20688,2015-06-01,3212.338461873762
20688,2015-07-01,3322.113876577007
20688,2015-08-01,2736.131729994478
20688,2015-09-01,2755.3281165080507
20688,2015-10-01,2583.712122115865
20688,2015-11-01,2911.267610101453
20688,2015-12-01,3033.722614261962
20688,2016-01-01,2381.8681289349897
20688,2016-02-01,1925.381843018141
20688,2016-03-01,2416.2611983198817
20688,2016-04-01,2529.4649786835566
20688,2016-05-01,2643.6779334573143
20688,2016-06-01,3001.577214939792
20688,2016-07-01,2343.4729241778173
20688,2016-08-01,2278.2647386222834
20688,2016-09-01,2347.4797262895486
20688,2016-10-01,2085.463240664084
20688,2016-11-01,3544.8910178866204
20688,2016-12-01,4551.758184245111
20688,2017-01-01,3611.7822824917343
20688,2017-02-01,2803.2886660860268
20688,2017-03-01,2788.423255228634
20688,2017-04-01,2240.5081853139845
20688,2017-05-01,2595.549263513314
20688,2017-06-01,3712.6762799863736
20688,2017-07-01,1794.8848672618628
20688,2017-08-01,1786.9958280241478
20688,2017-09-01,2082.2989114066636
20688,2017-10-01,2680.0781173987666
20688,2017-11-01,2306.3437395129904
20688,2017-12-01,2470.815475034721
20688,2018-01-01,2649.7684100389515
20688,2018-02-01,2809.7787795681493
20688,2018-03-01,2419.723950217774
20688,2018-04-01,2829.356843124996
20688,2018-05-01,2937.098602169964
20688,2018-06-01,1899.7214163925037
20688,2018-07-01,2181.668876727237
20688,2018-08-01,2603.112143092303
20688,2018-09-01,1981.762142020186
20688,2018-10-01,1954.2450790489465
20688,2018-11-01,1759.387885150747
20688,2018-12-01,1376.5049632796931
20688,2019-01-01,865.6172890341792
20688,2019-02-01,1764.4592228165336
20688,2019-03-01,532.9147041909823
20688,2019-04-01,1384.0854779231936
20688,2019-05-01,844.0340953404797
20688,2019-06-01,2664.364862300765
20688,2019-07-01,1642.5680694317616
20688,2019-08-01,1728.457533015684
20688,2019-09-01,2022.6080809873558
20688,2019-10-01,2168.6866541328804
20688,2019-11-01,1857.1559442066655
20688,2019-12-01,1950.1195545093628
20688,2020-01-01,1664.8920508756532
20688,2020-02-01,1895.3059447041205
20688,2020-03-01,2006.151072412857
20688,2020-04-01,2563.9143614823593
20688,2020-05-01,2300.8433325774095
20688,2020-06-01,1992.9304990035816
20688,2020-07-01,3248.8147349405735
20688,2020-08-01,1324.4448431994963
20688,2020-09-01,1326.6754673082958
20688,2020-10-01,1036.7089057303479
20688,2020-11-01,1569.800331327891
20688,2020-12-01,1232.750877480981
20688,2021-01-01,1032.6397568525058
20688,2021-02-01,1203.3833115318184
20688,2021-03-01,2344.241791971838
20688,2021-04-01,1729.367155482442
20688,2021-05-01,2315.273992459038
20688,2021-06-01,2818.481275068803
20688,2021-07-01,2450.8832934730544
20688,2021-08-01,3036.3997916830763
20688,2021-09-01,2362.115315482455
20688,2021-10-01,1719.1325948716465
20688,2021-11-01,1473.5008459258486
20688,2021-12-01,1551.8108820812236
20688,2022-01-01,1671.6383690600414
20688,2022-02-01,2322.002566107128
20688,2022-03-01,2015.233742701784
20688,2022-04-01,1858.9589175688207
20688,2022-05-01,1343.3088723246772
20688,2022-06-01,1525.1924808186263
20688,2022-07-01,1876.607227624846
20688,2022-08-01,1921.1474341532937
20688,2022-09-01,2405.1143820373663
20688,2022-10-01,2959.1737636780204
20688,2022-11-01,2805.8727228187727
20688,2022-12-01,2682.9870108642704
20688,2023-01-01,2918.6325609825612
20688,2023-02-01,2111.979006735731
20688,2023-03-01,1849.3985829899473
20688,2023-04-01,1541.2774364174895
20688,2023-05-01,1641.6427412558667
20688,2023-06-01,1382.2500858400701
20688,2023-07-01,2001.187300137267
20688,2023-08-01,1876.4111242387833
20688,2023-09-01,1824.9511270424107
20688,2023-10-01,2730.1668835811192
20688,2023-11-01,1732.5606466234658
20688,2023-12-01,1940.4114197908907
20688,2024-01-01,1676.4479367908073
20688,2024-02-01,904.8123268608595
20688,2024-03-01,1762.3421057778478
20688,2024-04-01,1532.7399977082569
20688,2024-05-01,1406.324899126984
20688,2024-06-01,2020.7952918194878
20688,2024-07-01,1750.27109402071
20688,2024-08-01,2713.1051963424366
20688,2024-09-01,2672.6660140639456
20688,2024-10-01,2343.8236665114796
20688,2024-11-01,2201.768242329563
20688,2024-12-01,2879.6211069268256
20688,2025-01-01,2785.936523934762
20688,2025-02-01,2849.779948946489
20688,2025-03-01,1745.5381133456906
20688,2025-04-01,4310.384769221309
20688,2025-05-01,4573.986449751433
20688,2025-06-01,2124.8594312840532
20688,2025-07-01,2078.5834844553483
20688,2025-08-01,1276.0652767011416
20688,2025-09-01,1690.022904048126
20688,2025-10-01,1992.0759474026925
20688,2025-11-01,2184.825702452156
20688,2025-12-01,1947.8986920120485
20688,2026-01-01,2413.581450939017
20688,2026-02-01,3371.2319778242477
20688,2026-03-01,2172.362151884081
20688,2026-04-01,2686.2534244672133
20688,2026-05-01,3198.346643318655
20688,2026-06-01,3006.894335455737
20689,2011-03-01,4337.3692158991125
20689,2011-04-01,3519.836408473315
20689,2011-05-01,3284.8883092705705
20689,2011-06-01,2603.982045212885
20689,2011-07-01,2969.064076079833
20689,2011-08-01,3296.180094374812
20689,2011-09-01,2841.184345943355
20689,2011-10-01,3052.01363133187
20689,2011-11-01,2918.1665417047725
20689,2011-12-01,2823.898000287125
20689,2012-01-01,2818.316148635288
20689,2012-02-01,2441.013072412675
20689,2012-03-01,2839.6620485914846
20689,2012-04-01,3089.2934376956855
20689,2012-05-01,2706.0299818094277
20689,2012-06-01,1942.6263710004619
20689,2012-07-01,3261.1796171132346
20689,2012-08-01,4099.458369766077
20689,2012-09-01,3890.7450294184587
20689,2012-10-01,5720.291803985154
20689,2012-11-01,3480.5417309215304
20689,2012-12-01,3066.992441789988
20689,2013-01-01,3209.3931923319556
20689,2013-02-01,4039.9538867719602
20689,2013-03-01,3476.8002508557774
20689,2013-04-01,3235.0287810194186
20689,2013-05-01,3854.063521381082
20689,2013-06-01,7510.29251253984
20689,2013-07-01,3474.727236225949
20689,2013-08-01,3595.200340596704
20689,2013-09-01,4223.843616381556
20689,2013-10-01,4286.80649710644
20689,2013-11-01,4558.117976167716
20689,2013-12-01,6631.340366947508
20689,2014-01-01,5285.00440832847
20689,2014-02-01,5746.953665421562
20689,2014-03-01,4077.1192084972045
20689,2014-04-01,4318.922234227206
20689,2014-05-01,4403.643265124578
20689,2014-06-01,4495.562879962429
20689,2014-07-01,4352.048317301804
20689,2014-08-01,3471.7736271484628
20689,2014-09-01,3603.878269967892
20689,2014-10-01,3324.0456324981383
20689,2014-11-01,3827.9201647914974
20689,2014-12-01,3611.8821697906105
20689,2015-01-01,4302.166107865497
20689,2015-02-01,3732.0926695078906
20689,2015-03-01,4672.338806286589
20689,2015-04-01,7155.079738602319
20689,2015-05-01,3038.1994488761416
20689,2015-06-01,3824.3925687907363
20689,2015-07-01,4709.612857655578
20689,2015-08-01,4001.2124514377842
20689,2015-09-01,7052.702644398907
20689,2015-10-01,4139.384832250824
20689,2015-11-01,3752.669014457258
20689,2015-12-01,3638.98484815304
20689,2016-01-01,3284.2514890508087
20689,2016-02-01,3099.5515905697325
20689,2016-03-01,5564.304676579439
20689,2016-04-01,3893.758459842267
20689,2016-05-01,3977.4581303591567
20689,2016-06-01,4212.653310156899
20689,2016-07-01,4359.090268655454
20689,2016-08-01,4005.295649736758
20689,2016-09-01,3456.365801773965
20689,2016-10-01,3762.143287375876
20689,2016-11-01,4983.5578490805
20689,2016-12-01,4991.905963104656
20689,2017-01-01,4488.263041765267
20689,2017-02-01,4246.641270671954
20689,2017-03-01,3868.980608312486
20689,2017-04-01,4407.684609519251
20689,2017-05-01,4294.619006071477
20689,2017-06-01,5163.354842265201
20689,2017-07-01,3196.1508752574473
20689,2017-08-01,3493.267752619006
20689,2017-09-01,3972.979731810752
20689,2017-10-01,4648.390707811475
20689,2017-11-01,3748.648450976863
20689,2017-12-01,5199.886294718531
20689,2018-01-01,4867.2500364141115
20689,2018-02-01,4550.224779687726
20689,2018-03-01,4787.85600952448
20689,2018-04-01,4853.82415371806
20689,2018-05-01,4312.7026900767805
20689,2018-06-01,4050.205810968819
20689,2018-07-01,3704.233610843681
20689,2018-08-01,6850.261180034356
20689,2018-09-01,2872.2103870248466
20689,2018-10-01,3241.3370105383005
20689,2018-11-01,2936.1942134608157
20689,2018-12-01,2353.4098993283815
20689,2019-01-01,2908.7509631065554
20689,2019-02-01,3709.5819984177015
20689,2019-03-01,1630.434997262188
20689,2019-04-01,2797.9760861208033
20689,2019-05-01,3201.1077347412383
20689,2019-06-01,3664.5710063729634
20689,2019-07-01,3591.6496667338433
20689,2019-08-01,3634.0684257280045
20689,2019-09-01,3715.1800684458367
20689,2019-10-01,4155.251578955802
20689,2019-11-01,3922.5323030880636
20689,2019-12-01,3302.0725754284103
20689,2020-01-01,2945.6944211514146
20689,2020-02-01,2967.0771809654575
20689,2020-03-01,2945.9418875336114
20689,2020-04-01,4026.7993191057453
20689,2020-05-01,3449.7349725452577
20689,2020-06-01,2849.3444704359495
20689,2020-07-01,6073.609179920482
20689,2020-08-01,2983.544454376957
20689,2020-09-01,3737.133061532523
20689,2020-10-01,2761.812051300238
20689,2020-11-01,3570.3482819159476
20689,2020-12-01,2820.133744515104
20689,2021-01-01,2514.7647389406193
20689,2021-02-01,4118.347815340397
20689,2021-03-01,4002.790700897317
20689,2021-04-01,2830.5405591357985
20689,2021-05-01,3949.152698176781
20689,2021-06-01,3539.0451473035364
20689,2021-07-01,4516.4266081967025
20689,2021-08-01,5254.945718765943
20689,2021-09-01,4822.498472255548
20689,2021-10-01,4237.393470084638
20689,2021-11-01,4196.297886075467
20689,2021-12-01,4913.687469409123
20689,2022-01-01,5231.637510884223
20689,2022-02-01,5288.435304956239
20689,2022-03-01,4750.450795847161
20689,2022-04-01,3128.6758826613873
20689,2022-05-01,4586.605813913638
20689,2022-06-01,5861.249229875727
20689,2022-07-01,5032.605004466509
20689,2022-08-01,4072.87755807316
20689,2022-09-01,4151.052579155699
20689,2022-10-01,4460.268041365385
20689,2022-11-01,3676.538651221384
20689,2022-12-01,3379.7205183661504
20689,2023-01-01,3770.101501360344
20689,2023-02-01,2935.7367845535687
20689,2023-03-01,3139.8375840730473
20689,2023-04-01,3603.8590188783296
20689,2023-05-01,2904.8305353444684
20689,2023-06-01,1820.527522818132
20689,2023-07-01,10298.566640019437
20689,2023-08-01,12202.93739888134
20689,2023-09-01,5496.035920669815
20689,2023-10-01,6626.96635091777
20689,2023-11-01,5597.734278718628
20689,2023-12-01,5516.191026692701
20689,2024-01-01,4950.6907804635375
20689,2024-02-01,3688.123699668099
20689,2024-03-01,4434.719232218971
20689,2024-04-01,3928.5589203933664
20689,2024-05-01,3688.824179350748
20689,2024-06-01,4540.978427443067
20689,2024-07-01,4439.586043577959
20689,2024-08-01,5840.498794950613
20689,2024-09-01,5177.430180056417
20689,2024-10-01,4467.595746001076
20689,2024-11-01,4143.074147651759
20689,2024-12-01,4279.78994391787
20689,2025-01-01,4481.680910785238
20689,2025-02-01,6381.608601841108
20689,2025-03-01,3850.5912172514627
20689,2025-04-01,7186.192636776576
20689,2025-05-01,9886.054669065003
20689,2025-06-01,5654.988334425905
20689,2025-07-01,6317.279242777098
20689,2025-08-01,5195.1914259647365
20689,2025-09-01,6754.261405270688
20689,2025-10-01,5817.336830420753
20689,2025-11-01,6657.868422086577
20689,2025-12-01,7712.876486523988
20689,2026-01-01,7713.784968291378
20689,2026-02-01,7167.5015954252
20689,2026-03-01,7048.812002372524
20689,2026-04-01,5580.047687146695
20689,2026-05-01,7527.193518254358
20689,2026-06-01,6751.409073546385
20690,2011-03-01,335
20690,2011-04-01,207
20690,2011-05-01,178
20690,2011-06-01,391
20690,2011-07-01,236
20690,2011-08-01,553
20690,2011-09-01,429
20690,2011-10-01,249
20690,2011-11-01,417
20690,2011-12-01,391
20690,2012-01-01,198
20690,2012-02-01,401
20690,2012-03-01,403
20690,2012-04-01,353
20690,2012-05-01,431
20690,2012-06-01,776
20690,2012-07-01,520
20690,2012-08-01,379
20690,2012-09-01,543
20690,2012-10-01,801
20690,2012-11-01,515
20690,2012-12-01,834
20690,2013-01-01,521
20690,2013-02-01,336
20690,2013-03-01,464
20690,2013-04-01,654
20690,2013-05-01,647
20690,2013-06-01,655
20690,2013-07-01,676
20690,2013-08-01,1195
20690,2013-09-01,619
20690,2013-10-01,1162
20690,2013-11-01,642
20690,2013-12-01,634
20690,2014-01-01,840
20690,2014-02-01,2843
20690,2014-03-01,2470
20690,2014-04-01,1010
20690,2014-05-01,1912
20690,2014-06-01,1263
20690,2014-07-01,1101
20690,2014-08-01,970
20690,2014-09-01,824
20690,2014-10-01,1250
20690,2014-11-01,1487
20690,2014-12-01,2055
20690,2015-01-01,1696
20690,2015-02-01,1266
20690,2015-03-01,875
20690,2015-04-01,757
20690,2015-05-01,920
20690,2015-06-01,1144
20690,2015-07-01,925
20690,2015-08-01,986
20690,2015-09-01,966
20690,2015-10-01,853
20690,2015-11-01,1042
20690,2015-12-01,878
20690,2016-01-01,434
20690,2016-02-01,786
20690,2016-03-01,1223
20690,2016-04-01,1012
20690,2016-05-01,947
20690,2016-06-01,1140
20690,2016-07-01,796
20690,2016-08-01,645
20690,2016-09-01,847
20690,2016-10-01,495
20690,2016-11-01,404
20690,2016-12-01,567
20690,2017-01-01,510
20690,2017-02-01,299
20690,2017-03-01,352
20690,2017-04-01,337
20690,2017-05-01,288
20690,2017-06-01,219
20690,2017-07-01,305
20690,2017-08-01,293
20690,2017-09-01,151
20690,2017-10-01,238
20690,2017-11-01,191
20690,2017-12-01,414
20690,2018-01-01,135
20690,2018-02-01,200
20690,2018-03-01,236
20690,2018-04-01,120
20690,2018-05-01,91
20690,2018-06-01,252
20690,2018-07-01,99
20690,2018-08-01,211
20690,2018-09-01,358
20690,2018-10-01,149
20690,2018-11-01,179
20690,2018-12-01,592
20690,2019-01-01,129
20690,2019-02-01,110
20690,2019-03-01,113
20690,2019-04-01,138
20690,2019-05-01,121
20690,2019-06-01,293
20690,2019-07-01,212
20690,2019-08-01,235
20690,2019-09-01,163
20690,2019-10-01,139
20690,2019-11-01,123
20690,2019-12-01,221
20690,2020-01-01,293
20690,2020-02-01,170
20690,2020-03-01,436
20690,2020-04-01,469
20690,2020-05-01,543
20690,2020-06-01,370
20690,2020-07-01,525
20690,2020-08-01,365
20690,2020-09-01,697
20690,2020-10-01,497
20690,2020-11-01,544
20690,2020-12-01,853
20690,2021-01-01,671
20690,2021-02-01,542
20690,2021-03-01,942
20690,2021-04-01,591
20690,2021-05-01,765
20690,2021-06-01,1236
20690,2021-07-01,983
20690,2021-08-01,1154
20690,2021-09-01,950
20690,2021-10-01,1328
20690,2021-11-01,954
20690,2021-12-01,1590
20690,2022-01-01,652
20690,2022-02-01,872
20690,2022-03-01,1277
20690,2022-04-01,970
20690,2022-05-01,1933
20690,2022-06-01,996
20690,2022-07-01,1096
20690,2022-08-01,1376
20690,2022-09-01,1355
20690,2022-10-01,1369
20690,2022-11-01,1546
20690,2022-12-01,1435
20690,2023-01-01,921
20690,2023-02-01,976
20690,2023-03-01,2002
20690,2023-04-01,1209
20690,2023-05-01,1469
20690,2023-06-01,1543
20690,2023-07-01,1343
20690,2023-08-01,1684
20690,2023-09-01,1909
20690,2023-10-01,1685
20690,2023-11-01,1591
20690,2023-12-01,1865
20690,2024-01-01,1745
20690,2024-02-01,1361
20690,2024-03-01,1420
20690,2024-04-01,1585
20690,2024-05-01,2021
20690,2024-06-01,1774
20690,2024-07-01,1846
20690,2024-08-01,2056
20690,2024-09-01,1940
20690,2024-10-01,1938
20690,2024-11-01,1848
20690,2024-12-01,2156
20690,2025-01-01,1281
20690,2025-02-01,1840
20690,2025-03-01,2061
20690,2025-04-01,2377
20690,2025-05-01,2554
20690,2025-06-01,2657
20690,2025-07-01,2251
20690,2025-08-01,2208
20690,2025-09-01,2348
20690,2025-10-01,2444
20690,2025-11-01,2219
20690,2025-12-01,2873
20690,2026-01-01,1879
20690,2026-02-01,1814
20690,2026-03-01,2492
20690,2026-04-01,2859
20690,2026-05-01,2849
20690,2026-06-01,2751
20691,2011-03-01,1545.1933964232144
20691,2011-04-01,1473.639368754063
20691,2011-05-01,1580.691055660436
20691,2011-06-01,1631.6546190206739
20691,2011-07-01,1568.7490125768923
20691,2011-08-01,1486.6933276707944
20691,2011-09-01,1411.680507361008
20691,2011-10-01,1340.0538587913943
20691,2011-11-01,1515.492582028712
20691,2011-12-01,1494.9990782677198
20691,2012-01-01,1696.2133004585041
20691,2012-02-01,1747.0889640373464
20691,2012-03-01,1782.9559163877886
20691,2012-04-01,1697.7445592734582
20691,2012-05-01,1699.5789839635388
20691,2012-06-01,1748.0986233513818
20691,2012-07-01,1591.450304648497
20691,2012-08-01,1730.0893767105717
20691,2012-09-01,1577.8892222483166
20691,2012-10-01,1849.422808252147
20691,2012-11-01,1655.7431729797988
20691,2012-12-01,1379.9953917056616
20691,2013-01-01,1559.3066544754488
20691,2013-02-01,1609.8813562457053
20691,2013-03-01,1607.8159553693433
20691,2013-04-01,1605.4976921186806
20691,2013-05-01,1906.435729851677
20691,2013-06-01,1654.466201447103
20691,2013-07-01,1847.6110520467175
20691,2013-08-01,1926.1319977882208
20691,2013-09-01,1888.4901457977917
20691,2013-10-01,1730.6175671649505
20691,2013-11-01,1528.9443102207076
20691,2013-12-01,1684.1404647195488
20691,2014-01-01,1620.7601513483112
20691,2014-02-01,1828.161453834116
20691,2014-03-01,1701.7746668190566
20691,2014-04-01,1661.464605769415
20691,2014-05-01,1377.5638258080353
20691,2014-06-01,1187.5412922109454
20691,2014-07-01,1369.8082798926566
20691,2014-08-01,1347.3029499493218
20691,2014-09-01,1912.542819715123
20691,2014-10-01,1663.1232870137023
20691,2014-11-01,1552.9523924190428
20691,2014-12-01,1657.3242443538727
20691,2015-01-01,1769.4408306020619
20691,2015-02-01,1104.3060331031008
20691,2015-03-01,1066.5879459776334
20691,2015-04-01,1197.937585214406
20691,2015-05-01,1028.7137658135243
20691,2015-06-01,1135.1092217816897
20691,2015-07-01,1018.6886369766257
20691,2015-08-01,1097.097209939984
20691,2015-09-01,1053.9006714091763
20691,2015-10-01,915.160482428096
20691,2015-11-01,986.5867726473464
20691,2015-12-01,1030.2215654068834
20691,2016-01-01,977.2632287638152
20691,2016-02-01,830.8417731847069
20691,2016-03-01,900.509954446696
20691,2016-04-01,1084.2271571278834
20691,2016-05-01,1033.8755456241863
20691,2016-06-01,1523.7279764890704
20691,2016-07-01,1038.3782961913832
20691,2016-08-01,749.4330408381466
20691,2016-09-01,755.279925061247
20691,2016-10-01,680.1707356243584
20691,2016-11-01,742.6223764697226
20691,2016-12-01,570.6086312387904
20691,2017-01-01,594.3646788709251
20691,2017-02-01,689.573724948267
20691,2017-03-01,709.3786911241866
20691,2017-04-01,503.02878750822646
20691,2017-05-01,541.3002858542012
20691,2017-06-01,553.7074311530044
20691,2017-07-01,452.3454184320963
20691,2017-08-01,570.9931660933026
20691,2017-09-01,464.63510754023656
20691,2017-10-01,441.79024132166046
20691,2017-11-01,474.17541067981205
20691,2017-12-01,449.8383193565481
20691,2018-01-01,407.5486423053912
20691,2018-02-01,420.17104043944613
20691,2018-03-01,478.58489430041766
20691,2018-04-01,381.121139881181
20691,2018-05-01,389.9604129932919
20691,2018-06-01,317.7513740640328
20691,2018-07-01,883.7179458093029
20691,2018-08-01,579.2847716260136
20691,2018-09-01,532.8239549554556
20691,2018-10-01,511.0462868272481
20691,2018-11-01,443.374668241075
20691,2018-12-01,503.8700100702046
20691,2019-01-01,378.3292627107686
20691,2019-02-01,555.892922025901
20691,2019-03-01,360.5285676859148
20691,2019-04-01,452.94169492966773
20691,2019-05-01,372.514594725115
20691,2019-06-01,475.42131105821653
20691,2019-07-01,575.3946132959471
20691,2019-08-01,477.14079093598616
20691,2019-09-01,498.3028051816144
20691,2019-10-01,563.1699921519022
20691,2019-11-01,469.4894034567295
20691,2019-12-01,457.0110469730168
20691,2020-01-01,472.6964030067772
20691,2020-02-01,383.71185475665175
20691,2020-03-01,834.0519339479155
20691,2020-04-01,774.0848820365858
20691,2020-05-01,783.6635788547269
20691,2020-06-01,530.7134862780906
20691,2020-07-01,561.0368317465715
20691,2020-08-01,387.7988048173383
20691,2020-09-01,385.0544179957385
20691,2020-10-01,317.3365340038404
20691,2020-11-01,317.05113641746385
20691,2020-12-01,586.1627398021124
20691,2021-01-01,561.50389161149
20691,2021-02-01,349.32092372529456
20691,2021-03-01,510.28356728422705
20691,2021-04-01,305.36279781580924
20691,2021-05-01,324.0414767398793
20691,2021-06-01,381.1412389706115
20691,2021-07-01,298.6845728486342
20691,2021-08-01,446.2697790444035
20691,2021-09-01,491.7612985244034
20691,2021-10-01,321.3056504234135
20691,2021-11-01,597.3597338417459
20691,2021-12-01,573.0957118445322
20691,2022-01-01,682.3120034969181
20691,2022-02-01,660.9938945977599
20691,2022-03-01,564.0173504103765
20691,2022-04-01,635.2911099874533
20691,2022-05-01,574.7938964847829
20691,2022-06-01,657.9101892648368
20691,2022-07-01,590.0369003466924
20691,2022-08-01,771.7616137628991
20691,2022-09-01,859.018970443216
20691,2022-10-01,920.1786289533516
20691,2022-11-01,925.0081982293556
20691,2022-12-01,781.7175624145227
20691,2023-01-01,809.2775066255974
20691,2023-02-01,840.3456783096417
20691,2023-03-01,974.7440354241221
20691,2023-04-01,960.316868183012
20691,2023-05-01,1028.6911706330304
20691,2023-06-01,895.7264772287775
20691,2023-07-01,927.201934991007
20691,2023-08-01,896.1931770081011
20691,2023-09-01,905.5963465207569
20691,2023-10-01,862.5648548898902
20691,2023-11-01,858.2908213985091
20691,2023-12-01,884.220083076788
20691,2024-01-01,865.1084850293479
20691,2024-02-01,989.8495172492411
20691,2024-03-01,868.7917456776613
20691,2024-04-01,962.4956299484106
20691,2024-05-01,1119.4285900342027
20691,2024-06-01,1167.029539808796
20691,2024-07-01,911.4641812088402
20691,2024-08-01,913.5953550437516
20691,2024-09-01,822.9332316207083
20691,2024-10-01,800.2890368649339
20691,2024-11-01,724.5140768852993
20691,2024-12-01,766.4143617086795
20691,2025-01-01,765.5032940926386
20691,2025-02-01,1022.338306473992
20691,2025-03-01,666.3870357753879
20691,2025-04-01,893.1862841828437
20691,2025-05-01,867.2780428791614
20691,2025-06-01,731.0008683647504
20691,2025-07-01,975.0326589831992
20691,2025-08-01,977.3596892944386
20691,2025-09-01,894.0596489501345
20691,2025-10-01,1042.5542319073145
20691,2025-11-01,986.1657443753235
20691,2025-12-01,843.2920143582719
20691,2026-01-01,786.1837398832919
20691,2026-02-01,893.2055012977704
20691,2026-03-01,1013.1333146541973
20691,2026-04-01,1206.635858470536
20691,2026-05-01,918.3275841057399
20691,2026-06-01,983.0225601353567
20692,2011-03-01,1846.2322445199156
20692,2011-04-01,1803.9500675596146
20692,2011-05-01,1756.3516554528237
20692,2011-06-01,1965.2285504434292
20692,2011-07-01,1853.3079787245113
20692,2011-08-01,2051.645088290421
20692,2011-09-01,1838.7813895029929
20692,2011-10-01,1487.8105596441192
20692,2011-11-01,1930.1653230306715
20692,2011-12-01,1821.0487141361596
20692,2012-01-01,1922.216926648772
20692,2012-02-01,2249.6883173008364
20692,2012-03-01,2123.801576978889
20692,2012-04-01,2206.058810263223
20692,2012-05-01,2133.0702543858824
20692,2012-06-01,2435.9041078148675
20692,2012-07-01,2162.6193128888394
20692,2012-08-01,2134.2081782670875
20692,2012-09-01,2108.352701397212
20692,2012-10-01,2499.261881361066
20692,2012-11-01,2173.963124180821
20692,2012-12-01,2085.0075287253508
20692,2013-01-01,2147.8471654853174
20692,2013-02-01,2031.223764571119
20692,2013-03-01,2001.880873779432
20692,2013-04-01,2437.737611040503
20692,2013-05-01,2574.813690600335
20692,2013-06-01,2238.6616077175686
20692,2013-07-01,2575.1156630264986
20692,2013-08-01,3154.06163039331
20692,2013-09-01,2467.8775969874073
20692,2013-10-01,2755.743972742809
20692,2013-11-01,2184.1876169988873
20692,2013-12-01,2201.713239917158
20692,2014-01-01,2569.3061474304063
20692,2014-02-01,5209.780293872828
20692,2014-03-01,3953.4209841911893
20692,2014-04-01,2895.506243808408
20692,2014-05-01,3375.9675204654463
20692,2014-06-01,2321.6305394989563
20692,2014-07-01,2503.396687467536
20692,2014-08-01,2335.0818989836753
20692,2014-09-01,2673.6470881020527
20692,2014-10-01,2802.4961245331974
20692,2014-11-01,3047.996171840925
20692,2014-12-01,3374.5121980364174
20692,2015-01-01,3688.751770282634
20692,2015-02-01,2628.5306101357914
20692,2015-03-01,1858.565182958811
20692,2015-04-01,2109.4697938178447
20692,2015-05-01,2012.286791519259
20692,2015-06-01,2154.7530599678357
20692,2015-07-01,1950.5869284507733
20692,2015-08-01,2107.654340545899
20692,2015-09-01,1945.9448606781173
20692,2015-10-01,1722.2458097548163
20692,2015-11-01,2046.5003604156284
20692,2015-12-01,1757.4403852436958
20692,2016-01-01,1445.5631321959554
20692,2016-02-01,1802.0640695117156
20692,2016-03-01,2023.497794738188
20692,2016-04-01,2271.8509253559446
20692,2016-05-01,2058.7047319790986
20692,2016-06-01,2528.2116527024473
20692,2016-07-01,1822.2908350945108
20692,2016-08-01,1410.4062714112922
20692,2016-09-01,1534.5704714326366
20692,2016-10-01,1161.1209230525164
20692,2016-11-01,1175.9227311432612
20692,2016-12-01,1029.5022721039377
20692,2017-01-01,1154.437879527848
20692,2017-02-01,1072.938785897968
20692,2017-03-01,1010.0599670704602
20692,2017-04-01,907.8075729191261
20692,2017-05-01,858.0102164360214
20692,2017-06-01,745.4278268798413
20692,2017-07-01,747.343133138493
20692,2017-08-01,871.1343607222445
20692,2017-09-01,591.4793345887666
20692,2017-10-01,683.0442300384345
20692,2017-11-01,686.778260108281
20692,2017-12-01,775.3567961419369
20692,2018-01-01,555.1748848365888
20692,2018-02-01,678.2588878249842
20692,2018-03-01,672.9809201904299
20692,2018-04-01,535.3613364447874
20692,2018-05-01,498.5783079508246
20692,2018-06-01,545.2428521060427
20692,2018-07-01,975.5413065228785
20692,2018-08-01,787.386649614884
20692,2018-09-01,849.669357336167
20692,2018-10-01,670.9490869628914
20692,2018-11-01,643.8316311928967
20692,2018-12-01,968.9383672328029
20692,2019-01-01,527.1565712332521
20692,2019-02-01,700.6543181686502
20692,2019-03-01,446.4581868670982
20692,2019-04-01,626.4628913259959
20692,2019-05-01,512.1620326794097
20692,2019-06-01,737.3292123291718
20692,2019-07-01,779.4882282518108
20692,2019-08-01,704.0849830665377
20692,2019-09-01,634.4018185098307
20692,2019-10-01,716.3102418259837
20692,2019-11-01,616.417173242866
20692,2019-12-01,624.7707110854507
20692,2020-01-01,824.2237556932115
20692,2020-02-01,608.0680018416678
20692,2020-03-01,1211.6248174226466
20692,2020-04-01,1316.044121502709
20692,2020-05-01,1373.9888867309064
20692,2020-06-01,859.6934686056586
20692,2020-07-01,1071.1796729409377
20692,2020-08-01,738.7385136972607
20692,2020-09-01,1007.251476842996
20692,2020-10-01,811.8287742219301
20692,2020-11-01,880.2447388679019
20692,2020-12-01,1263.4422420042265
20692,2021-01-01,1384.974451228717
20692,2021-02-01,1059.2755998200964
20692,2021-03-01,1397.0553150619485
20692,2021-04-01,961.7643157982611
20692,2021-05-01,1108.9140492416195
20692,2021-06-01,1512.885095313107
20692,2021-07-01,1255.7381806028468
20692,2021-08-01,1564.0003770288397
20692,2021-09-01,1339.6907701864473
20692,2021-10-01,1612.4944261526746
20692,2021-11-01,1593.2185191063838
20692,2021-12-01,1859.7303888433341
20692,2022-01-01,1495.6000854938902
20692,2022-02-01,1817.5416962305399
20692,2022-03-01,1791.7171534942354
20692,2022-04-01,1703.4251779476524
20692,2022-05-01,2515.154457919768
20692,2022-06-01,1554.0143333538542
20692,2022-07-01,1655.7567570342576
20692,2022-08-01,2091.6972243651608
20692,2022-09-01,2077.648868505548
20692,2022-10-01,2256.54668913757
20692,2022-11-01,2543.899921370743
20692,2022-12-01,1943.2085097678905
20692,2023-01-01,1976.053156016334
20692,2023-02-01,2147.100519208456
20692,2023-03-01,2906.367645928336
20692,2023-04-01,2278.6178083747936
20692,2023-05-01,2465.7861778492584
20692,2023-06-01,2289.3824208503897
20692,2023-07-01,2240.2999408482688
20692,2023-08-01,2513.053043009674
20692,2023-09-01,2627.4417733445175
20692,2023-10-01,2494.8964517521317
20692,2023-11-01,2522.413444699274
20692,2023-12-01,2407.2156593758828
20692,2024-01-01,3114.7528899114654
20692,2024-02-01,2815.275732825521
20692,2024-03-01,2236.191760794408
20692,2024-04-01,2686.3279772862393
20692,2024-05-01,3046.754099731584
20692,2024-06-01,2763.8838913402033
20692,2024-07-01,2739.25961192593
20692,2024-08-01,2870.5344835155724
20692,2024-09-01,2593.4450883138697
20692,2024-10-01,2657.312665176882
20692,2024-11-01,2633.87072400315
20692,2024-12-01,2546.9294527308693
20692,2025-01-01,2480.2013595091166
20692,2025-02-01,3467.3131385940464
20692,2025-03-01,2657.563833394579
20692,2025-04-01,3458.2719196648964
20692,2025-05-01,3257.181867393768
20692,2025-06-01,3137.654500342729
20692,2025-07-01,3237.152734124804
20692,2025-08-01,3064.5667575446096
20692,2025-09-01,3038.489940689014
20692,2025-10-01,3365.298408544088
20692,2025-11-01,3257.7936967140968
20692,2025-12-01,3274.668132364229
20692,2026-01-01,3368.4715838335956
20692,2026-02-01,3280.939159018164
20692,2026-03-01,3458.305183244238
20692,2026-04-01,4239.181769264256
20692,2026-05-01,3540.5466149520466
20692,2026-06-01,3449.506234495711
20693,2011-03-01,50
20693,2011-04-01,92
20693,2011-05-01,187
20693,2011-06-01,252
20693,2011-07-01,388
20693,2011-08-01,225
20693,2011-09-01,199
20693,2011-10-01,336
20693,2011-11-01,360
20693,2011-12-01,568
20693,2012-01-01,484
20693,2012-02-01,426
20693,2012-03-01,322
20693,2012-04-01,540
20693,2012-05-01,306
20693,2012-06-01,818
20693,2012-07-01,1295
20693,2012-08-01,2489
20693,2012-09-01,1530
20693,2012-10-01,1894
20693,2012-11-01,926
20693,2012-12-01,1209
20693,2013-01-01,832
20693,2013-02-01,1011
20693,2013-03-01,1745
20693,2013-04-01,2010
20693,2013-05-01,1127
20693,2013-06-01,689
20693,2013-07-01,553
20693,2013-08-01,329
20693,2013-09-01,782
20693,2013-10-01,607
20693,2013-11-01,374
20693,2013-12-01,995
20693,2014-01-01,821
20693,2014-02-01,246
20693,2014-03-01,132
20693,2014-04-01,87
20693,2014-05-01,73
20693,2014-06-01,213
20693,2014-07-01,889
20693,2014-08-01,690
20693,2014-09-01,886
20693,2014-10-01,1017
20693,2014-11-01,271
20693,2014-12-01,418
20693,2015-01-01,189
20693,2015-02-01,134
20693,2015-03-01,33
20693,2015-04-01,71
20693,2015-05-01,105
20693,2015-06-01,152
20693,2015-07-01,88
20693,2015-08-01,196
20693,2015-09-01,73
20693,2015-10-01,1291
20693,2015-11-01,327
20693,2015-12-01,978
20693,2016-01-01,511
20693,2016-02-01,385
20693,2016-03-01,121
20693,2016-04-01,393
20693,2016-05-01,290
20693,2016-06-01,629
20693,2016-07-01,2666
20693,2016-08-01,1828
20693,2016-09-01,1078
20693,2016-10-01,1037
20693,2016-11-01,513
20693,2016-12-01,709
20693,2017-01-01,534
20693,2017-02-01,462
20693,2017-03-01,566
20693,2017-04-01,265
20693,2017-05-01,331
20693,2017-06-01,403
20693,2017-07-01,311
20693,2017-08-01,194
20693,2017-09-01,206
20693,2017-10-01,422
20693,2017-11-01,388
20693,2017-12-01,431
20693,2018-01-01,303
20693,2018-02-01,89
20693,2018-03-01,298
20693,2018-04-01,95
20693,2018-05-01,168
20693,2018-06-01,381
20693,2018-07-01,219
20693,2018-08-01,225
20693,2018-09-01,77
20693,2018-10-01,93
20693,2018-11-01,123
20693,2018-12-01,378
20693,2019-01-01,57
20693,2019-02-01,13
20693,2019-03-01,5
20693,2019-04-01,23
20693,2019-05-01,91
20693,2019-06-01,3
20693,2019-07-01,8
20693,2019-08-01,17
20693,2019-09-01,27
20693,2019-10-01,20
20693,2019-11-01,36
20693,2019-12-01,23
20693,2020-01-01,10
20693,2020-02-01,11
20693,2020-03-01,21
20693,2020-04-01,132
20693,2020-05-01,635
20693,2020-06-01,562
20693,2020-07-01,307
20693,2020-08-01,114
20693,2020-09-01,165
20693,2020-10-01,256
20693,2020-11-01,843
20693,2020-12-01,1479
20693,2021-01-01,34
20693,2021-02-01,15
20693,2021-03-01,50
20693,2021-04-01,45
20693,2021-05-01,54
20693,2021-06-01,140
20693,2021-07-01,48
20693,2021-08-01,42
20693,2021-09-01,133
20693,2021-10-01,18
20693,2021-11-01,32
20693,2021-12-01,29
20693,2022-01-01,14
20693,2022-02-01,159
20693,2022-03-01,46
20693,2022-04-01,77
20693,2022-05-01,80
20693,2022-06-01,85
20693,2022-07-01,91
20693,2022-08-01,112
20693,2022-09-01,167
20693,2022-10-01,321
20693,2022-11-01,274
20693,2022-12-01,248
20693,2023-01-01,157
20693,2023-02-01,104
20693,2023-03-01,151
20693,2023-04-01,115
20693,2023-05-01,191
20693,2023-06-01,247
20693,2023-07-01,543
20693,2023-08-01,510
20693,2023-09-01,583
20693,2023-10-01,297
20693,2023-11-01,319
20693,2023-12-01,315
20693,2024-01-01,267
20693,2024-02-01,271
20693,2024-03-01,656
20693,2024-04-01,484
20693,2024-05-01,462
20693,2024-06-01,342
20693,2024-07-01,869
20693,2024-08-01,1142
20693,2024-09-01,772
20693,2024-10-01,423
20693,2024-11-01,377
20693,2024-12-01,506
20693,2025-01-01,271
20693,2025-02-01,258
20693,2025-03-01,197
20693,2025-04-01,404
20693,2025-05-01,212
20693,2025-06-01,207
20693,2025-07-01,332
20693,2025-08-01,259
20693,2025-09-01,295
20693,2025-10-01,1033
20693,2025-11-01,442
20693,2025-12-01,1543
20693,2026-01-01,284
20693,2026-02-01,229
20693,2026-03-01,290
20693,2026-04-01,133
20693,2026-05-01,194
20693,2026-06-01,210
20694,2011-03-01,6857.0776022613
20694,2011-04-01,7152.799143624084
20694,2011-05-01,7736.031832493951
20694,2011-06-01,9379.787308389172
20694,2011-07-01,10967.394013674373
20694,2011-08-01,10196.143974241306
20694,2011-09-01,9112.03997267527
20694,2011-10-01,8855.704541862788
20694,2011-11-01,12777.042561546781
20694,2011-12-01,8511.136030311782
20694,2012-01-01,7148.968930671086
20694,2012-02-01,8874.960567233597
20694,2012-03-01,8347.034693810678
20694,2012-04-01,8459.267624173888
20694,2012-05-01,8103.5655400768
20694,2012-06-01,7878.795977172935
20694,2012-07-01,11236.155819521346
20694,2012-08-01,9829.69992621057
20694,2012-09-01,11192.743404534329
20694,2012-10-01,11291.53803823763
20694,2012-11-01,11247.236635391526
20694,2012-12-01,14409.88048979062
20694,2013-01-01,12601.198753353108
20694,2013-02-01,10157.47792730841
20694,2013-03-01,12290.594748161813
20694,2013-04-01,14964.274919917356
20694,2013-05-01,16132.988834275422
20694,2013-06-01,14335.980286671918
20694,2013-07-01,11841.807126758076
20694,2013-08-01,13830.756613487873
20694,2013-09-01,12222.02393939699
20694,2013-10-01,12504.277134623631
20694,2013-11-01,13081.261441711807
20694,2013-12-01,11717.05635801018
20694,2014-01-01,18012.346447640863
20694,2014-02-01,18188.669695284698
20694,2014-03-01,15873.395074121407
20694,2014-04-01,13347.61586281756
20694,2014-05-01,8268.049906709737
20694,2014-06-01,12278.556753127299
20694,2014-07-01,12588.603022804937
20694,2014-08-01,14307.018029197074
20694,2014-09-01,14155.444250775692
20694,2014-10-01,13806.335988845214
20694,2014-11-01,11235.378452858547
20694,2014-12-01,11266.039929240605
20694,2015-01-01,10388.974466530053
20694,2015-02-01,9905.232008758965
20694,2015-03-01,13785.609431136261
20694,2015-04-01,8832.496385496934
20694,2015-05-01,11167.739078596313
20694,2015-06-01,11707.178058936166
20694,2015-07-01,8203.846506477514
20694,2015-08-01,8274.962869173572
20694,2015-09-01,8370.880505703151
20694,2015-10-01,11001.037886475693
20694,2015-11-01,9070.968059460018
20694,2015-12-01,7430.018301164701
20694,2016-01-01,6854.916893326137
20694,2016-02-01,5605.1358316387805
20694,2016-03-01,5570.702993088961
20694,2016-04-01,6209.39414041445
20694,2016-05-01,4456.87056618609
20694,2016-06-01,5704.851783870177
20694,2016-07-01,4340.3222023899025
20694,2016-08-01,3915.228351449145
20694,2016-09-01,5163.025363268858
20694,2016-10-01,4160.974949960604
20694,2016-11-01,4522.468489778612
20694,2016-12-01,4058.2428601601764
20694,2017-01-01,3755.1169679050777
20694,2017-02-01,4836.398329068474
20694,2017-03-01,4141.628403759951
20694,2017-04-01,5834.4090621103915
20694,2017-05-01,4583.771714111338
20694,2017-06-01,3519.740890923125
20694,2017-07-01,5014.0820641765395
20694,2017-08-01,2932.5689737640096
20694,2017-09-01,3982.8087998121687
20694,2017-10-01,3549.983376740204
20694,2017-11-01,3568.925999782681
20694,2017-12-01,3742.2260150528327
20694,2018-01-01,3416.67478321055
20694,2018-02-01,2882.6614017819566
20694,2018-03-01,3086.812704918069
20694,2018-04-01,3609.0344062696417
20694,2018-05-01,5770.87934128569
20694,2018-06-01,3155.76909262536
20694,2018-07-01,3421.1466012120127
20694,2018-08-01,3581.7810095892337
20694,2018-09-01,3223.3834371640046
20694,2018-10-01,3009.242612514409
20694,2018-11-01,4363.4760280490445
20694,2018-12-01,6038.817270293589
20694,2019-01-01,6254.684508875127
20694,2019-02-01,4649.704247443951
20694,2019-03-01,4293.775345322748
20694,2019-04-01,1956.8212661470586
20694,2019-05-01,2757.0457675429093
20694,2019-06-01,2712.6284940184364
20694,2019-07-01,2452.6466561989405
20694,2019-08-01,2827.7118709530964
20694,2019-09-01,2292.963656016009
20694,2019-10-01,2715.6998595056407
20694,2019-11-01,3775.2200228490437
20694,2019-12-01,1864.91678279281
20694,2020-01-01,1656.98821982
20694,2020-02-01,2058.4466741028
20694,2020-03-01,1811.4188702339188
20694,2020-04-01,5474.449412056371
20694,2020-05-01,5931.1815975761965
20694,2020-06-01,5129.806866398836
20694,2020-07-01,4178.4757032519
20694,2020-08-01,3987.2768253877894
20694,2020-09-01,2991.315073640348
20694,2020-10-01,2433.868881946846
20694,2020-11-01,1926.0461697826408
20694,2020-12-01,2397.6631181592647
20694,2021-01-01,2131.145641676356
20694,2021-02-01,2538.9560824821356
20694,2021-03-01,3001.7098131592406
20694,2021-04-01,2442.0380159149204
20694,2021-05-01,2640.3862058222267
20694,2021-06-01,2516.096342780812
20694,2021-07-01,2738.0051841122727
20694,2021-08-01,2272.0296189741784
20694,2021-09-01,4968.272279802783
20694,2021-10-01,2350.9643124553986
20694,2021-11-01,2283.2796782991645
20694,2021-12-01,1917.3266969668234
20694,2022-01-01,2483.468146143727
20694,2022-02-01,4449.178633404421
20694,2022-03-01,3489.5543050390907
20694,2022-04-01,4856.264637136728
20694,2022-05-01,6824.557919132903
20694,2022-06-01,3996.015793622476
20694,2022-07-01,3661.731586212601
20694,2022-08-01,5292.2926359122475
20694,2022-09-01,3818.435166465693
20694,2022-10-01,5283.23144333626
20694,2022-11-01,6529.017995302056
20694,2022-12-01,5665.435947502807
20694,2023-01-01,6477.296068036939
20694,2023-02-01,4073.4327286444422
20694,2023-03-01,4757.687564256349
20694,2023-04-01,3047.9308889538593
20694,2023-05-01,4219.675590361163
20694,2023-06-01,4897.644726724658
20694,2023-07-01,4810.78313102569
20694,2023-08-01,3940.9597540700347
20694,2023-09-01,5986.782271243065
20694,2023-10-01,5258.9922544465435
20694,2023-11-01,4692.156036162598
20694,2023-12-01,4295.055789603925
20694,2024-01-01,7084.546399785495
20694,2024-02-01,3432.1145472524313
20694,2024-03-01,5085.508271352889
20694,2024-04-01,5086.715648103783
20694,2024-05-01,5127.316004142189
20694,2024-06-01,5762.619002453491
20694,2024-07-01,4303.762829046671
20694,2024-08-01,5743.393310490847
20694,2024-09-01,4343.35727873808
20694,2024-10-01,9186.676085427176
20694,2024-11-01,4962.757021672445
20694,2024-12-01,4524.769463224112
20694,2025-01-01,5636.540012143872
20694,2025-02-01,9279.290805481409
20694,2025-03-01,2886.1258269374016
20694,2025-04-01,8087.623059258242
20694,2025-05-01,6313.3227104258785
20694,2025-06-01,5301.8580961333955
20694,2025-07-01,9405.30231721866
20694,2025-08-01,6878.891417619679
20694,2025-09-01,9382.37129772556
20694,2025-10-01,8110.241775355093
20694,2025-11-01,8486.412418356309
20694,2025-12-01,10231.787785801416
20694,2026-01-01,7602.657426671795
20694,2026-02-01,7908.10900077851
20694,2026-03-01,7273.380839134418
20694,2026-04-01,7155.874222360113
20694,2026-05-01,5817.579631961094
20694,2026-06-01,6939.908844079106
20695,2011-03-01,156
20695,2011-04-01,115
20695,2011-05-01,156
20695,2011-06-01,112
20695,2011-07-01,188
20695,2011-08-01,155
20695,2011-09-01,249
20695,2011-10-01,501
20695,2011-11-01,186
20695,2011-12-01,153
20695,2012-01-01,71
20695,2012-02-01,79
20695,2012-03-01,258
20695,2012-04-01,302
20695,2012-05-01,105
20695,2012-06-01,158
20695,2012-07-01,331
20695,2012-08-01,149
20695,2012-09-01,155
20695,2012-10-01,227
20695,2012-11-01,204
20695,2012-12-01,204
20695,2013-01-01,134
20695,2013-02-01,125
20695,2013-03-01,221
20695,2013-04-01,277
20695,2013-05-01,157
20695,2013-06-01,176
20695,2013-07-01,184
20695,2013-08-01,179
20695,2013-09-01,323
20695,2013-10-01,439
20695,2013-11-01,518
20695,2013-12-01,508
20695,2014-01-01,441
20695,2014-02-01,225
20695,2014-03-01,439
20695,2014-04-01,212
20695,2014-05-01,254
20695,2014-06-01,130
20695,2014-07-01,226
20695,2014-08-01,394
20695,2014-09-01,526
20695,2014-10-01,624
20695,2014-11-01,219
20695,2014-12-01,553
20695,2015-01-01,294
20695,2015-02-01,295
20695,2015-03-01,309
20695,2015-04-01,305
20695,2015-05-01,484
20695,2015-06-01,533
20695,2015-07-01,264
20695,2015-08-01,399
20695,2015-09-01,395
20695,2015-10-01,289
20695,2015-11-01,356
20695,2015-12-01,752
20695,2016-01-01,358
20695,2016-02-01,306
20695,2016-03-01,383
20695,2016-04-01,291
20695,2016-05-01,274
20695,2016-06-01,354
20695,2016-07-01,382
20695,2016-08-01,343
20695,2016-09-01,348
20695,2016-10-01,384
20695,2016-11-01,408
20695,2016-12-01,475
20695,2017-01-01,309
20695,2017-02-01,258
20695,2017-03-01,248
20695,2017-04-01,358
20695,2017-05-01,259
20695,2017-06-01,221
20695,2017-07-01,246
20695,2017-08-01,379
20695,2017-09-01,150
20695,2017-10-01,264
20695,2017-11-01,306
20695,2017-12-01,293
20695,2018-01-01,210
20695,2018-02-01,123
20695,2018-03-01,241
20695,2018-04-01,145
20695,2018-05-01,242
20695,2018-06-01,151
20695,2018-07-01,175
20695,2018-08-01,233
20695,2018-09-01,291
20695,2018-10-01,315
20695,2018-11-01,252
20695,2018-12-01,412
20695,2019-01-01,557
20695,2019-02-01,244
20695,2019-03-01,157
20695,2019-04-01,161
20695,2019-05-01,268
20695,2019-06-01,220
20695,2019-07-01,204
20695,2019-08-01,232
20695,2019-09-01,209
20695,2019-10-01,263
20695,2019-11-01,300
20695,2019-12-01,634
20695,2020-01-01,173
20695,2020-02-01,102
20695,2020-03-01,196
20695,2020-04-01,224
20695,2020-05-01,240
20695,2020-06-01,156
20695,2020-07-01,173
20695,2020-08-01,141
20695,2020-09-01,107
20695,2020-10-01,131
20695,2020-11-01,196
20695,2020-12-01,327
20695,2021-01-01,149
20695,2021-02-01,206
20695,2021-03-01,255
20695,2021-04-01,437
20695,2021-05-01,140
20695,2021-06-01,146
20695,2021-07-01,207
20695,2021-08-01,574
20695,2021-09-01,326
20695,2021-10-01,194
20695,2021-11-01,417
20695,2021-12-01,373
20695,2022-01-01,122
20695,2022-02-01,479
20695,2022-03-01,331
20695,2022-04-01,163
20695,2022-05-01,264
20695,2022-06-01,406
20695,2022-07-01,173
20695,2022-08-01,658
20695,2022-09-01,342
20695,2022-10-01,292
20695,2022-11-01,303
20695,2022-12-01,878
20695,2023-01-01,350
20695,2023-02-01,196
20695,2023-03-01,519
20695,2023-04-01,122
20695,2023-05-01,166
20695,2023-06-01,747
20695,2023-07-01,320
20695,2023-08-01,246
20695,2023-09-01,273
20695,2023-10-01,851
20695,2023-11-01,315
20695,2023-12-01,271
20695,2024-01-01,355
20695,2024-02-01,315
20695,2024-03-01,294
20695,2024-04-01,590
20695,2024-05-01,465
20695,2024-06-01,844
20695,2024-07-01,278
20695,2024-08-01,1501
20695,2024-09-01,440
20695,2024-10-01,454
20695,2024-11-01,427
20695,2024-12-01,399
20695,2025-01-01,349
20695,2025-02-01,295
20695,2025-03-01,312
20695,2025-04-01,377
20695,2025-05-01,266
20695,2025-06-01,312
20695,2025-07-01,766
20695,2025-08-01,233
20695,2025-09-01,289
20695,2025-10-01,835
20695,2025-11-01,401
20695,2025-12-01,462
20695,2026-01-01,470
20695,2026-02-01,234
20695,2026-03-01,418
20695,2026-04-01,326
20695,2026-05-01,241
20695,2026-06-01,290
20696,2011-03-01,7189.126801118119
20696,2011-04-01,8237.836738053238
20696,2011-05-01,8810.44436138712
20696,2011-06-01,9261.343861703106
20696,2011-07-01,11283.806365942566
20696,2011-08-01,9285.219740086994
20696,2011-09-01,9131.307363446509
20696,2011-10-01,9081.07462381576
20696,2011-11-01,11679.577991288434
20696,2011-12-01,9615.967795148803
20696,2012-01-01,8566.749288462765
20696,2012-02-01,10182.025820816605
20696,2012-03-01,9166.255485040443
20696,2012-04-01,10342.43087740456
20696,2012-05-01,9325.286722253772
20696,2012-06-01,8625.55462280227
20696,2012-07-01,12365.201807762869
20696,2012-08-01,10982.842045599078
20696,2012-09-01,12434.009186357249
20696,2012-10-01,12709.626201261326
20696,2012-11-01,11045.515128250949
20696,2012-12-01,16388.406186637
20696,2013-01-01,14897.703769215586
20696,2013-02-01,12268.179097879534
20696,2013-03-01,14736.069686761994
20696,2013-04-01,19304.925355203104
20696,2013-05-01,19068.150054285416
20696,2013-06-01,15218.571048109881
20696,2013-07-01,11663.507347954877
20696,2013-08-01,12221.358237970522
20696,2013-09-01,13065.232798683443
20696,2013-10-01,12959.55842205596
20696,2013-11-01,12745.363092385356
20696,2013-12-01,13566.047622634462
20696,2014-01-01,20790.26139802659
20696,2014-02-01,19312.40452733495
20696,2014-03-01,16523.571373025385
20696,2014-04-01,15371.9969082408
20696,2014-05-01,9457.64770519048
20696,2014-06-01,13019.421151456712
20696,2014-07-01,12360.692614041489
20696,2014-08-01,12796.655901149197
20696,2014-09-01,15407.36727284967
20696,2014-10-01,14706.705461198739
20696,2014-11-01,10994.85860831778
20696,2014-12-01,12892.710147446169
20696,2015-01-01,11495.297653592119
20696,2015-02-01,10658.514462447623
20696,2015-03-01,13901.186235755375
20696,2015-04-01,10610.03501568135
20696,2015-05-01,12760.075935754061
20696,2015-06-01,12862.658918771145
20696,2015-07-01,7643.004148020365
20696,2015-08-01,7328.275522896018
20696,2015-09-01,8744.204174258453
20696,2015-10-01,11712.996575460602
20696,2015-11-01,9254.716973568393
20696,2015-12-01,9391.577858787006
20696,2016-01-01,8208.559681972449
20696,2016-02-01,6612.327509319418
20696,2016-03-01,5933.708541376569
20696,2016-04-01,7982.169994957016
20696,2016-05-01,5342.790138709015
20696,2016-06-01,6903.461099259079
20696,2016-07-01,6915.855628921568
20696,2016-08-01,5305.159835262373
20696,2016-09-01,6402.157708266275
20696,2016-10-01,5123.109864799477
20696,2016-11-01,5182.059431364992
20696,2016-12-01,5392.692260886829
20696,2017-01-01,4894.064164679369
20696,2017-02-01,5919.82325068897
20696,2017-03-01,4846.103112430145
20696,2017-04-01,7378.567857057713
20696,2017-05-01,5348.3906517330215
20696,2017-06-01,4250.441773284129
20696,2017-07-01,5298.647665958817
20696,2017-08-01,3239.3377690515363
20696,2017-09-01,4037.3353781349606
20696,2017-10-01,3750.6997953630157
20696,2017-11-01,3970.3241359492745
20696,2017-12-01,4825.2096225438645
20696,2018-01-01,3966.857505365221
20696,2018-02-01,3289.446936009278
20696,2018-03-01,3584.6518527001394
20696,2018-04-01,4260.2072584052285
20696,2018-05-01,6285.629816897071
20696,2018-06-01,3740.414160366699
20696,2018-07-01,3798.188168416572
20696,2018-08-01,4060.3611696204725
20696,2018-09-01,3232.6046217638027
20696,2018-10-01,2964.9662682662693
20696,2018-11-01,4265.336789254942
20696,2018-12-01,7359.026031954775
20696,2019-01-01,6590.718661568736
20696,2019-02-01,5434.332202036993
20696,2019-03-01,4490.111105479309
20696,2019-04-01,2305.7168987567393
20696,2019-05-01,3206.006225791482
20696,2019-06-01,2962.3127242508167
20696,2019-07-01,2707.018992244052
20696,2019-08-01,3385.572346754969
20696,2019-09-01,2186.0652446693184
20696,2019-10-01,2569.377144691949
20696,2019-11-01,3587.662697744988
20696,2019-12-01,2407.3637710546695
20696,2020-01-01,1759.621440441502
20696,2020-02-01,2481.4850612411756
20696,2020-03-01,2206.3395914544744
20696,2020-04-01,5910.344022971056
20696,2020-05-01,7048.319325119919
20696,2020-06-01,5978.837095816342
20696,2020-07-01,4729.912305810413
20696,2020-08-01,4889.738469190136
20696,2020-09-01,2799.577178866051
20696,2020-10-01,2502.3781631717798
20696,2020-11-01,2621.1075161122862
20696,2020-12-01,3458.092832646685
20696,2021-01-01,2175.18585902899
20696,2021-02-01,3183.2164482884173
20696,2021-03-01,3819.2963546241303
20696,2021-04-01,2974.744836112953
20696,2021-05-01,2931.2418626368053
20696,2021-06-01,2962.834931802805
20696,2021-07-01,2976.8551894956877
20696,2021-08-01,3226.7634146622268
20696,2021-09-01,4718.4613407722645
20696,2021-10-01,2321.2740694554564
20696,2021-11-01,2439.643981496107
20696,2021-12-01,2025.3616719311995
20696,2022-01-01,2452.687254730541
20696,2022-02-01,5796.926071843402
20696,2022-03-01,4743.6169031659765
20696,2022-04-01,5004.309322725126
20696,2022-05-01,7265.050207432225
20696,2022-06-01,4741.543485680483
20696,2022-07-01,3929.5112953870644
20696,2022-08-01,6686.443425387689
20696,2022-09-01,3992.6583270605993
20696,2022-10-01,5458.879895442598
20696,2022-11-01,6501.891615171281
20696,2022-12-01,5767.470574539875
20696,2023-01-01,6669.745579993615
20696,2023-02-01,4722.346708989686
20696,2023-03-01,6819.0879555094
20696,2023-04-01,3393.1930458774373
20696,2023-05-01,4526.512738461067
20696,2023-06-01,6120.629831807408
20696,2023-07-01,5620.837391033987
20696,2023-08-01,4926.3504090189
20696,2023-09-01,6521.631866234443
20696,2023-10-01,5937.431906398953
20696,2023-11-01,5023.893561314257
20696,2023-12-01,4324.700395845846
20696,2024-01-01,7631.295503933768
20696,2024-02-01,4262.518736767432
20696,2024-03-01,7614.051352105532
20696,2024-04-01,6632.602289632308
20696,2024-05-01,5810.118203426886
20696,2024-06-01,7050.502354054432
20696,2024-07-01,5446.123219257923
20696,2024-08-01,8072.81252362724
20696,2024-09-01,5553.337807535744
20696,2024-10-01,9383.252531867933
20696,2024-11-01,5541.712667117519
20696,2024-12-01,4895.562187200859
20696,2025-01-01,6323.3612384728895
20696,2025-02-01,9648.573593369769
20696,2025-03-01,4253.752024273636
20696,2025-04-01,9428.299645952895
20696,2025-05-01,6138.354096976919
20696,2025-06-01,5829.733465884013
20696,2025-07-01,10557.906398527428
20696,2025-08-01,7253.015793381499
20696,2025-09-01,10189.272145907444
20696,2025-10-01,9283.317758199886
20696,2025-11-01,9014.176620882628
20696,2025-12-01,11357.539801106508
20696,2026-01-01,8449.808769246629
20696,2026-02-01,8101.396721205523
20696,2026-03-01,9927.48057226794
20696,2026-04-01,8080.7547139595445
20696,2026-05-01,5512.197069161947
20696,2026-06-01,7287.373640507037
20697,2011-03-01,1729.681528582052
20697,2011-04-01,1669.348486413486
20697,2011-05-01,1351.5704346752025
20697,2011-06-01,1604.890403211612
20697,2011-07-01,1374.882250772735
20697,2011-08-01,1772.374598719541
20697,2011-09-01,1512.6061283344654
20697,2011-10-01,1380.771547218917
20697,2011-11-01,1789.9294026604505
20697,2011-12-01,2395.4206343058413
20697,2012-01-01,1909.4319277447657
20697,2012-02-01,1604.0336919823837
20697,2012-03-01,828.2978562248352
20697,2012-04-01,979.7106571104953
20697,2012-05-01,2504.2284251881615
20697,2012-06-01,1276.5695068249697
20697,2012-07-01,1094.1327310540885
20697,2012-08-01,1134.288524358972
20697,2012-09-01,1092.8299928706965
20697,2012-10-01,1716.913646983597
20697,2012-11-01,1301.9051508853227
20697,2012-12-01,1779.3866064676015
20697,2013-01-01,1451.7644113870567
20697,2013-02-01,5714.188183592853
20697,2013-03-01,2443.3854025763603
20697,2013-04-01,1729.4118453628676
20697,2013-05-01,2059.970992992248
20697,2013-06-01,2332.769460841408
20697,2013-07-01,1095.0066738590558
20697,2013-08-01,2802.423736369693
20697,2013-09-01,1493.7079476838526
20697,2013-10-01,2672.2960722748885
20697,2013-11-01,1864.0941705502373
20697,2013-12-01,2359.780189937389
20697,2014-01-01,1967.7908252480906
20697,2014-02-01,1931.3596655639872
20697,2014-03-01,2313.0130228089192
20697,2014-04-01,4235.436822833143
20697,2014-05-01,2946.889655324899
20697,2014-06-01,2425.8848894123753
20697,2014-07-01,2247.6250959017884
20697,2014-08-01,2422.2656733705508
20697,2014-09-01,3261.664234134779
20697,2014-10-01,2743.9483118104104
20697,2014-11-01,2737.469770078262
20697,2014-12-01,1810.2186256527086
20697,2015-01-01,2305.4985001875025
20697,2015-02-01,1419.1426843510221
20697,2015-03-01,2174.303223753401
20697,2015-04-01,1452.7090609640154
20697,2015-05-01,1689.6100637965417
20697,2015-06-01,1768.5504982436491
20697,2015-07-01,4129.4944175596675
20697,2015-08-01,1196.422095980714
20697,2015-09-01,2231.618287584708
20697,2015-10-01,1254.0021117890094
20697,2015-11-01,1904.3868341403384
20697,2015-12-01,3149.156309877753
20697,2016-01-01,1253.1472071577239
20697,2016-02-01,1987.7436548157107
20697,2016-03-01,1852.1464328178988
20697,2016-04-01,1401.7223651190964
20697,2016-05-01,1342.9580529143666
20697,2016-06-01,1805.1332518719776
20697,2016-07-01,1778.6433321984275
20697,2016-08-01,1278.119511577956
20697,2016-09-01,1532.8972450471401
20697,2016-10-01,909.0520272785142
20697,2016-11-01,950.137499455636
20697,2016-12-01,1477.1619997427217
20697,2017-01-01,1028.5723489281133
20697,2017-02-01,921.9231354800907
20697,2017-03-01,1068.7755895276027
20697,2017-04-01,929.1558726821104
20697,2017-05-01,967.1302637602114
20697,2017-06-01,914.9033774805846
20697,2017-07-01,1113.054589033401
20697,2017-08-01,1367.3563536679906
20697,2017-09-01,793.8625760135849
20697,2017-10-01,1448.369166512649
20697,2017-11-01,863.7425323893133
20697,2017-12-01,721.024683993958
20697,2018-01-01,897.1679412255776
20697,2018-02-01,1066.3601193630077
20697,2018-03-01,1144.9109620141771
20697,2018-04-01,1014.5330487036387
20697,2018-05-01,694.3757391976508
20697,2018-06-01,1282.708819491213
20697,2018-07-01,1056.1121671066257
20697,2018-08-01,789.9783404131108
20697,2018-09-01,814.1635065692758
20697,2018-10-01,895.2168550754068
20697,2018-11-01,1456.394588634044
20697,2018-12-01,1652.6409206896553
20697,2019-01-01,1063.264319497894
20697,2019-02-01,1202.5521116462944
20697,2019-03-01,843.2102154212971
20697,2019-04-01,1128.3216975754808
20697,2019-05-01,969.3929199018212
20697,2019-06-01,959.0721551394722
20697,2019-07-01,1250.5526706805288
20697,2019-08-01,1019.4348908036643
20697,2019-09-01,1126.3983734536498
20697,2019-10-01,1345.6771905514886
20697,2019-11-01,1620.0015812263441
20697,2019-12-01,1572.589296502151
20697,2020-01-01,2781.4458571840555
20697,2020-02-01,1385.0426388467615
20697,2020-03-01,1634.8435034625882
20697,2020-04-01,1838.79708530881
20697,2020-05-01,3011.3759160943255
20697,2020-06-01,3535.4814680132304
20697,2020-07-01,21848.252126452848
20697,2020-08-01,23693.06204657876
20697,2020-09-01,22665.754309532993
20697,2020-10-01,10706.923392535537
20697,2020-11-01,14367.735309318608
20697,2020-12-01,8141.075257018401
20697,2021-01-01,1979.1402913919578
20697,2021-02-01,2124.526110657118
20697,2021-03-01,2033.5422257229263
20697,2021-04-01,2041.3888202349854
20697,2021-05-01,2220.422802234858
20697,2021-06-01,2275.6958528912082
20697,2021-07-01,18306.62598059414
20697,2021-08-01,2477.6218603270395
20697,2021-09-01,4890.310181924603
20697,2021-10-01,2033.672969269237
20697,2021-11-01,1782.416069456327
20697,2021-12-01,2299.9501354120075
20697,2022-01-01,2045.3456778411364
20697,2022-02-01,2662.07734795976
20697,2022-03-01,3518.6443020354145
20697,2022-04-01,2565.019664716815
20697,2022-05-01,1905.1542228639453
20697,2022-06-01,2387.089732201475
20697,2022-07-01,8490.898130011397
20697,2022-08-01,10051.145625498932
20697,2022-09-01,7510.4865835580495
20697,2022-10-01,5157.998702020281
20697,2022-11-01,5827.0006330865845
20697,2022-12-01,5021.696693741601
20697,2023-01-01,5609.39101657065
20697,2023-02-01,6647.3038409807095
20697,2023-03-01,6476.4970971393195
20697,2023-04-01,5962.880832473892
20697,2023-05-01,8743.827933575909
20697,2023-06-01,6355.471982592899
20697,2023-07-01,6709.977344123743
20697,2023-08-01,5625.992507908968
20697,2023-09-01,3951.1058853992286
20697,2023-10-01,7551.28763025817
20697,2023-11-01,6137.220900419789
20697,2023-12-01,5055.350170598632
20697,2024-01-01,4931.1796063101565
20697,2024-02-01,6144.818903323248
20697,2024-03-01,7051.6824436306315
20697,2024-04-01,7193.764483639069
20697,2024-05-01,7718.583819052502
20697,2024-06-01,7566.817767626161
20697,2024-07-01,7292.221764127398
20697,2024-08-01,7024.864312110558
20697,2024-09-01,5948.434108975073
20697,2024-10-01,13332.451868988486
20697,2024-11-01,11865.944477714229
20697,2024-12-01,11715.221776086364
20697,2025-01-01,9966.681009676768
20697,2025-02-01,14049.45448998633
20697,2025-03-01,12222.132230911277
20697,2025-04-01,16462.4808700394
20697,2025-05-01,10667.900828503016
20697,2025-06-01,10226.618057008065
20697,2025-07-01,10419.56592010267
20697,2025-08-01,12540.249435623411
20697,2025-09-01,13457.924085110093
20697,2025-10-01,11526.069770468388
20697,2025-11-01,7094.664348610649
20697,2025-12-01,7769.585859005503
20697,2026-01-01,10358.118698213022
20697,2026-02-01,7222.566008674052
20697,2026-03-01,6458.529484137615
20697,2026-04-01,7740.363165903852
20697,2026-05-01,9152.38875683894
20697,2026-06-01,7531.98919001854
20686,2011-03-01,15287.300922845352
20686,2011-04-01,14342.291541213905
20686,2011-05-01,14824.656005888635
20686,2011-06-01,14727.155517988933
20686,2011-07-01,17095.02848582605
20686,2011-08-01,17483.54300297129
20686,2011-09-01,16018.88773442074
20686,2011-10-01,14805.103353689236
20686,2011-11-01,20819.503628713497
20686,2011-12-01,16088.195065666152
20686,2012-01-01,15427.43026209754
20686,2012-02-01,16419.1263272568
20686,2012-03-01,14885.974421282213
20686,2012-04-01,15622.074146092758
20686,2012-05-01,16563.440665710856
20686,2012-06-01,13463.379943408381
20686,2012-07-01,18662.91353419422
20686,2012-08-01,19644.98676516535
20686,2012-09-01,20142.679343540716
20686,2012-10-01,22154.580993211242
20686,2012-11-01,20244.18537821138
20686,2012-12-01,23256.422563223226
20686,2013-01-01,22092.245492616443
20686,2013-02-01,24260.890413061992
20686,2013-03-01,22048.399488177154
20686,2013-04-01,24808.45271511279
20686,2013-05-01,27136.688562349907
20686,2013-06-01,27237.94389827004
20686,2013-07-01,18733.74110924107
20686,2013-08-01,23162.0662843122
20686,2013-09-01,21428.57727394494
20686,2013-10-01,22462.47968129638
20686,2013-11-01,23662.64485247142
20686,2013-12-01,23640.394121261335
20686,2014-01-01,31237.953900327626
20686,2014-02-01,33199.896101913335
20686,2014-03-01,26383.345886509695
20686,2014-04-01,24602.021100489208
20686,2014-05-01,20575.55687485319
20686,2014-06-01,21150.590850637433
20686,2014-07-01,21557.808440349843
20686,2014-08-01,22667.97606480709
20686,2014-09-01,24646.294904439725
20686,2014-10-01,23737.83973260894
20686,2014-11-01,22378.62395523619
20686,2014-12-01,21049.7133179124
20686,2015-01-01,22824.454394692624
20686,2015-02-01,19279.207162169554
20686,2015-03-01,21833.409576909922
20686,2015-04-01,19900.13520966184
20686,2015-05-01,19414.716878915002
20686,2015-06-01,19156.10755894806
20686,2015-07-01,18644.09928557134
20686,2015-08-01,15702.312107450207
20686,2015-09-01,20263.06004888076
20686,2015-10-01,19093.179853577472
20686,2015-11-01,18114.5432631661
20686,2015-12-01,17317.85691428649
20686,2016-01-01,14605.869686448927
20686,2016-02-01,14170.517058013493
20686,2016-03-01,15444.76692659823
20686,2016-04-01,14488.308234552287
20686,2016-05-01,12971.482964139223
20686,2016-06-01,15010.35026057562
20686,2016-07-01,15063.812442549368
20686,2016-08-01,12672.83709930379
20686,2016-09-01,13009.734306204185
20686,2016-10-01,11146.902344455242
20686,2016-11-01,12555.677092108805
20686,2016-12-01,11833.386224944346
20686,2017-01-01,11502.506086933417
20686,2017-02-01,12407.521705011464
20686,2017-03-01,11119.72221948869
20686,2017-04-01,13193.644459534533
20686,2017-05-01,11451.342205285751
20686,2017-06-01,11524.123168895305
20686,2017-07-01,10470.769450223786
20686,2017-08-01,9218.085125751435
20686,2017-09-01,9732.12985697404
20686,2017-10-01,10915.260890575124
20686,2017-11-01,9245.636944574451
20686,2017-12-01,10342.709510181605
20686,2018-01-01,9732.021173983176
20686,2018-02-01,9628.764203846924
20686,2018-03-01,11132.402477196205
20686,2018-04-01,11046.953283496203
20686,2018-05-01,11465.077964457785
20686,2018-06-01,9659.670217784307
20686,2018-07-01,9383.409299074992
20686,2018-08-01,12614.617816988968
20686,2018-09-01,8196.34039975262
20686,2018-10-01,8094.066866928471
20686,2018-11-01,9179.209706813259
20686,2018-12-01,12292.846166429727
20686,2019-01-01,11131.758544251163
20686,2019-02-01,11466.465862298697
20686,2019-03-01,7886.18328532626
20686,2019-04-01,7340.855531273498
20686,2019-05-01,7528.798220689339
20686,2019-06-01,8440.19155735455
20686,2019-07-01,8026.853932993741
20686,2019-08-01,8334.30843352835
20686,2019-09-01,8479.511139403325
20686,2019-10-01,9164.520427128145
20686,2019-11-01,9392.166553640242
20686,2019-12-01,7158.691140247533
20686,2020-01-01,8207.15771666711
20686,2020-02-01,7806.239845268266
20686,2020-03-01,8870.924428120328
20686,2020-04-01,14363.052480150289
20686,2020-05-01,14026.17338361637
20686,2020-06-01,12784.645109589417
20686,2020-07-01,33306.13107881333
20686,2020-08-01,26608.410254237668
20686,2020-09-01,33472.95975931275
20686,2020-10-01,17490.209365561794
20686,2020-11-01,21117.50012295306
20686,2020-12-01,15379.333601110486
20686,2021-01-01,8167.149073688742
20686,2021-02-01,11187.668013109174
20686,2021-03-01,12121.461204856323
20686,2021-04-01,10044.882543172687
20686,2021-05-01,9696.150964010605
20686,2021-06-01,10601.418834661132
20686,2021-07-01,26214.596144858824
20686,2021-08-01,10891.298474851224
20686,2021-09-01,16964.881578566787
20686,2021-10-01,10258.127404167395
20686,2021-11-01,9382.886685060266
20686,2021-12-01,10574.797259462774
20686,2022-01-01,10763.476285175626
20686,2022-02-01,16734.46696541043
20686,2022-03-01,15392.373995584032
20686,2022-04-01,14052.504183934661
20686,2022-05-01,15434.185134187757
20686,2022-06-01,15359.379759684582
20686,2022-07-01,17724.409010989602
20686,2022-08-01,18568.711208900244
20686,2022-09-01,18579.317519527445
20686,2022-10-01,17208.570512053284
20686,2022-11-01,18574.80737964973
20686,2022-12-01,17644.440192185753
20686,2023-01-01,18772.32862437845
20686,2023-02-01,18308.603259158186
20686,2023-03-01,18541.28271893305
20686,2023-04-01,17300.001111225407
20686,2023-05-01,18560.664768516366
20686,2023-06-01,17133.047965718226
20686,2023-07-01,21993.239105047207
20686,2023-08-01,22633.33494291168
20686,2023-09-01,19021.02323223283
20686,2023-10-01,22325.647677739096
20686,2023-11-01,19015.566750960526
20686,2023-12-01,17965.925629094138
20686,2024-01-01,21168.963860063377
20686,2024-02-01,18510.862117872213
20686,2024-03-01,20538.372963280948
20686,2024-04-01,22631.899415085696
20686,2024-05-01,20149.99504995758
20686,2024-06-01,23175.808883610345
20686,2024-07-01,18520.20526902237
20686,2024-08-01,20724.00691458338
20686,2024-09-01,19379.640299931074
20686,2024-10-01,29941.36222109862
20686,2024-11-01,24734.314684510722
20686,2024-12-01,23714.214120931523
20686,2025-01-01,23801.439767837983
20686,2025-02-01,36809.702321426514
20686,2025-03-01,21905.239440360077
20686,2025-04-01,40123.723128884805
20686,2025-05-01,29483.406528142517
20686,2025-06-01,26074.666792143522
20686,2025-07-01,29064.449453888476
20686,2025-08-01,24712.783820870416
20686,2025-09-01,32790.46016610767
20686,2025-10-01,29614.573572290665
20686,2025-11-01,28998.670871054277
20686,2025-12-01,33832.65550756931
20686,2026-01-01,33946.442740626175
20686,2026-02-01,30688.42899043186
20686,2026-03-01,28627.849679502673
20686,2026-04-01,30746.498179669135
20686,2026-05-01,32887.90851232409
20686,2026-06-01,31897.525999009627
20699,2011-03-01,42.11188708582937
20699,2011-04-01,39.8664724091652
20699,2011-05-01,44.87541029618078
20699,2011-06-01,57.97051067115823
20699,2011-07-01,50.22508838338837
20699,2011-08-01,39.66974436220356
20699,2011-09-01,89.29146493276667
20699,2011-10-01,38.54533109165248
20699,2011-11-01,57.02735116445756
20699,2011-12-01,86.3594524369822
20699,2012-01-01,73.32795690331126
20699,2012-02-01,51.03767818056221
20699,2012-03-01,70.773618631863
20699,2012-04-01,85.99556561829807
20699,2012-05-01,89.40174308844998
20699,2012-06-01,164.5028302611261
20699,2012-07-01,85.91214422088771
20699,2012-08-01,105.68642782493136
20699,2012-09-01,95.69719295419141
20699,2012-10-01,102.80526940295594
20699,2012-11-01,114.60338062912825
20699,2012-12-01,155.0822894588594
20699,2013-01-01,174.2752907428446
20699,2013-02-01,218.84837046996427
20699,2013-03-01,188.4988021671618
20699,2013-04-01,209.0780968220512
20699,2013-05-01,241.9684888004539
20699,2013-06-01,233.46901691071642
20699,2013-07-01,231.948289241528
20699,2013-08-01,241.0144364786073
20699,2013-09-01,248.899344542204
20699,2013-10-01,247.6131605786697
20699,2013-11-01,252.94755011076285
20699,2013-12-01,236.87819108354435
20699,2014-01-01,255.31119583977318
20699,2014-02-01,240.24791592267914
20699,2014-03-01,293.99455126867525
20699,2014-04-01,310.1134381262277
20699,2014-05-01,234.88241427484007
20699,2014-06-01,240.94055116151586
20699,2014-07-01,325.3487446059746
20699,2014-08-01,286.36090360346327
20699,2014-09-01,443.2588022046469
20699,2014-10-01,361.58353875755637
20699,2014-11-01,386.2091264036428
20699,2014-12-01,347.0956036292686
20699,2015-01-01,316.67151382900323
20699,2015-02-01,469.9492868340595
20699,2015-03-01,556.0006831007755
20699,2015-04-01,393.9171492901036
20699,2015-05-01,349.0833349932647
20699,2015-06-01,454.7898588611373
20699,2015-07-01,539.8575946935093
20699,2015-08-01,571.9611127255489
20699,2015-09-01,614.3948492900904
20699,2015-10-01,673.906343923659
20699,2015-11-01,601.2529676664349
20699,2015-12-01,795.5183517757175
20699,2016-01-01,656.2123976593517
20699,2016-02-01,534.7483705093725
20699,2016-03-01,582.322219433997
20699,2016-04-01,538.4991433197061
20699,2016-05-01,524.3440037201915
20699,2016-06-01,598.3553427486446
20699,2016-07-01,568.5696018956696
20699,2016-08-01,629.5220357167244
20699,2016-09-01,631.7268603015746
20699,2016-10-01,618.9961020994716
20699,2016-11-01,654.334246595643
20699,2016-12-01,700.1512390065755
20699,2017-01-01,500.6775685317015
20699,2017-02-01,515.5122217302242
20699,2017-03-01,628.1888444146216
20699,2017-04-01,580.1010568650712
20699,2017-05-01,736.605687092433
20699,2017-06-01,807.4333124759412
20699,2017-07-01,749.9345174251741
20699,2017-08-01,926.4617433976503
20699,2017-09-01,944.0960516116942
20699,2017-10-01,837.4634949704276
20699,2017-11-01,847.3893632576738
20699,2017-12-01,709.8837901968321
20699,2018-01-01,739.2108225980928
20699,2018-02-01,702.0266045125373
20699,2018-03-01,552.7888537916946
20699,2018-04-01,587.7757044628494
20699,2018-05-01,678.4733930695585
20699,2018-06-01,740.4182118757724
20699,2018-07-01,839.9216821497587
20699,2018-08-01,817.2879244816397
20699,2018-09-01,842.955088757081
20699,2018-10-01,1043.6565767453333
20699,2018-11-01,1129.359963043899
20699,2018-12-01,1026.1587572407457
20699,2019-01-01,2205.7221968263884
20699,2019-02-01,2408.3832369039305
20699,2019-03-01,2122.309659038705
20699,2019-04-01,2840.132212552183
20699,2019-05-01,3053.15375622275
20699,2019-06-01,2387.3279201140776
20699,2019-07-01,1885.9100844728832
20699,2019-08-01,1460.6876126161853
20699,2019-09-01,1490.394234586721
20699,2019-10-01,1833.8915246110448
20699,2019-11-01,1896.7611089691504
20699,2019-12-01,2430.0468294156617
20699,2020-01-01,2369.488357860899
20699,2020-02-01,2215.887849912672
20699,2020-03-01,2633.782831246033
20699,2020-04-01,2292.8764035413014
20699,2020-05-01,2151.927777880705
20699,2020-06-01,2158.286030331298
20699,2020-07-01,1831.9334430055062
20699,2020-08-01,2026.6721050258002
20699,2020-09-01,2773.1765760360604
20699,2020-10-01,3163.774132174759
20699,2020-11-01,3970.077320394003
20699,2020-12-01,4090.5777871179084
20699,2021-01-01,4083.588576090623
20699,2021-02-01,4570.284698029982
20699,2021-03-01,6237.894532790466
20699,2021-04-01,6540.878438603762
20699,2021-05-01,5885.332251457838
20699,2021-06-01,5830.00049510754
20699,2021-07-01,7706.767482095446
20699,2021-08-01,6371.9241439709695
20699,2021-09-01,7079.63462855684
20699,2021-10-01,5649.867119295314
20699,2021-11-01,6335.989855951994
20699,2021-12-01,6253.033506358135
20699,2022-01-01,5221.456983337036
20699,2022-02-01,5681.087289912623
20699,2022-03-01,4977.514879509897
20699,2022-04-01,6572.161798418757
20699,2022-05-01,8560.661733792653
20699,2022-06-01,7913.506978580552
20699,2022-07-01,19238.660814225113
20699,2022-08-01,14303.333415571027
20699,2022-09-01,7601.452222533051
20699,2022-10-01,6903.878891048262
20699,2022-11-01,6008.688713881327
20699,2022-12-01,5436.080666533725
20699,2023-01-01,6787.6386327600385
20699,2023-02-01,6847.797079483728
20699,2023-03-01,7865.681423034288
20699,2023-04-01,5801.566966300043
20699,2023-05-01,6939.0150494919135
20699,2023-06-01,7053.413520666301
20699,2023-07-01,11400.852943126523
20699,2023-08-01,12433.273845079235
20699,2023-09-01,13180.554006779024
20699,2023-10-01,11821.772757647206
20699,2023-11-01,11803.934643040206
20699,2023-12-01,11135.03144008602
20699,2024-01-01,11384.376234837557
20699,2024-02-01,11209.138224845627
20699,2024-03-01,9286.127642272313
20699,2024-04-01,9005.05622603545
20699,2024-05-01,7421.033158361257
20699,2024-06-01,7444.724552997648
20699,2024-07-01,7036.988833234064
20699,2024-08-01,8266.213754764778
20699,2024-09-01,11142.990115454202
20699,2024-10-01,9832.086747272397
20699,2024-11-01,8559.929393729444
20699,2024-12-01,8602.59907728925
20699,2025-01-01,8585.422574928629
20699,2025-02-01,9067.817408917508
20699,2025-03-01,8018.576242396814
20699,2025-04-01,8051.279084418131
20699,2025-05-01,8156.716476933452
20699,2025-06-01,7164.472031143512
20699,2025-07-01,6280.54014846253
20699,2025-08-01,5251.100595197405
20699,2025-09-01,6619.400976170693
20699,2025-10-01,6869.823562953517
20699,2025-11-01,7017.5495228662885
20699,2025-12-01,7884.583167141394
20699,2026-01-01,6392.43245232573
20699,2026-02-01,5393.40889759698
20699,2026-03-01,5578.01551370865
20699,2026-04-01,5506.818426060109
20699,2026-05-01,6051.493185335585
20699,2026-06-01,6311.787384441189
20700,2011-03-01,3179.016790474977
20700,2011-04-01,3394.0502660082307
20700,2011-05-01,3489.6768223024346
20700,2011-06-01,3652.7570333942003
20700,2011-07-01,4073.3615155173247
20700,2011-08-01,4355.083046609443
20700,2011-09-01,4712.923950920498
20700,2011-10-01,4047.344142368434
20700,2011-11-01,4175.061502417552
20700,2011-12-01,3763.9235789059667
20700,2012-01-01,4071.776671612197
20700,2012-02-01,4105.339113517734
20700,2012-03-01,4041.2539614881794
20700,2012-04-01,4082.6738383070274
20700,2012-05-01,4631.242181504743
20700,2012-06-01,4167.131396954608
20700,2012-07-01,3775.5998108628005
20700,2012-08-01,5315.372972887395
20700,2012-09-01,5082.628851626489
20700,2012-10-01,5670.510598884107
20700,2012-11-01,5849.977127652915
20700,2012-12-01,6041.9632398513295
20700,2013-01-01,4100.663113768588
20700,2013-02-01,4652.991903141342
20700,2013-03-01,5592.157394702219
20700,2013-04-01,5780.925931307964
20700,2013-05-01,5915.18086007218
20700,2013-06-01,7246.250511952823
20700,2013-07-01,6226.595792878942
20700,2013-08-01,6203.674809291859
20700,2013-09-01,6176.264814610518
20700,2013-10-01,6498.630097551102
20700,2013-11-01,6522.2762339741375
20700,2013-12-01,6580.069335184695
20700,2014-01-01,6537.1706376499005
20700,2014-02-01,7344.536345323588
20700,2014-03-01,6522.712241650233
20700,2014-04-01,7797.163729322512
20700,2014-05-01,7861.879900469098
20700,2014-06-01,7224.444419476578
20700,2014-07-01,7267.231816305198
20700,2014-08-01,7100.386006496189
20700,2014-09-01,7489.657015142204
20700,2014-10-01,7160.007225848689
20700,2014-11-01,6648.12764565441
20700,2014-12-01,6839.6988014155095
20700,2015-01-01,6277.216705337451
20700,2015-02-01,5635.377465952486
20700,2015-03-01,5401.108379428227
20700,2015-04-01,5063.694834170281
20700,2015-05-01,5195.793841471508
20700,2015-06-01,5903.654997051626
20700,2015-07-01,8675.70754918083
20700,2015-08-01,7526.940038090105
20700,2015-09-01,6928.661517430459
20700,2015-10-01,5800.580028021238
20700,2015-11-01,6551.6670973511755
20700,2015-12-01,6568.9072887600005
20700,2016-01-01,5274.924302197541
20700,2016-02-01,6377.967950244418
20700,2016-03-01,6938.81353709426
20700,2016-04-01,6803.55807657385
20700,2016-05-01,6282.247442910571
20700,2016-06-01,7461.006893728067
20700,2016-07-01,6018.767123607252
20700,2016-08-01,5883.147723291235
20700,2016-09-01,5923.667395399724
20700,2016-10-01,4975.922901284653
20700,2016-11-01,6413.748979432627
20700,2016-12-01,6901.475237589491
20700,2017-01-01,7134.710039575912
20700,2017-02-01,7317.214176958553
20700,2017-03-01,8424.172675935604
20700,2017-04-01,6909.410464933475
20700,2017-05-01,7346.268456493733
20700,2017-06-01,7244.663083646937
20700,2017-07-01,5684.647439147553
20700,2017-08-01,7045.2050005276205
20700,2017-09-01,7011.052772145764
20700,2017-10-01,6953.364812078296
20700,2017-11-01,7091.238547941172
20700,2017-12-01,6951.591365779338
20700,2018-01-01,7151.132988485897
20700,2018-02-01,7302.8194059397
20700,2018-03-01,8108.2649561468515
20700,2018-04-01,8545.270829438932
20700,2018-05-01,8128.63712013264
20700,2018-06-01,8042.890987548662
20700,2018-07-01,7755.573663376658
20700,2018-08-01,8030.760992923185
20700,2018-09-01,7482.927695658396
20700,2018-10-01,7623.30621406241
20700,2018-11-01,7507.01445102781
20700,2018-12-01,7029.600891950461
20700,2019-01-01,4187.779218674633
20700,2019-02-01,5056.46710325779
20700,2019-03-01,4880.716325279142
20700,2019-04-01,5669.089918367237
20700,2019-05-01,6150.466507814292
20700,2019-06-01,6796.309798086099
20700,2019-07-01,7084.259273272741
20700,2019-08-01,7572.581398281662
20700,2019-09-01,7760.28685032313
20700,2019-10-01,7613.809289471531
20700,2019-11-01,7166.89344543406
20700,2019-12-01,7089.49395191579
20700,2020-01-01,7311.621562460147
20700,2020-02-01,6817.857527021384
20700,2020-03-01,7759.443234487831
20700,2020-04-01,9448.39057790896
20700,2020-05-01,8742.611924201598
20700,2020-06-01,8222.210938015658
20700,2020-07-01,9648.433730714409
20700,2020-08-01,8155.779500567814
20700,2020-09-01,8151.125379026593
20700,2020-10-01,7724.436622809232
20700,2020-11-01,7571.35115159599
20700,2020-12-01,7910.64734227153
20700,2021-01-01,7505.0730216390875
20700,2021-02-01,6818.807799095693
20700,2021-03-01,8238.824666402492
20700,2021-04-01,8991.86657190153
20700,2021-05-01,9302.293691018285
20700,2021-06-01,11471.401120462815
20700,2021-07-01,9232.334889574215
20700,2021-08-01,8778.61628221469
20700,2021-09-01,8987.205265474338
20700,2021-10-01,10434.94882820633
20700,2021-11-01,11155.845997404986
20700,2021-12-01,11125.673181976772
20700,2022-01-01,11895.373921795159
20700,2022-02-01,6822.102050339662
20700,2022-03-01,6826.312855947967
20700,2022-04-01,6380.220354207063
20700,2022-05-01,6619.761478108209
20700,2022-06-01,15819.36213314639
20700,2022-07-01,7942.448291471394
20700,2022-08-01,12605.232888903945
20700,2022-09-01,14658.749587351214
20700,2022-10-01,13346.519039526118
20700,2022-11-01,14238.327357709077
20700,2022-12-01,15389.444920911217
20700,2023-01-01,15600.179332333697
20700,2023-02-01,10175.37365636819
20700,2023-03-01,11765.308071885203
20700,2023-04-01,8795.88472941661
20700,2023-05-01,12005.81405839988
20700,2023-06-01,11971.604764244703
20700,2023-07-01,12376.119125043671
20700,2023-08-01,15327.032759221345
20700,2023-09-01,11370.98554942126
20700,2023-10-01,11635.315663988085
20700,2023-11-01,11385.60162663674
20700,2023-12-01,9670.312277711773
20700,2024-01-01,10359.209449386917
20700,2024-02-01,10832.18121265689
20700,2024-03-01,10660.93003933084
20700,2024-04-01,11753.488561397984
20700,2024-05-01,11526.327669753224
20700,2024-06-01,9839.219954764632
20700,2024-07-01,11502.932991320757
20700,2024-08-01,12191.941968485746
20700,2024-09-01,11414.57128672482
20700,2024-10-01,11594.348183534477
20700,2024-11-01,11061.804209254517
20700,2024-12-01,11387.555228407104
20700,2025-01-01,11582.980065543012
20700,2025-02-01,11814.877790841761
20700,2025-03-01,9059.792391357283
20700,2025-04-01,11852.685446366491
20700,2025-05-01,11406.832266364154
20700,2025-06-01,15855.389318549142
20700,2025-07-01,11601.010312745944
20700,2025-08-01,11655.84390969141
20700,2025-09-01,11978.513463891939
20700,2025-10-01,12125.956834407847
20700,2025-11-01,12136.972436488475
20700,2025-12-01,12009.124897817157
20700,2026-01-01,12921.143460058858
20700,2026-02-01,12811.809851025304
20700,2026-03-01,13285.434867085465
20700,2026-04-01,12584.704959928435
20700,2026-05-01,13273.482845240776
20700,2026-06-01,12927.516182612537
20701,2011-03-01,3710.922859014483
20701,2011-04-01,3790.401312284578
20701,2011-05-01,3748.7729115516313
20701,2011-06-01,3841.321999747545
20701,2011-07-01,3965.133985361872
20701,2011-08-01,4052.4581995527997
20701,2011-09-01,4196.347261298616
20701,2011-10-01,4002.455859868501
20701,2011-11-01,4135.817565259114
20701,2011-12-01,4067.5298354392385
20701,2012-01-01,4100.07887483866
20701,2012-02-01,4162.444541083171
20701,2012-03-01,4180.088143634284
20701,2012-04-01,4156.117687511199
20701,2012-05-01,4430.647690512942
20701,2012-06-01,4150.797659494435
20701,2012-07-01,4150.65863595765
20701,2012-08-01,5944.843310950173
20701,2012-09-01,5749.434695748306
20701,2012-10-01,6190.324525360836
20701,2012-11-01,6153.612477424633
20701,2012-12-01,6362.4194643878645
20701,2013-01-01,4162.095107239834
20701,2013-02-01,4655.795700857988
20701,2013-03-01,5511.7322837853335
20701,2013-04-01,5707.792501811507
20701,2013-05-01,5833.888622139491
20701,2013-06-01,6736.264844483547
20701,2013-07-01,6515.682918841667
20701,2013-08-01,6776.650654213367
20701,2013-09-01,6845.704715527815
20701,2013-10-01,7003.6635271293935
20701,2013-11-01,7127.46916567034
20701,2013-12-01,7149.083926830547
20701,2014-01-01,7070.965946134736
20701,2014-02-01,7608.210815123423
20701,2014-03-01,7031.263036279028
20701,2014-04-01,7740.411797030183
20701,2014-05-01,7720.108441871958
20701,2014-06-01,7096.852356193032
20701,2014-07-01,7410.400743281618
20701,2014-08-01,7214.720685139676
20701,2014-09-01,7371.781894483914
20701,2014-10-01,7268.0756436272995
20701,2014-11-01,6859.87464958196
20701,2014-12-01,6908.991533450989
20701,2015-01-01,6889.863535779153
20701,2015-02-01,6344.191666650519
20701,2015-03-01,6465.304766598914
20701,2015-04-01,6027.775470846542
20701,2015-05-01,6116.14860559127
20701,2015-06-01,6239.802776061875
20701,2015-07-01,9132.574485133491
20701,2015-08-01,8109.571701674877
20701,2015-09-01,7479.292914589444
20701,2015-10-01,7095.516153637426
20701,2015-11-01,6995.622217943365
20701,2015-12-01,6956.634911772675
20701,2016-01-01,6405.3518854714785
20701,2016-02-01,6859.334453761777
20701,2016-03-01,6779.527782082356
20701,2016-04-01,7120.416221098692
20701,2016-05-01,6728.07889320674
20701,2016-06-01,7172.372440026116
20701,2016-07-01,6983.759698432023
20701,2016-08-01,6846.638090954755
20701,2016-09-01,7046.147533317872
20701,2016-10-01,6790.484741656509
20701,2016-11-01,7243.776536458933
20701,2016-12-01,7348.8048730896935
20701,2017-01-01,7608.717772668268
20701,2017-02-01,7412.748159395129
20701,2017-03-01,7845.588404705432
20701,2017-04-01,7238.900721282348
20701,2017-05-01,7828.88797046696
20701,2017-06-01,7707.656367928393
20701,2017-07-01,7353.10407192972
20701,2017-08-01,8029.495308344003
20701,2017-09-01,7947.855708655928
20701,2017-10-01,8195.29126904624
20701,2017-11-01,8015.812861940171
20701,2017-12-01,7924.508823769856
20701,2018-01-01,8444.151842556586
20701,2018-02-01,8127.884502668048
20701,2018-03-01,8261.130869360939
20701,2018-04-01,8441.629931552297
20701,2018-05-01,8125.113597998157
20701,2018-06-01,8284.64883920723
20701,2018-07-01,8665.908323583755
20701,2018-08-01,8484.506255763503
20701,2018-09-01,8291.406994863171
20701,2018-10-01,8483.780254004918
20701,2018-11-01,8519.276530634526
20701,2018-12-01,8506.134138915912
20701,2019-01-01,7808.658875129588
20701,2019-02-01,8684.350161103059
20701,2019-03-01,8040.383190163928
20701,2019-04-01,8633.93457893679
20701,2019-05-01,9002.998075145044
20701,2019-06-01,8941.581110854007
20701,2019-07-01,8724.61104170994
20701,2019-08-01,9138.011928893562
20701,2019-09-01,9272.38798440836
20701,2019-10-01,9479.633256177725
20701,2019-11-01,9336.622390044744
20701,2019-12-01,9562.912753654466
20701,2020-01-01,10301.370200586889
20701,2020-02-01,9796.980368811493
20701,2020-03-01,10244.405830991625
20701,2020-04-01,10287.296891560974
20701,2020-05-01,10365.717458580608
20701,2020-06-01,10251.140970349854
20701,2020-07-01,11375.898929199588
20701,2020-08-01,11025.091859316222
20701,2020-09-01,11545.138719173441
20701,2020-10-01,11613.028979439629
20701,2020-11-01,12051.168151418713
20701,2020-12-01,12560.729981011595
20701,2021-01-01,12563.329670164076
20701,2021-02-01,13441.42515152575
20701,2021-03-01,14755.134653420273
20701,2021-04-01,14782.46003185439
20701,2021-05-01,14578.127160311586
20701,2021-06-01,15642.801058776866
20701,2021-07-01,15222.843420723491
20701,2021-08-01,15063.782301442068
20701,2021-09-01,15661.25436774567
20701,2021-10-01,16126.572396352829
20701,2021-11-01,16507.863516588648
20701,2021-12-01,16344.75885258458
20701,2022-01-01,16463.24892569818
20701,2022-02-01,16146.490556463785
20701,2022-03-01,14748.04074171177
20701,2022-04-01,16220.109527663999
20701,2022-05-01,16232.959826791857
20701,2022-06-01,21857.970950443952
20701,2022-07-01,21268.680381473405
20701,2022-08-01,21703.101830166757
20701,2022-09-01,21382.634758237436
20701,2022-10-01,20634.123956992047
20701,2022-11-01,20443.566636908974
20701,2022-12-01,20889.07530766716
20701,2023-01-01,21037.148619066145
20701,2023-02-01,19700.631512959742
20701,2023-03-01,22290.890469044625
20701,2023-04-01,18879.647995662737
20701,2023-05-01,20982.177563993704
20701,2023-06-01,20586.01801829906
20701,2023-07-01,21560.317435710655
20701,2023-08-01,22256.954922518256
20701,2023-09-01,21053.42006978685
20701,2023-10-01,21646.088317208018
20701,2023-11-01,22088.09089624133
20701,2023-12-01,20978.47654874823
20701,2024-01-01,21346.179748219252
20701,2024-02-01,22319.583629242516
20701,2024-03-01,21071.373261344954
20701,2024-04-01,22321.526799550582
20701,2024-05-01,20669.190007490753
20701,2024-06-01,19770.72623712608
20701,2024-07-01,20477.432290355722
20701,2024-08-01,20190.216005629743
20701,2024-09-01,20744.904705057324
20701,2024-10-01,20438.5462198228
20701,2024-11-01,19737.946612949618
20701,2024-12-01,20143.75761209349
20701,2025-01-01,19876.238070925978
20701,2025-02-01,20497.233993640275
20701,2025-03-01,19174.13961542319
20701,2025-04-01,20125.279417986767
20701,2025-05-01,19578.37418844551
20701,2025-06-01,20685.145391220405
20701,2025-07-01,19552.310250048387
20701,2025-08-01,19245.10080240049
20701,2025-09-01,19197.89989902539
20701,2025-10-01,19001.000484717217
20701,2025-11-01,18914.489700394985
20701,2025-12-01,18838.82088280338
20701,2026-01-01,18441.821475425862
20701,2026-02-01,17779.26613371239
20701,2026-03-01,18464.54320577741
20701,2026-04-01,17620.566543595527
20701,2026-05-01,17903.779550380852
20701,2026-06-01,17372.050880813404
20702,2011-03-01,817.9809678175047
20702,2011-04-01,823.2672233392019
20702,2011-05-01,890.1224050826771
20702,2011-06-01,804.0163397177815
20702,2011-07-01,805.7797961968121
20702,2011-08-01,840.6374996915004
20702,2011-09-01,845.5944299252783
20702,2011-10-01,689.4812638417876
20702,2011-11-01,869.5997678519009
20702,2011-12-01,776.5228434790945
20702,2012-01-01,865.7993480862947
20702,2012-02-01,805.098217468513
20702,2012-03-01,827.9366668887817
20702,2012-04-01,742.3209531465805
20702,2012-05-01,761.5962806820781
20702,2012-06-01,873.2976903685612
20702,2012-07-01,946.9347458223259
20702,2012-08-01,1081.7134120283447
20702,2012-09-01,992.3423483757332
20702,2012-10-01,1254.828507656893
20702,2012-11-01,1222.637448954806
20702,2012-12-01,1090.0929413859944
20702,2013-01-01,1409.9431369388985
20702,2013-02-01,1349.8452148272347
20702,2013-03-01,1458.6745484252958
20702,2013-04-01,1828.504544601811
20702,2013-05-01,1707.3922617111662
20702,2013-06-01,1624.5818707793949
20702,2013-07-01,1698.151235453383
20702,2013-08-01,1622.0980418264098
20702,2013-09-01,1559.7856804137962
20702,2013-10-01,1418.5835981743269
20702,2013-11-01,1363.5206388505283
20702,2013-12-01,1174.2655988833317
20702,2014-01-01,1126.269708366295
20702,2014-02-01,1204.7287381771832
20702,2014-03-01,869.377330700188
20702,2014-04-01,1030.542011985977
20702,2014-05-01,1441.9983620897879
20702,2014-06-01,1282.2372142759932
20702,2014-07-01,1272.3521930861605
20702,2014-08-01,1205.7204380377234
20702,2014-09-01,1440.0612787223672
20702,2014-10-01,1405.1731560620797
20702,2014-11-01,1398.4985870143864
20702,2014-12-01,1703.3146063373042
20702,2015-01-01,1936.8184754959577
20702,2015-02-01,1337.0054641637444
20702,2015-03-01,1589.0769620254202
20702,2015-04-01,1645.1449529953666
20702,2015-05-01,1301.2152390356794
20702,2015-06-01,1217.9285172634882
20702,2015-07-01,1168.0113964735342
20702,2015-08-01,1010.9262884893224
20702,2015-09-01,1061.8043632312563
20702,2015-10-01,991.0793882968761
20702,2015-11-01,970.725185672225
20702,2015-12-01,985.9581464817788
20702,2016-01-01,841.8221677004441
20702,2016-02-01,889.1069604883696
20702,2016-03-01,878.161893727105
20702,2016-04-01,835.7417120856719
20702,2016-05-01,818.6814582859015
20702,2016-06-01,797.4426489711748
20702,2016-07-01,772.0181498335552
20702,2016-08-01,756.0924347053204
20702,2016-09-01,680.2754944290833
20702,2016-10-01,710.1672072185687
20702,2016-11-01,833.683321453074
20702,2016-12-01,742.797122069986
20702,2017-01-01,651.7878776809242
20702,2017-02-01,570.4630339546652
20702,2017-03-01,642.6196978710656
20702,2017-04-01,506.862552758358
20702,2017-05-01,572.7976901906198
20702,2017-06-01,545.4687191569292
20702,2017-07-01,476.84687553162604
20702,2017-08-01,522.5782289541377
20702,2017-09-01,475.11425220442305
20702,2017-10-01,514.3820574185071
20702,2017-11-01,509.42198706324183
20702,2017-12-01,518.3615639535533
20702,2018-01-01,617.6054449401232
20702,2018-02-01,653.273597145466
20702,2018-03-01,647.9515387712371
20702,2018-04-01,818.2048331708963
20702,2018-05-01,741.1444264222508
20702,2018-06-01,801.5291357422552
20702,2018-07-01,793.9649181807542
20702,2018-08-01,765.3008193836685
20702,2018-09-01,752.501119015473
20702,2018-10-01,863.3403024873598
20702,2018-11-01,615.2625749078123
20702,2018-12-01,560.7036715448475
20702,2019-01-01,571.0559503282401
20702,2019-02-01,575.7802780046536
20702,2019-03-01,452.084735099712
20702,2019-04-01,535.0697463884636
20702,2019-05-01,552.3773102931644
20702,2019-06-01,504.2732226420613
20702,2019-07-01,552.4140207526877
20702,2019-08-01,537.6464339508549
20702,2019-09-01,580.2321487841731
20702,2019-10-01,716.971727297377
20702,2019-11-01,654.3200314574137
20702,2019-12-01,680.7850435278459
20702,2020-01-01,702.3696545101071
20702,2020-02-01,699.7097255418935
20702,2020-03-01,570.0133242211335
20702,2020-04-01,629.7445034095845
20702,2020-05-01,537.0394439254757
20702,2020-06-01,659.1326120538423
20702,2020-07-01,779.7815375174172
20702,2020-08-01,971.5844194532218
20702,2020-09-01,1116.457388049176
20702,2020-10-01,1104.4490958141023
20702,2020-11-01,1274.5830830681457
20702,2020-12-01,1739.5720748177391
20702,2021-01-01,1452.5363921796154
20702,2021-02-01,1638.4831755772072
20702,2021-03-01,1828.071296474767
20702,2021-04-01,1936.248654202207
20702,2021-05-01,1896.1147958088466
20702,2021-06-01,2113.5631786383337
20702,2021-07-01,1947.4698192136475
20702,2021-08-01,2305.042037187177
20702,2021-09-01,2126.869630752335
20702,2021-10-01,2134.769970167205
20702,2021-11-01,2167.861117003313
20702,2021-12-01,1905.7955584669633
20702,2022-01-01,1931.372253135871
20702,2022-02-01,1901.78555358259
20702,2022-03-01,2116.471420426474
20702,2022-04-01,1994.9859886015747
20702,2022-05-01,2107.0560898972067
20702,2022-06-01,2257.2121872890043
20702,2022-07-01,2373.5296711963933
20702,2022-08-01,2119.3262993233575
20702,2022-09-01,2270.4831994802394
20702,2022-10-01,1963.3969679289933
20702,2022-11-01,2322.230012482575
20702,2022-12-01,2122.898560324181
20702,2023-01-01,2373.2973436802695
20702,2023-02-01,2089.10432067916
20702,2023-03-01,2439.850044033009
20702,2023-04-01,2179.939070040105
20702,2023-05-01,2203.290266111409
20702,2023-06-01,2156.078195061494
20702,2023-07-01,2075.7298941619115
20702,2023-08-01,1974.8247276676673
20702,2023-09-01,1936.5229088269793
20702,2023-10-01,2109.1459644536135
20702,2023-11-01,2117.3634558602944
20702,2023-12-01,2471.634941223032
20702,2024-01-01,2323.786298059907
20702,2024-02-01,2526.100220784873
20702,2024-03-01,2149.727638101176
20702,2024-04-01,2674.808569010234
20702,2024-05-01,2816.430295235909
20702,2024-06-01,2810.9203541349116
20702,2024-07-01,2941.1018220313913
20702,2024-08-01,2748.1794391630624
20702,2024-09-01,2666.7289945961033
20702,2024-10-01,2857.91204504106
20702,2024-11-01,2762.7684624790418
20702,2024-12-01,2925.0279319503647
20702,2025-01-01,3234.1830777798837
20702,2025-02-01,4200.986969843639
20702,2025-03-01,3846.7918750331096
20702,2025-04-01,4574.894528272264
20702,2025-05-01,4285.517111892535
20702,2025-06-01,4006.431562290456
20702,2025-07-01,3977.261529086555
20702,2025-08-01,4391.6996403133335
20702,2025-09-01,4819.425148397522
20702,2025-10-01,4768.382133568582
20702,2025-11-01,4624.188059186564
20702,2025-12-01,4330.513851819148
20702,2026-01-01,4132.6755961637755
20702,2026-02-01,3966.2621279830933
20702,2026-03-01,3729.971946823832
20702,2026-04-01,3513.4264810481814
20702,2026-05-01,3314.54456800745
20702,2026-06-01,3439.752032833223
20703,2011-03-01,5047.46157325416
20703,2011-04-01,5283.669487569596
20703,2011-05-01,5506.5711627425035
20703,2011-06-01,5843.415498832936
20703,2011-07-01,5898.805928698553
20703,2011-08-01,6449.716918234156
20703,2011-09-01,6399.488711801704
20703,2011-10-01,5213.31068079747
20703,2011-11-01,6416.767831405656
20703,2011-12-01,6449.6315320237545
20703,2012-01-01,6696.087957694643
20703,2012-02-01,6740.0148945270985
20703,2012-03-01,7031.24058092003
20703,2012-04-01,6020.395958492245
20703,2012-05-01,6540.889149168219
20703,2012-06-01,6799.232855374768
20703,2012-07-01,6881.483152932448
20703,2012-08-01,7642.55765935289
20703,2012-09-01,6625.045137871793
20703,2012-10-01,7928.8778606870155
20703,2012-11-01,7731.955103374145
20703,2012-12-01,7835.254999661911
20703,2013-01-01,8666.365777614865
20703,2013-02-01,8411.312431842054
20703,2013-03-01,8365.43335915699
20703,2013-04-01,9391.510715440198
20703,2013-05-01,9055.393129001968
20703,2013-06-01,9228.456759104352
20703,2013-07-01,9363.012473449078
20703,2013-08-01,8593.309970751818
20703,2013-09-01,8630.807508840226
20703,2013-10-01,9420.99082528857
20703,2013-11-01,9503.408209480356
20703,2013-12-01,9528.421999345606
20703,2014-01-01,9763.526543604881
20703,2014-02-01,11655.823288847694
20703,2014-03-01,8307.162623918171
20703,2014-04-01,9577.013454609054
20703,2014-05-01,10126.197602807344
20703,2014-06-01,9225.526178687523
20703,2014-07-01,9772.85350666844
20703,2014-08-01,9127.115586060847
20703,2014-09-01,10899.638607788287
20703,2014-10-01,11486.20565798773
20703,2014-11-01,9986.433423187174
20703,2014-12-01,10005.976482803808
20703,2015-01-01,11687.74672436152
20703,2015-02-01,9094.094020886232
20703,2015-03-01,9947.635043488342
20703,2015-04-01,10518.364675022916
20703,2015-05-01,6640.700687105764
20703,2015-06-01,6926.216541074173
20703,2015-07-01,7048.173875896765
20703,2015-08-01,6527.0026781324505
20703,2015-09-01,7052.739144737392
20703,2015-10-01,6256.335228342883
20703,2015-11-01,6341.062446711527
20703,2015-12-01,6757.111455041832
20703,2016-01-01,5372.2413430316265
20703,2016-02-01,6110.797443899445
20703,2016-03-01,6337.38544962643
20703,2016-04-01,6214.863987115873
20703,2016-05-01,5886.8899221963675
20703,2016-06-01,6042.812921319201
20703,2016-07-01,5599.9369987115415
20703,2016-08-01,6102.299584899531
20703,2016-09-01,5231.542494700855
20703,2016-10-01,5536.237923407024
20703,2016-11-01,6297.995432209615
20703,2016-12-01,8592.550876642825
20703,2017-01-01,6204.222238557968
20703,2017-02-01,6660.55359807885
20703,2017-03-01,6249.716749999973
20703,2017-04-01,6022.880664697309
20703,2017-05-01,6774.195672827997
20703,2017-06-01,6840.035817140992
20703,2017-07-01,6699.35188915413
20703,2017-08-01,6662.825646136536
20703,2017-09-01,5846.4639178017605
20703,2017-10-01,5870.0452994018415
20703,2017-11-01,5791.022878241316
20703,2017-12-01,5417.83319553006
20703,2018-01-01,6409.363526953032
20703,2018-02-01,6067.796590177101
20703,2018-03-01,5901.488443980395
20703,2018-04-01,6429.342550218033
20703,2018-05-01,6411.308594845
20703,2018-06-01,6319.943343288865
20703,2018-07-01,6424.606571300346
20703,2018-08-01,6446.791005843742
20703,2018-09-01,6803.259847171755
20703,2018-10-01,7437.9369678896155
20703,2018-11-01,6798.882994295428
20703,2018-12-01,7040.800316631276
20703,2019-01-01,5968.984138457396
20703,2019-02-01,8646.506894118646
20703,2019-03-01,6783.584125042005
20703,2019-04-01,7589.451461227054
20703,2019-05-01,7236.416735909659
20703,2019-06-01,7551.394526072372
20703,2019-07-01,7645.352712756304
20703,2019-08-01,5963.898935258051
20703,2019-09-01,7873.0551368097795
20703,2019-10-01,9516.600040180827
20703,2019-11-01,8687.649794267621
20703,2019-12-01,8719.182125261534
20703,2020-01-01,8208.578149031648
20703,2020-02-01,8424.979073773908
20703,2020-03-01,8246.54011935808
20703,2020-04-01,7954.850471369374
20703,2020-05-01,7363.49268638383
20703,2020-06-01,9056.340175850077
20703,2020-07-01,10130.37327420645
20703,2020-08-01,10560.740753063692
20703,2020-09-01,11066.83817888549
20703,2020-10-01,11726.725038612756
20703,2020-11-01,11829.875274664484
20703,2020-12-01,12544.549127899054
20703,2021-01-01,11091.179482256397
20703,2021-02-01,12694.190175384843
20703,2021-03-01,13448.166112215502
20703,2021-04-01,14061.506650384244
20703,2021-05-01,14165.284758741822
20703,2021-06-01,13754.269582131594
20703,2021-07-01,13239.055296233006
20703,2021-08-01,14925.702775619186
20703,2021-09-01,14267.723484467004
20703,2021-10-01,13401.093773212846
20703,2021-11-01,13950.806524972702
20703,2021-12-01,13689.746561666336
20703,2022-01-01,12922.641099619552
20703,2022-02-01,13137.927276313138
20703,2022-03-01,13165.860087910487
20703,2022-04-01,11735.927034169526
20703,2022-05-01,12863.400867556273
20703,2022-06-01,13504.236318931888
20703,2022-07-01,13741.110479201867
20703,2022-08-01,12834.382484645304
20703,2022-09-01,13034.519468730658
20703,2022-10-01,12971.410387619164
20703,2022-11-01,13128.240117395857
20703,2022-12-01,12515.598661861111
20703,2023-01-01,13344.606074061343
20703,2023-02-01,12750.275174274093
20703,2023-03-01,13655.494554416482
20703,2023-04-01,12727.772561743222
20703,2023-05-01,12653.520820822754
20703,2023-06-01,12453.65748045945
20703,2023-07-01,12020.84839006576
20703,2023-08-01,12643.072774543813
20703,2023-09-01,13710.510647395347
20703,2023-10-01,13783.298530440245
20703,2023-11-01,13820.861329313622
20703,2023-12-01,14206.97485653897
20703,2024-01-01,15497.41269473436
20703,2024-02-01,15914.207998765742
20703,2024-03-01,13901.735328676557
20703,2024-04-01,16684.635907878437
20703,2024-05-01,17456.208945128306
20703,2024-06-01,16741.033578680253
20703,2024-07-01,17569.352308771806
20703,2024-08-01,17628.83566417874
20703,2024-09-01,16659.13660735929
20703,2024-10-01,16321.552939383953
20703,2024-11-01,15405.062610173363
20703,2024-12-01,14931.281223601542
20703,2025-01-01,17149.603432546508
20703,2025-02-01,16867.620753180116
20703,2025-03-01,12093.156311162566
20703,2025-04-01,14726.419552527948
20703,2025-05-01,13985.64076228921
20703,2025-06-01,13697.072119985132
20703,2025-07-01,13577.12453588504
20703,2025-08-01,13703.205603670647
20703,2025-09-01,14375.565843192044
20703,2025-10-01,16744.628571085854
20703,2025-11-01,15777.275831248555
20703,2025-12-01,17602.42010684202
20703,2026-01-01,16702.412920417573
20703,2026-02-01,18004.87784535908
20703,2026-03-01,19187.61863479574
20703,2026-04-01,18942.377475594854
20703,2026-05-01,19958.671871993352
20703,2026-06-01,21280.626506446068
20704,2011-03-01,5848.8304958580875
20704,2011-04-01,6026.903757616383
20704,2011-05-01,6374.308734418398
20704,2011-06-01,6665.0431701754505
20704,2011-07-01,6718.401310242336
20704,2011-08-01,7274.218443738874
20704,2011-09-01,7305.012175673039
20704,2011-10-01,5785.755025901557
20704,2011-11-01,7309.639512228915
20704,2011-12-01,7285.082074465303
20704,2012-01-01,7598.025145123646
20704,2012-02-01,7619.009822620533
20704,2012-03-01,7853.185890068249
20704,2012-04-01,6702.710319629443
20704,2012-05-01,7283.106513911873
20704,2012-06-01,7691.8995480882595
20704,2012-07-01,7846.687618339079
20704,2012-08-01,8708.16579523326
20704,2012-09-01,7685.094724033044
20704,2012-10-01,8991.774717155859
20704,2012-11-01,8986.899202738648
20704,2012-12-01,8995.571627182911
20704,2013-01-01,10134.585553582105
20704,2013-02-01,9873.244565172683
20704,2013-03-01,9830.48668837547
20704,2013-04-01,11108.4408946412
20704,2013-05-01,10669.255696827704
20704,2013-06-01,10859.875666135551
20704,2013-07-01,11078.352941846691
20704,2013-08-01,10196.891104503364
20704,2013-09-01,10288.119886860955
20704,2013-10-01,10605.373707389916
20704,2013-11-01,10895.382364076811
20704,2013-12-01,10784.782161640731
20704,2014-01-01,10939.601762532577
20704,2014-02-01,12961.22155406606
20704,2014-03-01,9202.336711515134
20704,2014-04-01,10590.92096214033
20704,2014-05-01,11488.744011777959
20704,2014-06-01,10509.230928454426
20704,2014-07-01,11056.40508026913
20704,2014-08-01,10302.360714475131
20704,2014-09-01,12413.103761851124
20704,2014-10-01,12640.82446381286
20704,2014-11-01,11397.581236476772
20704,2014-12-01,11815.572910199948
20704,2015-01-01,13674.79178832132
20704,2015-02-01,10528.07915227607
20704,2015-03-01,11594.817605861266
20704,2015-04-01,12151.000996369256
20704,2015-05-01,7855.856367153826
20704,2015-06-01,8126.517025525103
20704,2015-07-01,8200.733315664955
20704,2015-08-01,7516.836589412736
20704,2015-09-01,8168.28608345117
20704,2015-10-01,7146.043713842313
20704,2015-11-01,7307.578374559418
20704,2015-12-01,7805.685582405068
20704,2016-01-01,6223.837444905261
20704,2016-02-01,7055.757496592803
20704,2016-03-01,7248.424164920295
20704,2016-04-01,7062.971733989251
20704,2016-05-01,6663.743991468619
20704,2016-06-01,6827.142202438281
20704,2016-07-01,6359.399424532497
20704,2016-08-01,6849.438187699109
20704,2016-09-01,5940.091451790409
20704,2016-10-01,6184.6673508622525
20704,2016-11-01,7128.937684554778
20704,2016-12-01,9369.62167618566
20704,2017-01-01,6838.350096660724
20704,2017-02-01,7267.277008024456
20704,2017-03-01,6910.783172210351
20704,2017-04-01,6546.3431697936285
20704,2017-05-01,7342.007706866676
20704,2017-06-01,7392.133627868043
20704,2017-07-01,7194.844995283146
20704,2017-08-01,7181.603689145423
20704,2017-09-01,6328.347112123486
20704,2017-10-01,6329.619210866388
20704,2017-11-01,6298.63050702548
20704,2017-12-01,5949.403667184508
20704,2018-01-01,6998.876348420123
20704,2018-02-01,6753.079703806794
20704,2018-03-01,6559.568043028323
20704,2018-04-01,7252.841259508165
20704,2018-05-01,7150.597544346936
20704,2018-06-01,7101.738559548369
20704,2018-07-01,7189.160973418892
20704,2018-08-01,7217.3465706233565
20704,2018-09-01,7576.367023963085
20704,2018-10-01,8309.412329018029
20704,2018-11-01,7407.435445614965
20704,2018-12-01,7606.323336316179
20704,2019-01-01,6508.32247160106
20704,2019-02-01,9254.636767290036
20704,2019-03-01,7252.630571887374
20704,2019-04-01,8130.4622239826185
20704,2019-05-01,7813.756423892531
20704,2019-06-01,8077.014152306217
20704,2019-07-01,8194.369846174777
20704,2019-08-01,6499.631172814614
20704,2019-09-01,8440.702040175602
20704,2019-10-01,10205.943052722905
20704,2019-11-01,9335.074997496538
20704,2019-12-01,9399.514005415911
20704,2020-01-01,8877.555079337453
20704,2020-02-01,9162.521098169569
20704,2020-03-01,8837.794977024905
20704,2020-04-01,8589.16241657742
20704,2020-05-01,7927.0458493586775
20704,2020-06-01,9734.567974106381
20704,2020-07-01,10882.763706211183
20704,2020-08-01,11526.400313577597
20704,2020-09-01,12193.467428263231
20704,2020-10-01,12830.959219989512
20704,2020-11-01,13106.777492776426
20704,2020-12-01,14223.86410195998
20704,2021-01-01,12534.063166498225
20704,2021-02-01,14381.190475043994
20704,2021-03-01,15268.202593329483
20704,2021-04-01,15982.755687390976
20704,2021-05-01,16066.823104115916
20704,2021-06-01,15830.44531768076
20704,2021-07-01,15093.739682102854
20704,2021-08-01,17285.82971738128
20704,2021-09-01,16451.27052216041
20704,2021-10-01,15622.842097144441
20704,2021-11-01,16145.799941507554
20704,2021-12-01,15542.517472935635
20704,2022-01-01,14855.178292646842
20704,2022-02-01,15070.784543311684
20704,2022-03-01,15268.937869622241
20704,2022-04-01,13687.879782198324
20704,2022-05-01,14965.452332567735
20704,2022-06-01,15746.66505824394
20704,2022-07-01,16037.840082292727
20704,2022-08-01,14992.08021764453
20704,2022-09-01,15338.373660766576
20704,2022-10-01,15009.847295098396
20704,2022-11-01,15479.692253604426
20704,2022-12-01,14595.240396548506
20704,2023-01-01,15699.372022492113
20704,2023-02-01,14845.3702012762
20704,2023-03-01,16079.728958175856
20704,2023-04-01,14842.659656377713
20704,2023-05-01,14851.923600059286
20704,2023-06-01,14621.873057773477
20704,2023-07-01,14078.454399688395
20704,2023-08-01,14630.594596495537
20704,2023-09-01,15627.302562670144
20704,2023-10-01,15964.79550867438
20704,2023-11-01,15942.061946238198
20704,2023-12-01,16668.976604386833
20704,2024-01-01,17786.800710439536
20704,2024-02-01,18436.04905417224
20704,2024-03-01,16038.86315914685
20704,2024-04-01,19266.6954059925
20704,2024-05-01,20277.351297892215
20704,2024-06-01,19597.145291612247
20704,2024-07-01,20551.53734214356
20704,2024-08-01,20373.04008061368
20704,2024-09-01,19271.532339411806
20704,2024-10-01,19288.877208536804
20704,2024-11-01,18166.720412972776
20704,2024-12-01,17859.82193016196
20704,2025-01-01,20343.65677084824
20704,2025-02-01,21002.02333099982
20704,2025-03-01,15857.496941611724
20704,2025-04-01,19137.083754142262
20704,2025-05-01,18263.78095990385
20704,2025-06-01,17676.57681313352
20704,2025-07-01,17664.44714257323
20704,2025-08-01,18140.51055347056
20704,2025-09-01,19208.498908252175
20704,2025-10-01,21790.751507211204
20704,2025-11-01,20456.08834237768
20704,2025-12-01,21902.353225200288
20704,2026-01-01,20793.920260479117
20704,2026-02-01,21916.853174643165
20704,2026-03-01,22833.497520298202
20704,2026-04-01,22338.076707364467
20704,2026-05-01,23288.843891252724
20704,2026-06-01,24807.96022514887
20708,2011-03-01,520
20708,2011-04-01,554
20708,2011-05-01,499
20708,2011-06-01,629
20708,2011-07-01,627
20708,2011-08-01,425
20708,2011-09-01,623
20708,2011-10-01,436
20708,2011-11-01,647
20708,2011-12-01,740
20708,2012-01-01,708
20708,2012-02-01,588
20708,2012-03-01,557
20708,2012-04-01,556
20708,2012-05-01,597
20708,2012-06-01,511
20708,2012-07-01,698
20708,2012-08-01,857
20708,2012-09-01,634
20708,2012-10-01,769
20708,2012-11-01,1091
20708,2012-12-01,1117
20708,2013-01-01,1175
20708,2013-02-01,1158
20708,2013-03-01,1187
20708,2013-04-01,1344
20708,2013-05-01,1096
20708,2013-06-01,883
20708,2013-07-01,903
20708,2013-08-01,948
20708,2013-09-01,851
20708,2013-10-01,1071
20708,2013-11-01,1269
20708,2013-12-01,1835
20708,2014-01-01,1765
20708,2014-02-01,771
20708,2014-03-01,527
20708,2014-04-01,733
20708,2014-05-01,842
20708,2014-06-01,896
20708,2014-07-01,1213
20708,2014-08-01,1235
20708,2014-09-01,1233
20708,2014-10-01,1182
20708,2014-11-01,1075
20708,2014-12-01,1394
20708,2015-01-01,1109
20708,2015-02-01,717
20708,2015-03-01,812
20708,2015-04-01,703
20708,2015-05-01,769
20708,2015-06-01,1300
20708,2015-07-01,731
20708,2015-08-01,655
20708,2015-09-01,709
20708,2015-10-01,971
20708,2015-11-01,914
20708,2015-12-01,804
20708,2016-01-01,981
20708,2016-02-01,805
20708,2016-03-01,884
20708,2016-04-01,933
20708,2016-05-01,901
20708,2016-06-01,937
20708,2016-07-01,783
20708,2016-08-01,649
20708,2016-09-01,736
20708,2016-10-01,935
20708,2016-11-01,1060
20708,2016-12-01,1241
20708,2017-01-01,975
20708,2017-02-01,822
20708,2017-03-01,767
20708,2017-04-01,764
20708,2017-05-01,920
20708,2017-06-01,1071
20708,2017-07-01,929
20708,2017-08-01,665
20708,2017-09-01,732
20708,2017-10-01,1106
20708,2017-11-01,1102
20708,2017-12-01,994
20708,2018-01-01,716
20708,2018-02-01,546
20708,2018-03-01,774
20708,2018-04-01,763
20708,2018-05-01,829
20708,2018-06-01,826
20708,2018-07-01,737
20708,2018-08-01,762
20708,2018-09-01,991
20708,2018-10-01,1494
20708,2018-11-01,1358
20708,2018-12-01,1142
20708,2019-01-01,1083
20708,2019-02-01,814
20708,2019-03-01,830
20708,2019-04-01,869
20708,2019-05-01,856
20708,2019-06-01,506
20708,2019-07-01,475
20708,2019-08-01,700
20708,2019-09-01,1150
20708,2019-10-01,1562
20708,2019-11-01,1723
20708,2019-12-01,1262
20708,2020-01-01,685
20708,2020-02-01,636
20708,2020-03-01,747
20708,2020-04-01,571
20708,2020-05-01,626
20708,2020-06-01,553
20708,2020-07-01,436
20708,2020-08-01,1256
20708,2020-09-01,1879
20708,2020-10-01,2203
20708,2020-11-01,1950
20708,2020-12-01,1379
20708,2021-01-01,791
20708,2021-02-01,535
20708,2021-03-01,463
20708,2021-04-01,397
20708,2021-05-01,336
20708,2021-06-01,202
20708,2021-07-01,496
20708,2021-08-01,1409
20708,2021-09-01,1715
20708,2021-10-01,1354
20708,2021-11-01,1397
20708,2021-12-01,1239
20708,2022-01-01,700
20708,2022-02-01,565
20708,2022-03-01,464
20708,2022-04-01,341
20708,2022-05-01,306
20708,2022-06-01,344
20708,2022-07-01,574
20708,2022-08-01,2433
20708,2022-09-01,3090
20708,2022-10-01,2309
20708,2022-11-01,1547
20708,2022-12-01,1223
20708,2023-01-01,743
20708,2023-02-01,812
20708,2023-03-01,1030
20708,2023-04-01,615
20708,2023-05-01,482
20708,2023-06-01,857
20708,2023-07-01,1347
20708,2023-08-01,2684
20708,2023-09-01,2713
20708,2023-10-01,2926
20708,2023-11-01,2142
20708,2023-12-01,1730
20708,2024-01-01,1258
20708,2024-02-01,1227
20708,2024-03-01,1279
20708,2024-04-01,1094
20708,2024-05-01,1093
20708,2024-06-01,833
20708,2024-07-01,798
20708,2024-08-01,2224
20708,2024-09-01,2712
20708,2024-10-01,3267
20708,2024-11-01,2836
20708,2024-12-01,3793
20708,2025-01-01,2556
20708,2025-02-01,1423
20708,2025-03-01,1040
20708,2025-04-01,1079
20708,2025-05-01,1355
20708,2025-06-01,1246
20708,2025-07-01,1056
20708,2025-08-01,2065
20708,2025-09-01,2088
20708,2025-10-01,2395
20708,2025-11-01,1451
20708,2025-12-01,1993
20708,2026-01-01,1395
20708,2026-02-01,1400
20708,2026-03-01,2397
20708,2026-04-01,1842
20708,2026-05-01,1518
20708,2026-06-01,1458
20712,2011-03-01,336.94105789867893
20712,2011-04-01,344.70728898619785
20712,2011-05-01,324.05022669234614
20712,2011-06-01,316.22723910691826
20712,2011-07-01,324.1374859577702
20712,2011-08-01,334.29382195537977
20712,2011-09-01,351.46097454294153
20712,2011-10-01,355.31358803195246
20712,2011-11-01,408.12909105274775
20712,2011-12-01,413.1636811795874
20712,2012-01-01,400.3066832521447
20712,2012-02-01,437.07120243807145
20712,2012-03-01,470.2215491686795
20712,2012-04-01,474.21743784881147
20712,2012-05-01,508.7787274054009
20712,2012-06-01,493.7766060618701
20712,2012-07-01,503.93069501815694
20712,2012-08-01,535.0150949283661
20712,2012-09-01,526.5846115759621
20712,2012-10-01,797.1067165516105
20712,2012-11-01,681.0873185223551
20712,2012-12-01,608.7901616632564
20712,2013-01-01,691.7678333481226
20712,2013-02-01,685.2706561116441
20712,2013-03-01,679.3026134762837
20712,2013-04-01,732.1220161322999
20712,2013-05-01,684.7031766033515
20712,2013-06-01,721.0229039829582
20712,2013-07-01,672.3448106022606
20712,2013-08-01,716.1145930308903
20712,2013-09-01,789.6055336245591
20712,2013-10-01,1018.5433364551604
20712,2013-11-01,970.9251578810106
20712,2013-12-01,1009.3629908866549
20712,2014-01-01,906.0888310813
20712,2014-02-01,893.1935475078625
20712,2014-03-01,771.3926489257419
20712,2014-04-01,849.340920095738
20712,2014-05-01,970.3089485334722
20712,2014-06-01,946.7234565695501
20712,2014-07-01,1030.9787028104363
20712,2014-08-01,1019.0429055605134
20712,2014-09-01,1171.7301228421306
20712,2014-10-01,916.493889413937
20712,2014-11-01,877.3311666650194
20712,2014-12-01,884.511136292733
20712,2015-01-01,969.7033827480233
20712,2015-02-01,915.124344242524
20712,2015-03-01,946.5685387263146
20712,2015-04-01,926.8462518473132
20712,2015-05-01,890.2137721885153
20712,2015-06-01,923.2511354354267
20712,2015-07-01,1028.0412558919793
20712,2015-08-01,965.5992222746538
20712,2015-09-01,968.3131711723706
20712,2015-10-01,748.6938555921837
20712,2015-11-01,852.8488565654628
20712,2015-12-01,894.4748882852383
20712,2016-01-01,810.8148322153792
20712,2016-02-01,891.7664550219533
20712,2016-03-01,853.3420208014817
20712,2016-04-01,890.6527024395729
20712,2016-05-01,860.5959539282928
20712,2016-06-01,900.3865980301179
20712,2016-07-01,865.8968562282952
20712,2016-08-01,739.683945616426
20712,2016-09-01,727.5746679155219
20712,2016-10-01,803.2021796304609
20712,2016-11-01,813.3916542096534
20712,2016-12-01,814.9475013608505
20712,2017-01-01,694.409431676268
20712,2017-02-01,824.6570771970555
20712,2017-03-01,817.9746604412214
20712,2017-04-01,750.5672856919347
20712,2017-05-01,818.042179201868
20712,2017-06-01,810.295094675531
20712,2017-07-01,788.1536141704642
20712,2017-08-01,845.1678045023907
20712,2017-09-01,818.582092708447
20712,2017-10-01,797.699449479352
20712,2017-11-01,827.8678288706044
20712,2017-12-01,815.2729934709329
20712,2018-01-01,860.4168097071362
20712,2018-02-01,822.6655326143664
20712,2018-03-01,877.8116549930655
20712,2018-04-01,940.0824087190866
20712,2018-05-01,909.2282470448417
20712,2018-06-01,911.6680933779446
20712,2018-07-01,871.8128436113718
20712,2018-08-01,934.3755618961222
20712,2018-09-01,898.1365387224308
20712,2018-10-01,924.7803559601566
20712,2018-11-01,900.0200692538995
20712,2018-12-01,902.4622579224626
20712,2019-01-01,964.1944441061999
20712,2019-02-01,1016.0720854136066
20712,2019-03-01,972.4034811087735
20712,2019-04-01,1122.0829559337174
20712,2019-05-01,1068.2654823871683
20712,2019-06-01,1050.6747763425979
20712,2019-07-01,1148.7286418118415
20712,2019-08-01,1119.2292703314636
20712,2019-09-01,1181.9131505497382
20712,2019-10-01,1247.7705625505773
20712,2019-11-01,1184.6179521262875
20712,2019-12-01,1199.8326701341266
20712,2020-01-01,1216.02123053302
20712,2020-02-01,1264.5079705306428
20712,2020-03-01,1027.3940482480753
20712,2020-04-01,1439.319595098149
20712,2020-05-01,832.6274286511468
20712,2020-06-01,1033.2619482074697
20712,2020-07-01,1004.7340329196999
20712,2020-08-01,973.5385134640767
20712,2020-09-01,829.1473494604935
20712,2020-10-01,1318.0625899228835
20712,2020-11-01,1383.0894763660124
20712,2020-12-01,1358.633999036383
20712,2021-01-01,1181.3975259405295
20712,2021-02-01,1384.528965127872
20712,2021-03-01,1481.9613497855378
20712,2021-04-01,1388.2207680915044
20712,2021-05-01,1416.6345196049072
20712,2021-06-01,1386.929975083854
20712,2021-07-01,1392.7422258610293
20712,2021-08-01,1347.366787429015
20712,2021-09-01,1340.6179080542495
20712,2021-10-01,1216.2250813207522
20712,2021-11-01,1329.2653718821007
20712,2021-12-01,1345.874123818619
20712,2022-01-01,1224.5951802156421
20712,2022-02-01,1329.8075735729017
20712,2022-03-01,1407.6305379508922
20712,2022-04-01,1960.3618274179273
20712,2022-05-01,1799.5471603417918
20712,2022-06-01,1739.1745764690475
20712,2022-07-01,1731.5734503232986
20712,2022-08-01,1538.4867647842664
20712,2022-09-01,1363.8692425057027
20712,2022-10-01,1250.24342467856
20712,2022-11-01,1210.9993985779092
20712,2022-12-01,1147.567665948208
20712,2023-01-01,1388.0260050530405
20712,2023-02-01,1280.7045052976798
20712,2023-03-01,1403.6287311377569
20712,2023-04-01,1189.680840390112
20712,2023-05-01,1211.4862284294823
20712,2023-06-01,1179.2936692703997
20712,2023-07-01,1168.8920430701653
20712,2023-08-01,1364.7680046507055
20712,2023-09-01,1266.7735473499483
20712,2023-10-01,1308.4162891586025
20712,2023-11-01,1305.004543941139
20712,2023-12-01,1416.164660173881
20712,2024-01-01,1391.1521368913366
20712,2024-02-01,1446.757003233696
20712,2024-03-01,1326.7352005782757
20712,2024-04-01,1569.9448867461394
20712,2024-05-01,1539.659117035589
20712,2024-06-01,1577.8858860964162
20712,2024-07-01,1568.0138109564884
20712,2024-08-01,1574.5677061022423
20712,2024-09-01,1653.995884756101
20712,2024-10-01,1693.0895853741695
20712,2024-11-01,1646.0347635999544
20712,2024-12-01,1547.3419754357403
20712,2025-01-01,1784.146905007846
20712,2025-02-01,1931.2493412491604
20712,2025-03-01,1667.9404507874256
20712,2025-04-01,1680.292976666011
20712,2025-05-01,1706.401288585924
20712,2025-06-01,1579.8794450264559
20712,2025-07-01,1588.000848888775
20712,2025-08-01,1505.101391809465
20712,2025-09-01,1603.8224375864856
20712,2025-10-01,1553.22188019475
20712,2025-11-01,1496.2878949274027
20712,2025-12-01,1339.6163765934846
20712,2026-01-01,1182.3926145431983
20712,2026-02-01,1214.4292006750084
20712,2026-03-01,1289.8330513041715
20712,2026-04-01,1267.751736326262
20712,2026-05-01,1276.8896823573546
20712,2026-06-01,1285.729183300215
20713,2011-03-01,47
20713,2011-04-01,52
20713,2011-05-01,117
20713,2011-06-01,110
20713,2011-07-01,93
20713,2011-08-01,113
20713,2011-09-01,139
20713,2011-10-01,135
20713,2011-11-01,130
20713,2011-12-01,157
20713,2012-01-01,106
20713,2012-02-01,100
20713,2012-03-01,88
20713,2012-04-01,108
20713,2012-05-01,129
20713,2012-06-01,203
20713,2012-07-01,86
20713,2012-08-01,96
20713,2012-09-01,105
20713,2012-10-01,165
20713,2012-11-01,199
20713,2012-12-01,209
20713,2013-01-01,69
20713,2013-02-01,100
20713,2013-03-01,133
20713,2013-04-01,121
20713,2013-05-01,183
20713,2013-06-01,499
20713,2013-07-01,500
20713,2013-08-01,380
20713,2013-09-01,284
20713,2013-10-01,376
20713,2013-11-01,346
20713,2013-12-01,538
20713,2014-01-01,326
20713,2014-02-01,394
20713,2014-03-01,278
20713,2014-04-01,264
20713,2014-05-01,372
20713,2014-06-01,495
20713,2014-07-01,383
20713,2014-08-01,254
20713,2014-09-01,341
20713,2014-10-01,331
20713,2014-11-01,264
20713,2014-12-01,285
20713,2015-01-01,169
20713,2015-02-01,130
20713,2015-03-01,69
20713,2015-04-01,54
20713,2015-05-01,35
20713,2015-06-01,48
20713,2015-07-01,32
20713,2015-08-01,31
20713,2015-09-01,53
20713,2015-10-01,48
20713,2015-11-01,70
20713,2015-12-01,66
20713,2016-01-01,23
20713,2016-02-01,16
20713,2016-03-01,23
20713,2016-04-01,34
20713,2016-05-01,24
20713,2016-06-01,26
20713,2016-07-01,21
20713,2016-08-01,45
20713,2016-09-01,32
20713,2016-10-01,6
20713,2016-11-01,28
20713,2016-12-01,50
20713,2017-01-01,12
20713,2017-02-01,7
20713,2017-03-01,12
20713,2017-04-01,6
20713,2017-05-01,15
20713,2017-06-01,11
20713,2017-07-01,9
20713,2017-08-01,19
20713,2017-09-01,11
20713,2017-10-01,18
20713,2017-11-01,25
20713,2017-12-01,21
20713,2018-01-01,10
20713,2018-02-01,9
20713,2018-03-01,13
20713,2018-04-01,12
20713,2018-05-01,10
20713,2018-06-01,9
20713,2018-07-01,21
20713,2018-08-01,17
20713,2018-09-01,35
20713,2018-10-01,48
20713,2018-11-01,41
20713,2018-12-01,18
20713,2019-01-01,8
20713,2019-02-01,7
20713,2019-03-01,15
20713,2019-04-01,15
20713,2019-05-01,11
20713,2019-06-01,13
20713,2019-07-01,38
20713,2019-08-01,73
20713,2019-09-01,79
20713,2019-10-01,73
20713,2019-11-01,33
20713,2019-12-01,39
20713,2020-01-01,91
20713,2020-02-01,56
20713,2020-03-01,57
20713,2020-04-01,38
20713,2020-05-01,24
20713,2020-06-01,29
20713,2020-07-01,47
20713,2020-08-01,67
20713,2020-09-01,105
20713,2020-10-01,158
20713,2020-11-01,107
20713,2020-12-01,58
20713,2021-01-01,61
20713,2021-02-01,77
20713,2021-03-01,66
20713,2021-04-01,52
20713,2021-05-01,49
20713,2021-06-01,36
20713,2021-07-01,115
20713,2021-08-01,142
20713,2021-09-01,136
20713,2021-10-01,175
20713,2021-11-01,46
20713,2021-12-01,56
20713,2022-01-01,68
20713,2022-02-01,73
20713,2022-03-01,64
20713,2022-04-01,49
20713,2022-05-01,45
20713,2022-06-01,32
20713,2022-07-01,78
20713,2022-08-01,64
20713,2022-09-01,441
20713,2022-10-01,95
20713,2022-11-01,56
20713,2022-12-01,35
20713,2023-01-01,37
20713,2023-02-01,41
20713,2023-03-01,105
20713,2023-04-01,32
20713,2023-05-01,46
20713,2023-06-01,99
20713,2023-07-01,106
20713,2023-08-01,882
20713,2023-09-01,607
20713,2023-10-01,222
20713,2023-11-01,183
20713,2023-12-01,131
20713,2024-01-01,118
20713,2024-02-01,141
20713,2024-03-01,148
20713,2024-04-01,180
20713,2024-05-01,159
20713,2024-06-01,121
20713,2024-07-01,125
20713,2024-08-01,143
20713,2024-09-01,286
20713,2024-10-01,174
20713,2024-11-01,98
20713,2024-12-01,135
20713,2025-01-01,114
20713,2025-02-01,109
20713,2025-03-01,181
20713,2025-04-01,255
20713,2025-05-01,377
20713,2025-06-01,147
20713,2025-07-01,99
20713,2025-08-01,253
20713,2025-09-01,405
20713,2025-10-01,182
20713,2025-11-01,139
20713,2025-12-01,69
20713,2026-01-01,43
20713,2026-02-01,76
20713,2026-03-01,72
20713,2026-04-01,43
20713,2026-05-01,360
20713,2026-06-01,524
20698,2011-03-01,10117.513624897629
20698,2011-04-01,10633.61040181005
20698,2011-05-01,10910.947666836533
20698,2011-06-01,11200.874582515724
20698,2011-07-01,12037.286674088942
20698,2011-08-01,12724.256234701139
20698,2011-09-01,13464.909908643793
20698,2011-10-01,10637.463031513174
20698,2011-11-01,12564.821520774613
20698,2011-12-01,11952.728398765788
20698,2012-01-01,13292.910472958773
20698,2012-02-01,13031.62400341327
20698,2012-03-01,13245.816502121732
20698,2012-04-01,12247.77258009697
20698,2012-05-01,13351.080522119068
20698,2012-06-01,13119.511970284175
20698,2012-07-01,13289.523233452037
20698,2012-08-01,15637.599297281766
20698,2012-09-01,14276.933267466793
20698,2012-10-01,16273.44907307639
20698,2012-11-01,16748.024397634137
20698,2012-12-01,16671.73179996457
20698,2013-01-01,17235.883575390093
20698,2013-02-01,17120.277266338264
20698,2013-03-01,17659.197528474226
20698,2013-04-01,19692.724284362183
20698,2013-05-01,18944.88619536632
20698,2013-06-01,20712.037838389795
20698,2013-07-01,19889.50210752614
20698,2013-08-01,18466.075116635635
20698,2013-09-01,18632.17083105855
20698,2013-10-01,19487.997966223287
20698,2013-11-01,20008.507093941695
20698,2013-12-01,20412.78829243508
20698,2014-01-01,21687.18451561704
20698,2014-02-01,22878.10444109907
20698,2014-03-01,17260.903413935586
20698,2014-04-01,20618.147126835123
20698,2014-05-01,21962.779750876838
20698,2014-06-01,20747.36694665805
20698,2014-07-01,21493.61217713877
20698,2014-08-01,19835.42291237085
20698,2014-09-01,22896.414753856345
20698,2014-10-01,22084.416900682052
20698,2014-11-01,20345.05475583093
20698,2014-12-01,21189.095500695617
20698,2015-01-01,23906.972521033647
20698,2015-02-01,18765.70812744975
20698,2015-03-01,19409.711912849023
20698,2015-04-01,19448.238383765052
20698,2015-05-01,15165.827525320765
20698,2015-06-01,17185.100563673055
20698,2015-07-01,19154.804281069464
20698,2015-08-01,17268.103238086493
20698,2015-09-01,17471.473500915065
20698,2015-10-01,15086.585277188655
20698,2015-11-01,16165.561857800363
20698,2015-12-01,16913.35824239412
20698,2016-01-01,14502.845125378839
20698,2016-02-01,15749.859436016442
20698,2016-03-01,16076.268290907388
20698,2016-04-01,15929.012152953543
20698,2016-05-01,15151.68315193874
20698,2016-06-01,17399.784574452246
20698,2016-07-01,14804.932029605447
20698,2016-08-01,14776.659511433892
20698,2016-09-01,13997.628541634824
20698,2016-10-01,13159.868761022797
20698,2016-11-01,15930.511333200093
20698,2016-12-01,18900.852570401945
20698,2017-01-01,16662.031325839514
20698,2017-02-01,16952.817343354087
20698,2017-03-01,16869.05722051799
20698,2017-04-01,14996.392160655705
20698,2017-05-01,16988.830530387448
20698,2017-06-01,17806.902242344604
20698,2017-07-01,15683.98585959834
20698,2017-08-01,16975.79936763701
20698,2017-09-01,15968.088940226746
20698,2017-10-01,15705.584942644091
20698,2017-11-01,15947.569450880921
20698,2017-12-01,15320.224053528793
20698,2018-01-01,16986.804630377916
20698,2018-02-01,16411.829168199794
20698,2018-03-01,16177.120073680695
20698,2018-04-01,17254.803772011837
20698,2018-05-01,17441.57498945394
20698,2018-06-01,17842.47679209615
20698,2018-07-01,17812.81891967844
20698,2018-08-01,18458.501515170225
20698,2018-09-01,17973.61326585442
20698,2018-10-01,18905.975712414573
20698,2018-11-01,17882.373274660407
20698,2018-12-01,17402.91917733066
20698,2019-01-01,15734.46466629553
20698,2019-02-01,20114.33610329667
20698,2019-03-01,16369.53828019259
20698,2019-04-01,18939.36513043154
20698,2019-05-01,20097.798086717125
20698,2019-06-01,19120.655729711976
20698,2019-07-01,19096.345127708704
20698,2019-08-01,17917.296882383816
20698,2019-09-01,20033.279588664747
20698,2019-10-01,21708.791747455067
20698,2019-11-01,20710.82238162477
20698,2019-12-01,20940.43907082262
20698,2020-01-01,20930.606902074458
20698,2020-02-01,21630.078477305775
20698,2020-03-01,21442.553537403073
20698,2020-04-01,21698.966633751148
20698,2020-05-01,20897.110564263818
20698,2020-06-01,21737.567054909963
20698,2020-07-01,24482.654557363407
20698,2020-08-01,23585.974445047883
20698,2020-09-01,25110.019222212046
20698,2020-10-01,26016.80508356814
20698,2020-11-01,27081.497804565675
20698,2020-12-01,28573.019517199125
20698,2021-01-01,26737.90846333051
20698,2021-02-01,30570.379115693202
20698,2021-03-01,34793.254908906325
20698,2021-04-01,34458.674961243654
20698,2021-05-01,35653.76447719457
20698,2021-06-01,35265.34368182001
20698,2021-07-01,33139.25704514104
20698,2021-08-01,33046.962166814745
20698,2021-09-01,33253.72010205525
20698,2021-10-01,32894.16648165061
20698,2021-11-01,35313.11794805096
20698,2021-12-01,35026.271923670385
20698,2022-01-01,33581.31684468038
20698,2022-02-01,32427.994288347938
20698,2022-03-01,32408.433457490868
20698,2022-04-01,30397.7760795791
20698,2022-05-01,35816.42567003897
20698,2022-06-01,41716.22308867432
20698,2022-07-01,41688.50359491553
20698,2022-08-01,43708.691398326264
20698,2022-09-01,41005.535342874326
20698,2022-10-01,37614.41476683442
20698,2022-11-01,37904.94788941167
20698,2022-12-01,37264.962112569585
20698,2023-01-01,38767.96839067377
20698,2023-02-01,35936.97038933125
20698,2023-03-01,41649.85292554483
20698,2023-04-01,31691.19581900958
20698,2023-05-01,36927.930201202485
20698,2023-06-01,35538.58739742038
20698,2023-07-01,39940.884831571326
20698,2023-08-01,46844.096503754066
20698,2023-09-01,41686.6158675489
20698,2023-10-01,41930.80093135028
20698,2023-11-01,41662.09608857652
20698,2023-12-01,39701.01701766129
20698,2024-01-01,42271.939351049856
20698,2024-02-01,46240.98288330668
20698,2024-03-01,42074.32412229247
20698,2024-04-01,43836.59242408958
20698,2024-05-01,43437.03501991646
20698,2024-06-01,39341.9384074989
20698,2024-07-01,42011.61776433701
20698,2024-08-01,43844.21524309323
20698,2024-09-01,43869.853451549054
20698,2024-10-01,43964.73920080444
20698,2024-11-01,41875.236736073675
20698,2024-12-01,42516.088410249526
20698,2025-01-01,45544.35972228478
20698,2025-02-01,47540.868255753885
20698,2025-03-01,38244.775225773024
20698,2025-04-01,42819.58009740733
20698,2025-05-01,42421.96847478714
20698,2025-06-01,42123.57686382344
20698,2025-07-01,39401.138106510734
20698,2025-08-01,38909.27048877053
20698,2025-09-01,40674.92453941999
20698,2025-10-01,43341.98501519873
20698,2025-11-01,42418.39489135719
20698,2025-12-01,44450.94416403323
20698,2026-01-01,42661.80475414319
20698,2026-02-01,43846.973905107065
20698,2026-03-01,46518.17588139304
20698,2026-04-01,43922.41427089525
20698,2026-05-01,45926.535840789955
20698,2026-06-01,46531.30296725502
20634,2011-03-01,186481.7287721731
20634,2011-04-01,188214.64264264793
20634,2011-05-01,190667.18217266834
20634,2011-06-01,195996.01942220467
20634,2011-07-01,202754.42831795642
20634,2011-08-01,212484.03744219642
20634,2011-09-01,205657.75141292755
20634,2011-10-01,193410.19590742083
20634,2011-11-01,205725.37279974594
20634,2011-12-01,209373.5409939065
20634,2012-01-01,203097.24455735864
20634,2012-02-01,197813.47639727299
20634,2012-03-01,215686.11858343854
20634,2012-04-01,208750.60025096845
20634,2012-05-01,213708.0719686962
20634,2012-06-01,216075.39291298433
20634,2012-07-01,212380.02487730663
20634,2012-08-01,215135.26515243322
20634,2012-09-01,207687.11425049856
20634,2012-10-01,221404.51545789253
20634,2012-11-01,217044.6513978178
20634,2012-12-01,211464.4904725245
20634,2013-01-01,222098.70619365625
20634,2013-02-01,222235.09442771046
20634,2013-03-01,217671.57080347513
20634,2013-04-01,229376.46279369917
20634,2013-05-01,229356.19409943215
20634,2013-06-01,226475.5849859621
20634,2013-07-01,229091.48787480945
20634,2013-08-01,233720.04745825852
20634,2013-09-01,227431.77099446475
20634,2013-10-01,231623.41791189136
20634,2013-11-01,234036.0840385053
20634,2013-12-01,229784.29634210435
20634,2014-01-01,233257.41582365427
20634,2014-02-01,249638.45596864654
20634,2014-03-01,226941.41788402744
20634,2014-04-01,234721.98403271573
20634,2014-05-01,236471.5197919414
20634,2014-06-01,230970.42871712052
20634,2014-07-01,235162.59746689306
20634,2014-08-01,234136.2276735822
20634,2014-09-01,244277.71949798247
20634,2014-10-01,242544.64366820297
20634,2014-11-01,236824.5622575007
20634,2014-12-01,240748.1433377546
20634,2015-01-01,244684.0901914293
20634,2015-02-01,228973.23134951474
20634,2015-03-01,242676.26564966017
20634,2015-04-01,235379.08800427456
20634,2015-05-01,234657.82784277882
20634,2015-06-01,237819.3139160102
20634,2015-07-01,239609.79735413336
20634,2015-08-01,230000.55407859778
20634,2015-09-01,235341.27180704268
20634,2015-10-01,229330.4000043422
20634,2015-11-01,228276.34562760353
20634,2015-12-01,230107.13501023344
20634,2016-01-01,218921.8782929584
20634,2016-02-01,220852.7915980826
20634,2016-03-01,220901.51498545374
20634,2016-04-01,220800.72088960413
20634,2016-05-01,220229.20175189825
20634,2016-06-01,222476.74749884856
20634,2016-07-01,218094.75125526162
20634,2016-08-01,218404.84029766105
20634,2016-09-01,220447.69502574464
20634,2016-10-01,218876.22523477426
20634,2016-11-01,222084.83404003186
20634,2016-12-01,222667.3077235578
20634,2017-01-01,223535.79189697758
20634,2017-02-01,211177.5873667196
20634,2017-03-01,237611.1164980474
20634,2017-04-01,212010.52973581717
20634,2017-05-01,226104.2452060661
20634,2017-06-01,238327.1664459405
20634,2017-07-01,226120.28673197507
20634,2017-08-01,233468.89349498777
20634,2017-09-01,232763.29558574344
20634,2017-10-01,233454.66032293128
20634,2017-11-01,238603.4825606317
20634,2017-12-01,245868.7710531655
20634,2018-01-01,248700.71866285594
20634,2018-02-01,257985.74324654829
20634,2018-03-01,252234.14543225884
20634,2018-04-01,259640.1480877704
20634,2018-05-01,251322.73674664416
20634,2018-06-01,263830.8856605998
20634,2018-07-01,258789.3101707586
20634,2018-08-01,272603.25266729353
20634,2018-09-01,259534.42991373234
20634,2018-10-01,269593.65881851286
20634,2018-11-01,274858.2637393807
20634,2018-12-01,274400.16114880267
20634,2019-01-01,284107.97577897727
20634,2019-02-01,301944.85848559946
20634,2019-03-01,272538.9003140202
20634,2019-04-01,286790.9952072322
20634,2019-05-01,301072.68780033797
20634,2019-06-01,294911.8261140686
20634,2019-07-01,307607.9261982569
20634,2019-08-01,309902.49563995143
20634,2019-09-01,312279.7148188807
20634,2019-10-01,316325.6507201555
20634,2019-11-01,320039.931468833
20634,2019-12-01,331618.63327933144
20634,2020-01-01,325519.52929547365
20634,2020-02-01,330428.8118462086
20634,2020-03-01,348836.3235443627
20634,2020-04-01,274766.860282085
20634,2020-05-01,260020.1264769569
20634,2020-06-01,280932.15426246024
20634,2020-07-01,295029.9894704005
20634,2020-08-01,291021.7781701892
20634,2020-09-01,305424.5745096572
20634,2020-10-01,315737.79194824083
20634,2020-11-01,323293.0486080639
20634,2020-12-01,315918.07642934413
20634,2021-01-01,305452.96422546916
20634,2021-02-01,334667.7137786456
20634,2021-03-01,343807.2257913504
20634,2021-04-01,353940.42484068964
20634,2021-05-01,367569.1316849128
20634,2021-06-01,380382.4408009266
20634,2021-07-01,379990.7757638641
20634,2021-08-01,385642.1497026947
20634,2021-09-01,395328.4527998153
20634,2021-10-01,402432.73693752295
20634,2021-11-01,413895.17347990256
20634,2021-12-01,418808.31240737526
20634,2022-01-01,425662.30358895194
20634,2022-02-01,441379.9920590851
20634,2022-03-01,456752.36890282435
20634,2022-04-01,461181.91274740914
20634,2022-05-01,464267.60942199995
20634,2022-06-01,458048.8961543183
20634,2022-07-01,465354.77582611603
20634,2022-08-01,472509.36968485155
20634,2022-09-01,470776.34628730157
20634,2022-10-01,466629.050375078
20634,2022-11-01,443866.53337641497
20634,2022-12-01,457004.6795149951
20634,2023-01-01,454265.68330254225
20634,2023-02-01,448643.9532167976
20634,2023-03-01,452561.76471810037
20634,2023-04-01,422000.4608655841
20634,2023-05-01,450374.34186034824
20634,2023-06-01,466360.29847135907
20634,2023-07-01,447060.7007955338
20634,2023-08-01,460697.64900465356
20634,2023-09-01,476408.13167085196
20634,2023-10-01,460699.01261180756
20634,2023-11-01,482713.1045011649
20634,2023-12-01,493479.0839050651
20634,2024-01-01,504753.22010628483
20634,2024-02-01,504780.8665599718
20634,2024-03-01,499064.72440733464
20634,2024-04-01,512399.17103793065
20634,2024-05-01,508661.77256150125
20634,2024-06-01,539742.741235127
20634,2024-07-01,553326.1710055151
20634,2024-08-01,556699.8841246646
20634,2024-09-01,546845.3330760073
20634,2024-10-01,555704.930983182
20634,2024-11-01,564369.8870906205
20634,2024-12-01,552803.7385220155
20634,2025-01-01,563699.9998071687
20634,2025-02-01,603228.5125552067
20634,2025-03-01,546395.0458075695
20634,2025-04-01,578016.1933051358
20634,2025-05-01,592985.096755781
20634,2025-06-01,561191.2979931729
20634,2025-07-01,578720.11801549
20634,2025-08-01,581058.5260557171
20634,2025-09-01,591715.1769838143
20634,2025-10-01,600040.207426313
20634,2025-11-01,594777.2739821398
20634,2025-12-01,624746.0365266919
20634,2026-01-01,635878.5059049658
20634,2026-02-01,630633.3648662302
20634,2026-03-01,633661.2511179926
20634,2026-04-01,632108.846373621
20634,2026-05-01,646915.9566160057
20634,2026-06-01,648930.9499300908
20685,2011-03-01,25706.311185915085
20685,2011-04-01,24970.008337830357
20685,2011-05-01,25861.032745882192
20685,2011-06-01,25958.98858756244
20685,2011-07-01,29641.70910055256
20685,2011-08-01,30197.404548533534
20685,2011-09-01,29475.173201445774
20685,2011-10-01,25076.654122746637
20685,2011-11-01,33135.47707371726
20685,2011-12-01,28180.97562780202
20685,2012-01-01,27780.582528937077
20685,2012-02-01,29675.109712605918
20685,2012-03-01,28536.354993150548
20685,2012-04-01,27833.656106964987
20685,2012-05-01,30265.02430599204
20685,2012-06-01,26521.108431721044
20685,2012-07-01,32320.537879458538
20685,2012-08-01,35539.503436967505
20685,2012-09-01,34275.94977043098
20685,2012-10-01,37927.88525314035
20685,2012-11-01,36953.35071549393
20685,2012-12-01,40315.226367762196
20685,2013-01-01,37649.15066035482
20685,2013-02-01,41654.795982310134
20685,2013-03-01,40408.14463516881
20685,2013-04-01,44426.404754822346
20685,2013-05-01,46679.18687499026
20685,2013-06-01,47847.41370117952
20685,2013-07-01,38865.34281897842
20685,2013-08-01,42067.87527668994
20685,2013-09-01,40012.68704199467
20685,2013-10-01,41445.92646810988
20685,2013-11-01,43683.86556347032
20685,2013-12-01,43794.156060619935
20685,2014-01-01,50096.70342867441
20685,2014-02-01,56383.326248305806
20685,2014-03-01,44441.83400862056
20685,2014-04-01,45355.8022556655
20685,2014-05-01,43717.32584122861
20685,2014-06-01,41643.81796877573
20685,2014-07-01,43222.613675607434
20685,2014-08-01,43097.19761808525
20685,2014-09-01,47452.44061311933
20685,2014-10-01,45223.211559196876
20685,2014-11-01,42781.49461557944
20685,2014-12-01,41680.18823578562
20685,2015-01-01,44343.60614003706
20685,2015-02-01,38389.779636195104
20685,2015-03-01,42024.94771990411
20685,2015-04-01,39621.72810767239
20685,2015-05-01,35256.05648522399
20685,2015-06-01,36169.3544609222
20685,2015-07-01,37831.89147373528
20685,2015-08-01,33676.86151919043
20685,2015-09-01,37580.99631552008
20685,2015-10-01,33476.6677962379
20685,2015-11-01,34346.257229758216
20685,2015-12-01,34173.34287348031
20685,2016-01-01,27753.282005630655
20685,2016-02-01,30360.82117777314
20685,2016-03-01,31859.28431683827
20685,2016-04-01,30664.715607206923
20685,2016-05-01,28820.45029830617
20685,2016-06-01,32215.99605625932
20685,2016-07-01,29690.909278236337
20685,2016-08-01,28041.650888556353
20685,2016-09-01,26787.602827690964
20685,2016-10-01,23990.588057044253
20685,2016-11-01,28564.783816642353
20685,2016-12-01,29674.724700883697
20685,2017-01-01,27406.84755040622
20685,2017-02-01,29961.741490565375
20685,2017-03-01,28100.49017693937
20685,2017-04-01,28281.31495692656
20685,2017-05-01,29076.037961774025
20685,2017-06-01,29172.70695599617
20685,2017-07-01,25924.255593572467
20685,2017-08-01,27053.511611859332
20685,2017-09-01,25472.386100271877
20685,2017-10-01,26523.768971506415
20685,2017-11-01,25180.494940843055
20685,2017-12-01,25205.248236819785
20685,2018-01-01,26604.38202727144
20685,2018-02-01,26660.45498222551
20685,2018-03-01,27250.048285437257
20685,2018-04-01,28255.40555147789
20685,2018-05-01,29263.318559162322
20685,2018-06-01,27473.344185856018
20685,2018-07-01,26920.084235032034
20685,2018-08-01,31696.720952680873
20685,2018-09-01,25732.145162621404
20685,2018-10-01,27568.49344162117
20685,2018-11-01,26912.09772870697
20685,2018-12-01,29710.834617526125
20685,2019-01-01,26805.59602541421
20685,2019-02-01,32164.97196047919
20685,2019-03-01,24315.959139136856
20685,2019-04-01,26241.055000393673
20685,2019-05-01,27828.67551130166
20685,2019-06-01,27614.385412258358
20685,2019-07-01,26886.460795559833
20685,2019-08-01,26788.182800743165
20685,2019-09-01,27823.86346733068
20685,2019-10-01,31798.704376558162
20685,2019-11-01,29816.460487050463
20685,2019-12-01,26943.74654085594
20685,2020-01-01,29623.611533802683
20685,2020-02-01,29995.78779189307
20685,2020-03-01,30242.58491572932
20685,2020-04-01,35196.36807354351
20685,2020-05-01,35089.89230922547
20685,2020-06-01,34784.50818112646
20685,2020-07-01,55904.90398144406
20685,2020-08-01,52004.88626644095
20685,2020-09-01,55718.57777284992
20685,2020-10-01,44425.04404699049
20685,2020-11-01,47946.280073990165
20685,2020-12-01,44208.90362314866
20685,2021-01-01,35512.036995795315
20685,2021-02-01,42263.83493655207
20685,2021-03-01,46528.723928694926
20685,2021-04-01,44693.339058342055
20685,2021-05-01,45537.35983187999
20685,2021-06-01,46033.0493845111
20685,2021-07-01,58049.15039227501
20685,2021-08-01,44704.20069595787
20685,2021-09-01,48594.023172338355
20685,2021-10-01,44362.81126986612
20685,2021-11-01,44104.994148562466
20685,2021-12-01,44827.72893436287
20685,2022-01-01,44959.87348299879
20685,2022-02-01,49314.1374065669
20685,2022-03-01,47390.72705541133
20685,2022-04-01,43977.80601668862
20685,2022-05-01,51468.67227061578
20685,2022-06-01,57406.429151361226
20685,2022-07-01,58902.453855239575
20685,2022-08-01,63881.34373388747
20685,2022-09-01,57996.75639666787
20685,2022-10-01,55460.51010906336
20685,2022-11-01,56178.38932307802
20685,2022-12-01,55204.253104902695
20685,2023-01-01,57492.43725990649
20685,2023-02-01,54141.615346373415
20685,2023-03-01,59521.037374439446
20685,2023-04-01,48338.25274512052
20685,2023-05-01,55607.12564013427
20685,2023-06-01,52920.76694752976
20685,2023-07-01,61499.863261411854
20685,2023-08-01,71440.3131494642
20685,2023-09-01,59693.00783539529
20685,2023-10-01,64228.189211784935
20685,2023-11-01,60605.7304795832
20685,2023-12-01,57381.05400150136
20685,2024-01-01,63388.51848583727
20685,2024-02-01,64986.32846721252
20685,2024-03-01,61886.90084116314
20685,2024-04-01,66148.48525398331
20685,2024-05-01,63548.361458046646
20685,2024-06-01,62670.169730571026
20685,2024-07-01,60576.862756263065
20685,2024-08-01,66375.16776201256
20685,2024-09-01,62674.77609466635
20685,2024-10-01,73417.52470328107
20685,2024-11-01,66734.26691009178
20685,2024-12-01,66001.35988169428
20685,2025-01-01,69141.3295127769
20685,2025-02-01,83513.15244824802
20685,2025-03-01,59839.55747851051
20685,2025-04-01,81223.77052305889
20685,2025-05-01,71826.55286683924
20685,2025-06-01,68399.05272729829
20685,2025-07-01,68163.77580526973
20685,2025-08-01,65278.55678628218
20685,2025-09-01,72744.71258029045
20685,2025-10-01,72324.62727986304
20685,2025-11-01,71651.74213162795
20685,2025-12-01,79089.35391610007
20685,2026-01-01,75388.06581200405
20685,2026-02-01,74046.99477929967
20685,2026-03-01,75035.18362954301
20685,2026-04-01,74069.51032366639
20685,2026-05-01,78665.03335848935
20685,2026-06-01,78773.00067345156
20631,2011-03-01,210308.005009529
20631,2011-04-01,214058.33463755078
20631,2011-05-01,215793.53567594578
20631,2011-06-01,221562.91198438007
20631,2011-07-01,233841.58240090343
20631,2011-08-01,239372.00299126667
20631,2011-09-01,237713.75210704413
20631,2011-10-01,218101.8702576298
20631,2011-11-01,236965.99747155656
20631,2011-12-01,238227.74827883329
20631,2012-01-01,230717.34146383576
20631,2012-02-01,229828.56709817628
20631,2012-03-01,244165.70083247538
20631,2012-04-01,235310.13512458824
20631,2012-05-01,243293.3890579081
20631,2012-06-01,244101.46955587686
20631,2012-07-01,245267.7548120221
20631,2012-08-01,248411.59910036917
20631,2012-09-01,242543.33150906497
20631,2012-10-01,259535.80669446697
20631,2012-11-01,253973.5733756551
20631,2012-12-01,253008.4513230397
20631,2013-01-01,258718.76462461226
20631,2013-02-01,266898.66002416675
20631,2013-03-01,255616.86900079646
20631,2013-04-01,273568.52844806394
20631,2013-05-01,275212.5670131826
20631,2013-06-01,275281.1989141052
20631,2013-07-01,268819.3101873924
20631,2013-08-01,276063.9088942019
20631,2013-09-01,267727.762658337
20631,2013-10-01,272830.3786207516
20631,2013-11-01,278565.9241159795
20631,2013-12-01,274094.0487267273
20631,2014-01-01,281323.35781584453
20631,2014-02-01,307392.38651903527
20631,2014-03-01,268069.0573591507
20631,2014-04-01,278831.4856633046
20631,2014-05-01,281196.68541609315
20631,2014-06-01,272037.43895245553
20631,2014-07-01,278496.9232477932
20631,2014-08-01,276680.1042253234
20631,2014-09-01,293772.7680159934
20631,2014-10-01,288686.49518771714
20631,2014-11-01,277879.9800680217
20631,2014-12-01,282683.31936668564
20631,2015-01-01,289487.91199929436
20631,2015-02-01,270139.49185764237
20631,2015-03-01,281552.3563499438
20631,2015-04-01,274349.3442801222
20631,2015-05-01,269535.2328694753
20631,2015-06-01,274512.03883406764
20631,2015-07-01,278282.7975898937
20631,2015-08-01,262461.90180529107
20631,2015-09-01,272263.6167473662
20631,2015-10-01,265060.161362599
20631,2015-11-01,261291.48903415573
20631,2015-12-01,263264.29056646815
20631,2016-01-01,246742.20991793124
20631,2016-02-01,254498.21567783633
20631,2016-03-01,250851.17440914942
20631,2016-04-01,253744.6835081952
20631,2016-05-01,248387.08395303806
20631,2016-06-01,253483.7786971318
20631,2016-07-01,247997.46490239922
20631,2016-08-01,245899.31711483226
20631,2016-09-01,247527.95333337548
20631,2016-10-01,242253.56132363356
20631,2016-11-01,250049.24622057512
20631,2016-12-01,253541.50731408826
20631,2017-01-01,250456.51010349797
20631,2017-02-01,243540.1004870336
20631,2017-03-01,265191.60009810707
20631,2017-04-01,240055.94155271124
20631,2017-05-01,255507.797071132
20631,2017-06-01,268409.4782242154
20631,2017-07-01,251450.80166055675
20631,2017-08-01,258947.710690712
20631,2017-09-01,257826.8946462617
20631,2017-10-01,259485.4302856503
20631,2017-11-01,262901.6457708817
20631,2017-12-01,269959.78586594574
20631,2018-01-01,276204.62778061576
20631,2018-02-01,288929.48865273653
20631,2018-03-01,280367.1216498217
20631,2018-04-01,288510.39575235656
20631,2018-05-01,280733.9733444492
20631,2018-06-01,292763.43183161144
20631,2018-07-01,284518.80377348006
20631,2018-08-01,303128.69171958306
20631,2018-09-01,281111.7235952541
20631,2018-10-01,297172.4772673253
20631,2018-11-01,303090.5272532632
20631,2018-12-01,303343.4021886751
20631,2019-01-01,312016.1505381977
20631,2019-02-01,337476.97855359
20631,2019-03-01,296583.09215494915
20631,2019-04-01,316927.51914665
20631,2019-05-01,330584.526313431
20631,2019-06-01,321175.94327783695
20631,2019-07-01,333307.9328696786
20631,2019-08-01,334575.3485780725
20631,2019-09-01,334754.6827600866
20631,2019-10-01,347345.6161529465
20631,2019-11-01,351491.4157298681
20631,2019-12-01,357961.57496764715
20631,2020-01-01,357873.0193559319
20631,2020-02-01,363710.4843911767
20631,2020-03-01,379082.02265395917
20631,2020-04-01,310703.5849655757
20631,2020-05-01,296200.9581232548
20631,2020-06-01,318027.22298016504
20631,2020-07-01,351256.3324969864
20631,2020-08-01,343769.60093661904
20631,2020-09-01,360707.2325917405
20631,2020-10-01,362934.9211609415
20631,2020-11-01,369605.3499790594
20631,2020-12-01,360628.055269716
20631,2021-01-01,341149.7655228741
20631,2021-02-01,377649.44804284204
20631,2021-03-01,389708.16220432596
20631,2021-04-01,402385.8445232295
20631,2021-05-01,414163.81759236375
20631,2021-06-01,426497.26197197556
20631,2021-07-01,440395.3139099572
20631,2021-08-01,424731.1038949692
20631,2021-09-01,439924.66109049565
20631,2021-10-01,447301.69423779607
20631,2021-11-01,459711.15939656895
20631,2021-12-01,465557.7556483602
20631,2022-01-01,471264.96109820117
20631,2022-02-01,493028.0485952091
20631,2022-03-01,504905.9500747722
20631,2022-04-01,510120.5432988714
20631,2022-05-01,517728.99702530546
20631,2022-06-01,513615.89528676897
20631,2022-07-01,522214.2434775659
20631,2022-08-01,533209.929357639
20631,2022-09-01,529318.5379806324
20631,2022-10-01,522499.84355859156
20631,2022-11-01,498995.54895162967
20631,2022-12-01,516093.5523705686
20631,2023-01-01,510854.5923569631
20631,2023-02-01,504141.45724965155
20631,2023-03-01,513683.1433531969
20631,2023-04-01,468283.6101545314
20631,2023-05-01,509094.0251165021
20631,2023-06-01,520714.5982004034
20631,2023-07-01,506250.95441587793
20631,2023-08-01,530843.1877338692
20631,2023-09-01,538049.0006994477
20631,2023-10-01,525994.9434907291
20631,2023-11-01,541875.419156368
20631,2023-12-01,551390.0184426083
20631,2024-01-01,568700.3749997028
20631,2024-02-01,568858.429928109
20631,2024-03-01,562668.9663202271
20631,2024-04-01,579437.9774421705
20631,2024-05-01,575405.2620815366
20631,2024-06-01,597761.8019332536
20631,2024-07-01,612072.1055671787
20631,2024-08-01,622669.5203700557
20631,2024-09-01,604858.1029638563
20631,2024-10-01,630793.706143542
20631,2024-11-01,635509.22773024
20631,2024-12-01,618180.9243877619
20631,2025-01-01,633548.5157920078
20631,2025-02-01,686292.4836618318
20631,2025-03-01,607401.266319872
20631,2025-04-01,655377.2619397396
20631,2025-05-01,670257.7968235316
20631,2025-06-01,626866.5814886383
20631,2025-07-01,644687.6378176162
20631,2025-08-01,640834.7488154494
20631,2025-09-01,665058.0744307399
20631,2025-10-01,674916.6273928266
20631,2025-11-01,664219.9115234588
20631,2025-12-01,705522.3694814874
20631,2026-01-01,714602.3426901564
20631,2026-02-01,706000.0159447812
20631,2026-03-01,710964.9594993438
20631,2026-04-01,702447.6308872927
20631,2026-05-01,724701.5177103875
20631,2026-06-01,732323.1576572987
20632,2011-03-01,120920.73686709601
20632,2011-04-01,120585.69283762026
20632,2011-05-01,124076.57028128729
20632,2011-06-01,126799.65765270422
20632,2011-07-01,131627.0816928151
20632,2011-08-01,144527.65582895323
20632,2011-09-01,130949.20669073047
20632,2011-10-01,120093.12383942535
20632,2011-11-01,137640.71189099003
20632,2011-12-01,132082.20145763084
20632,2012-01-01,132161.21291574065
20632,2012-02-01,133141.88660900798
20632,2012-03-01,134239.76368675768
20632,2012-04-01,134948.04055212822
20632,2012-05-01,140148.47162207638
20632,2012-06-01,135346.68482059747
20632,2012-07-01,143925.56432794576
20632,2012-08-01,147363.3852298475
20632,2012-09-01,134884.1834506749
20632,2012-10-01,148745.8500462102
20632,2012-11-01,142662.24795459438
20632,2012-12-01,140658.511534372
20632,2013-01-01,145044.5418034542
20632,2013-02-01,148005.0645740987
20632,2013-03-01,136443.53354718315
20632,2013-04-01,150272.06947054068
20632,2013-05-01,157010.54774399998
20632,2013-06-01,150900.4936508883
20632,2013-07-01,145817.75841874164
20632,2013-08-01,148367.8195773835
20632,2013-09-01,144653.36353165927
20632,2013-10-01,149851.5712338123
20632,2013-11-01,148368.95474530171
20632,2013-12-01,148821.52238865333
20632,2014-01-01,153250.87556380004
20632,2014-02-01,165130.47331631146
20632,2014-03-01,141873.7318587924
20632,2014-04-01,151222.36259004677
20632,2014-05-01,144431.39308527752
20632,2014-06-01,144975.21721695803
20632,2014-07-01,145995.92664253592
20632,2014-08-01,142727.15444243027
20632,2014-09-01,152249.66162055856
20632,2014-10-01,147113.76735257453
20632,2014-11-01,142751.3714393121
20632,2014-12-01,147481.44102403108
20632,2015-01-01,146091.5785067192
20632,2015-02-01,137132.11097115194
20632,2015-03-01,146562.16103621307
20632,2015-04-01,144455.3274334802
20632,2015-05-01,138402.9281089567
20632,2015-06-01,145566.54975611807
20632,2015-07-01,147113.24768424124
20632,2015-08-01,132307.1948335075
20632,2015-09-01,143093.76064188668
20632,2015-10-01,136770.80630415105
20632,2015-11-01,136959.50561356015
20632,2015-12-01,137905.8262349458
20632,2016-01-01,122460.236161032
20632,2016-02-01,128726.67708258521
20632,2016-03-01,125398.32624938742
20632,2016-04-01,123285.37191360054
20632,2016-05-01,124379.05341170394
20632,2016-06-01,125207.1072663425
20632,2016-07-01,117932.77063633158
20632,2016-08-01,117572.48965398908
20632,2016-09-01,121388.58096090474
20632,2016-10-01,114494.17316918152
20632,2016-11-01,120290.20280081361
20632,2016-12-01,115998.66129104333
20632,2017-01-01,118719.92564738909
20632,2017-02-01,109340.08132201657
20632,2017-03-01,122157.51145654639
20632,2017-04-01,108585.47515690266
20632,2017-05-01,116338.33564572969
20632,2017-06-01,127108.34535566643
20632,2017-07-01,111217.89683408085
20632,2017-08-01,120034.9580789502
20632,2017-09-01,113723.60188545538
20632,2017-10-01,119847.26268202023
20632,2017-11-01,122055.5939526463
20632,2017-12-01,125803.5186260946
20632,2018-01-01,126496.51834508817
20632,2018-02-01,132648.41260518707
20632,2018-03-01,126580.78031107322
20632,2018-04-01,138159.8347068708
20632,2018-05-01,130868.51077933268
20632,2018-06-01,135555.1894682383
20632,2018-07-01,135626.25966671886
20632,2018-08-01,142903.8573026108
20632,2018-09-01,126974.16515941508
20632,2018-10-01,139460.18464022712
20632,2018-11-01,134270.1589975345
20632,2018-12-01,138656.27773578805
20632,2019-01-01,142951.43026570426
20632,2019-02-01,148707.84974206967
20632,2019-03-01,130947.07242521041
20632,2019-04-01,140795.7479212851
20632,2019-05-01,151073.60818377606
20632,2019-06-01,145720.91642384106
20632,2019-07-01,151764.8493665094
20632,2019-08-01,148706.71939196606
20632,2019-09-01,153132.920005896
20632,2019-10-01,159814.6202965625
20632,2019-11-01,158443.20057773954
20632,2019-12-01,163552.00109155325
20632,2020-01-01,157546.95473731332
20632,2020-02-01,161096.9294672222
20632,2020-03-01,203774.76328115448
20632,2020-04-01,161626.35542418322
20632,2020-05-01,140378.94401942336
20632,2020-06-01,150452.90923696323
20632,2020-07-01,176229.88007823908
20632,2020-08-01,161435.42251579685
20632,2020-09-01,170720.62977060594
20632,2020-10-01,158839.9618922003
20632,2020-11-01,171007.5420199407
20632,2020-12-01,158183.6067062758
20632,2021-01-01,140231.78096824896
20632,2021-02-01,160688.96546547234
20632,2021-03-01,185060.57707696882
20632,2021-04-01,181701.7043426855
20632,2021-05-01,179403.42714178708
20632,2021-06-01,192807.5046176677
20632,2021-07-01,196953.53573043967
20632,2021-08-01,187555.25751273613
20632,2021-09-01,197699.25823406468
20632,2021-10-01,199476.82532484227
20632,2021-11-01,205571.02844196474
20632,2021-12-01,207177.62770959456
20632,2022-01-01,212231.20408317563
20632,2022-02-01,225086.83304082096
20632,2022-03-01,234186.33230736895
20632,2022-04-01,220151.48119383137
20632,2022-05-01,234946.8038507254
20632,2022-06-01,227329.83110862074
20632,2022-07-01,227312.51430164813
20632,2022-08-01,243781.5115054623
20632,2022-09-01,231680.11318864505
20632,2022-10-01,224810.06045548432
20632,2022-11-01,226844.33301758725
20632,2022-12-01,226573.9806939778
20632,2023-01-01,230301.38866719432
20632,2023-02-01,216764.92821125567
20632,2023-03-01,225749.0366703636
20632,2023-04-01,196868.7560185637
20632,2023-05-01,227116.0752097785
20632,2023-06-01,232363.93914593992
20632,2023-07-01,216667.75091784153
20632,2023-08-01,235057.72967936256
20632,2023-09-01,232811.34575077027
20632,2023-10-01,234639.19118170592
20632,2023-11-01,239733.08341912023
20632,2023-12-01,240270.75438751504
20632,2024-01-01,249519.4798902806
20632,2024-02-01,249715.13743499908
20632,2024-03-01,242798.79190081108
20632,2024-04-01,256019.31712104374
20632,2024-05-01,249122.94253103438
20632,2024-06-01,266272.53876225697
20632,2024-07-01,279688.58347863867
20632,2024-08-01,283519.86658840074
20632,2024-09-01,275175.9735341294
20632,2024-10-01,296510.1925964893
20632,2024-11-01,284320.28999198804
20632,2024-12-01,282044.33360405907
20632,2025-01-01,287904.53388770315
20632,2025-02-01,304590.59514384647
20632,2025-03-01,262229.6638790695
20632,2025-04-01,304488.7510769838
20632,2025-05-01,306572.66164693236
20632,2025-06-01,276205.5910231741
20632,2025-07-01,294573.2534260253
20632,2025-08-01,281716.9047623414
20632,2025-09-01,304113.8194675837
20632,2025-10-01,303228.52341012005
20632,2025-11-01,281844.15467203234
20632,2025-12-01,325390.35794793576
20632,2026-01-01,323721.70368601044
20632,2026-02-01,314815.0305599432
20632,2026-03-01,321205.89179215423
20632,2026-04-01,321838.0498182502
20632,2026-05-01,333321.4176184836
20632,2026-06-01,343169.0405654266
20633,2011-03-01,89841.91277172195
20633,2011-04-01,91848.00897464642
20633,2011-05-01,93583.01348581868
20633,2011-06-01,96227.06416439796
20633,2011-07-01,98903.86205381226
20633,2011-08-01,101324.03416099814
20633,2011-09-01,104050.24600298153
20633,2011-10-01,95876.30766907339
20633,2011-11-01,102005.37257166025
20633,2011-12-01,102674.73429174615
20633,2012-01-01,100124.64252699775
20633,2012-02-01,101600.85763202302
20633,2012-03-01,104954.7936094528
20633,2012-04-01,102588.48578746563
20633,2012-05-01,105721.13374550929
20633,2012-06-01,105636.30367147594
20633,2012-07-01,102576.76915061063
20633,2012-08-01,105181.26929489718
20633,2012-09-01,104166.91856637067
20633,2012-10-01,112913.40940982262
20633,2012-11-01,110718.40314367354
20633,2012-12-01,110617.54866396397
20633,2013-01-01,115540.64219876393
20633,2013-02-01,117674.85521749787
20633,2013-03-01,115343.93676592641
20633,2013-04-01,125393.222342942
20633,2013-05-01,119838.12317122375
20633,2013-06-01,122772.6870505345
20633,2013-07-01,124779.80539349727
20633,2013-08-01,126286.11635543806
20633,2013-09-01,122364.06434269276
20633,2013-10-01,125365.99440959982
20633,2013-11-01,127287.90069062689
20633,2013-12-01,127160.58214092786
20633,2014-01-01,128487.95489791546
20633,2014-02-01,140670.85601037522
20633,2014-03-01,122729.31181475302
20633,2014-04-01,131310.0488643799
20633,2014-05-01,134309.31486036503
20633,2014-06-01,128604.30466002125
20633,2014-07-01,134209.0513683936
20633,2014-08-01,132533.75458552435
20633,2014-09-01,141295.6254134495
20633,2014-10-01,142620.7952833282
20633,2014-11-01,134129.4319214234
20633,2014-12-01,137934.89381647392
20633,2015-01-01,139307.61362286698
20633,2015-02-01,131110.24630302997
20633,2015-03-01,135043.37180619777
20633,2015-04-01,132114.29776806652
20633,2015-05-01,129898.39386907758
20633,2015-06-01,130515.36461223009
20633,2015-07-01,131953.1504401329
20633,2015-08-01,128563.56963116075
20633,2015-09-01,131156.53491549642
20633,2015-10-01,125769.53154701344
20633,2015-11-01,125798.34032172529
20633,2015-12-01,126959.79329627026
20633,2016-01-01,122183.91313389412
20633,2016-02-01,127505.15174865696
20633,2016-03-01,125950.12209500516
20633,2016-04-01,128525.60841792556
20633,2016-05-01,126096.7850961682
20633,2016-06-01,130495.48886329419
20633,2016-07-01,128479.23656002012
20633,2016-08-01,129574.05013149465
20633,2016-09-01,125612.20793709646
20633,2016-10-01,127192.85683787875
20633,2016-11-01,132172.25581496733
20633,2016-12-01,135422.73121360783
20633,2017-01-01,132125.56333967362
20633,2017-02-01,130200.63232135065
20633,2017-03-01,143285.5737593407
20633,2017-04-01,131118.77067100492
20633,2017-05-01,140967.4833323635
20633,2017-06-01,141818.24213386793
20633,2017-07-01,139293.02158478997
20633,2017-08-01,140155.02174054887
20633,2017-09-01,143225.87990893662
20633,2017-10-01,141622.55429427215
20633,2017-11-01,141899.850042289
20633,2017-12-01,142351.16446297042
20633,2018-01-01,149708.60190647
20633,2018-02-01,150118.24667848565
20633,2018-03-01,150887.8418105616
20633,2018-04-01,151601.65961917109
20633,2018-05-01,151779.53096765236
20633,2018-06-01,156385.81442323094
20633,2018-07-01,152055.29682134828
20633,2018-08-01,160974.43518060868
20633,2018-09-01,155045.656943823
20633,2018-10-01,160704.14225342643
20633,2018-11-01,167429.53359379293
20633,2018-12-01,162752.57333948035
20633,2019-01-01,167954.25074978604
20633,2019-02-01,180358.05685481618
20633,2019-03-01,164985.41726412813
20633,2019-04-01,176992.3926722561
20633,2019-05-01,180266.16177901093
20633,2019-06-01,176800.251785571
20633,2019-07-01,186156.57938868192
20633,2019-08-01,183522.62433515405
20633,2019-09-01,185039.4403976863
20633,2019-10-01,191201.21046720864
20633,2019-11-01,189690.09630519373
20633,2019-12-01,194536.30992860167
20633,2020-01-01,195541.92481175755
20633,2020-02-01,196167.93959953313
20633,2020-03-01,176592.48228930373
20633,2020-04-01,150534.41420159923
20633,2020-05-01,154835.8112170822
20633,2020-06-01,170678.88788494334
20633,2020-07-01,179177.04925151615
20633,2020-08-01,183684.7321336628
20633,2020-09-01,195594.92636528812
20633,2020-10-01,201742.34440741994
20633,2020-11-01,199238.8763002281
20633,2020-12-01,202020.56227433291
20633,2021-01-01,193375.56781593678
20633,2021-02-01,207191.26117603644
20633,2021-03-01,208421.41174248356
20633,2021-04-01,219164.90541655137
20633,2021-05-01,234940.56333889338
20633,2021-06-01,240342.34454775506
20633,2021-07-01,242177.07604542768
20633,2021-08-01,243477.4529964264
20633,2021-09-01,247042.21866647885
20633,2021-10-01,248303.09414787337
20633,2021-11-01,253832.6923141935
20633,2021-12-01,253508.8378780605
20633,2022-01-01,251418.45536030474
20633,2022-02-01,256518.6738166754
20633,2022-03-01,273934.7576866383
20633,2022-04-01,285913.0094480257
20633,2022-05-01,288337.9776141353
20633,2022-06-01,291545.8071271495
20633,2022-07-01,295803.53282455524
20633,2022-08-01,299137.6925746868
20633,2022-09-01,299072.5191246494
20633,2022-10-01,298529.02751187
20633,2022-11-01,273973.93412400584
20633,2022-12-01,277697.4510849958
20633,2023-01-01,279022.3600731896
20633,2023-02-01,277117.2039612165
20633,2023-03-01,287810.6671892101
20633,2023-04-01,270914.84542281594
20633,2023-05-01,287704.54533372575
20633,2023-06-01,288781.4385360544
20633,2023-07-01,290002.971024478
20633,2023-08-01,304284.18988610955
20633,2023-09-01,304012.83361989615
20633,2023-10-01,297727.75098105846
20633,2023-11-01,299827.72737642436
20633,2023-12-01,302439.3963362999
20633,2024-01-01,320322.041524524
20633,2024-02-01,316891.8042445275
20633,2024-03-01,314365.03546607215
20633,2024-04-01,326041.3199698924
20633,2024-05-01,328230.6265420486
20633,2024-06-01,331801.5364974728
20633,2024-07-01,339443.6458224115
20633,2024-08-01,338264.77247421927
20633,2024-09-01,335234.2989045971
20633,2024-10-01,342619.3394387711
20633,2024-11-01,339910.02648282435
20633,2024-12-01,334894.62118358334
20633,2025-01-01,346475.0040348321
20633,2025-02-01,372067.5392631233
20633,2025-03-01,339956.75668533
20633,2025-04-01,357770.05085138505
20633,2025-05-01,358087.9820875653
20633,2025-06-01,354700.5941172857
20633,2025-07-01,355359.55646664044
20633,2025-08-01,361488.8880876062
20633,2025-09-01,366132.6716931462
20633,2025-10-01,375285.27268694283
20633,2025-11-01,374401.71826925053
20633,2025-12-01,380000.5473295566
20633,2026-01-01,385837.9248848772
20633,2026-02-01,382401.0805139626
20633,2026-03-01,389480.8162613682
20633,2026-04-01,383750.93775941664
20633,2026-05-01,390640.20597004105
20633,2026-06-01,391099.6233641419
