codigo,date,value_sa
20636,2011-03-01,10411.065323334136
20636,2011-04-01,10713.14234309018
20636,2011-05-01,10915.287157294048
20636,2011-06-01,10699.650379269196
20636,2011-07-01,10918.238885311617
20636,2011-08-01,11731.834071030631
20636,2011-09-01,10680.148410419306
20636,2011-10-01,10943.493353025786
20636,2011-11-01,11143.487933031318
20636,2011-12-01,8959.75677747845
20636,2012-01-01,11756.55755322656
20636,2012-02-01,11650.881639696705
20636,2012-03-01,11812.614259089169
20636,2012-04-01,11847.575564135683
20636,2012-05-01,11990.55519315103
20636,2012-06-01,11837.020933498161
20636,2012-07-01,12546.25750646847
20636,2012-08-01,13625.766501792301
20636,2012-09-01,11405.44138646241
20636,2012-10-01,12836.957489430473
20636,2012-11-01,12882.575949684786
20636,2012-12-01,10625.929758081033
20636,2013-01-01,14793.34815616149
20636,2013-02-01,13793.142698596623
20636,2013-03-01,13782.3546135661
20636,2013-04-01,14594.271141262649
20636,2013-05-01,14766.618934949918
20636,2013-06-01,15284.469027544497
20636,2013-07-01,15751.721484584286
20636,2013-08-01,15772.289305235829
20636,2013-09-01,15604.096280360394
20636,2013-10-01,15970.526100419436
20636,2013-11-01,16614.102809376574
20636,2013-12-01,13609.808972251669
20636,2014-01-01,16326.512678546998
20636,2014-02-01,16935.255106945548
20636,2014-03-01,15709.81921890265
20636,2014-04-01,16335.781414573816
20636,2014-05-01,16562.52002943418
20636,2014-06-01,15530.226492861375
20636,2014-07-01,15656.267766155615
20636,2014-08-01,14679.07673574663
20636,2014-09-01,15530.599515968994
20636,2014-10-01,15551.319980072452
20636,2014-11-01,14595.486307187952
20636,2014-12-01,14951.677077262324
20636,2015-01-01,14895.311065329275
20636,2015-02-01,14203.72308673715
20636,2015-03-01,15135.440630295836
20636,2015-04-01,14853.194822794623
20636,2015-05-01,13848.661357498415
20636,2015-06-01,14646.607293781348
20636,2015-07-01,14198.677419734233
20636,2015-08-01,14467.468965968477
20636,2015-09-01,15177.425762704279
20636,2015-10-01,14499.527325199046
20636,2015-11-01,14473.359572394897
20636,2015-12-01,14680.158510268215
20636,2016-01-01,13953.679055511238
20636,2016-02-01,12542.89779172182
20636,2016-03-01,13631.968665980514
20636,2016-04-01,12828.519503572641
20636,2016-05-01,13695.164250048621
20636,2016-06-01,13634.704557257786
20636,2016-07-01,12561.41537899471
20636,2016-08-01,13749.818379245537
20636,2016-09-01,14160.09256020429
20636,2016-10-01,14496.746935846777
20636,2016-11-01,15254.710895435985
20636,2016-12-01,14701.263865410097
20636,2017-01-01,15582.568556233584
20636,2017-02-01,17492.008435857806
20636,2017-03-01,18867.827455666127
20636,2017-04-01,16913.279629062992
20636,2017-05-01,18776.716082864365
20636,2017-06-01,22810.966832280366
20636,2017-07-01,20218.626719366883
20636,2017-08-01,21132.497411031156
20636,2017-09-01,20958.755239231356
20636,2017-10-01,20000.155010999402
20636,2017-11-01,21961.206364463167
20636,2017-12-01,23935.86659754887
20636,2018-01-01,24876.515990501073
20636,2018-02-01,23503.265123955895
20636,2018-03-01,24034.1145401895
20636,2018-04-01,25853.146844278235
20636,2018-05-01,26387.50714546949
20636,2018-06-01,26610.252815632422
20636,2018-07-01,28386.489170822206
20636,2018-08-01,28113.86347513753
20636,2018-09-01,27058.63854069887
20636,2018-10-01,29350.17409591454
20636,2018-11-01,28110.24633455368
20636,2018-12-01,28068.677832948662
20636,2019-01-01,27868.29961791971
20636,2019-02-01,30360.478647076612
20636,2019-03-01,27590.80294772445
20636,2019-04-01,28757.472844645126
20636,2019-05-01,33015.683263418156
20636,2019-06-01,31941.43597482958
20636,2019-07-01,32125.121282941083
20636,2019-08-01,32466.828621516474
20636,2019-09-01,34752.3900099741
20636,2019-10-01,33544.39617400698
20636,2019-11-01,35545.66322422649
20636,2019-12-01,35943.733595939644
20636,2020-01-01,36842.76187602322
20636,2020-02-01,38261.47046714153
20636,2020-03-01,40124.12843979346
20636,2020-04-01,28836.331326524225
20636,2020-05-01,27177.056797185098
20636,2020-06-01,27372.323189276984
20636,2020-07-01,29492.276727615797
20636,2020-08-01,31493.50062579739
20636,2020-09-01,33033.9325552105
20636,2020-10-01,35274.090070024555
20636,2020-11-01,36656.19898126825
20636,2020-12-01,40934.84378180371
20636,2021-01-01,41369.96290184314
20636,2021-02-01,44821.64995880844
20636,2021-03-01,52362.03083221489
20636,2021-04-01,52701.93841884465
20636,2021-05-01,50335.780290003415
20636,2021-06-01,56167.94134360906
20636,2021-07-01,55339.25425705574
20636,2021-08-01,57813.2519180694
20636,2021-09-01,56459.30496262322
20636,2021-10-01,61429.06228913776
20636,2021-11-01,63586.32100705684
20636,2021-12-01,61233.04960182169
20636,2022-01-01,64083.23734844428
20636,2022-02-01,63964.57299746042
20636,2022-03-01,65723.76235571569
20636,2022-04-01,68302.4472762166
20636,2022-05-01,68792.78953850399
20636,2022-06-01,65276.99362796036
20636,2022-07-01,68924.00126780896
20636,2022-08-01,72083.05677176976
20636,2022-09-01,69635.6293649512
20636,2022-10-01,65761.79117820461
20636,2022-11-01,65911.36846758873
20636,2022-12-01,65554.89910835757
20636,2023-01-01,67578.76322429108
20636,2023-02-01,60996.89370495937
20636,2023-03-01,62147.39180372578
20636,2023-04-01,55283.02873109729
20636,2023-05-01,62295.02863186821
20636,2023-06-01,60720.70019087536
20636,2023-07-01,51579.96536058446
20636,2023-08-01,58141.33759513458
20636,2023-09-01,62493.96963229164
20636,2023-10-01,57071.58545018456
20636,2023-11-01,59864.859172315344
20636,2023-12-01,61517.64359535812
20636,2024-01-01,58889.54993639554
20636,2024-02-01,66491.85906732459
20636,2024-03-01,66645.46540835578
20636,2024-04-01,66280.17810919102
20636,2024-05-01,68631.99721054126
20636,2024-06-01,75067.97482778864
20636,2024-07-01,72937.4513273604
20636,2024-08-01,74360.9368825466
20636,2024-09-01,74235.4182771902
20636,2024-10-01,83708.03678019636
20636,2024-11-01,81695.45304645222
20636,2024-12-01,74839.2872334147
20636,2025-01-01,87316.81812158208
20636,2025-02-01,86280.26904927893
20636,2025-03-01,78265.65899312006
20636,2025-04-01,89385.25556986978
20636,2025-05-01,97169.34340829254
20636,2025-06-01,57582.7394756214
20636,2025-07-01,68672.87340169035
20636,2025-08-01,67657.66495193758
20636,2025-09-01,72089.7398546156
20636,2025-10-01,70589.50728339306
20636,2025-11-01,65648.37806032799
20636,2025-12-01,79644.02010796707
20636,2026-01-01,77387.44706651391
20636,2026-02-01,79394.3185304009
20636,2026-03-01,80933.89870480432
20636,2026-04-01,83663.57072330672
20636,2026-05-01,80164.02912203946
20636,2026-06-01,82689.55395535639
20637,2011-03-01,4678.91841923087
20637,2011-04-01,4400.405966169437
20637,2011-05-01,4576.465021825631
20637,2011-06-01,4605.521551412083
20637,2011-07-01,4339.49656084588
20637,2011-08-01,4583.586401097717
20637,2011-09-01,4429.1448115829535
20637,2011-10-01,3894.958893904852
20637,2011-11-01,4430.337502537602
20637,2011-12-01,4346.428996397918
20637,2012-01-01,4309.630425702312
20637,2012-02-01,4360.763770625526
20637,2012-03-01,4442.547975310311
20637,2012-04-01,4312.420189101119
20637,2012-05-01,4485.766768659079
20637,2012-06-01,4341.074566254997
20637,2012-07-01,4394.91193986034
20637,2012-08-01,4551.014784910363
20637,2012-09-01,3995.936212418198
20637,2012-10-01,4441.21874962381
20637,2012-11-01,4431.556317550984
20637,2012-12-01,4140.566183987895
20637,2013-01-01,4460.0006737684635
20637,2013-02-01,4235.019905368061
20637,2013-03-01,4012.4924940601563
20637,2013-04-01,4438.626303818357
20637,2013-05-01,4168.891051949956
20637,2013-06-01,4099.837266821426
20637,2013-07-01,4225.276028463838
20637,2013-08-01,4057.690110796413
20637,2013-09-01,3885.176511306082
20637,2013-10-01,4048.912606901301
20637,2013-11-01,3908.9595315362562
20637,2013-12-01,3869.205443519742
20637,2014-01-01,3925.5325909036505
20637,2014-02-01,4058.391322925558
20637,2014-03-01,3450.4099932030526
20637,2014-04-01,3716.4703361360093
20637,2014-05-01,3618.596827188683
20637,2014-06-01,3483.9605265432956
20637,2014-07-01,3547.4804580203963
20637,2014-08-01,3325.6705292954757
20637,2014-09-01,3632.561501494795
20637,2014-10-01,3539.8320147525883
20637,2014-11-01,3315.562627494591
20637,2014-12-01,3489.8405144939156
20637,2015-01-01,3189.5592882176807
20637,2015-02-01,3158.583828705373
20637,2015-03-01,3215.8945436670756
20637,2015-04-01,3061.464672293335
20637,2015-05-01,2850.5099982595907
20637,2015-06-01,3017.8304107698596
20637,2015-07-01,2971.432664271529
20637,2015-08-01,2702.597668679379
20637,2015-09-01,2865.8882054977516
20637,2015-10-01,2526.678388545017
20637,2015-11-01,2541.3629894502633
20637,2015-12-01,2537.397572073675
20637,2016-01-01,2232.474842805777
20637,2016-02-01,2331.001836215773
20637,2016-03-01,2221.018740354429
20637,2016-04-01,2054.395320697134
20637,2016-05-01,2037.9552232417088
20637,2016-06-01,2006.3190715844728
20637,2016-07-01,1811.3045637597966
20637,2016-08-01,1891.5037296337496
20637,2016-09-01,1688.0951512016725
20637,2016-10-01,1571.1342306132183
20637,2016-11-01,1595.9083107068552
20637,2016-12-01,1515.6209527515875
20637,2017-01-01,1504.0805309370442
20637,2017-02-01,1376.2222425529303
20637,2017-03-01,1446.1500407490475
20637,2017-04-01,1235.616783211475
20637,2017-05-01,1360.5998115000398
20637,2017-06-01,1309.2672350707194
20637,2017-07-01,1232.2082564022667
20637,2017-08-01,1296.8978785914076
20637,2017-09-01,1239.5552090889114
20637,2017-10-01,1287.0343448832784
20637,2017-11-01,1279.7528037108568
20637,2017-12-01,1230.2378836147939
20637,2018-01-01,1266.3280372741726
20637,2018-02-01,1212.5707238368561
20637,2018-03-01,1148.7645990045894
20637,2018-04-01,1219.2010121478845
20637,2018-05-01,1175.9541128978628
20637,2018-06-01,1171.3302736862897
20637,2018-07-01,1201.1480077095364
20637,2018-08-01,1197.5136381393186
20637,2018-09-01,1117.4308181651913
20637,2018-10-01,1228.1272037714093
20637,2018-11-01,1179.1037218676818
20637,2018-12-01,1103.1028966310896
20637,2019-01-01,1133.8078436096569
20637,2019-02-01,1172.0334476207324
20637,2019-03-01,1007.7978269824073
20637,2019-04-01,1159.3575256507872
20637,2019-05-01,1179.1825304486854
20637,2019-06-01,1107.3901646877225
20637,2019-07-01,1172.6963148611756
20637,2019-08-01,1125.5372471025835
20637,2019-09-01,1175.336410776869
20637,2019-10-01,1204.609204928087
20637,2019-11-01,1116.3977543177646
20637,2019-12-01,1181.0480139481053
20637,2020-01-01,1155.2942365918161
20637,2020-02-01,1089.6727334559162
20637,2020-03-01,1083.8679711568316
20637,2020-04-01,666.8468545691346
20637,2020-05-01,521.5803218581033
20637,2020-06-01,554.3520898355595
20637,2020-07-01,548.5308965040492
20637,2020-08-01,497.64490088017646
20637,2020-09-01,533.9401422555667
20637,2020-10-01,532.2122501100608
20637,2020-11-01,571.9704226528455
20637,2020-12-01,593.8480784399194
20637,2021-01-01,585.0522332555721
20637,2021-02-01,664.9244980676712
20637,2021-03-01,693.5245210263926
20637,2021-04-01,729.3922000325462
20637,2021-05-01,747.0288231241868
20637,2021-06-01,782.675127226466
20637,2021-07-01,783.4163925295729
20637,2021-08-01,901.9093714248938
20637,2021-09-01,932.5431539737529
20637,2021-10-01,895.6649286996344
20637,2021-11-01,946.3821984741904
20637,2021-12-01,960.9477580580478
20637,2022-01-01,917.317096354737
20637,2022-02-01,944.1634747893347
20637,2022-03-01,952.0830257405352
20637,2022-04-01,911.3827888224438
20637,2022-05-01,951.9013611670043
20637,2022-06-01,907.9320985907635
20637,2022-07-01,850.5227495931143
20637,2022-08-01,859.8799256231116
20637,2022-09-01,819.2351641054748
20637,2022-10-01,744.15823897518
20637,2022-11-01,722.8596664827472
20637,2022-12-01,680.8620546893275
20637,2023-01-01,658.3459351779132
20637,2023-02-01,598.8538549545206
20637,2023-03-01,570.9734703074427
20637,2023-04-01,495.4731325613682
20637,2023-05-01,504.960057681527
20637,2023-06-01,481.26194878691064
20637,2023-07-01,438.8653880439088
20637,2023-08-01,449.66738930023854
20637,2023-09-01,411.61709004708894
20637,2023-10-01,421.5622519303808
20637,2023-11-01,409.8551087215094
20637,2023-12-01,383.0921910212416
20637,2024-01-01,427.5802309353265
20637,2024-02-01,398.7741257201072
20637,2024-03-01,351.53896916965283
20637,2024-04-01,396.25809061103
20637,2024-05-01,380.2997811005387
20637,2024-06-01,362.39234828825386
20637,2024-07-01,397.13252785384606
20637,2024-08-01,394.6856725261713
20637,2024-09-01,401.45560141796267
20637,2024-10-01,400.256154149913
20637,2024-11-01,390.47177886833
20637,2024-12-01,390.395931246665
20637,2025-01-01,395.70604752774165
20637,2025-02-01,421.1135527817058
20637,2025-03-01,352.329416688804
20637,2025-04-01,394.75057534137414
20637,2025-05-01,407.1398572957689
20637,2025-06-01,369.21857463125326
20637,2025-07-01,394.4560464411412
20637,2025-08-01,363.04965679377887
20637,2025-09-01,375.0348749951698
20637,2025-10-01,381.35854290058575
20637,2025-11-01,346.50245154132955
20637,2025-12-01,351.7933748025245
20637,2026-01-01,329.3112501175635
20637,2026-02-01,295.58934982391315
20637,2026-03-01,297.24063485181983
20637,2026-04-01,317.6660299577378
20637,2026-05-01,289.37556872306186
20637,2026-06-01,288.71796908289565
20638,2011-03-01,1737.4548242555431
20638,2011-04-01,1779.5295184539912
20638,2011-05-01,1859.2748958657724
20638,2011-06-01,1905.2143781336333
20638,2011-07-01,1922.7260622671608
20638,2011-08-01,1930.534808169038
20638,2011-09-01,1939.290742150576
20638,2011-10-01,1944.2653870329584
20638,2011-11-01,2047.3498745006739
20638,2011-12-01,2048.0696438631458
20638,2012-01-01,2207.0352514723363
20638,2012-02-01,2088.8122748674296
20638,2012-03-01,2110.3529654946074
20638,2012-04-01,2081.179972614457
20638,2012-05-01,2233.2667261140964
20638,2012-06-01,2325.5573003067
20638,2012-07-01,2347.2737739651216
20638,2012-08-01,2333.3485618697136
20638,2012-09-01,2326.095040681238
20638,2012-10-01,2402.972092502688
20638,2012-11-01,2478.506569646148
20638,2012-12-01,2420.8372986670634
20638,2013-01-01,2496.7611166867096
20638,2013-02-01,2438.267775192084
20638,2013-03-01,2434.9025552836315
20638,2013-04-01,2515.7328239272665
20638,2013-05-01,3420.2468481322144
20638,2013-06-01,3542.755838357032
20638,2013-07-01,3442.0656952599898
20638,2013-08-01,3493.4951244067433
20638,2013-09-01,3443.656273888068
20638,2013-10-01,3540.6792430006026
20638,2013-11-01,3637.5009096552494
20638,2013-12-01,3753.2569536685805
20638,2014-01-01,3708.665213056964
20638,2014-02-01,3700.0496000137123
20638,2014-03-01,3706.709415997518
20638,2014-04-01,4227.648736994676
20638,2014-05-01,4360.961853511537
20638,2014-06-01,5817.257479957048
20638,2014-07-01,4454.712134416544
20638,2014-08-01,4335.625348625856
20638,2014-09-01,4329.217472756427
20638,2014-10-01,3925.357282165417
20638,2014-11-01,4052.2019443307154
20638,2014-12-01,4362.029964744281
20638,2015-01-01,4164.980851525344
20638,2015-02-01,4363.869993372769
20638,2015-03-01,4216.773621724902
20638,2015-04-01,4202.78508886783
20638,2015-05-01,4096.978235283403
20638,2015-06-01,4159.794141087862
20638,2015-07-01,4776.85001545732
20638,2015-08-01,5022.634730199257
20638,2015-09-01,5534.527295028762
20638,2015-10-01,5355.964020521736
20638,2015-11-01,5506.899986266176
20638,2015-12-01,5597.014667178441
20638,2016-01-01,5718.5418782991765
20638,2016-02-01,5948.3289256212765
20638,2016-03-01,6048.500698717349
20638,2016-04-01,6207.698892905322
20638,2016-05-01,6161.579517198159
20638,2016-06-01,6193.269241195145
20638,2016-07-01,4151.912028748251
20638,2016-08-01,4915.557696649176
20638,2016-09-01,5754.126112635083
20638,2016-10-01,5905.921443338506
20638,2016-11-01,6408.554208736677
20638,2016-12-01,6060.312072138036
20638,2017-01-01,6576.445149808703
20638,2017-02-01,6313.415662629913
20638,2017-03-01,7174.465214152924
20638,2017-04-01,6976.599600853397
20638,2017-05-01,7363.543739749215
20638,2017-06-01,7469.303606261961
20638,2017-07-01,7570.691966980842
20638,2017-08-01,8281.20836613703
20638,2017-09-01,8480.148085629355
20638,2017-10-01,12168.371373100723
20638,2017-11-01,11502.535208193374
20638,2017-12-01,11801.520266782385
20638,2018-01-01,11576.448966951033
20638,2018-02-01,12384.386958778943
20638,2018-03-01,12009.660513854766
20638,2018-04-01,12912.053492542342
20638,2018-05-01,12604.539276394478
20638,2018-06-01,13678.106926318938
20638,2018-07-01,13189.365908051639
20638,2018-08-01,13680.117123111637
20638,2018-09-01,12929.510856056237
20638,2018-10-01,13603.523151715868
20638,2018-11-01,13283.510166851249
20638,2018-12-01,15044.314565230628
20638,2019-01-01,14677.376838248196
20638,2019-02-01,15533.152092648474
20638,2019-03-01,14508.953605226856
20638,2019-04-01,14903.0676453616
20638,2019-05-01,14978.806395219472
20638,2019-06-01,15099.533827289613
20638,2019-07-01,14913.515725836593
20638,2019-08-01,14947.591533933415
20638,2019-09-01,15653.16969732583
20638,2019-10-01,17097.53911983325
20638,2019-11-01,18037.829908731575
20638,2019-12-01,19511.344718150234
20638,2020-01-01,20850.627815247542
20638,2020-02-01,22260.617621808724
20638,2020-03-01,23658.594818071993
20638,2020-04-01,12831.407819412805
20638,2020-05-01,13891.757252827647
20638,2020-06-01,15057.128346374222
20638,2020-07-01,16176.826259477964
20638,2020-08-01,16732.962848414296
20638,2020-09-01,17754.335266948845
20638,2020-10-01,18874.1317205686
20638,2020-11-01,18408.738988711128
20638,2020-12-01,17662.274976829354
20638,2021-01-01,17927.342422330887
20638,2021-02-01,20003.396970034482
20638,2021-03-01,22022.158973525213
20638,2021-04-01,22747.309638084425
20638,2021-05-01,22033.502473895005
20638,2021-06-01,21015.14631888604
20638,2021-07-01,19849.161325582827
20638,2021-08-01,19266.744826360024
20638,2021-09-01,25299.7557323859
20638,2021-10-01,26761.310143908064
20638,2021-11-01,26993.117084085927
20638,2021-12-01,26136.95726779845
20638,2022-01-01,26298.80992034925
20638,2022-02-01,27314.15965437511
20638,2022-03-01,28924.148577773318
20638,2022-04-01,27104.155152281222
20638,2022-05-01,25225.10134847138
20638,2022-06-01,23493.159464924996
20638,2022-07-01,23201.704369378578
20638,2022-08-01,23497.80042689583
20638,2022-09-01,23745.325627353184
20638,2022-10-01,24564.795393063414
20638,2022-11-01,25379.76396953228
20638,2022-12-01,25329.62677629386
20638,2023-01-01,25854.311529102582
20638,2023-02-01,24353.16728377056
20638,2023-03-01,25773.765868299695
20638,2023-04-01,25968.032894725173
20638,2023-05-01,27377.388812917667
20638,2023-06-01,26398.371401169887
20638,2023-07-01,26632.555924250733
20638,2023-08-01,26933.42182991952
20638,2023-09-01,37603.27667402757
20638,2023-10-01,37885.17974978522
20638,2023-11-01,39138.07308851672
20638,2023-12-01,40986.02307746376
20638,2024-01-01,43236.11694831935
20638,2024-02-01,43511.42591746703
20638,2024-03-01,42453.165188425744
20638,2024-04-01,41178.77207542097
20638,2024-05-01,41374.13180814212
20638,2024-06-01,44795.00411584059
20638,2024-07-01,47747.307144994884
20638,2024-08-01,48621.606535857056
20638,2024-09-01,46210.24697209961
20638,2024-10-01,46267.10383503627
20638,2024-11-01,44974.04623636674
20638,2024-12-01,45091.55597820249
20638,2025-01-01,43590.079501575354
20638,2025-02-01,43879.07054628624
20638,2025-03-01,43398.25249560802
20638,2025-04-01,44885.9361466102
20638,2025-05-01,46576.92339785145
20638,2025-06-01,46108.44475311834
20638,2025-07-01,47418.4089005368
20638,2025-08-01,46334.14066724766
20638,2025-09-01,48622.55798490265
20638,2025-10-01,48869.2417847326
20638,2025-11-01,50270.770766852285
20638,2025-12-01,51080.70118068212
20638,2026-01-01,51927.91316210689
20638,2026-02-01,51398.60490922374
20638,2026-03-01,50613.25809758678
20638,2026-04-01,52564.20758854898
20638,2026-05-01,54580.6282785572
20638,2026-06-01,56252.37741405706
20639,2011-03-01,7650.178341901823
20639,2011-04-01,8618.217813651168
20639,2011-05-01,9123.937093804396
20639,2011-06-01,9897.13930025633
20639,2011-07-01,10123.590572682198
20639,2011-08-01,10180.346360728621
20639,2011-09-01,8895.300058440132
20639,2011-10-01,8484.625502033034
20639,2011-11-01,8929.595881120353
20639,2011-12-01,8650.75316117208
20639,2012-01-01,8019.51850063236
20639,2012-02-01,8701.650485330767
20639,2012-03-01,9162.267208024314
20639,2012-04-01,10685.927135742388
20639,2012-05-01,10157.638585566807
20639,2012-06-01,7981.845218860305
20639,2012-07-01,9607.343474208328
20639,2012-08-01,9449.456411720708
20639,2012-09-01,8336.962105073435
20639,2012-10-01,10021.097533321821
20639,2012-11-01,9098.278400177665
20639,2012-12-01,8816.445333390746
20639,2013-01-01,8520.3823080002
20639,2013-02-01,8702.653285017506
20639,2013-03-01,7477.297544774304
20639,2013-04-01,9059.192527421214
20639,2013-05-01,8200.095785000261
20639,2013-06-01,8227.002269080936
20639,2013-07-01,7804.724014078979
20639,2013-08-01,8139.712502576513
20639,2013-09-01,7482.102382669912
20639,2013-10-01,8898.754863361417
20639,2013-11-01,9139.53070412756
20639,2013-12-01,8564.176085303461
20639,2014-01-01,7462.641978784604
20639,2014-02-01,8477.319860635918
20639,2014-03-01,6695.051564105977
20639,2014-04-01,9854.898935032259
20639,2014-05-01,9107.199448872036
20639,2014-06-01,7717.867340827587
20639,2014-07-01,8816.261646846451
20639,2014-08-01,7696.596211647801
20639,2014-09-01,8376.099974644138
20639,2014-10-01,7758.552515495529
20639,2014-11-01,6776.657805180547
20639,2014-12-01,7317.689518208054
20639,2015-01-01,8430.780887819523
20639,2015-02-01,7587.122300560778
20639,2015-03-01,7524.026394562956
20639,2015-04-01,8200.931518279986
20639,2015-05-01,7909.31651775152
20639,2015-06-01,7458.414621106765
20639,2015-07-01,7101.117582470095
20639,2015-08-01,5812.931570781888
20639,2015-09-01,6549.042383260177
20639,2015-10-01,5537.346676984625
20639,2015-11-01,5498.894734182741
20639,2015-12-01,5141.743784045519
20639,2016-01-01,5396.308142954385
20639,2016-02-01,6051.698025582307
20639,2016-03-01,6004.271760383011
20639,2016-04-01,5860.109213576515
20639,2016-05-01,5710.944338958258
20639,2016-06-01,6812.8935863566085
20639,2016-07-01,5308.282909911932
20639,2016-08-01,5265.286522898895
20639,2016-09-01,4665.702287730607
20639,2016-10-01,5202.99646098079
20639,2016-11-01,5334.641250232784
20639,2016-12-01,5431.362259961303
20639,2017-01-01,4680.0920771676165
20639,2017-02-01,4148.007362328699
20639,2017-03-01,4189.625244370023
20639,2017-04-01,3219.9176870815218
20639,2017-05-01,4310.105519219101
20639,2017-06-01,4064.8473922988032
20639,2017-07-01,3221.543613085112
20639,2017-08-01,3803.792557940944
20639,2017-09-01,3777.1314750951387
20639,2017-10-01,3581.720548651544
20639,2017-11-01,3720.00846218613
20639,2017-12-01,3750.836464790765
20639,2018-01-01,4032.812052676809
20639,2018-02-01,4359.384005743001
20639,2018-03-01,3123.673034738351
20639,2018-04-01,3059.029431318693
20639,2018-05-01,3355.8855188367215
20639,2018-06-01,3173.4526414056118
20639,2018-07-01,3419.534666921701
20639,2018-08-01,4222.407395150841
20639,2018-09-01,3150.976902409739
20639,2018-10-01,3856.9955505855055
20639,2018-11-01,3763.383171412501
20639,2018-12-01,3500.1635314401615
20639,2019-01-01,3823.5735386217298
20639,2019-02-01,3891.717113455672
20639,2019-03-01,3808.4768982820456
20639,2019-04-01,3885.7595648893234
20639,2019-05-01,4603.916977280203
20639,2019-06-01,5031.555877337419
20639,2019-07-01,6136.725852189915
20639,2019-08-01,6152.669462862765
20639,2019-09-01,4987.406309801569
20639,2019-10-01,5396.699715241717
20639,2019-11-01,5657.581690025025
20639,2019-12-01,6121.698436546461
20639,2020-01-01,6377.1861683294055
20639,2020-02-01,5380.36211933381
20639,2020-03-01,10171.223631747043
20639,2020-04-01,26133.355947487926
20639,2020-05-01,14446.01960204234
20639,2020-06-01,10186.44630008918
20639,2020-07-01,7736.124090605685
20639,2020-08-01,7322.5751373102585
20639,2020-09-01,7871.038716875054
20639,2020-10-01,5811.714395164558
20639,2020-11-01,8201.393936715327
20639,2020-12-01,6512.737803492554
20639,2021-01-01,3265.731005276925
20639,2021-02-01,4436.299918736097
20639,2021-03-01,6370.054966423969
20639,2021-04-01,6242.818310245448
20639,2021-05-01,6066.530656619394
20639,2021-06-01,4882.2922718161035
20639,2021-07-01,8063.791917196946
20639,2021-08-01,5177.664389762504
20639,2021-09-01,6180.887958261548
20639,2021-10-01,8776.107892987699
20639,2021-11-01,6487.771143442841
20639,2021-12-01,5924.127391881107
20639,2022-01-01,8447.44354002847
20639,2022-02-01,8020.009661978205
20639,2022-03-01,8363.309104722945
20639,2022-04-01,6429.922360238237
20639,2022-05-01,8253.055949843785
20639,2022-06-01,7600.1072739456395
20639,2022-07-01,5930.290731936847
20639,2022-08-01,10135.276344949736
20639,2022-09-01,9278.582031424852
20639,2022-10-01,8632.691136825259
20639,2022-11-01,9277.966540925738
20639,2022-12-01,6861.019058861965
20639,2023-01-01,11347.352047068822
20639,2023-02-01,8737.266164089178
20639,2023-03-01,7492.264255775934
20639,2023-04-01,6762.124377351
20639,2023-05-01,7402.410430771052
20639,2023-06-01,7224.637339613367
20639,2023-07-01,9438.104845402162
20639,2023-08-01,9558.193294048018
20639,2023-09-01,8868.544053629486
20639,2023-10-01,7297.875703828209
20639,2023-11-01,6897.306775184555
20639,2023-12-01,8820.392804220706
20639,2024-01-01,9808.98489602176
20639,2024-02-01,5698.497115472658
20639,2024-03-01,8514.14333461322
20639,2024-04-01,10584.127408510216
20639,2024-05-01,5640.675073928635
20639,2024-06-01,8328.203118903648
20639,2024-07-01,7429.639907593025
20639,2024-08-01,13157.254779508095
20639,2024-09-01,15809.082229062218
20639,2024-10-01,15175.678164279281
20639,2024-11-01,16337.271588825317
20639,2024-12-01,16002.344135317073
20639,2025-01-01,10540.145485163785
20639,2025-02-01,16861.85833354533
20639,2025-03-01,12482.644667415712
20639,2025-04-01,11509.295322041864
20639,2025-05-01,11559.84451863315
20639,2025-06-01,15529.758290333908
20639,2025-07-01,12642.594364477494
20639,2025-08-01,10966.662702270312
20639,2025-09-01,16790.69857189896
20639,2025-10-01,13832.529665178658
20639,2025-11-01,12623.786832546552
20639,2025-12-01,20003.09843489082
20639,2026-01-01,27668.82838251676
20639,2026-02-01,33973.26588638582
20639,2026-03-01,32285.144952994266
20639,2026-04-01,32953.08517520097
20639,2026-05-01,42874.36274354593
20639,2026-06-01,42571.63190171397
20640,2011-03-01,10450.220305879122
20640,2011-04-01,10106.086664910988
20640,2011-05-01,10674.633547866491
20640,2011-06-01,10223.15772820414
20640,2011-07-01,11416.254446928264
20640,2011-08-01,18904.051160022977
20640,2011-09-01,11405.03886907943
20640,2011-10-01,9332.195339690434
20640,2011-11-01,11949.949464501484
20640,2011-12-01,11734.13787135763
20640,2012-01-01,11987.14763740628
20640,2012-02-01,11983.749238842527
20640,2012-03-01,11372.441950273196
20640,2012-04-01,12194.544483603651
20640,2012-05-01,13803.622886507601
20640,2012-06-01,14107.433677083854
20640,2012-07-01,12032.845320680839
20640,2012-08-01,13331.790212419455
20640,2012-09-01,13174.036247022188
20640,2012-10-01,13099.894920211751
20640,2012-11-01,12360.774486106315
20640,2012-12-01,12285.065953027477
20640,2013-01-01,12806.169768539743
20640,2013-02-01,12970.997358041615
20640,2013-03-01,11895.892302566113
20640,2013-04-01,12463.741676581609
20640,2013-05-01,11558.523852462611
20640,2013-06-01,12019.79228562904
20640,2013-07-01,12918.851270307488
20640,2013-08-01,10849.333160662936
20640,2013-09-01,11001.565813856692
20640,2013-10-01,12381.075310084687
20640,2013-11-01,11506.005036779645
20640,2013-12-01,11595.125767274341
20640,2014-01-01,10590.257982932535
20640,2014-02-01,12974.004175670809
20640,2014-03-01,8960.433337631226
20640,2014-04-01,14256.486741282275
20640,2014-05-01,12636.36824690862
20640,2014-06-01,11318.845705041884
20640,2014-07-01,10180.945076361795
20640,2014-08-01,12663.962384804827
20640,2014-09-01,12817.511630222069
20640,2014-10-01,11036.362590556448
20640,2014-11-01,11183.408956867806
20640,2014-12-01,12177.032663499716
20640,2015-01-01,11863.88851961053
20640,2015-02-01,9676.03723562096
20640,2015-03-01,12345.173489080145
20640,2015-04-01,10884.174893191128
20640,2015-05-01,10477.788818082965
20640,2015-06-01,10516.287390233008
20640,2015-07-01,12064.180198272941
20640,2015-08-01,9471.307032894629
20640,2015-09-01,9285.915076456205
20640,2015-10-01,9550.501438432531
20640,2015-11-01,9394.36598438853
20640,2015-12-01,11477.390218631792
20640,2016-01-01,7782.758938996207
20640,2016-02-01,7971.839208172473
20640,2016-03-01,7193.5213412785615
20640,2016-04-01,8222.15888396653
20640,2016-05-01,7560.416186483653
20640,2016-06-01,6929.010852697758
20640,2016-07-01,7196.30418147316
20640,2016-08-01,7549.394108223918
20640,2016-09-01,10631.034210837948
20640,2016-10-01,8142.758846052125
20640,2016-11-01,8803.87090278771
20640,2016-12-01,8345.472369114534
20640,2017-01-01,9832.544015905376
20640,2017-02-01,8165.825669006488
20640,2017-03-01,9245.73702557107
20640,2017-04-01,7411.98610737524
20640,2017-05-01,7188.883746764607
20640,2017-06-01,8763.721630354465
20640,2017-07-01,7212.348729159436
20640,2017-08-01,7328.4650257624935
20640,2017-09-01,7056.707233901618
20640,2017-10-01,7067.392145053466
20640,2017-11-01,7535.591919521988
20640,2017-12-01,8577.39296266185
20640,2018-01-01,8228.467575168186
20640,2018-02-01,7739.156066029987
20640,2018-03-01,8877.699769862369
20640,2018-04-01,11603.781733888376
20640,2018-05-01,7596.257563550896
20640,2018-06-01,8639.483165855016
20640,2018-07-01,8493.757739153287
20640,2018-08-01,8997.154700480563
20640,2018-09-01,7650.897884670612
20640,2018-10-01,9783.797191710513
20640,2018-11-01,9020.982137481304
20640,2018-12-01,8820.42061269856
20640,2019-01-01,9601.613191919674
20640,2019-02-01,10837.409291481274
20640,2019-03-01,8751.663993011529
20640,2019-04-01,10701.419098422875
20640,2019-05-01,11456.268434836154
20640,2019-06-01,10155.054827838925
20640,2019-07-01,12400.99111834368
20640,2019-08-01,10958.892762781205
20640,2019-09-01,10919.86784772315
20640,2019-10-01,12255.871300928477
20640,2019-11-01,11468.373897719306
20640,2019-12-01,13490.317724262562
20640,2020-01-01,11430.149949227363
20640,2020-02-01,11375.21473870705
20640,2020-03-01,13386.045809888647
20640,2020-04-01,20679.969995911746
20640,2020-05-01,17008.94239510688
20640,2020-06-01,22329.868825335594
20640,2020-07-01,31004.7210544842
20640,2020-08-01,13076.361608134162
20640,2020-09-01,21604.213246830408
20640,2020-10-01,19047.38130006809
20640,2020-11-01,23681.891047524947
20640,2020-12-01,17635.784125366205
20640,2021-01-01,9230.578101597972
20640,2021-02-01,11634.546533968414
20640,2021-03-01,13729.917010512687
20640,2021-04-01,12121.022382931484
20640,2021-05-01,14599.115812748367
20640,2021-06-01,14479.72033608247
20640,2021-07-01,12164.851034017895
20640,2021-08-01,13944.079714127483
20640,2021-09-01,14455.332367704688
20640,2021-10-01,12432.390495274562
20640,2021-11-01,14031.98187360946
20640,2021-12-01,11839.616664602729
20640,2022-01-01,15684.378011658018
20640,2022-02-01,15667.050084018025
20640,2022-03-01,14353.67708178145
20640,2022-04-01,16220.288077882942
20640,2022-05-01,23373.45621672891
20640,2022-06-01,16646.317277229013
20640,2022-07-01,16917.168835603672
20640,2022-08-01,16630.684206522783
20640,2022-09-01,16830.091653396223
20640,2022-10-01,14698.671610848596
20640,2022-11-01,14295.31717533966
20640,2022-12-01,13705.191042224398
20640,2023-01-01,16345.528953997236
20640,2023-02-01,12705.073500229506
20640,2023-03-01,12964.327446395942
20640,2023-04-01,11580.554046274608
20640,2023-05-01,12110.815398936456
20640,2023-06-01,14914.24425552446
20640,2023-07-01,13045.754132053642
20640,2023-08-01,14109.165169124706
20640,2023-09-01,12375.438278164025
20640,2023-10-01,13302.010379964455
20640,2023-11-01,14914.28760248976
20640,2023-12-01,14201.246397874487
20640,2024-01-01,15865.968031208355
20640,2024-02-01,15727.097407960315
20640,2024-03-01,15412.009353985575
20640,2024-04-01,15326.58260784433
20640,2024-05-01,14470.636143901878
20640,2024-06-01,13107.687832240988
20640,2024-07-01,16448.18238023275
20640,2024-08-01,13414.30247873298
20640,2024-09-01,14130.566454460662
20640,2024-10-01,12776.260184797526
20640,2024-11-01,11364.437907663758
20640,2024-12-01,11993.573029548286
20640,2025-01-01,12203.299929023218
20640,2025-02-01,12444.02125613383
20640,2025-03-01,12862.380969147192
20640,2025-04-01,12714.00897383763
20640,2025-05-01,13052.637383492018
20640,2025-06-01,14294.751117356825
20640,2025-07-01,13827.729783671573
20640,2025-08-01,14250.057030565074
20640,2025-09-01,16242.663829474894
20640,2025-10-01,19185.289607084895
20640,2025-11-01,17114.918116401223
20640,2025-12-01,24714.472421266895
20640,2026-01-01,17583.26993255304
20640,2026-02-01,10956.233960621179
20640,2026-03-01,9426.58642649472
20640,2026-04-01,15341.859063387346
20640,2026-05-01,9428.452278894405
20640,2026-06-01,9602.55922939351
20641,2011-03-01,3750.8192550574713
20641,2011-04-01,3504.352056151798
20641,2011-05-01,3817.62759847954
20641,2011-06-01,4031.5738950766095
20641,2011-07-01,4071.532702343383
20641,2011-08-01,4182.465470027536
20641,2011-09-01,4356.834541918407
20641,2011-10-01,4046.5149064820525
20641,2011-11-01,4385.217883359617
20641,2011-12-01,4235.204772269019
20641,2012-01-01,3975.5081671999205
20641,2012-02-01,4032.3853247636416
20641,2012-03-01,4743.546285788268
20641,2012-04-01,4778.258212352728
20641,2012-05-01,5189.7488780993735
20641,2012-06-01,4807.98385295825
20641,2012-07-01,5090.724985794365
20641,2012-08-01,5238.346410271809
20641,2012-09-01,4534.1498476598435
20641,2012-10-01,5080.742550618052
20641,2012-11-01,5050.897654755014
20641,2012-12-01,5236.963837828887
20641,2013-01-01,5659.10915462105
20641,2013-02-01,5482.054421933017
20641,2013-03-01,5302.601381536324
20641,2013-04-01,5898.663267494376
20641,2013-05-01,5699.72694988184
20641,2013-06-01,5619.931431937739
20641,2013-07-01,5422.535136675225
20641,2013-08-01,5489.290051550843
20641,2013-09-01,5345.357368774384
20641,2013-10-01,5047.213141680955
20641,2013-11-01,3810.6942321571555
20641,2013-12-01,3630.956263502744
20641,2014-01-01,4025.726765944966
20641,2014-02-01,3805.7183212157233
20641,2014-03-01,3258.296524229424
20641,2014-04-01,3358.605313891703
20641,2014-05-01,3309.554127993876
20641,2014-06-01,3296.510623008177
20641,2014-07-01,3547.803954932369
20641,2014-08-01,3284.458352888954
20641,2014-09-01,3579.2415999733835
20641,2014-10-01,3640.7152376159893
20641,2014-11-01,3940.09351236919
20641,2014-12-01,4187.4007650442545
20641,2015-01-01,3804.8238881478032
20641,2015-02-01,3590.091422819175
20641,2015-03-01,3859.4635427788107
20641,2015-04-01,3484.316392839533
20641,2015-05-01,3389.096874833272
20641,2015-06-01,2696.770868706688
20641,2015-07-01,2584.272711788953
20641,2015-08-01,3092.4277386333947
20641,2015-09-01,3036.6299176377756
20641,2015-10-01,3048.4130274318077
20641,2015-11-01,2965.2753353522294
20641,2015-12-01,2804.511889203672
20641,2016-01-01,2782.721542293863
20641,2016-02-01,2929.47304032264
20641,2016-03-01,2554.1599836244673
20641,2016-04-01,2412.2209524714035
20641,2016-05-01,2133.874186431898
20641,2016-06-01,2144.4835172280705
20641,2016-07-01,1825.5228511353694
20641,2016-08-01,1794.1723653905988
20641,2016-09-01,1701.461257375839
20641,2016-10-01,1558.6139876252496
20641,2016-11-01,1428.65088239957
20641,2016-12-01,1422.2149413774853
20641,2017-01-01,1291.0973260403775
20641,2017-02-01,1331.0005194784414
20641,2017-03-01,1572.4915825977512
20641,2017-04-01,1259.4741226221495
20641,2017-05-01,1280.8930900529494
20641,2017-06-01,1509.2594980591487
20641,2017-07-01,1299.3099028987153
20641,2017-08-01,1305.6114192867026
20641,2017-09-01,1378.291662202338
20641,2017-10-01,1411.1922087145006
20641,2017-11-01,1504.9413485066577
20641,2017-12-01,2028.6287211137048
20641,2018-01-01,1559.2866906188485
20641,2018-02-01,1479.5884653314408
20641,2018-03-01,1425.4240366058752
20641,2018-04-01,1600.7361460567297
20641,2018-05-01,1622.361825238163
20641,2018-06-01,1837.9585353787772
20641,2018-07-01,1836.6957653355005
20641,2018-08-01,1952.3815217349645
20641,2018-09-01,1744.627107651835
20641,2018-10-01,2068.2905245290713
20641,2018-11-01,2013.183593534177
20641,2018-12-01,2070.7396016691296
20641,2019-01-01,1940.1558596706323
20641,2019-02-01,2141.5589950866965
20641,2019-03-01,2306.1493762189357
20641,2019-04-01,2455.4354454878676
20641,2019-05-01,2711.699191264311
20641,2019-06-01,2540.7033223097637
20641,2019-07-01,2853.9478856526225
20641,2019-08-01,2401.781857663848
20641,2019-09-01,2809.7070236468426
20641,2019-10-01,2651.5878416803343
20641,2019-11-01,2720.9148084477624
20641,2019-12-01,3211.771974085238
20641,2020-01-01,2505.3418423073563
20641,2020-02-01,2691.9697963994854
20641,2020-03-01,3149.3545389195515
20641,2020-04-01,2395.701136671604
20641,2020-05-01,2124.9780629806
20641,2020-06-01,2281.4923076327163
20641,2020-07-01,2189.666002315391
20641,2020-08-01,2345.1565988164707
20641,2020-09-01,2686.463163135857
20641,2020-10-01,2492.5847387789763
20641,2020-11-01,2391.9524378653837
20641,2020-12-01,1191.0665341275335
20641,2021-01-01,1419.4854291121137
20641,2021-02-01,1607.2990532569136
20641,2021-03-01,1445.812187981118
20641,2021-04-01,1419.612316379099
20641,2021-05-01,1314.0415996012978
20641,2021-06-01,1347.115861719559
20641,2021-07-01,1209.4576257541303
20641,2021-08-01,1295.7619525573505
20641,2021-09-01,1275.1824021854902
20641,2021-10-01,1293.9027043919095
20641,2021-11-01,1449.8702767509512
20641,2021-12-01,1611.1193257637074
20641,2022-01-01,1559.5371323020797
20641,2022-02-01,1509.0542075002634
20641,2022-03-01,1862.356707994468
20641,2022-04-01,1674.4917593642267
20641,2022-05-01,2076.706546989117
20641,2022-06-01,1579.6649414720337
20641,2022-07-01,1561.4314501466977
20641,2022-08-01,1555.152117195531
20641,2022-09-01,1556.5658529841764
20641,2022-10-01,1439.2338013950168
20641,2022-11-01,1366.3415744302129
20641,2022-12-01,1191.8465295125727
20641,2023-01-01,1301.3945217894805
20641,2023-02-01,1307.8330573541073
20641,2023-03-01,1268.465074855575
20641,2023-04-01,1209.9665770215504
20641,2023-05-01,1227.0486926950448
20641,2023-06-01,1161.3701885465405
20641,2023-07-01,1337.883998577558
20641,2023-08-01,1285.3841279884355
20641,2023-09-01,1231.5752123253158
20641,2023-10-01,1253.3399748784516
20641,2023-11-01,1291.1065190359825
20641,2023-12-01,1154.8277998582917
20641,2024-01-01,1375.3852473599163
20641,2024-02-01,1326.9024144922705
20641,2024-03-01,1240.9444297417363
20641,2024-04-01,1405.2258520981281
20641,2024-05-01,1494.4908598229158
20641,2024-06-01,1434.257423371818
20641,2024-07-01,1366.6647414611605
20641,2024-08-01,1418.8912923812588
20641,2024-09-01,1177.2536165679207
20641,2024-10-01,987.9262449274671
20641,2024-11-01,1459.8433007386498
20641,2024-12-01,1115.2943503039617
20641,2025-01-01,1098.3103416029433
20641,2025-02-01,1057.5293437037242
20641,2025-03-01,937.1956076425981
20641,2025-04-01,968.590389689689
20641,2025-05-01,981.8257174194051
20641,2025-06-01,864.438682722376
20641,2025-07-01,908.3672277245681
20641,2025-08-01,756.1746967086217
20641,2025-09-01,1029.4320388582587
20641,2025-10-01,1041.3886548622754
20641,2025-11-01,807.2906562365492
20641,2025-12-01,909.5230152409587
20641,2026-01-01,828.3606353548373
20641,2026-02-01,822.4940384713766
20641,2026-03-01,809.3826647328146
20641,2026-04-01,721.0205201809111
20641,2026-05-01,710.4637919165938
20641,2026-06-01,810.6619395264242
20642,2011-03-01,22100.134105076155
20642,2011-04-01,21561.013086490257
20642,2011-05-01,23211.369877764104
20642,2011-06-01,24083.51679745733
20642,2011-07-01,25546.990033785376
20642,2011-08-01,33521.802513897965
20642,2011-09-01,25037.989706318214
20642,2011-10-01,21362.252233588304
20642,2011-11-01,25496.3657830511
20642,2011-12-01,24490.700919585866
20642,2012-01-01,24416.07366095805
20642,2012-02-01,25000.051509415276
20642,2012-03-01,25498.833588518166
20642,2012-04-01,26846.937740575806
20642,2012-05-01,28804.38070035313
20642,2012-06-01,27015.359782107582
20642,2012-07-01,26758.12419322125
20642,2012-08-01,28340.567069710167
20642,2012-09-01,26245.06519389397
20642,2012-10-01,27809.052873087472
20642,2012-11-01,26800.4514588182
20642,2012-12-01,26017.117357919633
20642,2013-01-01,27513.117738801746
20642,2013-02-01,27416.288692567214
20642,2013-03-01,24696.73233082746
20642,2013-04-01,26704.775707014345
20642,2013-05-01,25252.321559331514
20642,2013-06-01,25800.96631629394
20642,2013-07-01,26272.29700702033
20642,2013-08-01,24728.36825066962
20642,2013-09-01,24059.979198463276
20642,2013-10-01,26100.3822579223
20642,2013-11-01,24678.35358754894
20642,2013-12-01,23582.268247206608
20642,2014-01-01,22445.40578111248
20642,2014-02-01,25491.974323109032
20642,2014-03-01,19099.74945448094
20642,2014-04-01,26649.891123950194
20642,2014-05-01,24775.3726225123
20642,2014-06-01,22280.75256361583
20642,2014-07-01,22678.193266915096
20642,2014-08-01,23713.56224189841
20642,2014-09-01,24989.366520607455
20642,2014-10-01,22337.129381839215
20642,2014-11-01,22137.29644609279
20642,2014-12-01,23407.35238326817
20642,2015-01-01,24399.68258731773
20642,2015-02-01,21190.136931336197
20642,2015-03-01,23870.176189991478
20642,2015-04-01,21889.91016583314
20642,2015-05-01,21546.979371897152
20642,2015-06-01,20612.971438179462
20642,2015-07-01,21935.956346025374
20642,2015-08-01,18377.841362447023
20642,2015-09-01,19111.796811488966
20642,2015-10-01,18198.570171349525
20642,2015-11-01,18053.2036830506
20642,2015-12-01,19178.9628088821
20642,2016-01-01,16081.768635525985
20642,2016-02-01,17206.95527227732
20642,2016-03-01,15873.088959802528
20642,2016-04-01,15995.494295002516
20642,2016-05-01,15300.22016675188
20642,2016-06-01,15719.39400198776
20642,2016-07-01,14438.949992569293
20642,2016-08-01,14610.524063503357
20642,2016-09-01,17095.798094285685
20642,2016-10-01,14978.87903163485
20642,2016-11-01,15765.975591340135
20642,2016-12-01,14967.212728768296
20642,2017-01-01,15644.798645732284
20642,2017-02-01,13645.703719448498
20642,2017-03-01,14938.799480570917
20642,2017-04-01,11578.74410285575
20642,2017-05-01,12845.880395068478
20642,2017-06-01,14432.210193239027
20642,2017-07-01,11885.08191940588
20642,2017-08-01,12555.03718988701
20642,2017-09-01,12314.313243045552
20642,2017-10-01,12187.589726559429
20642,2017-11-01,12951.39072374995
20642,2017-12-01,13918.565369927916
20642,2018-01-01,13639.767672009137
20642,2018-02-01,13592.057793981823
20642,2018-03-01,13306.909985051307
20642,2018-04-01,16022.237480174032
20642,2018-05-01,12748.014034290672
20642,2018-06-01,13803.60358824657
20642,2018-07-01,13930.310890846784
20642,2018-08-01,15347.99725581171
20642,2018-09-01,12636.982754236316
20642,2018-10-01,15906.588474427235
20642,2018-11-01,15024.044780833801
20642,2018-12-01,13749.24021021801
20642,2019-01-01,15057.925140029713
20642,2019-02-01,16752.800414486053
20642,2019-03-01,14750.574901438918
20642,2019-04-01,17068.505441342455
20642,2019-05-01,19255.679996543637
20642,2019-06-01,17794.122704805857
20642,2019-07-01,21722.112781394128
20642,2019-08-01,19545.02733286502
20642,2019-09-01,18791.751056691726
20642,2019-10-01,20452.47771415513
20642,2019-11-01,19978.557127020355
20642,2019-12-01,21720.783661968257
20642,2020-01-01,19998.179146237107
20642,2020-02-01,19504.740780746833
20642,2020-03-01,26882.07601614004
20642,2020-04-01,49235.872743494394
20642,2020-05-01,34839.76553188246
20642,2020-06-01,35019.369543811394
20642,2020-07-01,41865.27556236712
20642,2020-08-01,22643.26142410248
20642,2020-09-01,32128.515991379438
20642,2020-10-01,27493.42618733765
20642,2020-11-01,34398.26151406397
20642,2020-12-01,24031.97539122121
20642,2021-01-01,13560.055745817719
20642,2021-02-01,17638.16175806222
20642,2021-03-01,21675.357744988753
20642,2021-04-01,20170.332753943145
20642,2021-05-01,23073.554615785975
20642,2021-06-01,20947.862254533793
20642,2021-07-01,21783.23017560725
20642,2021-08-01,20410.874296882106
20642,2021-09-01,21750.86334875005
20642,2021-10-01,22289.805723933074
20642,2021-11-01,21876.821481272695
20642,2021-12-01,18482.291143855662
20642,2022-01-01,25173.649564448868
20642,2022-02-01,25323.147319135132
20642,2022-03-01,24941.59245392509
20642,2022-04-01,25094.661071600352
20642,2022-05-01,35490.812404592834
20642,2022-06-01,25903.992378107254
20642,2022-07-01,24891.10459346447
20642,2022-08-01,27927.100217662533
20642,2022-09-01,27183.087015870347
20642,2022-10-01,24477.28598524369
20642,2022-11-01,24766.77232070396
20642,2022-12-01,20844.832180618443
20642,2023-01-01,28531.696151973596
20642,2023-02-01,23088.733867312138
20642,2023-03-01,22132.901148862635
20642,2023-04-01,20322.079441706202
20642,2023-05-01,21813.002955777985
20642,2023-06-01,23328.52226687208
20642,2023-07-01,24146.45441492044
20642,2023-08-01,24523.78445649832
20642,2023-09-01,21814.55376358002
20642,2023-10-01,21549.079961818752
20642,2023-11-01,22883.352737913003
20642,2023-12-01,23343.90975858133
20642,2024-01-01,26616.189585771775
20642,2024-02-01,22850.49634484077
20642,2024-03-01,25731.928354139407
20642,2024-04-01,28592.778546762805
20642,2024-05-01,22793.79100738026
20642,2024-06-01,22769.840669047535
20642,2024-07-01,25730.572819535337
20642,2024-08-01,27205.240761202702
20642,2024-09-01,29708.32470760005
20642,2024-10-01,28243.67780662495
20642,2024-11-01,28782.436521882184
20642,2024-12-01,28859.73337568213
20642,2025-01-01,23596.50670982005
20642,2025-02-01,31363.388914354717
20642,2025-03-01,27339.03768809169
20642,2025-04-01,26570.58535911395
20642,2025-05-01,26905.587778107933
20642,2025-06-01,30315.816442715946
20642,2025-07-01,27799.870550374068
20642,2025-08-01,25134.441518634347
20642,2025-09-01,32226.17505619146
20642,2025-10-01,33308.62295841798
20642,2025-11-01,29979.96881084355
20642,2025-12-01,44921.141338609596
20642,2026-01-01,45843.46680355159
20642,2026-02-01,47991.45120904708
20642,2026-03-01,45279.060540856815
20642,2026-04-01,51631.43253521709
20642,2026-05-01,55807.77051976799
20642,2026-06-01,51139.17943086007
20643,2011-03-01,22230.4007686958
20643,2011-04-01,21911.012334512983
20643,2011-05-01,22747.511770776666
20643,2011-06-01,23455.544326622334
20643,2011-07-01,22351.310721108468
20643,2011-08-01,23304.36130382203
20643,2011-09-01,23320.565535919624
20643,2011-10-01,21771.06434943858
20643,2011-11-01,22479.02897790038
20643,2011-12-01,22898.835852444383
20643,2012-01-01,22024.817863642045
20643,2012-02-01,22119.810435425337
20643,2012-03-01,22661.951242428688
20643,2012-04-01,22802.3756953425
20643,2012-05-01,23179.84820727103
20643,2012-06-01,22102.957246598224
20643,2012-07-01,22611.757176855324
20643,2012-08-01,22652.16370968673
20643,2012-09-01,21467.05176979309
20643,2012-10-01,22301.716132934973
20643,2012-11-01,22439.893151205462
20643,2012-12-01,21163.806004270453
20643,2013-01-01,22069.60478929671
20643,2013-02-01,21271.950741100605
20643,2013-03-01,19884.352490548583
20643,2013-04-01,21674.735890466884
20643,2013-05-01,21300.175807531832
20643,2013-06-01,20959.992770405457
20643,2013-07-01,22245.340312535533
20643,2013-08-01,21370.778632142385
20643,2013-09-01,21252.854817770763
20643,2013-10-01,22737.63942124535
20643,2013-11-01,21886.73719460512
20643,2013-12-01,21950.099023182196
20643,2014-01-01,22076.88296040172
20643,2014-02-01,22520.804345743327
20643,2014-03-01,20792.61659909125
20643,2014-04-01,21012.692224406554
20643,2014-05-01,20811.594443656875
20643,2014-06-01,21132.24132030774
20643,2014-07-01,20839.55152928151
20643,2014-08-01,21109.55916069399
20643,2014-09-01,21497.54486894168
20643,2014-10-01,21075.1190193082
20643,2014-11-01,20646.560168271215
20643,2014-12-01,22627.219704162504
20643,2015-01-01,20922.32524169325
20643,2015-02-01,20809.67586416889
20643,2015-03-01,21987.16462539662
20643,2015-04-01,22659.618729289676
20643,2015-05-01,20482.52094996244
20643,2015-06-01,21760.297380717442
20643,2015-07-01,21448.127451811426
20643,2015-08-01,20442.935092302712
20643,2015-09-01,21060.9795295908
20643,2015-10-01,20813.849284878102
20643,2015-11-01,20435.446776869037
20643,2015-12-01,20555.298784181923
20643,2016-01-01,18488.369824319678
20643,2016-02-01,20338.643051755625
20643,2016-03-01,19738.10632552251
20643,2016-04-01,18937.834109763
20643,2016-05-01,19131.404102413995
20643,2016-06-01,19713.783568862957
20643,2016-07-01,18652.102493962593
20643,2016-08-01,19083.521797858324
20643,2016-09-01,19030.418286815184
20643,2016-10-01,17065.146382189712
20643,2016-11-01,17416.103504686867
20643,2016-12-01,18109.484295012513
20643,2017-01-01,17450.648985679327
20643,2017-02-01,16522.41438741226
20643,2017-03-01,17482.41006292262
20643,2017-04-01,16127.273034856471
20643,2017-05-01,16980.10984588342
20643,2017-06-01,15996.79423320883
20643,2017-07-01,15595.140259794958
20643,2017-08-01,15922.33476998834
20643,2017-09-01,16392.96004620864
20643,2017-10-01,16216.1929022552
20643,2017-11-01,17289.673972936554
20643,2017-12-01,16083.270759732477
20643,2018-01-01,16878.475548027058
20643,2018-02-01,16737.392391768455
20643,2018-03-01,15172.630594257429
20643,2018-04-01,16807.111045824997
20643,2018-05-01,16502.37588361431
20643,2018-06-01,16436.48327291922
20643,2018-07-01,17154.815930383324
20643,2018-08-01,16954.431778281454
20643,2018-09-01,15953.622391807787
20643,2018-10-01,16423.87884229457
20643,2018-11-01,16227.687104819897
20643,2018-12-01,15841.976196666725
20643,2019-01-01,15929.960199893416
20643,2019-02-01,16188.905275105539
20643,2019-03-01,14342.032314021408
20643,2019-04-01,15643.373565618795
20643,2019-05-01,15678.757063115627
20643,2019-06-01,14401.23621764436
20643,2019-07-01,16055.450558862587
20643,2019-08-01,14814.814264446322
20643,2019-09-01,14409.065997299847
20643,2019-10-01,14868.692298811366
20643,2019-11-01,14299.501107359156
20643,2019-12-01,14690.669063215664
20643,2020-01-01,14123.345166295556
20643,2020-02-01,14400.00994947043
20643,2020-03-01,15928.928461169106
20643,2020-04-01,10185.593736596516
20643,2020-05-01,9399.933272200795
20643,2020-06-01,9997.209024092763
20643,2020-07-01,9402.214118303997
20643,2020-08-01,9190.192193141667
20643,2020-09-01,8972.989496071208
20643,2020-10-01,9530.241634314609
20643,2020-11-01,9948.199739685531
20643,2020-12-01,8989.357186382429
20643,2021-01-01,8086.541913175513
20643,2021-02-01,9884.858991554365
20643,2021-03-01,9467.6416307700365
20643,2021-04-01,9484.523327976469
20643,2021-05-01,9562.751767775375
20643,2021-06-01,10507.449179478888
20643,2021-07-01,10052.038740282358
20643,2021-08-01,10381.607097575978
20643,2021-09-01,11502.164551367145
20643,2021-10-01,11144.006790898873
20643,2021-11-01,11524.385622027787
20643,2021-12-01,12794.14958949131
20643,2022-01-01,12418.41943411076
20643,2022-02-01,11960.184959689625
20643,2022-03-01,12987.272253549476
20643,2022-04-01,12235.789198412594
20643,2022-05-01,12795.821997058416
20643,2022-06-01,12822.962604555307
20643,2022-07-01,12939.73478984618
20643,2022-08-01,13629.54559131923
20643,2022-09-01,13322.675288046506
20643,2022-10-01,12504.80882900815
20643,2022-11-01,12049.457887563272
20643,2022-12-01,11716.364162005793
20643,2023-01-01,12010.48834277691
20643,2023-02-01,12274.995447137971
20643,2023-03-01,11509.353104703878
20643,2023-04-01,11418.605192447556
20643,2023-05-01,12643.768304874375
20643,2023-06-01,11735.73571125697
20643,2023-07-01,11344.875750789604
20643,2023-08-01,11613.488897174922
20643,2023-09-01,12003.004288732445
20643,2023-10-01,12421.796961511514
20643,2023-11-01,14039.64314678172
20643,2023-12-01,16004.321951131518
20643,2024-01-01,16696.935224926674
20643,2024-02-01,16258.591188913198
20643,2024-03-01,14911.918658469194
20643,2024-04-01,17754.049432025648
20643,2024-05-01,16989.59992491312
20643,2024-06-01,16799.622332780273
20643,2024-07-01,18277.463464407054
20643,2024-08-01,18844.179688196517
20643,2024-09-01,18324.660700107157
20643,2024-10-01,18721.913857698524
20643,2024-11-01,19013.537637430254
20643,2024-12-01,18861.305104014577
20643,2025-01-01,19271.574692494414
20643,2025-02-01,19513.77884975538
20643,2025-03-01,18739.412133498437
20643,2025-04-01,19854.619456112854
20643,2025-05-01,19851.01094862752
20643,2025-06-01,20293.495602336683
20643,2025-07-01,20148.365364405763
20643,2025-08-01,19533.36512368778
20643,2025-09-01,20372.593712396647
20643,2025-10-01,20729.60649947938
20643,2025-11-01,19873.988124721982
20643,2025-12-01,22102.110842780512
20643,2026-01-01,20980.300200858597
20643,2026-02-01,21257.581908792094
20643,2026-03-01,21901.32819367299
20643,2026-04-01,21806.446423555004
20643,2026-05-01,20515.72207883789
20643,2026-06-01,21539.66819879202
20644,2011-03-01,17734.684528814876
20644,2011-04-01,17661.38213055805
20644,2011-05-01,18734.411486973295
20644,2011-06-01,18234.178527870372
20644,2011-07-01,18021.49388521689
20644,2011-08-01,18641.161325436056
20644,2011-09-01,18407.095940736217
20644,2011-10-01,18250.589953178798
20644,2011-11-01,18654.68516358039
20644,2011-12-01,18726.29156043446
20644,2012-01-01,18446.697540593126
20644,2012-02-01,17902.49527561941
20644,2012-03-01,19104.555581858003
20644,2012-04-01,18792.15751408349
20644,2012-05-01,18770.225233834
20644,2012-06-01,18719.556785613313
20644,2012-07-01,19148.293200997763
20644,2012-08-01,18995.52597329321
20644,2012-09-01,18310.513890554088
20644,2012-10-01,19275.4871837881
20644,2012-11-01,19089.30330541847
20644,2012-12-01,18626.39752077669
20644,2013-01-01,19123.98581394528
20644,2013-02-01,19101.09956174378
20644,2013-03-01,18785.706506148163
20644,2013-04-01,19872.492808913772
20644,2013-05-01,19155.835205285293
20644,2013-06-01,19195.096600044657
20644,2013-07-01,19671.74602606322
20644,2013-08-01,19868.05098553066
20644,2013-09-01,20017.06921296256
20644,2013-10-01,20313.585712093256
20644,2013-11-01,20075.83642916535
20644,2013-12-01,20167.888164686578
20644,2014-01-01,20225.44181213111
20644,2014-02-01,20782.127623254702
20644,2014-03-01,19683.550065218868
20644,2014-04-01,20210.511296901415
20644,2014-05-01,20162.4392348234
20644,2014-06-01,20044.809341436274
20644,2014-07-01,20093.049347850174
20644,2014-08-01,19628.221987540728
20644,2014-09-01,20539.480230422567
20644,2014-10-01,19658.418796766236
20644,2014-11-01,19904.323165147398
20644,2014-12-01,20766.03380100827
20644,2015-01-01,20885.310415950742
20644,2015-02-01,20991.191217411317
20644,2015-03-01,22825.664679303736
20644,2015-04-01,22043.74530890368
20644,2015-05-01,21544.238381625255
20644,2015-06-01,22479.341609159113
20644,2015-07-01,22009.562259423896
20644,2015-08-01,21781.490121667768
20644,2015-09-01,21847.333069941604
20644,2015-10-01,21582.580512982604
20644,2015-11-01,21499.885496892035
20644,2015-12-01,21080.004485540005
20644,2016-01-01,19826.507096417605
20644,2016-02-01,20100.75270026709
20644,2016-03-01,20102.217439947926
20644,2016-04-01,19223.72749898663
20644,2016-05-01,19524.80468894272
20644,2016-06-01,19055.58120826338
20644,2016-07-01,18627.33459982035
20644,2016-08-01,19064.651132441497
20644,2016-09-01,18492.147941924508
20644,2016-10-01,18252.779934982947
20644,2016-11-01,17707.265535172366
20644,2016-12-01,17699.53927043792
20644,2017-01-01,17224.094358582654
20644,2017-02-01,15920.469966665169
20644,2017-03-01,18220.955931595396
20644,2017-04-01,16339.272129902334
20644,2017-05-01,17079.438361425735
20644,2017-06-01,16293.215436641161
20644,2017-07-01,16141.990201707678
20644,2017-08-01,16441.13561894786
20644,2017-09-01,16417.70368051096
20644,2017-10-01,16656.726828681785
20644,2017-11-01,16926.07777288346
20644,2017-12-01,18431.95158866847
20644,2018-01-01,16814.68250980149
20644,2018-02-01,17265.004630488256
20644,2018-03-01,16629.113947940765
20644,2018-04-01,17350.52456944309
20644,2018-05-01,16586.48592225639
20644,2018-06-01,16906.501979863053
20644,2018-07-01,17169.735936446512
20644,2018-08-01,16972.90651984993
20644,2018-09-01,16721.98810638213
20644,2018-10-01,17239.376651792816
20644,2018-11-01,17586.4492854894
20644,2018-12-01,17256.615581741757
20644,2019-01-01,17951.773779890853
20644,2019-02-01,17938.058983997187
20644,2019-03-01,16771.602491016958
20644,2019-04-01,18362.834356921798
20644,2019-05-01,18278.542458959015
20644,2019-06-01,17734.62986161674
20644,2019-07-01,19347.192020640177
20644,2019-08-01,18756.8630320056
20644,2019-09-01,19772.089954960094
20644,2019-10-01,19366.868915881474
20644,2019-11-01,18350.839818411252
20644,2019-12-01,19270.614441568134
20644,2020-01-01,18734.591066570414
20644,2020-02-01,19439.668725253505
20644,2020-03-01,18605.72839600202
20644,2020-04-01,13870.882150842534
20644,2020-05-01,13153.065158089083
20644,2020-06-01,11035.853269798781
20644,2020-07-01,11224.032223075652
20644,2020-08-01,11787.536569345588
20644,2020-09-01,11700.218112501483
20644,2020-10-01,12000.124292803772
20644,2020-11-01,12660.37948044665
20644,2020-12-01,12729.258348981455
20644,2021-01-01,12886.917876448277
20644,2021-02-01,14254.750349079448
20644,2021-03-01,14517.216540553272
20644,2021-04-01,14588.567771100694
20644,2021-05-01,15223.236216541947
20644,2021-06-01,16094.284948093224
20644,2021-07-01,16265.048162335175
20644,2021-08-01,17467.56367821845
20644,2021-09-01,18499.500308126782
20644,2021-10-01,18680.229954024424
20644,2021-11-01,20157.859123616538
20644,2021-12-01,21755.60533671932
20644,2022-01-01,21265.808573553248
20644,2022-02-01,21415.697308320447
20644,2022-03-01,22837.516271624994
20644,2022-04-01,21520.741081002532
20644,2022-05-01,22419.666473950885
20644,2022-06-01,21844.35230553374
20644,2022-07-01,22394.207972168664
20644,2022-08-01,22115.262152672305
20644,2022-09-01,21469.09640120915
20644,2022-10-01,20483.90794293676
20644,2022-11-01,21020.571929185306
20644,2022-12-01,21471.08982922372
20644,2023-01-01,21315.39762798638
20644,2023-02-01,21068.647810587387
20644,2023-03-01,21799.897212036085
20644,2023-04-01,21696.86929169289
20644,2023-05-01,22228.15148326873
20644,2023-06-01,22080.12610202683
20644,2023-07-01,21283.076238861537
20644,2023-08-01,21575.842373147294
20644,2023-09-01,21293.73419357408
20644,2023-10-01,22315.969354005654
20644,2023-11-01,22024.54150909794
20644,2023-12-01,20848.60181182381
20644,2024-01-01,22130.426237009822
20644,2024-02-01,21931.848692597618
20644,2024-03-01,21981.668936179693
20644,2024-04-01,23467.1080309644
20644,2024-05-01,21379.788059051232
20644,2024-06-01,21360.011182097383
20644,2024-07-01,22285.34848092792
20644,2024-08-01,22642.235632258515
20644,2024-09-01,22983.182580489076
20644,2024-10-01,22920.30918966587
20644,2024-11-01,23287.358190516938
20644,2024-12-01,23180.670202282414
20644,2025-01-01,23874.044677855833
20644,2025-02-01,24846.638402999044
20644,2025-03-01,23697.896991670514
20644,2025-04-01,24487.40007081568
20644,2025-05-01,24827.778159278183
20644,2025-06-01,24351.174619610858
20644,2025-07-01,24802.566788583412
20644,2025-08-01,24163.787285139973
20644,2025-09-01,25816.732637417823
20644,2025-10-01,25695.959640684683
20644,2025-11-01,24553.840379215933
20644,2025-12-01,25124.60630610966
20644,2026-01-01,24876.992333371392
20644,2026-02-01,24520.93506425779
20644,2026-03-01,25520.146696698605
20644,2026-04-01,24420.58246701613
20644,2026-05-01,25877.21401114395
20644,2026-06-01,26804.48324202591
20645,2011-03-01,1069.2866540742234
20645,2011-04-01,1067.4312930185345
20645,2011-05-01,1101.8703055060525
20645,2011-06-01,1163.0162640568167
20645,2011-07-01,1202.9843332097705
20645,2011-08-01,1224.3675150500092
20645,2011-09-01,1236.0379760886512
20645,2011-10-01,1063.270042482899
20645,2011-11-01,1234.7130238769075
20645,2011-12-01,1229.6027512542075
20645,2012-01-01,1286.6489920883314
20645,2012-02-01,1198.2476200531405
20645,2012-03-01,1303.0861837407776
20645,2012-04-01,1172.9051457214186
20645,2012-05-01,1168.4738977300494
20645,2012-06-01,1210.538658576615
20645,2012-07-01,1119.5864247629436
20645,2012-08-01,1144.9718364742268
20645,2012-09-01,946.6665318863727
20645,2012-10-01,1015.1443285249246
20645,2012-11-01,1067.1255155033762
20645,2012-12-01,968.9803999557156
20645,2013-01-01,1069.0111339208934
20645,2013-02-01,1030.2493780658494
20645,2013-03-01,976.9113869572126
20645,2013-04-01,1220.1816963321091
20645,2013-05-01,1138.9347823050723
20645,2013-06-01,1053.0417410941616
20645,2013-07-01,1057.348733340534
20645,2013-08-01,1039.8424195146863
20645,2013-09-01,1068.0744373087834
20645,2013-10-01,1083.0203004887635
20645,2013-11-01,1005.8822516140306
20645,2013-12-01,1011.6553089729949
20645,2014-01-01,1044.3106193567921
20645,2014-02-01,1159.9642574463032
20645,2014-03-01,959.8588383041259
20645,2014-04-01,1038.7465809038342
20645,2014-05-01,1063.8459750863813
20645,2014-06-01,988.3706695375001
20645,2014-07-01,921.7362312706567
20645,2014-08-01,938.1334016780739
20645,2014-09-01,1241.9123779087574
20645,2014-10-01,1120.0808942730541
20645,2014-11-01,1008.6702415038056
20645,2014-12-01,1078.9489477521065
20645,2015-01-01,878.9164874955475
20645,2015-02-01,754.3344331765328
20645,2015-03-01,891.9154072300817
20645,2015-04-01,847.2651301288198
20645,2015-05-01,750.1309053694873
20645,2015-06-01,762.622571666685
20645,2015-07-01,823.2600128352683
20645,2015-08-01,728.0997206543508
20645,2015-09-01,768.1795353761447
20645,2015-10-01,705.6092570957323
20645,2015-11-01,766.6902862388903
20645,2015-12-01,780.5726299600989
20645,2016-01-01,715.3915752682123
20645,2016-02-01,749.556769013803
20645,2016-03-01,693.0302485201281
20645,2016-04-01,690.4399664722222
20645,2016-05-01,645.9957510285384
20645,2016-06-01,798.1088380823011
20645,2016-07-01,796.3991566910353
20645,2016-08-01,813.0752327050336
20645,2016-09-01,738.2838355834081
20645,2016-10-01,622.5682797521904
20645,2016-11-01,714.9070613625181
20645,2016-12-01,782.0119669572066
20645,2017-01-01,775.9621588780568
20645,2017-02-01,783.147295533453
20645,2017-03-01,899.0277953929601
20645,2017-04-01,805.5621147445364
20645,2017-05-01,933.5671496278308
20645,2017-06-01,982.1905302290969
20645,2017-07-01,937.5418060895181
20645,2017-08-01,1043.8297647275301
20645,2017-09-01,1057.158635830413
20645,2017-10-01,1139.20489504475
20645,2017-11-01,1218.9458821573803
20645,2017-12-01,1203.205908914056
20645,2018-01-01,1540.8250472332836
20645,2018-02-01,1422.0970997632494
20645,2018-03-01,1657.50234686776
20645,2018-04-01,1819.7569725576898
20645,2018-05-01,1615.4087750759154
20645,2018-06-01,1544.905294903657
20645,2018-07-01,1666.5404500875127
20645,2018-08-01,1863.419739728349
20645,2018-09-01,1682.1620736116008
20645,2018-10-01,1945.7181907418412
20645,2018-11-01,2020.3608456257264
20645,2018-12-01,1986.1340051511218
20645,2019-01-01,2208.7754957424736
20645,2019-02-01,2533.902652454571
20645,2019-03-01,2363.5371664720706
20645,2019-04-01,2948.1816443478006
20645,2019-05-01,3069.143988851555
20645,2019-06-01,2784.41510767431
20645,2019-07-01,3076.2771357677557
20645,2019-08-01,2975.8283408164107
20645,2019-09-01,3399.513841052163
20645,2019-10-01,3656.3777079165757
20645,2019-11-01,3578.111596345507
20645,2019-12-01,3304.4391053392515
20645,2020-01-01,3503.3560589509543
20645,2020-02-01,3301.956296021575
20645,2020-03-01,3126.6502173910835
20645,2020-04-01,1364.7084104745272
20645,2020-05-01,1651.0174809464331
20645,2020-06-01,2586.24442181687
20645,2020-07-01,3182.909898455088
20645,2020-08-01,2531.448136583424
20645,2020-09-01,3045.4750043069776
20645,2020-10-01,2940.6666080834166
20645,2020-11-01,3563.235190753176
20645,2020-12-01,3702.3406687005395
20645,2021-01-01,2839.394873424415
20645,2021-02-01,3867.9740966212867
20645,2021-03-01,4679.733607218788
20645,2021-04-01,4441.886587807206
20645,2021-05-01,4749.2580109453165
20645,2021-06-01,5029.160109333459
20645,2021-07-01,4813.88568720889
20645,2021-08-01,4880.113308742137
20645,2021-09-01,4520.431801383265
20645,2021-10-01,4357.054725903586
20645,2021-11-01,4195.550006142542
20645,2021-12-01,4737.789209456247
20645,2022-01-01,4203.078806670358
20645,2022-02-01,4770.0727933243015
20645,2022-03-01,4520.86916606553
20645,2022-04-01,3857.751526067412
20645,2022-05-01,4816.813364296854
20645,2022-06-01,4857.159679055918
20645,2022-07-01,4833.095966397765
20645,2022-08-01,5035.696675971152
20645,2022-09-01,5128.03183658168
20645,2022-10-01,4546.164788347321
20645,2022-11-01,4703.264541933133
20645,2022-12-01,4917.800172665502
20645,2023-01-01,4966.175545634986
20645,2023-02-01,4339.411068522311
20645,2023-03-01,4878.824431419431
20645,2023-04-01,3755.2990714029456
20645,2023-05-01,4453.664353534527
20645,2023-06-01,4334.681585965473
20645,2023-07-01,4265.287355215644
20645,2023-08-01,4706.378923002403
20645,2023-09-01,4493.228271697074
20645,2023-10-01,4843.57383203888
20645,2023-11-01,4817.488265807507
20645,2023-12-01,4599.040893038106
20645,2024-01-01,5204.358086251302
20645,2024-02-01,5237.013081945157
20645,2024-03-01,4837.1224347458665
20645,2024-04-01,5299.174654544533
20645,2024-05-01,4943.251868029174
20645,2024-06-01,5032.109114344469
20645,2024-07-01,5087.797805753217
20645,2024-08-01,5123.574159026257
20645,2024-09-01,5182.636317662746
20645,2024-10-01,5370.708048515679
20645,2024-11-01,5178.563245434726
20645,2024-12-01,4921.155779414042
20645,2025-01-01,4788.855235196398
20645,2025-02-01,5219.864296300477
20645,2025-03-01,4564.762775512009
20645,2025-04-01,4821.366723688234
20645,2025-05-01,4897.082063246007
20645,2025-06-01,4934.459894463681
20645,2025-07-01,5154.513097712682
20645,2025-08-01,4329.5180862852985
20645,2025-09-01,5077.133192347869
20645,2025-10-01,5555.146671592872
20645,2025-11-01,4739.672886038804
20645,2025-12-01,4708.036534880904
20645,2026-01-01,4455.812834271567
20645,2026-02-01,4171.641267727866
20645,2026-03-01,4301.109679017235
20645,2026-04-01,4237.003752980531
20645,2026-05-01,3949.3538241799097
20645,2026-06-01,3696.181110124059
20646,2011-03-01,243
20646,2011-04-01,248
20646,2011-05-01,278
20646,2011-06-01,269
20646,2011-07-01,436
20646,2011-08-01,434
20646,2011-09-01,543
20646,2011-10-01,314
20646,2011-11-01,807
20646,2011-12-01,982
20646,2012-01-01,299
20646,2012-02-01,468
20646,2012-03-01,683
20646,2012-04-01,252
20646,2012-05-01,260
20646,2012-06-01,386
20646,2012-07-01,296
20646,2012-08-01,415
20646,2012-09-01,389
20646,2012-10-01,526
20646,2012-11-01,319
20646,2012-12-01,658
20646,2013-01-01,340
20646,2013-02-01,426
20646,2013-03-01,598
20646,2013-04-01,354
20646,2013-05-01,371
20646,2013-06-01,301
20646,2013-07-01,354
20646,2013-08-01,517
20646,2013-09-01,498
20646,2013-10-01,460
20646,2013-11-01,581
20646,2013-12-01,767
20646,2014-01-01,463
20646,2014-02-01,666
20646,2014-03-01,550
20646,2014-04-01,594
20646,2014-05-01,819
20646,2014-06-01,651
20646,2014-07-01,794
20646,2014-08-01,527
20646,2014-09-01,826
20646,2014-10-01,844
20646,2014-11-01,443
20646,2014-12-01,654
20646,2015-01-01,493
20646,2015-02-01,308
20646,2015-03-01,383
20646,2015-04-01,525
20646,2015-05-01,668
20646,2015-06-01,502
20646,2015-07-01,480
20646,2015-08-01,367
20646,2015-09-01,349
20646,2015-10-01,328
20646,2015-11-01,316
20646,2015-12-01,474
20646,2016-01-01,260
20646,2016-02-01,470
20646,2016-03-01,303
20646,2016-04-01,499
20646,2016-05-01,482
20646,2016-06-01,345
20646,2016-07-01,319
20646,2016-08-01,382
20646,2016-09-01,371
20646,2016-10-01,499
20646,2016-11-01,359
20646,2016-12-01,579
20646,2017-01-01,414
20646,2017-02-01,239
20646,2017-03-01,544
20646,2017-04-01,234
20646,2017-05-01,427
20646,2017-06-01,392
20646,2017-07-01,351
20646,2017-08-01,270
20646,2017-09-01,392
20646,2017-10-01,497
20646,2017-11-01,247
20646,2017-12-01,392
20646,2018-01-01,315
20646,2018-02-01,552
20646,2018-03-01,341
20646,2018-04-01,373
20646,2018-05-01,344
20646,2018-06-01,411
20646,2018-07-01,445
20646,2018-08-01,423
20646,2018-09-01,419
20646,2018-10-01,382
20646,2018-11-01,362
20646,2018-12-01,480
20646,2019-01-01,447
20646,2019-02-01,482
20646,2019-03-01,579
20646,2019-04-01,545
20646,2019-05-01,629
20646,2019-06-01,761
20646,2019-07-01,865
20646,2019-08-01,871
20646,2019-09-01,994
20646,2019-10-01,904
20646,2019-11-01,816
20646,2019-12-01,901
20646,2020-01-01,796
20646,2020-02-01,819
20646,2020-03-01,979
20646,2020-04-01,859
20646,2020-05-01,908
20646,2020-06-01,1170
20646,2020-07-01,928
20646,2020-08-01,956
20646,2020-09-01,1309
20646,2020-10-01,1002
20646,2020-11-01,1249
20646,2020-12-01,1165
20646,2021-01-01,681
20646,2021-02-01,847
20646,2021-03-01,1378
20646,2021-04-01,1167
20646,2021-05-01,1179
20646,2021-06-01,1265
20646,2021-07-01,1471
20646,2021-08-01,1389
20646,2021-09-01,1680
20646,2021-10-01,1445
20646,2021-11-01,1568
20646,2021-12-01,1887
20646,2022-01-01,1401
20646,2022-02-01,1169
20646,2022-03-01,1528
20646,2022-04-01,1504
20646,2022-05-01,1860
20646,2022-06-01,1631
20646,2022-07-01,1770
20646,2022-08-01,1884
20646,2022-09-01,1868
20646,2022-10-01,1729
20646,2022-11-01,1461
20646,2022-12-01,1687
20646,2023-01-01,1229
20646,2023-02-01,1103
20646,2023-03-01,1326
20646,2023-04-01,1067
20646,2023-05-01,1414
20646,2023-06-01,1291
20646,2023-07-01,1349
20646,2023-08-01,1506
20646,2023-09-01,1373
20646,2023-10-01,1367
20646,2023-11-01,1224
20646,2023-12-01,1450
20646,2024-01-01,1105
20646,2024-02-01,1192
20646,2024-03-01,1203
20646,2024-04-01,1404
20646,2024-05-01,1360
20646,2024-06-01,1541
20646,2024-07-01,1630
20646,2024-08-01,1611
20646,2024-09-01,1538
20646,2024-10-01,1554
20646,2024-11-01,1192
20646,2024-12-01,1378
20646,2025-01-01,1463
20646,2025-02-01,1802
20646,2025-03-01,1704
20646,2025-04-01,1095
20646,2025-05-01,1273
20646,2025-06-01,1747
20646,2025-07-01,1384
20646,2025-08-01,1259
20646,2025-09-01,1355
20646,2025-10-01,1444
20646,2025-11-01,1115
20646,2025-12-01,1904
20646,2026-01-01,1170
20646,2026-02-01,1326
20646,2026-03-01,1562
20646,2026-04-01,1186
20646,2026-05-01,1577
20646,2026-06-01,1745
20648,2011-03-01,486.306785163609
20648,2011-04-01,468.10126789828917
20648,2011-05-01,534.9304488087715
20648,2011-06-01,475.5055552993067
20648,2011-07-01,444.316866042313
20648,2011-08-01,411.73065670519065
20648,2011-09-01,394.717766467047
20648,2011-10-01,358.11907147413956
20648,2011-11-01,373.67193476692717
20648,2011-12-01,376.07942947419224
20648,2012-01-01,368.8272785670266
20648,2012-02-01,375.2752159265875
20648,2012-03-01,369.5325008986538
20648,2012-04-01,338.0999393022767
20648,2012-05-01,306.03375072529576
20648,2012-06-01,285.7818158487832
20648,2012-07-01,295.335922835951
20648,2012-08-01,249.19389708662183
20648,2012-09-01,272.2336260717458
20648,2012-10-01,292.40995795828803
20648,2012-11-01,236.21950030512008
20648,2012-12-01,209.86103067879247
20648,2013-01-01,217.86560339044857
20648,2013-02-01,192.6043849483783
20648,2013-03-01,180.9930665941987
20648,2013-04-01,263.4297094514496
20648,2013-05-01,252.51677230431474
20648,2013-06-01,247.06239811102037
20648,2013-07-01,243.4894192114437
20648,2013-08-01,242.3495238380039
20648,2013-09-01,250.85389060289197
20648,2013-10-01,252.01283064964448
20648,2013-11-01,219.5074341398668
20648,2013-12-01,227.23162009170295
20648,2014-01-01,197.46949538572557
20648,2014-02-01,195.34774860696035
20648,2014-03-01,217.97278199745094
20648,2014-04-01,214.14521679870126
20648,2014-05-01,213.2577207128321
20648,2014-06-01,249.7143103254497
20648,2014-07-01,221.95572240734828
20648,2014-08-01,212.58295269020041
20648,2014-09-01,223.84415684836318
20648,2014-10-01,230.12842027283918
20648,2014-11-01,237.70581329137104
20648,2014-12-01,270.60265121674183
20648,2015-01-01,268.77352595156583
20648,2015-02-01,151.61856450349336
20648,2015-03-01,133.5549381246947
20648,2015-04-01,159.941529752988
20648,2015-05-01,153.95298055554028
20648,2015-06-01,166.72572445281693
20648,2015-07-01,126.21920621439057
20648,2015-08-01,199.82748555394676
20648,2015-09-01,157.77359962874522
20648,2015-10-01,112.0415164380669
20648,2015-11-01,138.77207567792442
20648,2015-12-01,174.4250185551452
20648,2016-01-01,144.21304578816972
20648,2016-02-01,116.80560052829898
20648,2016-03-01,140.0634994675127
20648,2016-04-01,126.83530803233829
20648,2016-05-01,102.54690025362498
20648,2016-06-01,128.06906836019502
20648,2016-07-01,104.14453813452522
20648,2016-08-01,107.49382239601108
20648,2016-09-01,114.75207424415284
20648,2016-10-01,106.4584833839996
20648,2016-11-01,163.95899129496783
20648,2016-12-01,89.56491276586229
20648,2017-01-01,110.76457972995578
20648,2017-02-01,115.81971041415594
20648,2017-03-01,106.50182318642923
20648,2017-04-01,128.74273926302112
20648,2017-05-01,195.19281703041622
20648,2017-06-01,116.41700029144131
20648,2017-07-01,142.78342721582737
20648,2017-08-01,120.19704688438351
20648,2017-09-01,107.61354801755327
20648,2017-10-01,126.59074528168071
20648,2017-11-01,124.57783830277816
20648,2017-12-01,148.6184114590846
20648,2018-01-01,131.18061065307893
20648,2018-02-01,166.81835137062964
20648,2018-03-01,120.7598309825115
20648,2018-04-01,131.78432757424792
20648,2018-05-01,103.46067213215035
20648,2018-06-01,97.66499083285181
20648,2018-07-01,100.44665621561055
20648,2018-08-01,96.64351104039099
20648,2018-09-01,129.25483867493912
20648,2018-10-01,126.64753237629594
20648,2018-11-01,96.29021096860285
20648,2018-12-01,99.7100342928291
20648,2019-01-01,113.67599376789612
20648,2019-02-01,107.25680858330347
20648,2019-03-01,126.99169982430219
20648,2019-04-01,132.9914028772814
20648,2019-05-01,106.75996897682097
20648,2019-06-01,108.46754726207361
20648,2019-07-01,152.05111601948212
20648,2019-08-01,149.88070166397438
20648,2019-09-01,162.0417041235061
20648,2019-10-01,211.1686515035789
20648,2019-11-01,124.68900468576385
20648,2019-12-01,116.61926327557794
20648,2020-01-01,98.9679436921659
20648,2020-02-01,142.8742664864394
20648,2020-03-01,79.12945629412303
20648,2020-04-01,26.039210128155087
20648,2020-05-01,21.502745029557513
20648,2020-06-01,46.87616887230839
20648,2020-07-01,64.8914423208248
20648,2020-08-01,64.39133675080315
20648,2020-09-01,54.44036603633022
20648,2020-10-01,30.745941186028197
20648,2020-11-01,35.11461522134044
20648,2020-12-01,57.58013443494661
20648,2021-01-01,65.25662098194853
20648,2021-02-01,75.98310620880318
20648,2021-03-01,65.10421341238425
20648,2021-04-01,86.4688620515983
20648,2021-05-01,87.48542050138991
20648,2021-06-01,88.89557136985546
20648,2021-07-01,77.77866622658539
20648,2021-08-01,71.93954117579956
20648,2021-09-01,85.8975156455904
20648,2021-10-01,50.18548965781619
20648,2021-11-01,136.47022150925366
20648,2021-12-01,96.50841639430388
20648,2022-01-01,145.79155727073336
20648,2022-02-01,108.51020167404164
20648,2022-03-01,131.22905286726467
20648,2022-04-01,104.9323311744308
20648,2022-05-01,70.33480086966753
20648,2022-06-01,77.91252056401423
20648,2022-07-01,99.67351513833553
20648,2022-08-01,58.16314268226321
20648,2022-09-01,88.24722519863414
20648,2022-10-01,73.95318841263197
20648,2022-11-01,94.18952252584843
20648,2022-12-01,118.63149180921985
20648,2023-01-01,94.94888950437775
20648,2023-02-01,74.22175139922618
20648,2023-03-01,61.621658138040644
20648,2023-04-01,84.55327237702699
20648,2023-05-01,61.802697511990644
20648,2023-06-01,95.79282338752101
20648,2023-07-01,73.49633908965487
20648,2023-08-01,75.87225581337479
20648,2023-09-01,100.60692578105026
20648,2023-10-01,77.29711650752968
20648,2023-11-01,96.24994149875177
20648,2023-12-01,92.11755661456448
20648,2024-01-01,101.4863745257638
20648,2024-02-01,104.86882955264862
20648,2024-03-01,101.89685566078617
20648,2024-04-01,107.18460175054075
20648,2024-05-01,135.0108965005254
20648,2024-06-01,129.75462460689582
20648,2024-07-01,144.30959070003485
20648,2024-08-01,193.60323875541616
20648,2024-09-01,103.91053735201477
20648,2024-10-01,188.65647668397565
20648,2024-11-01,138.32151340478617
20648,2024-12-01,102.48149932580225
20648,2025-01-01,244.976606873783
20648,2025-02-01,118.27914077604375
20648,2025-03-01,204.21441521049672
20648,2025-04-01,144.69418971770523
20648,2025-05-01,129.17759132062446
20648,2025-06-01,151.88693739305663
20648,2025-07-01,145.2777764659818
20648,2025-08-01,158.03868816447604
20648,2025-09-01,289.9763448795631
20648,2025-10-01,127.42123081061789
20648,2025-11-01,124.28928943756077
20648,2025-12-01,136.33891023331958
20648,2026-01-01,104.12216316521788
20648,2026-02-01,110.34558136752464
20648,2026-03-01,94.05065463976293
20648,2026-04-01,76.04414531362917
20648,2026-05-01,94.2379103884646
20648,2026-06-01,76.04429596031284
20649,2011-03-01,501
20649,2011-04-01,415
20649,2011-05-01,598
20649,2011-06-01,435
20649,2011-07-01,795
20649,2011-08-01,551
20649,2011-09-01,524
20649,2011-10-01,584
20649,2011-11-01,426
20649,2011-12-01,614
20649,2012-01-01,455
20649,2012-02-01,359
20649,2012-03-01,452
20649,2012-04-01,387
20649,2012-05-01,411
20649,2012-06-01,363
20649,2012-07-01,417
20649,2012-08-01,384
20649,2012-09-01,676
20649,2012-10-01,574
20649,2012-11-01,460
20649,2012-12-01,590
20649,2013-01-01,684
20649,2013-02-01,451
20649,2013-03-01,492
20649,2013-04-01,326
20649,2013-05-01,476
20649,2013-06-01,337
20649,2013-07-01,349
20649,2013-08-01,557
20649,2013-09-01,284
20649,2013-10-01,557
20649,2013-11-01,774
20649,2013-12-01,417
20649,2014-01-01,752
20649,2014-02-01,320
20649,2014-03-01,369
20649,2014-04-01,659
20649,2014-05-01,515
20649,2014-06-01,499
20649,2014-07-01,308
20649,2014-08-01,528
20649,2014-09-01,515
20649,2014-10-01,274
20649,2014-11-01,291
20649,2014-12-01,387
20649,2015-01-01,794
20649,2015-02-01,341
20649,2015-03-01,374
20649,2015-04-01,436
20649,2015-05-01,327
20649,2015-06-01,292
20649,2015-07-01,431
20649,2015-08-01,255
20649,2015-09-01,242
20649,2015-10-01,411
20649,2015-11-01,224
20649,2015-12-01,474
20649,2016-01-01,248
20649,2016-02-01,203
20649,2016-03-01,276
20649,2016-04-01,195
20649,2016-05-01,209
20649,2016-06-01,361
20649,2016-07-01,285
20649,2016-08-01,152
20649,2016-09-01,197
20649,2016-10-01,956
20649,2016-11-01,216
20649,2016-12-01,391
20649,2017-01-01,207
20649,2017-02-01,120
20649,2017-03-01,263
20649,2017-04-01,139
20649,2017-05-01,188
20649,2017-06-01,257
20649,2017-07-01,214
20649,2017-08-01,192
20649,2017-09-01,259
20649,2017-10-01,695
20649,2017-11-01,187
20649,2017-12-01,302
20649,2018-01-01,225
20649,2018-02-01,144
20649,2018-03-01,206
20649,2018-04-01,259
20649,2018-05-01,177
20649,2018-06-01,232
20649,2018-07-01,306
20649,2018-08-01,288
20649,2018-09-01,266
20649,2018-10-01,354
20649,2018-11-01,189
20649,2018-12-01,271
20649,2019-01-01,1140
20649,2019-02-01,318
20649,2019-03-01,260
20649,2019-04-01,331
20649,2019-05-01,732
20649,2019-06-01,293
20649,2019-07-01,421
20649,2019-08-01,261
20649,2019-09-01,459
20649,2019-10-01,363
20649,2019-11-01,445
20649,2019-12-01,625
20649,2020-01-01,421
20649,2020-02-01,380
20649,2020-03-01,387
20649,2020-04-01,645
20649,2020-05-01,210
20649,2020-06-01,169
20649,2020-07-01,742
20649,2020-08-01,314
20649,2020-09-01,442
20649,2020-10-01,788
20649,2020-11-01,359
20649,2020-12-01,383
20649,2021-01-01,456
20649,2021-02-01,447
20649,2021-03-01,435
20649,2021-04-01,549
20649,2021-05-01,350
20649,2021-06-01,540
20649,2021-07-01,1257
20649,2021-08-01,760
20649,2021-09-01,552
20649,2021-10-01,498
20649,2021-11-01,775
20649,2021-12-01,1110
20649,2022-01-01,338
20649,2022-02-01,300
20649,2022-03-01,341
20649,2022-04-01,853
20649,2022-05-01,405
20649,2022-06-01,383
20649,2022-07-01,1313
20649,2022-08-01,657
20649,2022-09-01,376
20649,2022-10-01,523
20649,2022-11-01,764
20649,2022-12-01,751
20649,2023-01-01,369
20649,2023-02-01,317
20649,2023-03-01,638
20649,2023-04-01,345
20649,2023-05-01,441
20649,2023-06-01,626
20649,2023-07-01,582
20649,2023-08-01,460
20649,2023-09-01,1189
20649,2023-10-01,529
20649,2023-11-01,664
20649,2023-12-01,683
20649,2024-01-01,1480
20649,2024-02-01,475
20649,2024-03-01,665
20649,2024-04-01,863
20649,2024-05-01,435
20649,2024-06-01,946
20649,2024-07-01,526
20649,2024-08-01,560
20649,2024-09-01,503
20649,2024-10-01,1303
20649,2024-11-01,533
20649,2024-12-01,825
20649,2025-01-01,684
20649,2025-02-01,400
20649,2025-03-01,723
20649,2025-04-01,537
20649,2025-05-01,880
20649,2025-06-01,906
20649,2025-07-01,903
20649,2025-08-01,770
20649,2025-09-01,741
20649,2025-10-01,601
20649,2025-11-01,637
20649,2025-12-01,846
20649,2026-01-01,590
20649,2026-02-01,765
20649,2026-03-01,454
20649,2026-04-01,653
20649,2026-05-01,591
20649,2026-06-01,624
20650,2011-03-01,1000
20650,2011-04-01,887
20650,2011-05-01,1144
20650,2011-06-01,907
20650,2011-07-01,1247
20650,2011-08-01,974
20650,2011-09-01,914
20650,2011-10-01,945
20650,2011-11-01,789
20650,2011-12-01,1023
20650,2012-01-01,790
20650,2012-02-01,706
20650,2012-03-01,834
20650,2012-04-01,728
20650,2012-05-01,727
20650,2012-06-01,645
20650,2012-07-01,718
20650,2012-08-01,644
20650,2012-09-01,944
20650,2012-10-01,871
20650,2012-11-01,687
20650,2012-12-01,833
20650,2013-01-01,868
20650,2013-02-01,615
20650,2013-03-01,686
20650,2013-04-01,593
20650,2013-05-01,737
20650,2013-06-01,580
20650,2013-07-01,599
20650,2013-08-01,811
20650,2013-09-01,531
20650,2013-10-01,814
20650,2013-11-01,985
20650,2013-12-01,678
20650,2014-01-01,916
20650,2014-02-01,486
20650,2014-03-01,599
20650,2014-04-01,876
20650,2014-05-01,735
20650,2014-06-01,744
20650,2014-07-01,537
20650,2014-08-01,753
20650,2014-09-01,735
20650,2014-10-01,509
20650,2014-11-01,521
20650,2014-12-01,692
20650,2015-01-01,1030
20650,2015-02-01,465
20650,2015-03-01,521
20650,2015-04-01,598
20650,2015-05-01,486
20650,2015-06-01,452
20650,2015-07-01,563
20650,2015-08-01,468
20650,2015-09-01,396
20650,2015-10-01,528
20650,2015-11-01,357
20650,2015-12-01,683
20650,2016-01-01,360
20650,2016-02-01,293
20650,2016-03-01,428
20650,2016-04-01,322
20650,2016-05-01,315
20650,2016-06-01,482
20650,2016-07-01,395
20650,2016-08-01,273
20650,2016-09-01,309
20650,2016-10-01,1068
20650,2016-11-01,374
20650,2016-12-01,515
20650,2017-01-01,285
20650,2017-02-01,210
20650,2017-03-01,382
20650,2017-04-01,267
20650,2017-05-01,384
20650,2017-06-01,365
20650,2017-07-01,364
20650,2017-08-01,326
20650,2017-09-01,363
20650,2017-10-01,828
20650,2017-11-01,306
20650,2017-12-01,486
20650,2018-01-01,326
20650,2018-02-01,286
20650,2018-03-01,342
20650,2018-04-01,390
20650,2018-05-01,279
20650,2018-06-01,320
20650,2018-07-01,413
20650,2018-08-01,399
20650,2018-09-01,392
20650,2018-10-01,488
20650,2018-11-01,280
20650,2018-12-01,405
20650,2019-01-01,1223
20650,2019-02-01,401
20650,2019-03-01,402
20650,2019-04-01,461
20650,2019-05-01,837
20650,2019-06-01,390
20650,2019-07-01,580
20650,2019-08-01,426
20650,2019-09-01,618
20650,2019-10-01,582
20650,2019-11-01,565
20650,2019-12-01,777
20650,2020-01-01,490
20650,2020-02-01,499
20650,2020-03-01,481
20650,2020-04-01,666
20650,2020-05-01,227
20650,2020-06-01,205
20650,2020-07-01,814
20650,2020-08-01,394
20650,2020-09-01,492
20650,2020-10-01,826
20650,2020-11-01,390
20650,2020-12-01,475
20650,2021-01-01,492
20650,2021-02-01,500
20650,2021-03-01,517
20650,2021-04-01,631
20650,2021-05-01,431
20650,2021-06-01,618
20650,2021-07-01,1342
20650,2021-08-01,847
20650,2021-09-01,634
20650,2021-10-01,556
20650,2021-11-01,908
20650,2021-12-01,1240
20650,2022-01-01,455
20650,2022-02-01,383
20650,2022-03-01,490
20650,2022-04-01,953
20650,2022-05-01,470
20650,2022-06-01,450
20650,2022-07-01,1420
20650,2022-08-01,732
20650,2022-09-01,460
20650,2022-10-01,604
20650,2022-11-01,855
20650,2022-12-01,905
20650,2023-01-01,435
20650,2023-02-01,366
20650,2023-03-01,718
20650,2023-04-01,424
20650,2023-05-01,496
20650,2023-06-01,712
20650,2023-07-01,662
20650,2023-08-01,554
20650,2023-09-01,1286
20650,2023-10-01,614
20650,2023-11-01,758
20650,2023-12-01,808
20650,2024-01-01,1552
20650,2024-02-01,554
20650,2024-03-01,786
20650,2024-04-01,964
20650,2024-05-01,562
20650,2024-06-01,1066
20650,2024-07-01,679
20650,2024-08-01,773
20650,2024-09-01,602
20650,2024-10-01,1501
20650,2024-11-01,668
20650,2024-12-01,961
20650,2025-01-01,899
20650,2025-02-01,492
20650,2025-03-01,946
20650,2025-04-01,675
20650,2025-05-01,1003
20650,2025-06-01,1047
20650,2025-07-01,1056
20650,2025-08-01,949
20650,2025-09-01,1026
20650,2025-10-01,738
20650,2025-11-01,758
20650,2025-12-01,1016
20650,2026-01-01,665
20650,2026-02-01,849
20650,2026-03-01,568
20650,2026-04-01,722
20650,2026-05-01,678
20650,2026-06-01,689
20651,2011-03-01,2294.3538403299813
20651,2011-04-01,2203.3610476512054
20651,2011-05-01,2366.3175242591674
20651,2011-06-01,2173.7484951652877
20651,2011-07-01,2150.3267228765526
20651,2011-08-01,2276.9167775448173
20651,2011-09-01,2065.7715635565364
20651,2011-10-01,2070.893082055284
20651,2011-11-01,1958.6914963320137
20651,2011-12-01,1913.1537476054427
20651,2012-01-01,1915.5992934529054
20651,2012-02-01,1806.4265097122757
20651,2012-03-01,1888.3441730288519
20651,2012-04-01,1913.4694340548208
20651,2012-05-01,1876.1209014483215
20651,2012-06-01,1835.9248979433908
20651,2012-07-01,1981.8239276036645
20651,2012-08-01,2017.6153069976133
20651,2012-09-01,1753.4063431763284
20651,2012-10-01,2063.114503356054
20651,2012-11-01,2038.977810246617
20651,2012-12-01,1661.6296170397063
20651,2013-01-01,2179.22884050279
20651,2013-02-01,2126.8533538130855
20651,2013-03-01,2068.813611122819
20651,2013-04-01,2259.835616596583
20651,2013-05-01,2034.0560315015994
20651,2013-06-01,2077.259074756765
20651,2013-07-01,2020.3215855397916
20651,2013-08-01,2107.875590053143
20651,2013-09-01,2179.0885666879763
20651,2013-10-01,2197.6517331583714
20651,2013-11-01,2224.0454907366757
20651,2013-12-01,2241.587583779005
20651,2014-01-01,2279.6676297286585
20651,2014-02-01,2123.556469302534
20651,2014-03-01,1967.4061458377498
20651,2014-04-01,1953.6307516904496
20651,2014-05-01,1798.1912485728608
20651,2014-06-01,2011.9093405610956
20651,2014-07-01,1880.6727077120458
20651,2014-08-01,1774.2938815581715
20651,2014-09-01,2357.2075785126776
20651,2014-10-01,2189.3102289419785
20651,2014-11-01,1947.8220733753194
20651,2014-12-01,2409.664517467033
20651,2015-01-01,1632.2100363829825
20651,2015-02-01,1535.6439059998563
20651,2015-03-01,1981.1491310990152
20651,2015-04-01,1790.6064960366339
20651,2015-05-01,1597.9785647572737
20651,2015-06-01,1620.5407682502857
20651,2015-07-01,1628.3979955405794
20651,2015-08-01,1426.6743912049642
20651,2015-09-01,1664.6704606511348
20651,2015-10-01,1500.2793844149228
20651,2015-11-01,1382.5761371635163
20651,2015-12-01,1423.0289383937495
20651,2016-01-01,1155.933025204869
20651,2016-02-01,1342.108590721862
20651,2016-03-01,1195.6092474061043
20651,2016-04-01,1241.5501172590348
20651,2016-05-01,1263.4200849766878
20651,2016-06-01,1352.2433124768224
20651,2016-07-01,1177.1874545322423
20651,2016-08-01,1318.0684116867847
20651,2016-09-01,1171.7445200600823
20651,2016-10-01,908.7444605580376
20651,2016-11-01,1107.9742371427221
20651,2016-12-01,1208.9526115648316
20651,2017-01-01,1150.2778462758497
20651,2017-02-01,992.6799348380081
20651,2017-03-01,1173.1307856143715
20651,2017-04-01,1078.3106587949421
20651,2017-05-01,1234.977681037756
20651,2017-06-01,1237.33659571636
20651,2017-07-01,1132.3633667511797
20651,2017-08-01,1062.6440946639975
20651,2017-09-01,1021.8753086540667
20651,2017-10-01,949.7428381269181
20651,2017-11-01,960.3538076716411
20651,2017-12-01,1085.2936734996028
20651,2018-01-01,1095.0901895502343
20651,2018-02-01,1048.7736161765295
20651,2018-03-01,882.3402938391966
20651,2018-04-01,990.4085809847224
20651,2018-05-01,911.568900101272
20651,2018-06-01,911.7100278574303
20651,2018-07-01,1021.17745105364
20651,2018-08-01,954.2286895360191
20651,2018-09-01,651.6969403561127
20651,2018-10-01,1012.9527943256505
20651,2018-11-01,1091.9277625689328
20651,2018-12-01,964.0035707948156
20651,2019-01-01,940.3081448864946
20651,2019-02-01,1032.0752504973955
20651,2019-03-01,719.1604593832978
20651,2019-04-01,946.1760101586606
20651,2019-05-01,727.9390377014606
20651,2019-06-01,570.0672619080759
20651,2019-07-01,814.2178226485214
20651,2019-08-01,739.7426749382776
20651,2019-09-01,646.7948926469921
20651,2019-10-01,803.2521304078551
20651,2019-11-01,649.8762305681188
20651,2019-12-01,693.0050262909257
20651,2020-01-01,789.6212900541425
20651,2020-02-01,707.0140500515525
20651,2020-03-01,784.0516566839019
20651,2020-04-01,485.1818246017666
20651,2020-05-01,685.8550006990516
20651,2020-06-01,539.3843684355533
20651,2020-07-01,818.5525440804674
20651,2020-08-01,843.8151470803991
20651,2020-09-01,1053.8379248908027
20651,2020-10-01,696.4603425632789
20651,2020-11-01,964.2990054218099
20651,2020-12-01,503.75442721818126
20651,2021-01-01,831.6008664764852
20651,2021-02-01,916.1374776748393
20651,2021-03-01,680.1268715589605
20651,2021-04-01,1123.7376922244396
20651,2021-05-01,1069.4808845706864
20651,2021-06-01,1005.9903571734907
20651,2021-07-01,1076.2001694214714
20651,2021-08-01,984.2213617555818
20651,2021-09-01,998.1155161832581
20651,2021-10-01,774.4482766504957
20651,2021-11-01,1030.9444131919074
20651,2021-12-01,1153.7333122288944
20651,2022-01-01,824.0610757419229
20651,2022-02-01,938.6390662865846
20651,2022-03-01,1137.1436005110763
20651,2022-04-01,754.7697383702427
20651,2022-05-01,875.8493118043526
20651,2022-06-01,861.1747694163017
20651,2022-07-01,707.739637668867
20651,2022-08-01,844.3236940983713
20651,2022-09-01,805.5154825000634
20651,2022-10-01,1058.32160459566
20651,2022-11-01,889.4110929694737
20651,2022-12-01,821.0814305554877
20651,2023-01-01,902.6184891880389
20651,2023-02-01,874.3907212546607
20651,2023-03-01,781.2399921923226
20651,2023-04-01,1002.3559561884172
20651,2023-05-01,1030.2570433278843
20651,2023-06-01,1072.9154677658883
20651,2023-07-01,943.8954797352035
20651,2023-08-01,889.2464973017168
20651,2023-09-01,890.266928504286
20651,2023-10-01,797.0106794543046
20651,2023-11-01,662.7745355757652
20651,2023-12-01,826.0016689304634
20651,2024-01-01,911.4773502263113
20651,2024-02-01,1082.0539163418393
20651,2024-03-01,1041.366904702954
20651,2024-04-01,1031.9545762223565
20651,2024-05-01,1130.2829338420213
20651,2024-06-01,881.0388000847709
20651,2024-07-01,1013.0907965759195
20651,2024-08-01,1043.1128838490365
20651,2024-09-01,741.8861388763113
20651,2024-10-01,885.4700242819481
20651,2024-11-01,939.6872288747329
20651,2024-12-01,623.0873836352072
20651,2025-01-01,1010.5127990998187
20651,2025-02-01,1003.6248100747491
20651,2025-03-01,1074.2518744207366
20651,2025-04-01,891.3309210771698
20651,2025-05-01,1039.7394201426005
20651,2025-06-01,1612.1184010715083
20651,2025-07-01,845.4945750171757
20651,2025-08-01,827.186641867011
20651,2025-09-01,1720.0373560299458
20651,2025-10-01,1001.8858770168629
20651,2025-11-01,961.2447464651974
20651,2025-12-01,1184.551434705681
20651,2026-01-01,997.0997093439955
20651,2026-02-01,988.9613227861599
20651,2026-03-01,1019.372484790836
20651,2026-04-01,915.5590298860636
20651,2026-05-01,835.4360293351316
20651,2026-06-01,1291.3449118208682
20652,2011-03-01,6764.69298210759
20652,2011-04-01,6503.158755835799
20652,2011-05-01,6492.376264095674
20652,2011-06-01,6816.180091058151
20652,2011-07-01,6837.365960886196
20652,2011-08-01,6896.2459834620895
20652,2011-09-01,6631.053671959502
20652,2011-10-01,6245.094897247167
20652,2011-11-01,6355.9670719894075
20652,2011-12-01,6559.09603899799
20652,2012-01-01,6968.041828774269
20652,2012-02-01,6591.694016625555
20652,2012-03-01,7069.314527753908
20652,2012-04-01,6605.199979066374
20652,2012-05-01,7910.239959308743
20652,2012-06-01,8032.466023618048
20652,2012-07-01,7835.382277663164
20652,2012-08-01,7667.074892005638
20652,2012-09-01,5973.606631883655
20652,2012-10-01,7491.125989734064
20652,2012-11-01,7283.920366860653
20652,2012-12-01,5968.963786831329
20652,2013-01-01,7798.034462059584
20652,2013-02-01,5953.224421759818
20652,2013-03-01,6366.880430687888
20652,2013-04-01,7725.501905464489
20652,2013-05-01,6884.042075020714
20652,2013-06-01,6679.645454009558
20652,2013-07-01,7021.560677837819
20652,2013-08-01,6971.143759075636
20652,2013-09-01,6997.010289984248
20652,2013-10-01,7303.434454618591
20652,2013-11-01,7672.234591728093
20652,2013-12-01,7578.8258070419215
20652,2014-01-01,7856.068312117219
20652,2014-02-01,8191.070006296344
20652,2014-03-01,7629.453477845369
20652,2014-04-01,8282.079494747553
20652,2014-05-01,7583.436329693426
20652,2014-06-01,7075.790406986829
20652,2014-07-01,6979.144791052766
20652,2014-08-01,6895.671075417018
20652,2014-09-01,8097.10407759378
20652,2014-10-01,8206.93680150415
20652,2014-11-01,7769.112636032476
20652,2014-12-01,7969.844780416304
20652,2015-01-01,7634.959073548869
20652,2015-02-01,7649.608672513765
20652,2015-03-01,7659.912639514756
20652,2015-04-01,7010.986716078625
20652,2015-05-01,6096.5177446494
20652,2015-06-01,7316.147880430515
20652,2015-07-01,7038.596023089543
20652,2015-08-01,6494.886564487504
20652,2015-09-01,6437.618974524519
20652,2015-10-01,6135.787428263757
20652,2015-11-01,6142.569727608399
20652,2015-12-01,6494.983164146799
20652,2016-01-01,5931.682455385053
20652,2016-02-01,6449.989057364201
20652,2016-03-01,6459.241663448762
20652,2016-04-01,6196.4160999926735
20652,2016-05-01,5756.459682632007
20652,2016-06-01,5888.628694363973
20652,2016-07-01,6044.272185073269
20652,2016-08-01,6099.693865134297
20652,2016-09-01,6041.25120080739
20652,2016-10-01,5858.53497689152
20652,2016-11-01,6159.563987233061
20652,2016-12-01,6117.610137636113
20652,2017-01-01,6903.521237951632
20652,2017-02-01,6164.3073183004235
20652,2017-03-01,7058.434404734979
20652,2017-04-01,6082.280795811326
20652,2017-05-01,7104.985771153033
20652,2017-06-01,7193.866664678742
20652,2017-07-01,7197.213954296081
20652,2017-08-01,7219.212614640592
20652,2017-09-01,6638.557344582499
20652,2017-10-01,7118.680701720385
20652,2017-11-01,7118.336098804595
20652,2017-12-01,7034.794624936099
20652,2018-01-01,7656.313260099425
20652,2018-02-01,7060.07932304731
20652,2018-03-01,8031.689860844437
20652,2018-04-01,8658.752823780675
20652,2018-05-01,6632.793600505967
20652,2018-06-01,8067.190560416668
20652,2018-07-01,8132.055374426192
20652,2018-08-01,8967.546061627936
20652,2018-09-01,8123.790724655106
20652,2018-10-01,8921.57676578242
20652,2018-11-01,8894.756660160367
20652,2018-12-01,9136.213047646132
20652,2019-01-01,7838.023062389546
20652,2019-02-01,9839.016474781354
20652,2019-03-01,8768.319819503957
20652,2019-04-01,9214.117245418774
20652,2019-05-01,9928.432420314384
20652,2019-06-01,10222.498814229164
20652,2019-07-01,10001.246813818874
20652,2019-08-01,9443.682108494178
20652,2019-09-01,10568.442573120597
20652,2019-10-01,9773.942442736856
20652,2019-11-01,9730.61689761486
20652,2019-12-01,11767.79400290247
20652,2020-01-01,9016.465740144307
20652,2020-02-01,9392.363803958642
20652,2020-03-01,8580.18097871017
20652,2020-04-01,3885.803217883118
20652,2020-05-01,3977.5148256652524
20652,2020-06-01,6119.061208594307
20652,2020-07-01,8908.712443545011
20652,2020-08-01,8272.704922532595
20652,2020-09-01,9046.270014241096
20652,2020-10-01,9105.733501568076
20652,2020-11-01,8738.092610798461
20652,2020-12-01,7336.183409859554
20652,2021-01-01,9603.476189709158
20652,2021-02-01,8993.583714552049
20652,2021-03-01,9104.087788381896
20652,2021-04-01,9448.290332995533
20652,2021-05-01,8859.028628047778
20652,2021-06-01,9401.835697347115
20652,2021-07-01,9074.845897479327
20652,2021-08-01,8127.831241598436
20652,2021-09-01,9007.52960286885
20652,2021-10-01,8032.864557668022
20652,2021-11-01,9821.66430376757
20652,2021-12-01,9567.58988821953
20652,2022-01-01,9903.054986965384
20652,2022-02-01,10671.131154598534
20652,2022-03-01,11670.50711900508
20652,2022-04-01,10791.564474091285
20652,2022-05-01,13010.20452214444
20652,2022-06-01,11824.277091613025
20652,2022-07-01,12210.348695180865
20652,2022-08-01,14733.591462848452
20652,2022-09-01,13008.39155789489
20652,2022-10-01,14543.894284873895
20652,2022-11-01,14369.716750463413
20652,2022-12-01,14129.19702567708
20652,2023-01-01,13876.348988154088
20652,2023-02-01,13844.636293500413
20652,2023-03-01,17849.17747298982
20652,2023-04-01,14604.109134086575
20652,2023-05-01,17854.97019067503
20652,2023-06-01,19202.403151862163
20652,2023-07-01,16275.328798109378
20652,2023-08-01,17571.88796988506
20652,2023-09-01,15890.251268965021
20652,2023-10-01,16146.941058473112
20652,2023-11-01,15935.714540573845
20652,2023-12-01,14177.555559234377
20652,2024-01-01,15199.579415410759
20652,2024-02-01,14812.563917206993
20652,2024-03-01,13533.686326599216
20652,2024-04-01,15969.68723086286
20652,2024-05-01,13087.589324212764
20652,2024-06-01,12332.848671344893
20652,2024-07-01,14748.269788202535
20652,2024-08-01,10751.049602737736
20652,2024-09-01,11300.94365432568
20652,2024-10-01,10229.482107649214
20652,2024-11-01,9819.272105122885
20652,2024-12-01,11411.145472623102
20652,2025-01-01,11173.431546866346
20652,2025-02-01,10188.694962850019
20652,2025-03-01,8388.89712685779
20652,2025-04-01,9575.704747447935
20652,2025-05-01,8531.549279564038
20652,2025-06-01,9207.0067575928515
20652,2025-07-01,9936.33628739603
20652,2025-08-01,9188.71379577973
20652,2025-09-01,10043.863650340249
20652,2025-10-01,10264.130824495329
20652,2025-11-01,8798.84762752599
20652,2025-12-01,9542.660278412379
20652,2026-01-01,8311.957487869498
20652,2026-02-01,8883.822043872791
20652,2026-03-01,10612.382904857068
20652,2026-04-01,9500.391876646858
20652,2026-05-01,9980.948783571623
20652,2026-06-01,10901.860989936707
20655,2011-03-01,1281.4421032406533
20655,2011-04-01,1339.7037280718314
20655,2011-05-01,1314.1064045443534
20655,2011-06-01,1275.527166796245
20655,2011-07-01,1570.2228920495766
20655,2011-08-01,1988.8790633509432
20655,2011-09-01,2085.9410437328215
20655,2011-10-01,2053.538845771582
20655,2011-11-01,2143.5101135554787
20655,2011-12-01,1914.6115110968838
20655,2012-01-01,2068.6479550335416
20655,2012-02-01,1914.0847526860864
20655,2012-03-01,1853.6327371274897
20655,2012-04-01,1954.8435724360036
20655,2012-05-01,1955.4875362250627
20655,2012-06-01,1850.1604996430133
20655,2012-07-01,2083.4617873856832
20655,2012-08-01,1862.1162400095468
20655,2012-09-01,2122.2768729032787
20655,2012-10-01,2261.478774139185
20655,2012-11-01,2538.935303687483
20655,2012-12-01,2687.1136771742067
20655,2013-01-01,2262.9252533173108
20655,2013-02-01,2444.5399648345215
20655,2013-03-01,2890.0227635611363
20655,2013-04-01,2768.725815072709
20655,2013-05-01,2700.8763973564855
20655,2013-06-01,3181.8238442153292
20655,2013-07-01,2536.524334013489
20655,2013-08-01,2429.4512482712657
20655,2013-09-01,2364.943914261085
20655,2013-10-01,2362.9021421314615
20655,2013-11-01,2220.826115396312
20655,2013-12-01,2563.4072591219183
20655,2014-01-01,2492.688417024171
20655,2014-02-01,2923.858112321416
20655,2014-03-01,2248.4244357382872
20655,2014-04-01,2290.7713136801112
20655,2014-05-01,2542.5377338161434
20655,2014-06-01,2355.842717099307
20655,2014-07-01,2615.8521449684436
20655,2014-08-01,2563.223732507749
20655,2014-09-01,2773.008827366772
20655,2014-10-01,2643.834515664184
20655,2014-11-01,2842.250867066877
20655,2014-12-01,2915.9110988254474
20655,2015-01-01,3256.47553830928
20655,2015-02-01,3323.423880465505
20655,2015-03-01,3371.2386556857696
20655,2015-04-01,3096.9612005112735
20655,2015-05-01,3173.8307671908688
20655,2015-06-01,3707.6269720197856
20655,2015-07-01,3654.5346845687036
20655,2015-08-01,3463.249321269397
20655,2015-09-01,3361.429253528644
20655,2015-10-01,3280.077348051301
20655,2015-11-01,3104.0970139804713
20655,2015-12-01,2857.959355697211
20655,2016-01-01,3095.773973964007
20655,2016-02-01,3719.074571549062
20655,2016-03-01,2685.7171317787906
20655,2016-04-01,3329.3764525201873
20655,2016-05-01,3559.1148847325194
20655,2016-06-01,3446.9248534713834
20655,2016-07-01,3407.4895500745015
20655,2016-08-01,3640.506170878163
20655,2016-09-01,3670.471424497125
20655,2016-10-01,3718.3011708612476
20655,2016-11-01,3013.0795233420795
20655,2016-12-01,3175.4381013261077
20655,2017-01-01,3244.6475582000307
20655,2017-02-01,3156.35078938002
20655,2017-03-01,3803.3435583924434
20655,2017-04-01,2754.6915115730467
20655,2017-05-01,3383.842530629252
20655,2017-06-01,3952.0299737110768
20655,2017-07-01,3622.9839981988525
20655,2017-08-01,3979.7999286241
20655,2017-09-01,3730.701638760611
20655,2017-10-01,4037.242068451274
20655,2017-11-01,5340.329155605326
20655,2017-12-01,4731.052264475338
20655,2018-01-01,4096.8701867258005
20655,2018-02-01,4502.9467985593965
20655,2018-03-01,4917.756407619126
20655,2018-04-01,4970.336305430955
20655,2018-05-01,4771.777019227014
20655,2018-06-01,4554.300214614272
20655,2018-07-01,4888.794791318972
20655,2018-08-01,4649.721729536683
20655,2018-09-01,4421.462553083414
20655,2018-10-01,4665.840201463
20655,2018-11-01,5280.757015344323
20655,2018-12-01,4745.755959141298
20655,2019-01-01,5102.800389972136
20655,2019-02-01,6157.870139874813
20655,2019-03-01,5040.61160408852
20655,2019-04-01,5836.716441600408
20655,2019-05-01,5729.40057803934
20655,2019-06-01,4879.108077813386
20655,2019-07-01,5206.227022767071
20655,2019-08-01,5926.97287111632
20655,2019-09-01,6339.555489774364
20655,2019-10-01,6127.606534201644
20655,2019-11-01,6003.299037426162
20655,2019-12-01,5746.554838606144
20655,2020-01-01,5677.333178831316
20655,2020-02-01,5414.740534733484
20655,2020-03-01,4523.715312057519
20655,2020-04-01,2823.477195038636
20655,2020-05-01,3122.462840149365
20655,2020-06-01,4278.382235213227
20655,2020-07-01,4265.927333457011
20655,2020-08-01,4249.320481303561
20655,2020-09-01,4709.815061508062
20655,2020-10-01,5286.223672873698
20655,2020-11-01,5586.675122940044
20655,2020-12-01,6043.0834320494205
20655,2021-01-01,7383.074966242324
20655,2021-02-01,6642.365280620201
20655,2021-03-01,7015.2517703808
20655,2021-04-01,7786.5536433955485
20655,2021-05-01,7927.163051095854
20655,2021-06-01,9935.764414412377
20655,2021-07-01,6742.296227967061
20655,2021-08-01,7024.973029983972
20655,2021-09-01,6744.255458592525
20655,2021-10-01,6863.963937018879
20655,2021-11-01,8188.747602324418
20655,2021-12-01,7721.103850611971
20655,2022-01-01,7485.63896521008
20655,2022-02-01,7880.527940224634
20655,2022-03-01,8637.668206510492
20655,2022-04-01,8525.316073716875
20655,2022-05-01,9770.671871211904
20655,2022-06-01,8894.784305680363
20655,2022-07-01,9679.14986057042
20655,2022-08-01,9700.67692842069
20655,2022-09-01,11239.300691909844
20655,2022-10-01,9392.303457053185
20655,2022-11-01,9477.938043567285
20655,2022-12-01,10061.54135910875
20655,2023-01-01,10321.589783901843
20655,2023-02-01,10173.8787347462
20655,2023-03-01,10951.964184987679
20655,2023-04-01,9392.251428617685
20655,2023-05-01,10496.49246905186
20655,2023-06-01,12345.763730614759
20655,2023-07-01,11268.286068469823
20655,2023-08-01,11516.638034224154
20655,2023-09-01,10988.12521248612
20655,2023-10-01,12136.636883640993
20655,2023-11-01,10790.662877785395
20655,2023-12-01,11302.926947523374
20655,2024-01-01,12088.12067537058
20655,2024-02-01,12138.524025710189
20655,2024-03-01,10304.68720011084
20655,2024-04-01,14308.852736219786
20655,2024-05-01,12448.209477123786
20655,2024-06-01,12665.71821338506
20655,2024-07-01,14937.466974812463
20655,2024-08-01,14005.90319403432
20655,2024-09-01,16046.166833787582
20655,2024-10-01,15074.106081263053
20655,2024-11-01,15971.12089530752
20655,2024-12-01,16173.339269516886
20655,2025-01-01,15169.444462238194
20655,2025-02-01,18536.650921316064
20655,2025-03-01,16495.015102957477
20655,2025-04-01,16500.915869876913
20655,2025-05-01,16303.92803278547
20655,2025-06-01,18894.76883963425
20655,2025-07-01,16790.64535033361
20655,2025-08-01,18581.0970566277
20655,2025-09-01,17891.466217726193
20655,2025-10-01,18668.617606591488
20655,2025-11-01,17413.176604657332
20655,2025-12-01,19690.98656182349
20655,2026-01-01,19207.25479564963
20655,2026-02-01,17468.6083444183
20655,2026-03-01,24092.44956353115
20655,2026-04-01,19309.405677093488
20655,2026-05-01,19486.784680988905
20655,2026-06-01,21305.16482098087
20656,2011-03-01,2170.4904138890342
20656,2011-04-01,2347.1951690572505
20656,2011-05-01,2253.9561978849556
20656,2011-06-01,2294.9582059459667
20656,2011-07-01,2973.834363211158
20656,2011-08-01,3119.7077761244964
20656,2011-09-01,2992.4462822653322
20656,2011-10-01,3233.233623981213
20656,2011-11-01,3387.016831428616
20656,2011-12-01,2760.501148496988
20656,2012-01-01,2969.863934784736
20656,2012-02-01,2971.791993934184
20656,2012-03-01,2679.3355681173402
20656,2012-04-01,3023.4483267905234
20656,2012-05-01,3116.317567674037
20656,2012-06-01,2890.38032464304
20656,2012-07-01,3171.97359266938
20656,2012-08-01,3122.7341726177797
20656,2012-09-01,3260.985709100255
20656,2012-10-01,3507.94347454263
20656,2012-11-01,3780.1312592318445
20656,2012-12-01,3826.610858223297
20656,2013-01-01,3882.3250196925937
20656,2013-02-01,3744.0153294171528
20656,2013-03-01,4365.451706315165
20656,2013-04-01,4042.538982162719
20656,2013-05-01,4390.612493240166
20656,2013-06-01,4525.33821432178
20656,2013-07-01,4278.206259098633
20656,2013-08-01,4154.8282147972795
20656,2013-09-01,4639.2760837436945
20656,2013-10-01,4427.111323417132
20656,2013-11-01,4585.934412997483
20656,2013-12-01,4695.493898868276
20656,2014-01-01,4715.877605057402
20656,2014-02-01,4947.28264701481
20656,2014-03-01,4942.0827201395405
20656,2014-04-01,4964.9410627596835
20656,2014-05-01,4810.119945125879
20656,2014-06-01,5200.0504187859015
20656,2014-07-01,5080.845634913761
20656,2014-08-01,5420.38023334543
20656,2014-09-01,5180.264134227065
20656,2014-10-01,5130.594203756326
20656,2014-11-01,5256.793931837071
20656,2014-12-01,5549.665291496555
20656,2015-01-01,5702.115843613216
20656,2015-02-01,5930.876021321586
20656,2015-03-01,5759.89602701818
20656,2015-04-01,6030.141655071353
20656,2015-05-01,5821.880045240465
20656,2015-06-01,6065.312980915623
20656,2015-07-01,6396.900370706723
20656,2015-08-01,5887.227960919679
20656,2015-09-01,6289.599524809288
20656,2015-10-01,5966.0761045362515
20656,2015-11-01,5540.657154005865
20656,2015-12-01,5877.46496484482
20656,2016-01-01,5694.345808091857
20656,2016-02-01,6432.613755602392
20656,2016-03-01,4901.846967282428
20656,2016-04-01,5422.761174441774
20656,2016-05-01,5514.628806397244
20656,2016-06-01,5393.022656663288
20656,2016-07-01,5291.01899456946
20656,2016-08-01,5525.9937617864525
20656,2016-09-01,5185.128190677899
20656,2016-10-01,5748.50827447739
20656,2016-11-01,5259.925011503606
20656,2016-12-01,4874.955484004676
20656,2017-01-01,5120.4494226109655
20656,2017-02-01,4868.935571728695
20656,2017-03-01,5458.747115796355
20656,2017-04-01,3893.6185057822486
20656,2017-05-01,4789.9491527281825
20656,2017-06-01,4948.512649239332
20656,2017-07-01,5035.586346016787
20656,2017-08-01,5316.72362915227
20656,2017-09-01,5099.123071980168
20656,2017-10-01,5211.117646742123
20656,2017-11-01,7414.165488117812
20656,2017-12-01,6564.414435426449
20656,2018-01-01,5449.227323806907
20656,2018-02-01,5629.834079568154
20656,2018-03-01,5947.301922273363
20656,2018-04-01,5472.205909972409
20656,2018-05-01,5849.155145484337
20656,2018-06-01,5619.4026459162405
20656,2018-07-01,5706.066716281249
20656,2018-08-01,5657.214656854091
20656,2018-09-01,5714.928951491472
20656,2018-10-01,5963.136390902755
20656,2018-11-01,6152.017812299896
20656,2018-12-01,5929.514137789644
20656,2019-01-01,6569.268243030435
20656,2019-02-01,7386.1464030248735
20656,2019-03-01,6206.446214394634
20656,2019-04-01,6658.785562783616
20656,2019-05-01,6897.567204531896
20656,2019-06-01,6597.719005389987
20656,2019-07-01,7184.639009902917
20656,2019-08-01,7194.747656582173
20656,2019-09-01,7455.707046267866
20656,2019-10-01,7516.431344780991
20656,2019-11-01,7259.260925120908
20656,2019-12-01,7517.874457986196
20656,2020-01-01,7228.671063513188
20656,2020-02-01,7281.682130639379
20656,2020-03-01,6807.514302447906
20656,2020-04-01,4398.333096816558
20656,2020-05-01,4190.794975899487
20656,2020-06-01,5677.487012672276
20656,2020-07-01,6501.385349792842
20656,2020-08-01,5430.599856615863
20656,2020-09-01,5967.332132712451
20656,2020-10-01,6561.100790800836
20656,2020-11-01,6444.402768930078
20656,2020-12-01,6798.331676043698
20656,2021-01-01,8915.183467017154
20656,2021-02-01,7829.382284667702
20656,2021-03-01,7988.302056643482
20656,2021-04-01,8660.844467523544
20656,2021-05-01,8902.414166417122
20656,2021-06-01,11159.788677830202
20656,2021-07-01,8155.812126623409
20656,2021-08-01,7969.3807880931
20656,2021-09-01,8652.894268899969
20656,2021-10-01,8740.730899239325
20656,2021-11-01,9443.414265631296
20656,2021-12-01,10319.122670539879
20656,2022-01-01,10103.898167407157
20656,2022-02-01,9838.622443204544
20656,2022-03-01,11052.772508305352
20656,2022-04-01,10780.079654708215
20656,2022-05-01,11923.545646507426
20656,2022-06-01,12244.806068460219
20656,2022-07-01,12849.30819011402
20656,2022-08-01,13718.31801966797
20656,2022-09-01,14027.84875839207
20656,2022-10-01,13106.30147038759
20656,2022-11-01,14192.213014184039
20656,2022-12-01,16122.15177344613
20656,2023-01-01,13961.970621034152
20656,2023-02-01,14987.827074695157
20656,2023-03-01,16417.150836002675
20656,2023-04-01,15430.771813782514
20656,2023-05-01,16034.007952211437
20656,2023-06-01,17317.51060763632
20656,2023-07-01,15846.883463187425
20656,2023-08-01,18230.851195257914
20656,2023-09-01,18591.827960490384
20656,2023-10-01,19260.4587768586
20656,2023-11-01,19927.75986823095
20656,2023-12-01,16739.104472952127
20656,2024-01-01,18549.733886640908
20656,2024-02-01,19853.23307169852
20656,2024-03-01,18382.375754569024
20656,2024-04-01,19221.508730017966
20656,2024-05-01,17344.202797375045
20656,2024-06-01,17387.26743528908
20656,2024-07-01,20357.06500975592
20656,2024-08-01,19665.489953106142
20656,2024-09-01,20001.269628721304
20656,2024-10-01,19988.041162556714
20656,2024-11-01,19346.42399565813
20656,2024-12-01,19042.808180582782
20656,2025-01-01,20536.685461707166
20656,2025-02-01,23306.107006142756
20656,2025-03-01,20365.612043688317
20656,2025-04-01,21065.465705428516
20656,2025-05-01,22566.46533198164
20656,2025-06-01,23063.851340918613
20656,2025-07-01,22073.997300831274
20656,2025-08-01,22574.624591431955
20656,2025-09-01,21974.46238548043
20656,2025-10-01,23712.657775641623
20656,2025-11-01,22503.41056506772
20656,2025-12-01,25079.209493914557
20656,2026-01-01,25503.15762190658
20656,2026-02-01,21804.468685239393
20656,2026-03-01,26253.887062993024
20656,2026-04-01,26138.65714039986
20656,2026-05-01,24694.440717135596
20656,2026-06-01,26458.658052590818
20657,2011-03-01,6557.865025945717
20657,2011-04-01,6698.828773182487
20657,2011-05-01,7055.086344994106
20657,2011-06-01,6976.149706178624
20657,2011-07-01,8057.9269062505855
20657,2011-08-01,8862.292447372105
20657,2011-09-01,9629.24521951528
20657,2011-10-01,6850.257515397144
20657,2011-11-01,7674.222808766043
20657,2011-12-01,8067.4165937344915
20657,2012-01-01,8473.17026320614
20657,2012-02-01,6806.793770807922
20657,2012-03-01,8794.802791435095
20657,2012-04-01,9009.688499018122
20657,2012-05-01,7674.817227202927
20657,2012-06-01,6882.97246513973
20657,2012-07-01,8752.778750308878
20657,2012-08-01,9336.58542274059
20657,2012-09-01,7950.5078732859965
20657,2012-10-01,8499.701615608994
20657,2012-11-01,8393.37220707501
20657,2012-12-01,6001.551194506122
20657,2013-01-01,6081.564350035
20657,2013-02-01,6889.818396990279
20657,2013-03-01,6619.220578961668
20657,2013-04-01,6042.228099240054
20657,2013-05-01,8580.434195464792
20657,2013-06-01,7817.274465879522
20657,2013-07-01,7466.925761174968
20657,2013-08-01,8068.787606074635
20657,2013-09-01,7190.213130020399
20657,2013-10-01,7141.6245783681015
20657,2013-11-01,6870.727519766917
20657,2013-12-01,7496.250073324158
20657,2014-01-01,6959.426089428846
20657,2014-02-01,9235.989243023101
20657,2014-03-01,6782.83160437124
20657,2014-04-01,6321.62226825641
20657,2014-05-01,7345.222659894391
20657,2014-06-01,8210.685699328385
20657,2014-07-01,8106.697134117783
20657,2014-08-01,7008.989005289221
20657,2014-09-01,6634.981706802315
20657,2014-10-01,9648.800751775843
20657,2014-11-01,8201.913629689685
20657,2014-12-01,8862.692096324514
20657,2015-01-01,11297.467483913
20657,2015-02-01,7009.658558893644
20657,2015-03-01,6827.730710386595
20657,2015-04-01,10030.15547026797
20657,2015-05-01,9404.577788596163
20657,2015-06-01,10160.225804114078
20657,2015-07-01,9977.126290483591
20657,2015-08-01,7529.90125054997
20657,2015-09-01,11059.786920277127
20657,2015-10-01,10281.768232869517
20657,2015-11-01,10668.809124685438
20657,2015-12-01,12029.99827250702
20657,2016-01-01,9973.145993162452
20657,2016-02-01,8417.106138975507
20657,2016-03-01,9218.86536798312
20657,2016-04-01,8352.440575069199
20657,2016-05-01,11458.412418698741
20657,2016-06-01,8481.364725856803
20657,2016-07-01,8185.6912645208495
20657,2016-08-01,6920.846014516653
20657,2016-09-01,7870.990386755297
20657,2016-10-01,8195.210751823499
20657,2016-11-01,9598.97016707697
20657,2016-12-01,8537.359917104463
20657,2017-01-01,7413.718933993984
20657,2017-02-01,7736.586140641465
20657,2017-03-01,8144.987642753574
20657,2017-04-01,6221.4749585400095
20657,2017-05-01,7038.285099591667
20657,2017-06-01,7885.501367063798
20657,2017-07-01,8000.035254231878
20657,2017-08-01,6094.509590124114
20657,2017-09-01,7813.125234802051
20657,2017-10-01,7868.442332870691
20657,2017-11-01,8652.00865450636
20657,2017-12-01,8392.590004137184
20657,2018-01-01,7213.931981662487
20657,2018-02-01,10438.406922362657
20657,2018-03-01,10569.602905193777
20657,2018-04-01,11802.358443007026
20657,2018-05-01,11018.655501772048
20657,2018-06-01,10621.068172819592
20657,2018-07-01,10066.208923587976
20657,2018-08-01,11794.869331906268
20657,2018-09-01,9533.342202030899
20657,2018-10-01,12293.625637728073
20657,2018-11-01,8927.9897456472
20657,2018-12-01,11048.93637043913
20657,2019-01-01,11585.033092890613
20657,2019-02-01,10600.771877942816
20657,2019-03-01,9710.27009635658
20657,2019-04-01,9638.306211307105
20657,2019-05-01,10855.01989431727
20657,2019-06-01,9024.442802611367
20657,2019-07-01,9210.54814998501
20657,2019-08-01,12210.788768906308
20657,2019-09-01,11118.22929659953
20657,2019-10-01,9374.02671981942
20657,2019-11-01,12036.250540987832
20657,2019-12-01,11083.718859099323
20657,2020-01-01,8638.332168463668
20657,2020-02-01,8731.173257228713
20657,2020-03-01,25842.875778607864
20657,2020-04-01,11056.621376359813
20657,2020-05-01,7507.657699005244
20657,2020-06-01,7374.21169978114
20657,2020-07-01,7616.732624013982
20657,2020-08-01,10606.971199425336
20657,2020-09-01,7766.427293348517
20657,2020-10-01,7270.908904452771
20657,2020-11-01,7970.235901671113
20657,2020-12-01,6931.554002750311
20657,2021-01-01,9217.88536651722
20657,2021-02-01,9576.642556100334
20657,2021-03-01,16181.165988904711
20657,2021-04-01,17592.446888266782
20657,2021-05-01,14849.118406972271
20657,2021-06-01,11907.847789460615
20657,2021-07-01,12810.333639267961
20657,2021-08-01,10590.728717854103
20657,2021-09-01,13162.000599357021
20657,2021-10-01,12862.063107262733
20657,2021-11-01,11243.872800158424
20657,2021-12-01,12770.226532561732
20657,2022-01-01,16235.07608788754
20657,2022-02-01,15965.837091723155
20657,2022-03-01,20796.297979826035
20657,2022-04-01,17985.950091545496
20657,2022-05-01,13778.151315411264
20657,2022-06-01,15431.5246883157
20657,2022-07-01,15116.101814134874
20657,2022-08-01,13062.240866551128
20657,2022-09-01,14093.549737431367
20657,2022-10-01,13433.84873272277
20657,2022-11-01,14713.632078927985
20657,2022-12-01,15938.3490141726
20657,2023-01-01,13802.09002385162
20657,2023-02-01,16744.012645493236
20657,2023-03-01,16335.472113032565
20657,2023-04-01,11669.167134696245
20657,2023-05-01,13073.549509621987
20657,2023-06-01,13643.982532957061
20657,2023-07-01,12965.43760061123
20657,2023-08-01,12605.074201955455
20657,2023-09-01,12379.593606023609
20657,2023-10-01,12082.835347102176
20657,2023-11-01,14893.020993213797
20657,2023-12-01,11089.31798717958
20657,2024-01-01,12631.091834683197
20657,2024-02-01,11000.902183959068
20657,2024-03-01,13302.39002520815
20657,2024-04-01,14549.995778998598
20657,2024-05-01,12867.18446807737
20657,2024-06-01,14867.372939948591
20657,2024-07-01,13846.002655312577
20657,2024-08-01,17880.41551977524
20657,2024-09-01,15902.509256761656
20657,2024-10-01,16437.715054710556
20657,2024-11-01,13679.700036771095
20657,2024-12-01,14697.005803498356
20657,2025-01-01,15325.087050543125
20657,2025-02-01,14037.396441901
20657,2025-03-01,10840.766682118794
20657,2025-04-01,15203.199376415087
20657,2025-05-01,13960.58576422057
20657,2025-06-01,18364.56068080247
20657,2025-07-01,15593.179452199938
20657,2025-08-01,15171.94239476886
20657,2025-09-01,14464.358394613828
20657,2025-10-01,14198.841459295078
20657,2025-11-01,11760.029625527073
20657,2025-12-01,14056.514879896338
20657,2026-01-01,12754.382640381853
20657,2026-02-01,14672.440564711509
20657,2026-03-01,13188.164985994328
20657,2026-04-01,10697.689901499483
20657,2026-05-01,11891.16779350314
20657,2026-06-01,13176.912651069508
20658,2011-03-01,526
20658,2011-04-01,408
20658,2011-05-01,550
20658,2011-06-01,459
20658,2011-07-01,385
20658,2011-08-01,566
20658,2011-09-01,451
20658,2011-10-01,500
20658,2011-11-01,591
20658,2011-12-01,651
20658,2012-01-01,475
20658,2012-02-01,423
20658,2012-03-01,513
20658,2012-04-01,540
20658,2012-05-01,1407
20658,2012-06-01,1575
20658,2012-07-01,723
20658,2012-08-01,734
20658,2012-09-01,432
20658,2012-10-01,571
20658,2012-11-01,542
20658,2012-12-01,601
20658,2013-01-01,607
20658,2013-02-01,416
20658,2013-03-01,478
20658,2013-04-01,398
20658,2013-05-01,473
20658,2013-06-01,624
20658,2013-07-01,695
20658,2013-08-01,618
20658,2013-09-01,616
20658,2013-10-01,565
20658,2013-11-01,516
20658,2013-12-01,627
20658,2014-01-01,542
20658,2014-02-01,569
20658,2014-03-01,560
20658,2014-04-01,511
20658,2014-05-01,483
20658,2014-06-01,525
20658,2014-07-01,708
20658,2014-08-01,451
20658,2014-09-01,615
20658,2014-10-01,515
20658,2014-11-01,491
20658,2014-12-01,619
20658,2015-01-01,505
20658,2015-02-01,558
20658,2015-03-01,627
20658,2015-04-01,596
20658,2015-05-01,505
20658,2015-06-01,523
20658,2015-07-01,512
20658,2015-08-01,611
20658,2015-09-01,423
20658,2015-10-01,470
20658,2015-11-01,642
20658,2015-12-01,411
20658,2016-01-01,372
20658,2016-02-01,292
20658,2016-03-01,326
20658,2016-04-01,306
20658,2016-05-01,268
20658,2016-06-01,260
20658,2016-07-01,211
20658,2016-08-01,317
20658,2016-09-01,306
20658,2016-10-01,223
20658,2016-11-01,294
20658,2016-12-01,314
20658,2017-01-01,379
20658,2017-02-01,163
20658,2017-03-01,316
20658,2017-04-01,202
20658,2017-05-01,290
20658,2017-06-01,352
20658,2017-07-01,388
20658,2017-08-01,408
20658,2017-09-01,318
20658,2017-10-01,262
20658,2017-11-01,290
20658,2017-12-01,300
20658,2018-01-01,280
20658,2018-02-01,402
20658,2018-03-01,291
20658,2018-04-01,336
20658,2018-05-01,327
20658,2018-06-01,421
20658,2018-07-01,426
20658,2018-08-01,343
20658,2018-09-01,417
20658,2018-10-01,320
20658,2018-11-01,282
20658,2018-12-01,372
20658,2019-01-01,358
20658,2019-02-01,229
20658,2019-03-01,217
20658,2019-04-01,271
20658,2019-05-01,384
20658,2019-06-01,324
20658,2019-07-01,292
20658,2019-08-01,284
20658,2019-09-01,323
20658,2019-10-01,383
20658,2019-11-01,412
20658,2019-12-01,574
20658,2020-01-01,521
20658,2020-02-01,272
20658,2020-03-01,622
20658,2020-04-01,419
20658,2020-05-01,312
20658,2020-06-01,521
20658,2020-07-01,413
20658,2020-08-01,549
20658,2020-09-01,427
20658,2020-10-01,643
20658,2020-11-01,601
20658,2020-12-01,688
20658,2021-01-01,606
20658,2021-02-01,663
20658,2021-03-01,851
20658,2021-04-01,851
20658,2021-05-01,995
20658,2021-06-01,616
20658,2021-07-01,683
20658,2021-08-01,686
20658,2021-09-01,581
20658,2021-10-01,1188
20658,2021-11-01,1063
20658,2021-12-01,1311
20658,2022-01-01,1339
20658,2022-02-01,1213
20658,2022-03-01,1193
20658,2022-04-01,923
20658,2022-05-01,1887
20658,2022-06-01,1623
20658,2022-07-01,1692
20658,2022-08-01,1793
20658,2022-09-01,1528
20658,2022-10-01,1407
20658,2022-11-01,1450
20658,2022-12-01,1431
20658,2023-01-01,957
20658,2023-02-01,866
20658,2023-03-01,1068
20658,2023-04-01,689
20658,2023-05-01,781
20658,2023-06-01,951
20658,2023-07-01,1071
20658,2023-08-01,1141
20658,2023-09-01,1111
20658,2023-10-01,773
20658,2023-11-01,705
20658,2023-12-01,731
20658,2024-01-01,1066
20658,2024-02-01,1218
20658,2024-03-01,938
20658,2024-04-01,836
20658,2024-05-01,1007
20658,2024-06-01,1050
20658,2024-07-01,1405
20658,2024-08-01,1336
20658,2024-09-01,1247
20658,2024-10-01,1294
20658,2024-11-01,1453
20658,2024-12-01,1491
20658,2025-01-01,2407
20658,2025-02-01,1424
20658,2025-03-01,966
20658,2025-04-01,1263
20658,2025-05-01,782
20658,2025-06-01,1204
20658,2025-07-01,1152
20658,2025-08-01,962
20658,2025-09-01,1247
20658,2025-10-01,1154
20658,2025-11-01,667
20658,2025-12-01,1333
20658,2026-01-01,1325
20658,2026-02-01,870
20658,2026-03-01,1239
20658,2026-04-01,714
20658,2026-05-01,1293
20658,2026-06-01,1414
20659,2011-03-01,1440
20659,2011-04-01,3168
20659,2011-05-01,2007
20659,2011-06-01,2330
20659,2011-07-01,1414
20659,2011-08-01,2442
20659,2011-09-01,2481
20659,2011-10-01,1560
20659,2011-11-01,4332
20659,2011-12-01,4061
20659,2012-01-01,2831
20659,2012-02-01,1855
20659,2012-03-01,4324
20659,2012-04-01,2460
20659,2012-05-01,4299
20659,2012-06-01,4038
20659,2012-07-01,3629
20659,2012-08-01,2439
20659,2012-09-01,3547
20659,2012-10-01,5445
20659,2012-11-01,3027
20659,2012-12-01,2046
20659,2013-01-01,1366
20659,2013-02-01,4915
20659,2013-03-01,4584
20659,2013-04-01,5934
20659,2013-05-01,11141
20659,2013-06-01,2978
20659,2013-07-01,2231
20659,2013-08-01,2514
20659,2013-09-01,3495
20659,2013-10-01,3269
20659,2013-11-01,1762
20659,2013-12-01,4862
20659,2014-01-01,2219
20659,2014-02-01,2110
20659,2014-03-01,3288
20659,2014-04-01,2732
20659,2014-05-01,4231
20659,2014-06-01,4845
20659,2014-07-01,2097
20659,2014-08-01,3086
20659,2014-09-01,3654
20659,2014-10-01,2437
20659,2014-11-01,3425
20659,2014-12-01,3625
20659,2015-01-01,2035
20659,2015-02-01,1735
20659,2015-03-01,3028
20659,2015-04-01,2681
20659,2015-05-01,3274
20659,2015-06-01,8029
20659,2015-07-01,2813
20659,2015-08-01,3628
20659,2015-09-01,4928
20659,2015-10-01,3682
20659,2015-11-01,4450
20659,2015-12-01,5571
20659,2016-01-01,1844
20659,2016-02-01,2319
20659,2016-03-01,3244
20659,2016-04-01,2770
20659,2016-05-01,3087
20659,2016-06-01,4195
20659,2016-07-01,1582
20659,2016-08-01,2178
20659,2016-09-01,3449
20659,2016-10-01,1542
20659,2016-11-01,2511
20659,2016-12-01,3407
20659,2017-01-01,2577
20659,2017-02-01,2592
20659,2017-03-01,4368
20659,2017-04-01,2268
20659,2017-05-01,4232
20659,2017-06-01,10683
20659,2017-07-01,1430
20659,2017-08-01,11140
20659,2017-09-01,3572
20659,2017-10-01,2829
20659,2017-11-01,2526
20659,2017-12-01,4560
20659,2018-01-01,4495
20659,2018-02-01,9191
20659,2018-03-01,5636
20659,2018-04-01,3915
20659,2018-05-01,5750
20659,2018-06-01,7253
20659,2018-07-01,3965
20659,2018-08-01,5152
20659,2018-09-01,4025
20659,2018-10-01,3029
20659,2018-11-01,2744
20659,2018-12-01,6251
20659,2019-01-01,5041
20659,2019-02-01,5221
20659,2019-03-01,4279
20659,2019-04-01,5024
20659,2019-05-01,5407
20659,2019-06-01,5937
20659,2019-07-01,3984
20659,2019-08-01,3868
20659,2019-09-01,3820
20659,2019-10-01,5057
20659,2019-11-01,4635
20659,2019-12-01,5761
20659,2020-01-01,3680
20659,2020-02-01,5033
20659,2020-03-01,18415
20659,2020-04-01,10255
20659,2020-05-01,9135
20659,2020-06-01,3323
20659,2020-07-01,1056
20659,2020-08-01,2030
20659,2020-09-01,748
20659,2020-10-01,2128
20659,2020-11-01,997
20659,2020-12-01,2487
20659,2021-01-01,2040
20659,2021-02-01,6130
20659,2021-03-01,9642
20659,2021-04-01,3910
20659,2021-05-01,5570
20659,2021-06-01,6776
20659,2021-07-01,3353
20659,2021-08-01,5959
20659,2021-09-01,6686
20659,2021-10-01,5047
20659,2021-11-01,4899
20659,2021-12-01,10680
20659,2022-01-01,4621
20659,2022-02-01,8686
20659,2022-03-01,9851
20659,2022-04-01,7028
20659,2022-05-01,6361
20659,2022-06-01,5593
20659,2022-07-01,4529
20659,2022-08-01,5001
20659,2022-09-01,4427
20659,2022-10-01,5147
20659,2022-11-01,3476
20659,2022-12-01,5858
20659,2023-01-01,2985
20659,2023-02-01,5079
20659,2023-03-01,8154
20659,2023-04-01,3637
20659,2023-05-01,6173
20659,2023-06-01,7228
20659,2023-07-01,3863
20659,2023-08-01,4706
20659,2023-09-01,4693
20659,2023-10-01,5372
20659,2023-11-01,5535
20659,2023-12-01,10913
20659,2024-01-01,5211
20659,2024-02-01,6084
20659,2024-03-01,6332
20659,2024-04-01,4568
20659,2024-05-01,5603
20659,2024-06-01,9342
20659,2024-07-01,6741
20659,2024-08-01,4353
20659,2024-09-01,5027
20659,2024-10-01,3173
20659,2024-11-01,3249
20659,2024-12-01,10378
20659,2025-01-01,7451
20659,2025-02-01,4853
20659,2025-03-01,4351
20659,2025-04-01,10436
20659,2025-05-01,6488
20659,2025-06-01,8282
20659,2025-07-01,9818
20659,2025-08-01,7467
20659,2025-09-01,6996
20659,2025-10-01,5573
20659,2025-11-01,6580
20659,2025-12-01,7128
20659,2026-01-01,9071
20659,2026-02-01,6718
20659,2026-03-01,6925
20659,2026-04-01,7765
20659,2026-05-01,8177
20659,2026-06-01,10185
20660,2011-03-01,798
20660,2011-04-01,502
20660,2011-05-01,582
20660,2011-06-01,509
20660,2011-07-01,557
20660,2011-08-01,338
20660,2011-09-01,509
20660,2011-10-01,415
20660,2011-11-01,299
20660,2011-12-01,464
20660,2012-01-01,261
20660,2012-02-01,350
20660,2012-03-01,681
20660,2012-04-01,789
20660,2012-05-01,790
20660,2012-06-01,1495
20660,2012-07-01,610
20660,2012-08-01,808
20660,2012-09-01,541
20660,2012-10-01,417
20660,2012-11-01,734
20660,2012-12-01,2741
20660,2013-01-01,2213
20660,2013-02-01,230
20660,2013-03-01,251
20660,2013-04-01,366
20660,2013-05-01,370
20660,2013-06-01,1540
20660,2013-07-01,668
20660,2013-08-01,582
20660,2013-09-01,3311
20660,2013-10-01,403
20660,2013-11-01,1093
20660,2013-12-01,2131
20660,2014-01-01,336
20660,2014-02-01,210
20660,2014-03-01,2326
20660,2014-04-01,1300
20660,2014-05-01,435
20660,2014-06-01,659
20660,2014-07-01,1413
20660,2014-08-01,276
20660,2014-09-01,1153
20660,2014-10-01,231
20660,2014-11-01,699
20660,2014-12-01,817
20660,2015-01-01,275
20660,2015-02-01,260
20660,2015-03-01,1069
20660,2015-04-01,79
20660,2015-05-01,381
20660,2015-06-01,120
20660,2015-07-01,480
20660,2015-08-01,274
20660,2015-09-01,1036
20660,2015-10-01,256
20660,2015-11-01,1569
20660,2015-12-01,2568
20660,2016-01-01,455
20660,2016-02-01,401
20660,2016-03-01,635
20660,2016-04-01,351
20660,2016-05-01,430
20660,2016-06-01,244
20660,2016-07-01,294
20660,2016-08-01,164
20660,2016-09-01,369
20660,2016-10-01,81
20660,2016-11-01,282
20660,2016-12-01,291
20660,2017-01-01,18
20660,2017-02-01,33
20660,2017-03-01,167
20660,2017-04-01,2606
20660,2017-05-01,200
20660,2017-06-01,134
20660,2017-07-01,58
20660,2017-08-01,189
20660,2017-09-01,164
20660,2017-10-01,248
20660,2017-11-01,149
20660,2017-12-01,1185
20660,2018-01-01,82
20660,2018-02-01,125
20660,2018-03-01,69
20660,2018-04-01,180
20660,2018-05-01,140
20660,2018-06-01,439
20660,2018-07-01,89
20660,2018-08-01,109
20660,2018-09-01,101
20660,2018-10-01,125
20660,2018-11-01,104
20660,2018-12-01,93
20660,2019-01-01,75
20660,2019-02-01,113
20660,2019-03-01,126
20660,2019-04-01,108
20660,2019-05-01,132
20660,2019-06-01,253
20660,2019-07-01,102
20660,2019-08-01,151
20660,2019-09-01,206
20660,2019-10-01,126
20660,2019-11-01,164
20660,2019-12-01,165
20660,2020-01-01,46
20660,2020-02-01,386
20660,2020-03-01,452
20660,2020-04-01,407
20660,2020-05-01,256
20660,2020-06-01,2760
20660,2020-07-01,206
20660,2020-08-01,321
20660,2020-09-01,311
20660,2020-10-01,278
20660,2020-11-01,254
20660,2020-12-01,471
20660,2021-01-01,30
20660,2021-02-01,80
20660,2021-03-01,305
20660,2021-04-01,233
20660,2021-05-01,103
20660,2021-06-01,490
20660,2021-07-01,68
20660,2021-08-01,344
20660,2021-09-01,168
20660,2021-10-01,414
20660,2021-11-01,124
20660,2021-12-01,480
20660,2022-01-01,87
20660,2022-02-01,297
20660,2022-03-01,407
20660,2022-04-01,95
20660,2022-05-01,268
20660,2022-06-01,710
20660,2022-07-01,289
20660,2022-08-01,405
20660,2022-09-01,676
20660,2022-10-01,287
20660,2022-11-01,265
20660,2022-12-01,162
20660,2023-01-01,91
20660,2023-02-01,86
20660,2023-03-01,365
20660,2023-04-01,356
20660,2023-05-01,466
20660,2023-06-01,1013
20660,2023-07-01,277
20660,2023-08-01,327
20660,2023-09-01,345
20660,2023-10-01,321
20660,2023-11-01,347
20660,2023-12-01,149
20660,2024-01-01,169
20660,2024-02-01,272
20660,2024-03-01,461
20660,2024-04-01,735
20660,2024-05-01,759
20660,2024-06-01,346
20660,2024-07-01,481
20660,2024-08-01,475
20660,2024-09-01,362
20660,2024-10-01,345
20660,2024-11-01,212
20660,2024-12-01,242
20660,2025-01-01,113
20660,2025-02-01,402
20660,2025-03-01,284
20660,2025-04-01,498
20660,2025-05-01,579
20660,2025-06-01,499
20660,2025-07-01,534
20660,2025-08-01,300
20660,2025-09-01,352
20660,2025-10-01,433
20660,2025-11-01,257
20660,2025-12-01,239
20660,2026-01-01,89
20660,2026-02-01,136
20660,2026-03-01,174
20660,2026-04-01,281
20660,2026-05-01,296
20660,2026-06-01,490
20661,2011-03-01,6190.824016199969
20661,2011-04-01,6057.321136901165
20661,2011-05-01,6148.016001717215
20661,2011-06-01,6430.211173427451
20661,2011-07-01,6193.007466017578
20661,2011-08-01,6242.284068224115
20661,2011-09-01,6557.770962261979
20661,2011-10-01,6690.822966146757
20661,2011-11-01,6896.2422399322895
20661,2011-12-01,8104.780656861528
20661,2012-01-01,7194.9259376474365
20661,2012-02-01,6930.092825989213
20661,2012-03-01,7608.467320443771
20661,2012-04-01,7456.731100364279
20661,2012-05-01,7364.263813107955
20661,2012-06-01,8383.679513466106
20661,2012-07-01,8018.978522633987
20661,2012-08-01,8313.854791251408
20661,2012-09-01,8542.64725086236
20661,2012-10-01,8583.776427464822
20661,2012-11-01,8218.922028289251
20661,2012-12-01,8395.339378949422
20661,2013-01-01,7514.270669899855
20661,2013-02-01,8042.202574263856
20661,2013-03-01,8444.840860744416
20661,2013-04-01,8603.90962050735
20661,2013-05-01,9207.37576032046
20661,2013-06-01,8511.52106292316
20661,2013-07-01,8598.896848416909
20661,2013-08-01,8821.931827428714
20661,2013-09-01,8569.585026797375
20661,2013-10-01,8693.897990889485
20661,2013-11-01,8981.573870127151
20661,2013-12-01,9158.13499564211
20661,2014-01-01,9277.637650983816
20661,2014-02-01,9072.854434894029
20661,2014-03-01,8948.59089398268
20661,2014-04-01,9104.47370071892
20661,2014-05-01,8228.040371503475
20661,2014-06-01,9003.574788708482
20661,2014-07-01,8284.536170734644
20661,2014-08-01,8293.433556197011
20661,2014-09-01,9462.865152926242
20661,2014-10-01,8729.824360380899
20661,2014-11-01,8739.387439558093
20661,2014-12-01,8729.689346917146
20661,2015-01-01,7710.956746515128
20661,2015-02-01,7521.087601293562
20661,2015-03-01,8878.682361136422
20661,2015-04-01,7399.240908198897
20661,2015-05-01,8779.930728645113
20661,2015-06-01,8183.945962369099
20661,2015-07-01,8575.205671782098
20661,2015-08-01,8225.654636491705
20661,2015-09-01,7772.650002047943
20661,2015-10-01,7552.870793282441
20661,2015-11-01,7647.747044075574
20661,2015-12-01,8021.61390836583
20661,2016-01-01,7573.450280141628
20661,2016-02-01,9125.519600263377
20661,2016-03-01,8385.261954967898
20661,2016-04-01,8868.816682446728
20661,2016-05-01,7932.919224933096
20661,2016-06-01,8949.81106528498
20661,2016-07-01,8221.487487080249
20661,2016-08-01,8559.72149189421
20661,2016-09-01,8608.349082369023
20661,2016-10-01,7560.792537803424
20661,2016-11-01,7894.492840185287
20661,2016-12-01,7847.997157633069
20661,2017-01-01,7845.237408513818
20661,2017-02-01,5430.521182639574
20661,2017-03-01,5603.424180973017
20661,2017-04-01,5235.286693271345
20661,2017-05-01,5292.29038166834
20661,2017-06-01,4468.147191772003
20661,2017-07-01,3634.9190187462054
20661,2017-08-01,3284.2711389191077
20661,2017-09-01,3199.9012800550427
20661,2017-10-01,3533.75203203372
20661,2017-11-01,2828.0975235299793
20661,2017-12-01,3537.6340206934947
20661,2018-01-01,2471.4158308099563
20661,2018-02-01,2381.882955325728
20661,2018-03-01,2352.406444122826
20661,2018-04-01,2158.0755568307854
20661,2018-05-01,1950.0823870765198
20661,2018-06-01,2282.6113794152916
20661,2018-07-01,2528.961442087794
20661,2018-08-01,2956.823443238663
20661,2018-09-01,2676.014623620947
20661,2018-10-01,2432.35483137254
20661,2018-11-01,3063.1265811573676
20661,2018-12-01,2334.0769072317435
20661,2019-01-01,2676.9569010531127
20661,2019-02-01,2943.6850898974994
20661,2019-03-01,3163.3089191487925
20661,2019-04-01,3255.74028990451
20661,2019-05-01,3710.072698121939
20661,2019-06-01,2715.9238668697585
20661,2019-07-01,2716.089815380981
20661,2019-08-01,2742.183372703354
20661,2019-09-01,3180.826098864074
20661,2019-10-01,3958.243084151554
20661,2019-11-01,3416.8001301556333
20661,2019-12-01,4330.491840718426
20661,2020-01-01,3401.1556699214216
20661,2020-02-01,3566.760867527228
20661,2020-03-01,3621.626279822278
20661,2020-04-01,3891.2782061993107
20661,2020-05-01,3542.379034565951
20661,2020-06-01,4353.094245580079
20661,2020-07-01,5142.848950202987
20661,2020-08-01,4797.092205091679
20661,2020-09-01,4270.603065338852
20661,2020-10-01,4370.071673199112
20661,2020-11-01,4326.3333417587855
20661,2020-12-01,4530.767954865395
20661,2021-01-01,4814.980076641604
20661,2021-02-01,4972.460600742411
20661,2021-03-01,5270.66584137882
20661,2021-04-01,5117.4565789090875
20661,2021-05-01,4969.696168254109
20661,2021-06-01,5361.122475007776
20661,2021-07-01,4949.7528079933245
20661,2021-08-01,5639.980422985772
20661,2021-09-01,4974.5182702649445
20661,2021-10-01,5053.988410261846
20661,2021-11-01,5528.350549557504
20661,2021-12-01,4270.183672761204
20661,2022-01-01,5051.874707354066
20661,2022-02-01,5021.6982830681545
20661,2022-03-01,5004.075703329126
20661,2022-04-01,4928.57564611106
20661,2022-05-01,5028.73205149829
20661,2022-06-01,4868.129421705672
20661,2022-07-01,4819.2609167655855
20661,2022-08-01,4914.2517720615
20661,2022-09-01,5452.3313595113095
20661,2022-10-01,4745.622019244918
20661,2022-11-01,5180.467949468787
20661,2022-12-01,6557.155427697529
20661,2023-01-01,6628.26367833583
20661,2023-02-01,4659.434313656268
20661,2023-03-01,5074.623916535994
20661,2023-04-01,5153.668783792778
20661,2023-05-01,5208.182728622568
20661,2023-06-01,6626.988819102704
20661,2023-07-01,5029.696782323732
20661,2023-08-01,4421.399072744941
20661,2023-09-01,4544.355584849358
20661,2023-10-01,4465.9578653235785
20661,2023-11-01,4842.083651259546
20661,2023-12-01,4299.12913941408
20661,2024-01-01,3466.4989358232456
20661,2024-02-01,4887.841210924
20661,2024-03-01,4857.899020163102
20661,2024-04-01,4294.938812520046
20661,2024-05-01,5374.383193249828
20661,2024-06-01,3899.552824639852
20661,2024-07-01,6246.869675146899
20661,2024-08-01,6095.870955739937
20661,2024-09-01,6375.425283205732
20661,2024-10-01,5800.8105012147935
20661,2024-11-01,6068.046761481629
20661,2024-12-01,8058.48886090922
20661,2025-01-01,6914.700584888874
20661,2025-02-01,7189.244167246221
20661,2025-03-01,5374.253528789499
20661,2025-04-01,8972.60267801652
20661,2025-05-01,8311.322614236196
20661,2025-06-01,9720.148899872884
20661,2025-07-01,8336.503748487175
20661,2025-08-01,7991.905037957665
20661,2025-09-01,8464.512275861976
20661,2025-10-01,8794.142949434314
20661,2025-11-01,8211.955538057504
20661,2025-12-01,9354.624483235253
20661,2026-01-01,9869.938470209878
20661,2026-02-01,8161.9963244711735
20661,2026-03-01,12230.611486969023
20661,2026-04-01,11296.909645542497
20661,2026-05-01,9029.198430450853
20661,2026-06-01,9502.447787218356
20635,2011-03-01,106304.9054902985
20635,2011-04-01,106444.21998431317
20635,2011-05-01,108396.72369797331
20635,2011-06-01,111865.46375579602
20635,2011-07-01,113359.46912106231
20635,2011-08-01,127444.6543570019
20635,2011-09-01,113892.93864490169
20635,2011-10-01,106018.44419970612
20635,2011-11-01,118252.42092592487
20635,2011-12-01,115311.52377620577
20635,2012-01-01,117187.8582511976
20635,2012-02-01,117396.40511353847
20635,2012-03-01,119690.08623237148
20635,2012-04-01,119452.88177205503
20635,2012-05-01,122572.81574741137
20635,2012-06-01,121929.72524883118
20635,2012-07-01,124065.66497817627
20635,2012-08-01,128066.08941104893
20635,2012-09-01,113820.72756848668
20635,2012-10-01,127320.63952412445
20635,2012-11-01,123647.5658436792
20635,2012-12-01,114257.312007697
20635,2013-01-01,124612.14768052401
20635,2013-02-01,125383.16499251938
20635,2013-03-01,115352.22635860025
20635,2013-04-01,126156.30446600502
20635,2013-05-01,129546.33390892186
20635,2013-06-01,122397.28298161279
20635,2013-07-01,125992.45334262199
20635,2013-08-01,125544.36358281577
20635,2013-09-01,122398.06033245329
20635,2013-10-01,127898.96756493465
20635,2013-11-01,125674.22210125996
20635,2013-12-01,122576.51326156645
20635,2014-01-01,125688.24787649943
20635,2014-02-01,134924.31488069418
20635,2014-03-01,117312.75495756627
20635,2014-04-01,126529.06165848485
20635,2014-05-01,123119.88228063573
20635,2014-06-01,123157.65279026404
20635,2014-07-01,123277.18370010465
20635,2014-08-01,120546.2264978421
20635,2014-09-01,127022.17921974017
20635,2014-10-01,123525.69950086527
20635,2014-11-01,120782.3370400899
20635,2014-12-01,125031.25920171697
20635,2015-01-01,125628.98322498836
20635,2015-02-01,118967.26736648688
20635,2015-03-01,126384.73406538468
20635,2015-04-01,123621.25087534235
20635,2015-05-01,118287.27717431834
20635,2015-06-01,125770.34073738602
20635,2015-07-01,127575.34712977828
20635,2015-08-01,117139.87203956832
20635,2015-09-01,122854.00002853981
20635,2015-10-01,117681.9905833406
20635,2015-11-01,118742.41833284896
20635,2015-12-01,119930.59119785788
20635,2016-01-01,108777.94096379066
20635,2016-02-01,114769.61737398438
20635,2016-03-01,111759.0257125849
20635,2016-04-01,107508.79212509334
20635,2016-05-01,110665.16947528247
20635,2016-06-01,109529.54311345053
20635,2016-07-01,102351.1607825769
20635,2016-08-01,105240.14963353497
20635,2016-09-01,108880.7699964673
20635,2016-10-01,103254.5293681871
20635,2016-11-01,107340.82563004107
20635,2016-12-01,104204.95868822091
20635,2017-01-01,107522.00891349903
20635,2017-02-01,97268.69134331017
20635,2017-03-01,112592.35727818412
20635,2017-04-01,94684.05204528058
20635,2017-05-01,104491.52930063469
20635,2017-06-01,114376.8277894702
20635,2017-07-01,100810.70953280693
20635,2017-08-01,111408.07581875187
20635,2017-09-01,105118.16917818483
20635,2017-10-01,108590.80261634021
20635,2017-11-01,112484.67244052207
20635,2017-12-01,115485.46833377802
20635,2018-01-01,116315.9622056976
20635,2018-02-01,121741.84064554905
20635,2018-03-01,117345.58957664507
20635,2018-04-01,126684.96374011085
20635,2018-05-01,119377.74566506456
20635,2018-06-01,124032.71397094888
20635,2018-07-01,127305.90526869017
20635,2018-08-01,130634.95297934393
20635,2018-09-01,120683.77907435628
20635,2018-10-01,130571.4771993795
20635,2018-11-01,124737.51480715572
20635,2018-12-01,125302.35276415868
20635,2019-01-01,131370.38844393074
20635,2019-02-01,135782.9438364655
20635,2019-03-01,123894.4131061397
20635,2019-04-01,133805.4187493942
20635,2019-05-01,143948.35894581323
20635,2019-06-01,134690.93854201268
20635,2019-07-01,146028.7694604694
20635,2019-08-01,141514.9393338312
20635,2019-09-01,147758.71941041664
20635,2019-10-01,149321.02603219476
20635,2019-11-01,148743.58794200156
20635,2019-12-01,156075.2308806019
20635,2020-01-01,147560.21136095593
20635,2020-02-01,150154.68754312475
20635,2020-03-01,194782.9750312857
20635,2020-04-01,149780.47531614878
20635,2020-05-01,126934.45283565547
20635,2020-06-01,135050.67421954943
20635,2020-07-01,144735.05436010464
20635,2020-08-01,129429.29958373836
20635,2020-09-01,138924.93236634435
20635,2020-10-01,139758.47619934392
20635,2020-11-01,148789.01970255867
20635,2020-12-01,140611.62504748756
20635,2021-01-01,130682.37587521029
20635,2021-02-01,147341.44179165742
20635,2021-03-01,172659.92577164955
20635,2021-04-01,174125.65242976966
20635,2021-05-01,170366.92418843237
20635,2021-06-01,180080.33049715252
20635,2021-07-01,173265.10145904138
20635,2021-08-01,177922.8141944922
20635,2021-09-01,183670.04835095158
20635,2021-10-01,188021.36526401882
20635,2021-11-01,195729.20801263634
20635,2021-12-01,194524.05556071384
20635,2022-01-01,198623.21694126746
20635,2022-02-01,205583.66979333342
20635,2022-03-01,218033.77301762515
20635,2022-04-01,209301.92437770244
20635,2022-05-01,220278.6251470267
20635,2022-06-01,211685.5389104065
20635,2022-07-01,212975.53552872952
20635,2022-08-01,224201.86595844012
20635,2022-09-01,215192.5558588494
20635,2022-10-01,206621.12682269252
20635,2022-11-01,207452.19598450515
20635,2022-12-01,206608.757028756
20635,2023-01-01,210324.4092287117
20635,2023-02-01,197186.52637805883
20635,2023-03-01,206489.05938398608
20635,2023-04-01,182601.70444531486
20635,2023-05-01,209241.59922111846
20635,2023-06-01,216764.88599376747
20635,2023-07-01,196196.5334708133
20635,2023-08-01,209248.63352726938
20635,2023-09-01,214555.32772517455
20635,2023-10-01,211667.41424225384
20635,2023-11-01,219999.06201275118
20635,2023-12-01,220412.64355990768
20635,2024-01-01,226946.85128901308
20635,2024-02-01,229881.99795244192
20635,2024-03-01,221593.34501511484
20635,2024-04-01,236119.95647442713
20635,2024-05-01,229496.5433468619
20635,2024-06-01,246898.85724634863
20635,2024-07-01,262185.26311785803
20635,2024-08-01,262423.63271147636
20635,2024-09-01,255483.31771963657
20635,2024-10-01,266177.87096423865
20635,2024-11-01,258915.81682754774
20635,2024-12-01,256732.63499737508
20635,2025-01-01,262223.0737127095
20635,2025-02-01,270382.5001949951
20635,2025-03-01,240017.45691766747
20635,2025-04-01,269132.1621227622
20635,2025-05-01,277664.96368523367
20635,2025-06-01,253585.45761799542
20635,2025-07-01,265069.79250227974
20635,2025-08-01,255929.18850952663
20635,2025-09-01,269018.30055312393
20635,2025-10-01,273767.83855888876
20635,2025-11-01,252631.81865826144
20635,2025-12-01,289627.1176405576
20635,2026-01-01,289138.02829915035
20635,2026-02-01,285164.90288135264
20635,2026-03-01,292580.5336187853
20635,2026-04-01,293719.46722743247
20635,2026-05-01,301242.02972290176
20635,2026-06-01,314673.75247473596
20665,2011-03-01,22792.78067058583
20665,2011-04-01,23322.09053016556
20665,2011-05-01,24105.149660533607
20665,2011-06-01,24748.82884855772
20665,2011-07-01,24960.528909105742
20665,2011-08-01,25183.157705323552
20665,2011-09-01,25704.843039160507
20665,2011-10-01,25076.37170640932
20665,2011-11-01,25484.867598770143
20665,2011-12-01,26363.238807194866
20665,2012-01-01,25227.702646826416
20665,2012-02-01,25367.117591704162
20665,2012-03-01,25687.85197866276
20665,2012-04-01,25400.696570404994
20665,2012-05-01,25859.261068657528
20665,2012-06-01,25825.006881803165
20665,2012-07-01,25688.23698404203
20665,2012-08-01,25901.80701650506
20665,2012-09-01,25327.422762874972
20665,2012-10-01,25632.793357647526
20665,2012-11-01,25977.03206083047
20665,2012-12-01,25581.704672516717
20665,2013-01-01,26627.066817680796
20665,2013-02-01,26519.932931646974
20665,2013-03-01,24989.554455262434
20665,2013-04-01,26771.626540308018
20665,2013-05-01,26267.344203155066
20665,2013-06-01,26593.645438212305
20665,2013-07-01,26842.04339347183
20665,2013-08-01,27337.643931078463
20665,2013-09-01,26978.88445100689
20665,2013-10-01,27995.800684126494
20665,2013-11-01,27833.027149671776
20665,2013-12-01,28044.35140712576
20665,2014-01-01,28021.899850088528
20665,2014-02-01,29079.427481771432
20665,2014-03-01,26851.34807585097
20665,2014-04-01,27832.974696599063
20665,2014-05-01,28179.493918834596
20665,2014-06-01,27874.16332438353
20665,2014-07-01,28502.905528120813
20665,2014-08-01,28260.5274969373
20665,2014-09-01,28662.109085368676
20665,2014-10-01,28419.589680817917
20665,2014-11-01,28190.881060034873
20665,2014-12-01,28861.149300809753
20665,2015-01-01,29902.965168092567
20665,2015-02-01,29594.956830690455
20665,2015-03-01,30394.561733429415
20665,2015-04-01,30590.493853990287
20665,2015-05-01,30607.702092541716
20665,2015-06-01,30650.862906183836
20665,2015-07-01,30992.98453170692
20665,2015-08-01,30241.0120461837
20665,2015-09-01,31116.157836827333
20665,2015-10-01,30903.493124682333
20665,2015-11-01,30243.538909274575
20665,2015-12-01,30399.49059254414
20665,2016-01-01,29579.90089454368
20665,2016-02-01,29635.60611363595
20665,2016-03-01,30078.91731350877
20665,2016-04-01,30150.570466578807
20665,2016-05-01,30078.888228651165
20665,2016-06-01,30360.38782832412
20665,2016-07-01,29973.724138715283
20665,2016-08-01,30184.222830128187
20665,2016-09-01,30534.6397019125
20665,2016-10-01,30217.153265037727
20665,2016-11-01,30166.484694514373
20665,2016-12-01,31041.66581313959
20665,2017-01-01,30321.5318399643
20665,2017-02-01,27257.13086777604
20665,2017-03-01,33105.25422260067
20665,2017-04-01,29224.406172735384
20665,2017-05-01,30329.914937180765
20665,2017-06-01,30693.547962017692
20665,2017-07-01,29710.081339489734
20665,2017-08-01,30560.637255894188
20665,2017-09-01,30538.122114109057
20665,2017-10-01,30451.79691701127
20665,2017-11-01,30914.480109006334
20665,2017-12-01,30560.78911930492
20665,2018-01-01,30431.30900727181
20665,2018-02-01,30870.307243309682
20665,2018-03-01,30241.46672014529
20665,2018-04-01,31141.729161636147
20665,2018-05-01,29860.17898766471
20665,2018-06-01,31625.581984782002
20665,2018-07-01,30587.461489239642
20665,2018-08-01,30487.770335954097
20665,2018-09-01,29570.661809706326
20665,2018-10-01,30207.91651249955
20665,2018-11-01,31010.485547852186
20665,2018-12-01,29887.50091250281
20665,2019-01-01,31180.711943470327
20665,2019-02-01,31766.89847253373
20665,2019-03-01,30515.641243323786
20665,2019-04-01,31689.355608324222
20665,2019-05-01,32673.09819865013
20665,2019-06-01,32272.34356818477
20665,2019-07-01,32917.76440392057
20665,2019-08-01,32783.685427212346
20665,2019-09-01,31928.584329359728
20665,2019-10-01,32358.728417977567
20665,2019-11-01,31918.82962178663
20665,2019-12-01,31286.725416022848
20665,2020-01-01,31631.58469661651
20665,2020-02-01,30652.372821214383
20665,2020-03-01,30287.590041510477
20665,2020-04-01,25084.32577314291
20665,2020-05-01,22449.753233158768
20665,2020-06-01,22433.77630587613
20665,2020-07-01,23696.99395541229
20665,2020-08-01,23306.517226939402
20665,2020-09-01,24870.398202122844
20665,2020-10-01,25028.745515265888
20665,2020-11-01,24403.54653843681
20665,2020-12-01,25640.35734074646
20665,2021-01-01,26315.134473386992
20665,2021-02-01,26609.552478931146
20665,2021-03-01,27507.200072873093
20665,2021-04-01,27449.328040099594
20665,2021-05-01,27599.185014461324
20665,2021-06-01,28649.41158682778
20665,2021-07-01,28712.232774916643
20665,2021-08-01,29534.56639481255
20665,2021-09-01,30499.169445714182
20665,2021-10-01,31139.73308845714
20665,2021-11-01,32385.694857381986
20665,2021-12-01,33339.206537777885
20665,2022-01-01,32847.221288777335
20665,2022-02-01,31151.43133660128
20665,2022-03-01,37106.62061427096
20665,2022-04-01,35464.53251266004
20665,2022-05-01,36205.83323188745
20665,2022-06-01,36332.19735488602
20665,2022-07-01,36448.40667775165
20665,2022-08-01,37414.185338956675
20665,2022-09-01,37222.0517577875
20665,2022-10-01,36389.15460709218
20665,2022-11-01,37140.45967598975
20665,2022-12-01,37708.55356706
20665,2023-01-01,37403.761606763874
20665,2023-02-01,36650.80060475293
20665,2023-03-01,39381.77087771484
20665,2023-04-01,37874.38111648861
20665,2023-05-01,39949.38443580357
20665,2023-06-01,39828.3187057355
20665,2023-07-01,37923.348432047605
20665,2023-08-01,38949.290232001826
20665,2023-09-01,38485.74384983819
20665,2023-10-01,38894.11775196972
20665,2023-11-01,39479.636723823554
20665,2023-12-01,38553.73282014028
20665,2024-01-01,39976.17755518429
20665,2024-02-01,39026.70581503867
20665,2024-03-01,38873.348555219
20665,2024-04-01,41622.304010325504
20665,2024-05-01,40114.13665086375
20665,2024-06-01,40346.07283978301
20665,2024-07-01,41808.792723905746
20665,2024-08-01,42261.43767047675
20665,2024-09-01,42409.82283447869
20665,2024-10-01,43316.425620906615
20665,2024-11-01,43506.61198585277
20665,2024-12-01,43878.086460818704
20665,2025-01-01,44434.86539698872
20665,2025-02-01,45200.69685328141
20665,2025-03-01,44110.000424699494
20665,2025-04-01,45297.33136510226
20665,2025-05-01,46289.03877629956
20665,2025-06-01,45702.62918181877
20665,2025-07-01,46509.27141185065
20665,2025-08-01,46139.71935361189
20665,2025-09-01,47459.85770352215
20665,2025-10-01,47637.07777777487
20665,2025-11-01,46618.14857418297
20665,2025-12-01,47740.40405183662
20665,2026-01-01,47545.93818131626
20665,2026-02-01,45667.293144790194
20665,2026-03-01,49125.800461921
20665,2026-04-01,48008.91764338654
20665,2026-05-01,47563.42614838785
20665,2026-06-01,47910.77242325645
20666,2011-03-01,5616.010337313702
20666,2011-04-01,5900.437228462981
20666,2011-05-01,6114.478744309852
20666,2011-06-01,6420.959452543816
20666,2011-07-01,6782.204651175202
20666,2011-08-01,6672.536420880101
20666,2011-09-01,6752.914827819415
20666,2011-10-01,6728.979133357492
20666,2011-11-01,6943.9046033684435
20666,2011-12-01,7155.1079063162215
20666,2012-01-01,6767.7651278889425
20666,2012-02-01,7025.617918750641
20666,2012-03-01,7379.644071975575
20666,2012-04-01,7130.40426928889
20666,2012-05-01,7195.0799568587245
20666,2012-06-01,7516.317220605916
20666,2012-07-01,6948.97326023132
20666,2012-08-01,6873.301301211563
20666,2012-09-01,6454.30671581602
20666,2012-10-01,7064.826632391526
20666,2012-11-01,6995.850290390052
20666,2012-12-01,7014.145424765791
20666,2013-01-01,6949.534733814811
20666,2013-02-01,7012.0954634648
20666,2013-03-01,7051.6695312956535
20666,2013-04-01,7258.175764909052
20666,2013-05-01,7057.318878901408
20666,2013-06-01,6928.805306287506
20666,2013-07-01,6983.303186994895
20666,2013-08-01,7154.737995490379
20666,2013-09-01,7015.267580157765
20666,2013-10-01,6810.04562909156
20666,2013-11-01,7035.259242354239
20666,2013-12-01,6629.432088972904
20666,2014-01-01,6967.747653031061
20666,2014-02-01,7356.579848974859
20666,2014-03-01,6585.702284149149
20666,2014-04-01,6525.20438859108
20666,2014-05-01,6804.973862767991
20666,2014-06-01,6464.37810625319
20666,2014-07-01,6688.853238724711
20666,2014-08-01,7006.083527523051
20666,2014-09-01,7357.810730848128
20666,2014-10-01,7378.8745145223875
20666,2014-11-01,7104.158600537701
20666,2014-12-01,7031.298288101223
20666,2015-01-01,7327.978498026277
20666,2015-02-01,6936.743859581704
20666,2015-03-01,7783.654703198639
20666,2015-04-01,7065.3079825956975
20666,2015-05-01,7014.851934966894
20666,2015-06-01,7060.582823997779
20666,2015-07-01,7031.6226191382675
20666,2015-08-01,7066.893352890085
20666,2015-09-01,6595.771716126158
20666,2015-10-01,6154.589824051669
20666,2015-11-01,6711.02680190176
20666,2015-12-01,7022.273393933705
20666,2016-01-01,6503.7583359735045
20666,2016-02-01,6761.2701377911835
20666,2016-03-01,6545.395974174696
20666,2016-04-01,6807.794177424431
20666,2016-05-01,6395.233160307204
20666,2016-06-01,6581.220689498017
20666,2016-07-01,6509.9893148307465
20666,2016-08-01,6263.265241616002
20666,2016-09-01,5748.544494588454
20666,2016-10-01,6657.482829350282
20666,2016-11-01,6095.082246163596
20666,2016-12-01,5949.80511927572
20666,2017-01-01,6090.576359411973
20666,2017-02-01,6258.955839641424
20666,2017-03-01,6453.802736076924
20666,2017-04-01,6353.312635488078
20666,2017-05-01,6811.2513584300505
20666,2017-06-01,6986.960767023276
20666,2017-07-01,6847.438778936103
20666,2017-08-01,6574.724959199954
20666,2017-09-01,7092.296656565314
20666,2017-10-01,6861.8392688405875
20666,2017-11-01,6866.820541149355
20666,2017-12-01,7393.754288725102
20666,2018-01-01,7235.169132360077
20666,2018-02-01,7512.551543350166
20666,2018-03-01,7497.555379474935
20666,2018-04-01,7886.076556930075
20666,2018-05-01,7707.916448445749
20666,2018-06-01,8070.116339894841
20666,2018-07-01,8062.049365717108
20666,2018-08-01,8560.777316571599
20666,2018-09-01,7983.542814212703
20666,2018-10-01,8708.45575030368
20666,2018-11-01,8965.021341957787
20666,2018-12-01,10142.810339175696
20666,2019-01-01,9607.725389042194
20666,2019-02-01,9632.807865928804
20666,2019-03-01,8644.29349312443
20666,2019-04-01,9143.525777994779
20666,2019-05-01,9876.447871735896
20666,2019-06-01,9653.071442896162
20666,2019-07-01,9992.547279133
20666,2019-08-01,10352.466132014406
20666,2019-09-01,10201.570622366382
20666,2019-10-01,11476.63188271234
20666,2019-11-01,11162.26289431547
20666,2019-12-01,11117.305276230907
20666,2020-01-01,11308.100837540098
20666,2020-02-01,11060.752460332891
20666,2020-03-01,11525.798875880717
20666,2020-04-01,11912.636511288763
20666,2020-05-01,9912.597244278368
20666,2020-06-01,11205.352054430714
20666,2020-07-01,9235.040651008432
20666,2020-08-01,10554.207669436773
20666,2020-09-01,11837.700682432433
20666,2020-10-01,11032.16742458912
20666,2020-11-01,11543.063800912385
20666,2020-12-01,11944.479083379263
20666,2021-01-01,9810.156232679936
20666,2021-02-01,10713.062707809197
20666,2021-03-01,12144.708966968294
20666,2021-04-01,12327.15828378707
20666,2021-05-01,12880.937272594689
20666,2021-06-01,13727.909304281337
20666,2021-07-01,15095.721649400399
20666,2021-08-01,15728.520892881092
20666,2021-09-01,15832.957102386443
20666,2021-10-01,16006.277649336
20666,2021-11-01,15474.934027901027
20666,2021-12-01,14903.406194250281
20666,2022-01-01,17919.68772875339
20666,2022-02-01,14889.089353320911
20666,2022-03-01,14413.314690628888
20666,2022-04-01,15426.016001911219
20666,2022-05-01,15155.635729928084
20666,2022-06-01,15162.100121375855
20666,2022-07-01,14634.463629511642
20666,2022-08-01,14602.175307838881
20666,2022-09-01,14618.908172431265
20666,2022-10-01,14358.710304857
20666,2022-11-01,13285.692120174339
20666,2022-12-01,15838.790390992459
20666,2023-01-01,13886.514226349856
20666,2023-02-01,13038.827646895257
20666,2023-03-01,14557.637001438216
20666,2023-04-01,13452.153124301141
20666,2023-05-01,14125.068083112552
20666,2023-06-01,14219.318517366892
20666,2023-07-01,14219.044982279489
20666,2023-08-01,14513.143877812767
20666,2023-09-01,14944.94748614966
20666,2023-10-01,14665.820257169213
20666,2023-11-01,15600.807722157133
20666,2023-12-01,15593.240554719683
20666,2024-01-01,16788.463501764632
20666,2024-02-01,17307.07763652176
20666,2024-03-01,16985.4995893586
20666,2024-04-01,18802.938844758628
20666,2024-05-01,18556.63844641717
20666,2024-06-01,18200.297996889105
20666,2024-07-01,19321.209837985352
20666,2024-08-01,19977.63307016455
20666,2024-09-01,19443.12573930083
20666,2024-10-01,20431.040380092563
20666,2024-11-01,20810.16428006867
20666,2024-12-01,20985.698812746337
20666,2025-01-01,21277.816408859144
20666,2025-02-01,21359.359701751528
20666,2025-03-01,20714.935827520832
20666,2025-04-01,20742.47384719397
20666,2025-05-01,21859.43895963963
20666,2025-06-01,22061.349792360186
20666,2025-07-01,21704.293234203746
20666,2025-08-01,21798.835846656264
20666,2025-09-01,22990.99705331952
20666,2025-10-01,24285.32141221648
20666,2025-11-01,21383.057864308317
20666,2025-12-01,21707.52988809445
20666,2026-01-01,22242.663634185737
20666,2026-02-01,21536.79672932588
20666,2026-03-01,21835.74031112459
20666,2026-04-01,21139.218152239777
20666,2026-05-01,21185.678091302794
20666,2026-06-01,21259.369048364635
20669,2011-03-01,5455.2427344732305
20669,2011-04-01,4882.180733940423
20669,2011-05-01,5285.2955293016985
20669,2011-06-01,5450.43620761555
20669,2011-07-01,5709.740046169453
20669,2011-08-01,5801.861113505357
20669,2011-09-01,6404.762255374255
20669,2011-10-01,5161.388970627778
20669,2011-11-01,7486.179115683367
20669,2011-12-01,6336.478277551087
20669,2012-01-01,5571.435304369129
20669,2012-02-01,5490.186003816193
20669,2012-03-01,5674.725796487672
20669,2012-04-01,5979.786861232548
20669,2012-05-01,7213.78872909369
20669,2012-06-01,6599.865801148374
20669,2012-07-01,6526.178499535158
20669,2012-08-01,6853.450141094183
20669,2012-09-01,5964.773009649147
20669,2012-10-01,7095.214947304015
20669,2012-11-01,6964.4960701057635
20669,2012-12-01,6433.990104135204
20669,2013-01-01,7610.091767870565
20669,2013-02-01,7762.212044245118
20669,2013-03-01,7762.676760724541
20669,2013-04-01,8337.700458652438
20669,2013-05-01,7852.2808911135035
20669,2013-06-01,7611.616138011462
20669,2013-07-01,8054.114439670768
20669,2013-08-01,8256.594964862406
20669,2013-09-01,8016.64565480517
20669,2013-10-01,7797.975395855333
20669,2013-11-01,8137.0628937175825
20669,2013-12-01,8026.205945596624
20669,2014-01-01,8218.09561090222
20669,2014-02-01,9929.600069426075
20669,2014-03-01,7510.713672781972
20669,2014-04-01,7801.774363052122
20669,2014-05-01,7914.177543552216
20669,2014-06-01,7803.1847133410765
20669,2014-07-01,7313.150383815316
20669,2014-08-01,5932.1897856920405
20669,2014-09-01,7121.567461834217
20669,2014-10-01,9942.682538479983
20669,2014-11-01,8228.392142464058
20669,2014-12-01,7659.784832268205
20669,2015-01-01,7081.843582999967
20669,2015-02-01,6767.844263990112
20669,2015-03-01,7243.87983064564
20669,2015-04-01,6542.113834289068
20669,2015-05-01,6067.851216311958
20669,2015-06-01,5972.692447619263
20669,2015-07-01,6059.2089922493205
20669,2015-08-01,5648.128195787171
20669,2015-09-01,7259.959364465937
20669,2015-10-01,5284.899168030811
20669,2015-11-01,7629.195572966499
20669,2015-12-01,6647.566043107017
20669,2016-01-01,5177.037043232162
20669,2016-02-01,5399.674851770958
20669,2016-03-01,5303.291309097346
20669,2016-04-01,5207.413908587762
20669,2016-05-01,5227.860614989817
20669,2016-06-01,5373.23084005054
20669,2016-07-01,5494.655648359813
20669,2016-08-01,5552.363419426041
20669,2016-09-01,4923.811260094048
20669,2016-10-01,5299.855350636165
20669,2016-11-01,5437.381775226693
20669,2016-12-01,5432.664241696197
20669,2017-01-01,5869.387589199477
20669,2017-02-01,5913.570891514103
20669,2017-03-01,6329.658144047205
20669,2017-04-01,6070.809365333334
20669,2017-05-01,6519.913747078816
20669,2017-06-01,6657.844012265361
20669,2017-07-01,6249.459713343463
20669,2017-08-01,6625.935149561811
20669,2017-09-01,6572.290690832238
20669,2017-10-01,6605.079726936674
20669,2017-11-01,6676.577346015983
20669,2017-12-01,7210.80898974382
20669,2018-01-01,6776.953937722224
20669,2018-02-01,7007.824502537467
20669,2018-03-01,7133.619731623187
20669,2018-04-01,7241.792210103904
20669,2018-05-01,7236.100509305168
20669,2018-06-01,7137.8128458924575
20669,2018-07-01,7084.571069918265
20669,2018-08-01,7320.663041728405
20669,2018-09-01,7093.308313218932
20669,2018-10-01,7555.82929251062
20669,2018-11-01,8032.502198038622
20669,2018-12-01,7077.721965478003
20669,2019-01-01,8913.372870095658
20669,2019-02-01,8505.810508007107
20669,2019-03-01,7894.348645291363
20669,2019-04-01,8594.507399011669
20669,2019-05-01,8449.123507620427
20669,2019-06-01,8533.968521805704
20669,2019-07-01,9231.744523776948
20669,2019-08-01,8521.816472510885
20669,2019-09-01,9994.560772269806
20669,2019-10-01,10182.741191794044
20669,2019-11-01,10000.471579523439
20669,2019-12-01,12583.82108306877
20669,2020-01-01,10731.681733173327
20669,2020-02-01,9907.088411776402
20669,2020-03-01,9289.732573255716
20669,2020-04-01,8006.230122812196
20669,2020-05-01,7923.694199907907
20669,2020-06-01,8906.81771776279
20669,2020-07-01,10531.790523719763
20669,2020-08-01,9031.257181861105
20669,2020-09-01,11476.485351030406
20669,2020-10-01,9855.467654430611
20669,2020-11-01,10384.317818788877
20669,2020-12-01,10707.726578431033
20669,2021-01-01,9985.837248609703
20669,2021-02-01,10542.630119014486
20669,2021-03-01,11404.286093206989
20669,2021-04-01,11680.131080589523
20669,2021-05-01,12375.544844070657
20669,2021-06-01,12321.616137228622
20669,2021-07-01,11131.829420614004
20669,2021-08-01,10722.278611264586
20669,2021-09-01,10334.68497405593
20669,2021-10-01,9150.038943028989
20669,2021-11-01,9009.918856546714
20669,2021-12-01,8940.585055825084
20669,2022-01-01,6060.274265280151
20669,2022-02-01,6951.343172429761
20669,2022-03-01,7278.497191971355
20669,2022-04-01,7222.004000965103
20669,2022-05-01,7728.858864690011
20669,2022-06-01,6558.898770406926
20669,2022-07-01,8188.290825610731
20669,2022-08-01,8370.228078171329
20669,2022-09-01,7966.153258072185
20669,2022-10-01,8254.81615660115
20669,2022-11-01,7715.211584562551
20669,2022-12-01,7556.881463612301
20669,2023-01-01,9344.753815562217
20669,2023-02-01,7683.546413814015
20669,2023-03-01,8125.838652201285
20669,2023-04-01,6974.734565850603
20669,2023-05-01,7644.379774759223
20669,2023-06-01,7332.014718237135
20669,2023-07-01,7151.882795954355
20669,2023-08-01,8014.168075753665
20669,2023-09-01,8046.150182027532
20669,2023-10-01,7999.414753108861
20669,2023-11-01,8555.194899466458
20669,2023-12-01,8082.4919491772025
20669,2024-01-01,8760.77874187191
20669,2024-02-01,8372.614112138195
20669,2024-03-01,7818.906112305603
20669,2024-04-01,8701.222047124493
20669,2024-05-01,8039.533956826563
20669,2024-06-01,8081.461441168467
20669,2024-07-01,8919.694103645526
20669,2024-08-01,8500.78070189388
20669,2024-09-01,8193.220538307585
20669,2024-10-01,8670.039773767421
20669,2024-11-01,8195.864756625575
20669,2024-12-01,8221.328462456504
20669,2025-01-01,8146.587379424481
20669,2025-02-01,8312.054131055318
20669,2025-03-01,8013.982934636886
20669,2025-04-01,8282.594849796566
20669,2025-05-01,7976.350049345548
20669,2025-06-01,8437.461747896765
20669,2025-07-01,7644.8272325515845
20669,2025-08-01,6784.134849243855
20669,2025-09-01,7873.835826180448
20669,2025-10-01,8465.156516411736
20669,2025-11-01,7584.537645438637
20669,2025-12-01,7773.144676894103
20669,2026-01-01,7775.381399523549
20669,2026-02-01,7751.984248946074
20669,2026-03-01,8198.293725673526
20669,2026-04-01,7806.561295951264
20669,2026-05-01,8207.094079633636
20669,2026-06-01,7834.57028778911
20668,2011-03-01,796.0261211445022
20668,2011-04-01,761.859454791369
20668,2011-05-01,825.2352384034388
20668,2011-06-01,861.3004566204021
20668,2011-07-01,982.0754658764727
20668,2011-08-01,850.7380139171934
20668,2011-09-01,858.035129865117
20668,2011-10-01,751.315194549764
20668,2011-11-01,840.520230005964
20668,2011-12-01,862.1018227587003
20668,2012-01-01,871.7815147070057
20668,2012-02-01,912.3970790323023
20668,2012-03-01,929.7932316334574
20668,2012-04-01,934.1695924266512
20668,2012-05-01,1094.360521664572
20668,2012-06-01,1007.0545953969014
20668,2012-07-01,994.7410565165134
20668,2012-08-01,1024.4715341695046
20668,2012-09-01,958.5198774399096
20668,2012-10-01,1086.4065174316147
20668,2012-11-01,1057.8890565122097
20668,2012-12-01,919.6568709467774
20668,2013-01-01,1052.5718332648762
20668,2013-02-01,1045.5678949047515
20668,2013-03-01,1059.583859685108
20668,2013-04-01,1151.74513667784
20668,2013-05-01,1086.6434735134953
20668,2013-06-01,1053.566599503239
20668,2013-07-01,1092.5005091585972
20668,2013-08-01,1083.1431358895022
20668,2013-09-01,1066.67958533118
20668,2013-10-01,1089.3090389890465
20668,2013-11-01,1054.7370268899122
20668,2013-12-01,1127.0087322010422
20668,2014-01-01,1154.2055915205096
20668,2014-02-01,1259.655989132882
20668,2014-03-01,1052.8373203369954
20668,2014-04-01,1104.9598627025864
20668,2014-05-01,1090.0963404232414
20668,2014-06-01,1025.086285470663
20668,2014-07-01,1131.5046758329506
20668,2014-08-01,1029.844176472501
20668,2014-09-01,1177.5787202570368
20668,2014-10-01,1099.277691081485
20668,2014-11-01,1075.6072611241484
20668,2014-12-01,1050.31674835265
20668,2015-01-01,984.2469113388041
20668,2015-02-01,937.7371809480139
20668,2015-03-01,1059.619894137549
20668,2015-04-01,934.0101978478939
20668,2015-05-01,901.4674940902645
20668,2015-06-01,917.598331756797
20668,2015-07-01,893.9572316374807
20668,2015-08-01,825.3554835146524
20668,2015-09-01,946.9250280330533
20668,2015-10-01,784.8450010374916
20668,2015-11-01,789.3936019816522
20668,2015-12-01,747.958967220855
20668,2016-01-01,705.1377254109946
20668,2016-02-01,788.9667468347916
20668,2016-03-01,777.0652273786644
20668,2016-04-01,807.0362840129752
20668,2016-05-01,780.5979971083867
20668,2016-06-01,877.582116825388
20668,2016-07-01,782.6438411179109
20668,2016-08-01,848.9093804615519
20668,2016-09-01,797.4359983924137
20668,2016-10-01,704.8018211432454
20668,2016-11-01,780.7323247899784
20668,2016-12-01,856.3110412135934
20668,2017-01-01,810.2127391947639
20668,2017-02-01,800.3303328926362
20668,2017-03-01,866.1592350479216
20668,2017-04-01,750.4202074267421
20668,2017-05-01,897.474498656667
20668,2017-06-01,866.7387673690611
20668,2017-07-01,845.2393189765178
20668,2017-08-01,964.6884179413489
20668,2017-09-01,916.4071163085837
20668,2017-10-01,965.857414707552
20668,2017-11-01,995.2776806872088
20668,2017-12-01,947.4170455283269
20668,2018-01-01,1055.8310872745158
20668,2018-02-01,975.3033326663507
20668,2018-03-01,979.6021735298358
20668,2018-04-01,1065.9031191550994
20668,2018-05-01,1071.3660953171361
20668,2018-06-01,1028.941139473896
20668,2018-07-01,1115.4832789501447
20668,2018-08-01,1146.1349404592495
20668,2018-09-01,1016.4969800078198
20668,2018-10-01,1188.0897023008567
20668,2018-11-01,1231.0296756689877
20668,2018-12-01,1230.6732791824109
20668,2019-01-01,1383.75715197119
20668,2019-02-01,1436.2203034583426
20668,2019-03-01,1203.8005312758269
20668,2019-04-01,1557.710118162493
20668,2019-05-01,1541.738096734008
20668,2019-06-01,1478.2303966766417
20668,2019-07-01,1655.0487419252527
20668,2019-08-01,1456.349232293032
20668,2019-09-01,1500.4796173321813
20668,2019-10-01,1602.4312063066307
20668,2019-11-01,1487.8692172399406
20668,2019-12-01,1640.6612400647502
20668,2020-01-01,1591.864237283829
20668,2020-02-01,1534.5791632028045
20668,2020-03-01,1417.2645825812444
20668,2020-04-01,1105.8287790680747
20668,2020-05-01,1088.8775529011045
20668,2020-06-01,1147.8395134001373
20668,2020-07-01,1129.6374386270202
20668,2020-08-01,977.4582442727444
20668,2020-09-01,1210.860673097088
20668,2020-10-01,1173.32688401717
20668,2020-11-01,1318.48297174392
20668,2020-12-01,1246.905626347287
20668,2021-01-01,1231.9372952779568
20668,2021-02-01,1369.5783799364162
20668,2021-03-01,1418.476485292574
20668,2021-04-01,1459.7055610171712
20668,2021-05-01,1513.5988152978666
20668,2021-06-01,1671.942649001898
20668,2021-07-01,1632.6809180658631
20668,2021-08-01,1648.6552303081498
20668,2021-09-01,1615.3796119805213
20668,2021-10-01,1557.8599959402306
20668,2021-11-01,1495.901276406598
20668,2021-12-01,1453.9950108788887
20668,2022-01-01,1202.654989848229
20668,2022-02-01,1310.9238035094982
20668,2022-03-01,1413.8886418287311
20668,2022-04-01,1293.4488375556818
20668,2022-05-01,1385.2542890725101
20668,2022-06-01,1529.090858011647
20668,2022-07-01,1487.3183190595182
20668,2022-08-01,1566.2198049879482
20668,2022-09-01,1546.5416161491007
20668,2022-10-01,9191.492737493581
20668,2022-11-01,4113.430946292222
20668,2022-12-01,1554.9761160036528
20668,2023-01-01,1546.2134692642267
20668,2023-02-01,1465.7424435719608
20668,2023-03-01,1547.8711445694241
20668,2023-04-01,1333.8258984552701
20668,2023-05-01,1637.498954199569
20668,2023-06-01,1592.4489463367433
20668,2023-07-01,1522.5622967091476
20668,2023-08-01,1537.9353304698038
20668,2023-09-01,1466.0716264817577
20668,2023-10-01,1563.434102945119
20668,2023-11-01,1603.4182702507
20668,2023-12-01,1458.0383175123736
20668,2024-01-01,1504.095865101033
20668,2024-02-01,1572.6944430358858
20668,2024-03-01,1422.5048148513229
20668,2024-04-01,1647.1332072063142
20668,2024-05-01,1663.0605309721343
20668,2024-06-01,1568.686551229446
20668,2024-07-01,1661.2344886920246
20668,2024-08-01,1670.1208677964958
20668,2024-09-01,1687.5481402210717
20668,2024-10-01,1724.2462161378867
20668,2024-11-01,1563.9499878455852
20668,2024-12-01,1499.6949312575541
20668,2025-01-01,1631.5893906864524
20668,2025-02-01,1669.6652841067703
20668,2025-03-01,2249.9063370776776
20668,2025-04-01,5360.7322513737245
20668,2025-05-01,2970.6135866867453
20668,2025-06-01,2622.682472306703
20668,2025-07-01,5128.182487474716
20668,2025-08-01,5676.697191560677
20668,2025-09-01,6176.451986257028
20668,2025-10-01,6436.420866962947
20668,2025-11-01,6872.597267442107
20668,2025-12-01,8090.2699246946795
20668,2026-01-01,8828.603891894685
20668,2026-02-01,7598.9611926095
20668,2026-03-01,10889.102571383864
20668,2026-04-01,9465.928511019212
20668,2026-05-01,7453.347239809614
20668,2026-06-01,7849.409505041213
20670,2011-03-01,2711
20670,2011-04-01,2304
20670,2011-05-01,2779
20670,2011-06-01,2424
20670,2011-07-01,2158
20670,2011-08-01,2483
20670,2011-09-01,2434
20670,2011-10-01,2195
20670,2011-11-01,2390
20670,2011-12-01,2179
20670,2012-01-01,2836
20670,2012-02-01,2957
20670,2012-03-01,2607
20670,2012-04-01,2594
20670,2012-05-01,2956
20670,2012-06-01,2839
20670,2012-07-01,2725
20670,2012-08-01,2615
20670,2012-09-01,1948
20670,2012-10-01,2786
20670,2012-11-01,2658
20670,2012-12-01,2226
20670,2013-01-01,3581
20670,2013-02-01,3914
20670,2013-03-01,3572
20670,2013-04-01,3703
20670,2013-05-01,3769
20670,2013-06-01,3239
20670,2013-07-01,3378
20670,2013-08-01,3413
20670,2013-09-01,2894
20670,2013-10-01,3442
20670,2013-11-01,3053
20670,2013-12-01,2947
20670,2014-01-01,3579
20670,2014-02-01,5548
20670,2014-03-01,3603
20670,2014-04-01,3649
20670,2014-05-01,3591
20670,2014-06-01,3639
20670,2014-07-01,4091
20670,2014-08-01,3586
20670,2014-09-01,3701
20670,2014-10-01,6001
20670,2014-11-01,5363
20670,2014-12-01,4472
20670,2015-01-01,4221
20670,2015-02-01,4347
20670,2015-03-01,4414
20670,2015-04-01,3776
20670,2015-05-01,3875
20670,2015-06-01,3952
20670,2015-07-01,3981
20670,2015-08-01,3809
20670,2015-09-01,3556
20670,2015-10-01,2593
20670,2015-11-01,2594
20670,2015-12-01,2411
20670,2016-01-01,3481
20670,2016-02-01,4115
20670,2016-03-01,3907
20670,2016-04-01,3662
20670,2016-05-01,3925
20670,2016-06-01,4378
20670,2016-07-01,4080
20670,2016-08-01,4376
20670,2016-09-01,3103
20670,2016-10-01,3753
20670,2016-11-01,4243
20670,2016-12-01,3835
20670,2017-01-01,4535
20670,2017-02-01,4846
20670,2017-03-01,5103
20670,2017-04-01,4070
20670,2017-05-01,5798
20670,2017-06-01,4955
20670,2017-07-01,4752
20670,2017-08-01,4956
20670,2017-09-01,4240
20670,2017-10-01,4940
20670,2017-11-01,4965
20670,2017-12-01,4696
20670,2018-01-01,5772
20670,2018-02-01,5103
20670,2018-03-01,5171
20670,2018-04-01,5003
20670,2018-05-01,5628
20670,2018-06-01,5364
20670,2018-07-01,5564
20670,2018-08-01,5641
20670,2018-09-01,5229
20670,2018-10-01,6020
20670,2018-11-01,5124
20670,2018-12-01,5337
20670,2019-01-01,5465
20670,2019-02-01,6848
20670,2019-03-01,6267
20670,2019-04-01,6552
20670,2019-05-01,6236
20670,2019-06-01,5702
20670,2019-07-01,6935
20670,2019-08-01,6789
20670,2019-09-01,6396
20670,2019-10-01,7331
20670,2019-11-01,6391
20670,2019-12-01,6724
20670,2020-01-01,6641
20670,2020-02-01,7668
20670,2020-03-01,7988
20670,2020-04-01,8425
20670,2020-05-01,7072
20670,2020-06-01,8371
20670,2020-07-01,8475
20670,2020-08-01,9548
20670,2020-09-01,7425
20670,2020-10-01,12273
20670,2020-11-01,11099
20670,2020-12-01,8702
20670,2021-01-01,4050
20670,2021-02-01,4562
20670,2021-03-01,5263
20670,2021-04-01,9365
20670,2021-05-01,9103
20670,2021-06-01,8229
20670,2021-07-01,8040
20670,2021-08-01,8147
20670,2021-09-01,7976
20670,2021-10-01,7350
20670,2021-11-01,7163
20670,2021-12-01,5883
20670,2022-01-01,2575
20670,2022-02-01,2995
20670,2022-03-01,5803
20670,2022-04-01,13355
20670,2022-05-01,8503
20670,2022-06-01,7191
20670,2022-07-01,6724
20670,2022-08-01,6878
20670,2022-09-01,6863
20670,2022-10-01,6828
20670,2022-11-01,7435
20670,2022-12-01,6270
20670,2023-01-01,9243
20670,2023-02-01,6530
20670,2023-03-01,3922
20670,2023-04-01,5150
20670,2023-05-01,5462
20670,2023-06-01,4322
20670,2023-07-01,4801
20670,2023-08-01,6645
20670,2023-09-01,8427
20670,2023-10-01,8873
20670,2023-11-01,8208
20670,2023-12-01,7208
20670,2024-01-01,11102
20670,2024-02-01,9496
20670,2024-03-01,8426
20670,2024-04-01,8764
20670,2024-05-01,7905
20670,2024-06-01,8356
20670,2024-07-01,9438
20670,2024-08-01,9014
20670,2024-09-01,8800
20670,2024-10-01,8283
20670,2024-11-01,7489
20670,2024-12-01,6014
20670,2025-01-01,9714
20670,2025-02-01,8809
20670,2025-03-01,8175
20670,2025-04-01,7047
20670,2025-05-01,3110
20670,2025-06-01,3202
20670,2025-07-01,4787
20670,2025-08-01,4594
20670,2025-09-01,5676
20670,2025-10-01,5712
20670,2025-11-01,4712
20670,2025-12-01,5125
20670,2026-01-01,4788
20670,2026-02-01,6394
20670,2026-03-01,6519
20670,2026-04-01,4969
20670,2026-05-01,3710
20670,2026-06-01,4112
20671,2011-03-01,8885.152784925558
20671,2011-04-01,7958.041097348277
20671,2011-05-01,8589.943488213949
20671,2011-06-01,8771.111184591657
20671,2011-07-01,8896.34615455394
20671,2011-08-01,9195.539161310651
20671,2011-09-01,9824.181206993622
20671,2011-10-01,8184.630593025205
20671,2011-11-01,10912.33813355885
20671,2011-12-01,9690.37761186003
20671,2012-01-01,9185.08085167195
20671,2012-02-01,9028.899489607229
20671,2012-03-01,9129.597239160872
20671,2012-04-01,9529.175511662135
20671,2012-05-01,10971.216095638243
20671,2012-06-01,10485.99990618108
20671,2012-07-01,10247.82956390935
20671,2012-08-01,10582.754080348881
20671,2012-09-01,8996.02724999856
20671,2012-10-01,11095.729079626677
20671,2012-11-01,10831.757266124428
20671,2012-12-01,9919.22082779372
20671,2013-01-01,12156.384477318043
20671,2013-02-01,12235.210360639103
20671,2013-03-01,12272.47135450036
20671,2013-04-01,13203.165451924404
20671,2013-05-01,12413.539176005374
20671,2013-06-01,11909.446850903452
20671,2013-07-01,12458.989577604354
20671,2013-08-01,12816.022660403403
20671,2013-09-01,12143.62932165444
20671,2013-10-01,12530.6706027279
20671,2013-11-01,12371.094179397349
20671,2013-12-01,12563.005478859533
20671,2014-01-01,12930.492919156857
20671,2014-02-01,16138.747165054796
20671,2014-03-01,12007.06873351739
20671,2014-04-01,12561.08900817522
20671,2014-05-01,12383.480109114687
20671,2014-06-01,12399.599253284783
20671,2014-07-01,12397.8896688311
20671,2014-08-01,10461.966764579876
20671,2014-09-01,12243.045993679849
20671,2014-10-01,17364.85574155107
20671,2014-11-01,14844.92790763847
20671,2014-12-01,13906.583736415396
20671,2015-01-01,12372.813687841337
20671,2015-02-01,11669.301397658774
20671,2015-03-01,12525.474825256477
20671,2015-04-01,11258.561742515469
20671,2015-05-01,10634.911782314473
20671,2015-06-01,10675.305173344075
20671,2015-07-01,10786.723830462963
20671,2015-08-01,10149.597287735973
20671,2015-09-01,12021.225496048384
20671,2015-10-01,8847.013549474545
20671,2015-11-01,11052.741186110126
20671,2015-12-01,10213.513555197276
20671,2016-01-01,9401.418130840342
20671,2016-02-01,10083.10596060228
20671,2016-03-01,9805.374690432684
20671,2016-04-01,9687.582592834662
20671,2016-05-01,9722.57749905502
20671,2016-06-01,10444.522878110505
20671,2016-07-01,10199.30423739216
20671,2016-08-01,10610.118145816743
20671,2016-09-01,9071.25307640257
20671,2016-10-01,9888.612290869594
20671,2016-11-01,10560.723105743802
20671,2016-12-01,10703.360200112907
20671,2017-01-01,11218.331810071099
20671,2017-02-01,11382.05388016126
20671,2017-03-01,12068.226651459676
20671,2017-04-01,10915.436182048341
20671,2017-05-01,12871.61289117363
20671,2017-06-01,12341.883881075966
20671,2017-07-01,11665.177444767152
20671,2017-08-01,12430.312137720814
20671,2017-09-01,12070.748284861378
20671,2017-10-01,12515.281651054598
20671,2017-11-01,12770.712000666523
20671,2017-12-01,13603.55754508605
20671,2018-01-01,13528.716615668449
20671,2018-02-01,12981.528395143472
20671,2018-03-01,13080.824189323484
20671,2018-04-01,13248.428483702572
20671,2018-05-01,13544.850381583867
20671,2018-06-01,13499.586814393075
20671,2018-07-01,13572.156898206455
20671,2018-08-01,14061.018142318739
20671,2018-09-01,13744.288475161604
20671,2018-10-01,14561.900945827683
20671,2018-11-01,14553.671868096137
20671,2018-12-01,14523.66273222041
20671,2019-01-01,15493.727171494078
20671,2019-02-01,16819.99930033881
20671,2019-03-01,15140.359151782015
20671,2019-04-01,16476.969175313374
20671,2019-05-01,15683.43864085256
20671,2019-06-01,15871.369529791502
20671,2019-07-01,17632.313248052684
20671,2019-08-01,16822.34454321211
20671,2019-09-01,18411.444480253696
20671,2019-10-01,18709.113840367725
20671,2019-11-01,18073.148578896977
20671,2019-12-01,22230.081415786557
20671,2020-01-01,18477.55156446048
20671,2020-02-01,19399.228176201068
20671,2020-03-01,18343.903005337215
20671,2020-04-01,17100.14887542833
20671,2020-05-01,15414.05408692475
20671,2020-06-01,18819.444848488445
20671,2020-07-01,19922.076493720793
20671,2020-08-01,19619.879435569528
20671,2020-09-01,20596.99835782084
20671,2020-10-01,22760.543628566513
20671,2020-11-01,23106.94994262016
20671,2020-12-01,22431.16288571957
20671,2021-01-01,14671.67841824497
20671,2021-02-01,16742.047308729165
20671,2021-03-01,17621.332409907205
20671,2021-04-01,21868.19277874104
20671,2021-05-01,22086.177794178122
20671,2021-06-01,22985.83956520824
20671,2021-07-01,20639.06722850114
20671,2021-08-01,20867.305731655448
20671,2021-09-01,20229.305310641696
20671,2021-10-01,17736.56689203794
20671,2021-11-01,17804.574246087373
20671,2021-12-01,17649.186140786827
20671,2022-01-01,9365.41702059522
20671,2022-02-01,11410.374434183868
20671,2022-03-01,14037.885520574111
20671,2022-04-01,21212.945957959004
20671,2022-05-01,16918.12650991584
20671,2022-06-01,15991.196646032831
20671,2022-07-01,16248.520237759973
20671,2022-08-01,17135.015599373583
20671,2022-09-01,16432.54427681906
20671,2022-10-01,24144.00907421312
20671,2022-11-01,19559.96789149912
20671,2022-12-01,16869.809155445928
20671,2023-01-01,19045.63776808845
20671,2023-02-01,15869.605774688413
20671,2023-03-01,13188.771595547776
20671,2023-04-01,13018.700607380859
20671,2023-05-01,14414.976804126482
20671,2023-06-01,14029.135425542661
20671,2023-07-01,13356.252038959345
20671,2023-08-01,16529.86424818926
20671,2023-09-01,17814.56743140176
20671,2023-10-01,18235.435658879993
20671,2023-11-01,18735.761573063537
20671,2023-12-01,18379.172707418897
20671,2024-01-01,20063.606069178873
20671,2024-02-01,19593.025410819362
20671,2024-03-01,17024.777887909222
20671,2024-04-01,18381.517900839048
20671,2024-05-01,17505.484299932818
20671,2024-06-01,19286.18827423938
20671,2024-07-01,19676.937614950257
20671,2024-08-01,19513.928384059225
20671,2024-09-01,18369.193412269564
20671,2024-10-01,18444.688523372886
20671,2024-11-01,17703.66180957961
20671,2024-12-01,16940.63618738387
20671,2025-01-01,18277.120690378706
20671,2025-02-01,18715.694903491203
20671,2025-03-01,17761.93257174849
20671,2025-04-01,19997.332754899526
20671,2025-05-01,14426.649036152641
20671,2025-06-01,15296.208834472258
20671,2025-07-01,17165.447729110077
20671,2025-08-01,17545.455287280132
20671,2025-09-01,19405.562321814996
20671,2025-10-01,20412.15602063096
20671,2025-11-01,19694.457799130265
20671,2025-12-01,22010.39504458378
20671,2026-01-01,20490.5375112598
20671,2026-02-01,21279.65298454299
20671,2026-03-01,24558.515495207863
20671,2026-04-01,21564.721563253057
20671,2026-05-01,20249.540897621675
20671,2026-06-01,21065.434440420147
20672,2011-03-01,15100
20672,2011-04-01,14025
20672,2011-05-01,16170
20672,2011-06-01,16203
20672,2011-07-01,15527
20672,2011-08-01,17232
20672,2011-09-01,16214
20672,2011-10-01,14668
20672,2011-11-01,17107
20672,2011-12-01,15100
20672,2012-01-01,15390
20672,2012-02-01,15167
20672,2012-03-01,16722
20672,2012-04-01,17044
20672,2012-05-01,20211
20672,2012-06-01,18754
20672,2012-07-01,17512
20672,2012-08-01,18805
20672,2012-09-01,14812
20672,2012-10-01,18468
20672,2012-11-01,16887
20672,2012-12-01,15093
20672,2013-01-01,18551
20672,2013-02-01,17941
20672,2013-03-01,19409
20672,2013-04-01,21272
20672,2013-05-01,21290
20672,2013-06-01,19715
20672,2013-07-01,20031
20672,2013-08-01,21179
20672,2013-09-01,18527
20672,2013-10-01,19669
20672,2013-11-01,18107
20672,2013-12-01,17414
20672,2014-01-01,19085
20672,2014-02-01,22109
20672,2014-03-01,18778
20672,2014-04-01,19941
20672,2014-05-01,20526
20672,2014-06-01,19994
20672,2014-07-01,19774
20672,2014-08-01,18250
20672,2014-09-01,19094
20672,2014-10-01,24718
20672,2014-11-01,20558
20672,2014-12-01,19273
20672,2015-01-01,18674
20672,2015-02-01,17584
20672,2015-03-01,21033
20672,2015-04-01,18962
20672,2015-05-01,18600
20672,2015-06-01,19041
20672,2015-07-01,18211
20672,2015-08-01,17887
20672,2015-09-01,18136
20672,2015-10-01,14696
20672,2015-11-01,16819
20672,2015-12-01,16270
20672,2016-01-01,15119
20672,2016-02-01,16203
20672,2016-03-01,17278
20672,2016-04-01,16531
20672,2016-05-01,17284
20672,2016-06-01,18183
20672,2016-07-01,16667
20672,2016-08-01,17970
20672,2016-09-01,14248
20672,2016-10-01,16134
20672,2016-11-01,16147
20672,2016-12-01,15252
20672,2017-01-01,16969
20672,2017-02-01,16926
20672,2017-03-01,19304
20672,2017-04-01,17134
20672,2017-05-01,21142
20672,2017-06-01,20341
20672,2017-07-01,18508
20672,2017-08-01,20183
20672,2017-09-01,18166
20672,2017-10-01,19504
20672,2017-11-01,19025
20672,2017-12-01,19078
20672,2018-01-01,20722
20672,2018-02-01,19684
20672,2018-03-01,21110
20672,2018-04-01,21103
20672,2018-05-01,22879
20672,2018-06-01,22032
20672,2018-07-01,22095
20672,2018-08-01,23610
20672,2018-09-01,20745
20672,2018-10-01,23815
20672,2018-11-01,22722
20672,2018-12-01,22437
20672,2019-01-01,25453
20672,2019-02-01,25376
20672,2019-03-01,24196
20672,2019-04-01,25910
20672,2019-05-01,27173
20672,2019-06-01,25588
20672,2019-07-01,28436
20672,2019-08-01,27869
20672,2019-09-01,27974
20672,2019-10-01,31273
20672,2019-11-01,27887
20672,2019-12-01,30360
20672,2020-01-01,30062
20672,2020-02-01,29058
20672,2020-03-01,31238
20672,2020-04-01,29375
20672,2020-05-01,26285
20672,2020-06-01,30236
20672,2020-07-01,29848
20672,2020-08-01,30863
20672,2020-09-01,32867
20672,2020-10-01,34214
20672,2020-11-01,33412
20672,2020-12-01,31301
20672,2021-01-01,24301
20672,2021-02-01,26058
20672,2021-03-01,31553
20672,2021-04-01,34478
20672,2021-05-01,36237
20672,2021-06-01,36566
20672,2021-07-01,36002
20672,2021-08-01,38325
20672,2021-09-01,36892
20672,2021-10-01,33670
20672,2021-11-01,32606
20672,2021-12-01,29374
20672,2022-01-01,27167
20672,2022-02-01,24792
20672,2022-03-01,30494
20672,2022-04-01,36316
20672,2022-05-01,33614
20672,2022-06-01,30556
20672,2022-07-01,30795
20672,2022-08-01,33691
20672,2022-09-01,32004
20672,2022-10-01,38620
20672,2022-11-01,32064
20672,2022-12-01,28684
20672,2023-01-01,34279
20672,2023-02-01,27492
20672,2023-03-01,29158
20672,2023-04-01,26062
20672,2023-05-01,29922
20672,2023-06-01,27229
20672,2023-07-01,27460
20672,2023-08-01,33247
20672,2023-09-01,33385
20672,2023-10-01,33816
20672,2023-11-01,33150
20672,2023-12-01,29348
20672,2024-01-01,39127
20672,2024-02-01,35998
20672,2024-03-01,34616
20672,2024-04-01,37875
20672,2024-05-01,37005
20672,2024-06-01,35034
20672,2024-07-01,40474
20672,2024-08-01,40693
20672,2024-09-01,39214
20672,2024-10-01,40915
20672,2024-11-01,35930
20672,2024-12-01,34429
20672,2025-01-01,41997
20672,2025-02-01,38397
20672,2025-03-01,38964
20672,2025-04-01,41933
20672,2025-05-01,35781
20672,2025-06-01,35440
20672,2025-07-01,40779
20672,2025-08-01,39933
20672,2025-09-01,44859
20672,2025-10-01,46513
20672,2025-11-01,38143
20672,2025-12-01,39975
20672,2026-01-01,44329
20672,2026-02-01,41152
20672,2026-03-01,48478
20672,2026-04-01,43801
20672,2026-05-01,40095
20672,2026-06-01,40841
20673,2011-03-01,8438.566711898326
20673,2011-04-01,8348.126487418916
20673,2011-05-01,8760.771892691178
20673,2011-06-01,8905.692284090972
20673,2011-07-01,8310.666784625999
20673,2011-08-01,8915.371086940568
20673,2011-09-01,8860.293079347384
20673,2011-10-01,7588.80373284466
20673,2011-11-01,8592.94329831804
20673,2011-12-01,8092.209767798621
20673,2012-01-01,7523.4371906516
20673,2012-02-01,7738.38956807059
20673,2012-03-01,7866.679639419018
20673,2012-04-01,7159.509899929944
20673,2012-05-01,7517.6944570860705
20673,2012-06-01,9095.495296647496
20673,2012-07-01,8444.354272422055
20673,2012-08-01,9102.830424255164
20673,2012-09-01,6290.224786204244
20673,2012-10-01,7596.005214414511
20673,2012-11-01,7326.881107270219
20673,2012-12-01,7205.764028200747
20673,2013-01-01,7627.306345873858
20673,2013-02-01,7425.778189005779
20673,2013-03-01,7203.77110603715
20673,2013-04-01,8160.815169923432
20673,2013-05-01,7611.598137764212
20673,2013-06-01,7572.401518798078
20673,2013-07-01,7950.627798266394
20673,2013-08-01,7959.014939596563
20673,2013-09-01,7652.62531440404
20673,2013-10-01,8159.586980409431
20673,2013-11-01,7922.216972677529
20673,2013-12-01,8275.102718878185
20673,2014-01-01,8321.873326882946
20673,2014-02-01,8172.712192586546
20673,2014-03-01,6701.463902165437
20673,2014-04-01,8092.438774442238
20673,2014-05-01,7910.110321947596
20673,2014-06-01,7360.734781070516
20673,2014-07-01,7891.489558588479
20673,2014-08-01,7372.107841518525
20673,2014-09-01,8536.736810289509
20673,2014-10-01,8268.678305527286
20673,2014-11-01,7879.295406906999
20673,2014-12-01,8994.989731745229
20673,2015-01-01,7705.55214880309
20673,2015-02-01,6900.267919999226
20673,2015-03-01,7266.891626133943
20673,2015-04-01,7039.568685282131
20673,2015-05-01,6627.269907887358
20673,2015-06-01,7145.878348944216
20673,2015-07-01,6974.054274020673
20673,2015-08-01,6069.441190714277
20673,2015-09-01,6329.0769387137625
20673,2015-10-01,5637.649068021172
20673,2015-11-01,5869.50302085207
20673,2015-12-01,6094.291737852669
20673,2016-01-01,5398.811701503483
20673,2016-02-01,6175.364657492234
20673,2016-03-01,5835.3065192076565
20673,2016-04-01,5782.452835090426
20673,2016-05-01,5815.068873186701
20673,2016-06-01,6268.431811826838
20673,2016-07-01,5806.339445786457
20673,2016-08-01,5986.104436145843
20673,2016-09-01,6014.362770319227
20673,2016-10-01,5711.95524757458
20673,2016-11-01,6317.339978255793
20673,2016-12-01,6344.1866159888605
20673,2017-01-01,6533.963671393765
20673,2017-02-01,6842.099961962044
20673,2017-03-01,7175.334730187168
20673,2017-04-01,6436.1695523687285
20673,2017-05-01,7489.897197318246
20673,2017-06-01,7331.951609608521
20673,2017-07-01,7037.333487714396
20673,2017-08-01,7656.114391277079
20673,2017-09-01,7484.0145525262
20673,2017-10-01,7719.556342254138
20673,2017-11-01,7870.3537379562595
20673,2017-12-01,7666.37835376093
20673,2018-01-01,8461.220762683977
20673,2018-02-01,8136.727186319095
20673,2018-03-01,8301.090252416654
20673,2018-04-01,9055.276584682513
20673,2018-05-01,8506.34214240029
20673,2018-06-01,7700.0976886987455
20673,2018-07-01,8135.477071985859
20673,2018-08-01,8885.299617361281
20673,2018-09-01,8232.271616318318
20673,2018-10-01,9047.579025581066
20673,2018-11-01,9194.982784252146
20673,2018-12-01,8718.96423675282
20673,2019-01-01,9675.768698677408
20673,2019-02-01,10352.523076766149
20673,2019-03-01,8266.050684834046
20673,2019-04-01,10494.50179821899
20673,2019-05-01,10460.48937357096
20673,2019-06-01,9321.27607577895
20673,2019-07-01,10852.765917459545
20673,2019-08-01,10291.995154991815
20673,2019-09-01,10638.266579254843
20673,2019-10-01,11300.832464737818
20673,2019-11-01,10864.091503493975
20673,2019-12-01,11296.496562228664
20673,2020-01-01,11567.273731626392
20673,2020-02-01,10866.357962869935
20673,2020-03-01,8283.874627310814
20673,2020-04-01,5188.610151211446
20673,2020-05-01,6507.8618362926145
20673,2020-06-01,9220.363876564472
20673,2020-07-01,10196.03271643074
20673,2020-08-01,10092.642664784598
20673,2020-09-01,11971.894834838822
20673,2020-10-01,11942.563116813093
20673,2020-11-01,12503.848404301694
20673,2020-12-01,13026.187291650045
20673,2021-01-01,10634.114586832873
20673,2021-02-01,12488.597042212185
20673,2021-03-01,10790.85172653082
20673,2021-04-01,12079.10752577622
20673,2021-05-01,11930.338989491951
20673,2021-06-01,12676.302847867362
20673,2021-07-01,12486.058412688664
20673,2021-08-01,12540.876387279814
20673,2021-09-01,12075.140100613056
20673,2021-10-01,11405.139224192058
20673,2021-11-01,11245.133595485082
20673,2021-12-01,11515.436440758358
20673,2022-01-01,10912.127132850643
20673,2022-02-01,11957.608366375644
20673,2022-03-01,11316.96856157902
20673,2022-04-01,11768.301188023965
20673,2022-05-01,12410.948853819775
20673,2022-06-01,11733.389307856245
20673,2022-07-01,10191.109766332067
20673,2022-08-01,11782.469248679588
20673,2022-09-01,11754.29697677697
20673,2022-10-01,11139.797728949827
20673,2022-11-01,11432.770238337558
20673,2022-12-01,11059.041009241084
20673,2023-01-01,12113.970052161496
20673,2023-02-01,11595.352049430654
20673,2023-03-01,12685.035736666545
20673,2023-04-01,11688.191971486873
20673,2023-05-01,12908.340525124373
20673,2023-06-01,12991.5183749503
20673,2023-07-01,12427.458236094397
20673,2023-08-01,13770.318123186866
20673,2023-09-01,12892.470950059216
20673,2023-10-01,13854.980393114683
20673,2023-11-01,14836.693218717919
20673,2023-12-01,15382.4326595897
20673,2024-01-01,16995.102179741283
20673,2024-02-01,16425.358892140335
20673,2024-03-01,15570.579149277242
20673,2024-04-01,18887.49111286786
20673,2024-05-01,17332.302374223993
20673,2024-06-01,17226.4042190711
20673,2024-07-01,18363.78998344369
20673,2024-08-01,17625.075063889704
20673,2024-09-01,17718.237143997732
20673,2024-10-01,19052.91858653588
20673,2024-11-01,17841.961899436224
20673,2024-12-01,17497.704508888586
20673,2025-01-01,17333.716899211075
20673,2025-02-01,17795.36068928129
20673,2025-03-01,15479.440147893536
20673,2025-04-01,17628.186999801448
20673,2025-05-01,18074.94030569186
20673,2025-06-01,17713.385516635208
20673,2025-07-01,18493.085078044372
20673,2025-08-01,18008.936352711702
20673,2025-09-01,19975.469820491806
20673,2025-10-01,20674.196117529256
20673,2025-11-01,19356.654444749867
20673,2025-12-01,21887.34321362804
20673,2026-01-01,20707.05709795397
20673,2026-02-01,20271.897900191354
20673,2026-03-01,22657.871978750594
20673,2026-04-01,22111.63076771221
20673,2026-05-01,21026.797467535645
20673,2026-06-01,21339.2201316099
20674,2011-03-01,739.9591063462459
20674,2011-04-01,742.6386654898508
20674,2011-05-01,695.1088193746405
20674,2011-06-01,702.6043597930166
20674,2011-07-01,726.782282675634
20674,2011-08-01,699.0191318308831
20674,2011-09-01,715.0499989470355
20674,2011-10-01,697.834904271167
20674,2011-11-01,735.7163626351373
20674,2011-12-01,820.4857804059178
20674,2012-01-01,731.3756802379113
20674,2012-02-01,761.261089595227
20674,2012-03-01,774.2097600173229
20674,2012-04-01,771.3922615172876
20674,2012-05-01,813.981014210744
20674,2012-06-01,804.165411736138
20674,2012-07-01,801.3595479633689
20674,2012-08-01,814.7090861852927
20674,2012-09-01,776.0141644414545
20674,2012-10-01,831.2488970232691
20674,2012-11-01,813.2277798728365
20674,2012-12-01,796.3147003372751
20674,2013-01-01,807.4137569279426
20674,2013-02-01,795.83895285341
20674,2013-03-01,801.8469756764854
20674,2013-04-01,877.6003788673959
20674,2013-05-01,824.6723074100655
20674,2013-06-01,838.8084282660282
20674,2013-07-01,828.8837465091535
20674,2013-08-01,842.1558847360258
20674,2013-09-01,818.2204630468277
20674,2013-10-01,794.7290082651349
20674,2013-11-01,780.8537171362019
20674,2013-12-01,790.4539074855695
20674,2014-01-01,797.7704627263981
20674,2014-02-01,818.2103734999959
20674,2014-03-01,678.6699843647319
20674,2014-04-01,719.0783515791737
20674,2014-05-01,725.205739269648
20674,2014-06-01,692.7324761024973
20674,2014-07-01,676.4072561679781
20674,2014-08-01,672.3250878112905
20674,2014-09-01,722.288990870514
20674,2014-10-01,720.423941809387
20674,2014-11-01,667.0796750653205
20674,2014-12-01,661.687399076668
20674,2015-01-01,627.8173947202267
20674,2015-02-01,608.716209816484
20674,2015-03-01,609.779677693343
20674,2015-04-01,606.6024676206267
20674,2015-05-01,603.929634857931
20674,2015-06-01,583.6219298065312
20674,2015-07-01,549.5521950734517
20674,2015-08-01,509.78826514330217
20674,2015-09-01,521.6687805094359
20674,2015-10-01,529.4277340985512
20674,2015-11-01,523.608450061892
20674,2015-12-01,499.65028587989167
20674,2016-01-01,491.22324967651883
20674,2016-02-01,510.4442449303037
20674,2016-03-01,489.01414561723317
20674,2016-04-01,468.20542320832067
20674,2016-05-01,459.49812940869253
20674,2016-06-01,463.42147624554553
20674,2016-07-01,481.6089607533031
20674,2016-08-01,467.5448368714307
20674,2016-09-01,454.0921699095967
20674,2016-10-01,434.15741721770667
20674,2016-11-01,435.4564843089112
20674,2016-12-01,462.7368210537259
20674,2017-01-01,459.79994668749254
20674,2017-02-01,415.00335611186733
20674,2017-03-01,476.08553369957093
20674,2017-04-01,455.0379041633676
20674,2017-05-01,453.25091389516973
20674,2017-06-01,464.9637960284717
20674,2017-07-01,467.87089636613496
20674,2017-08-01,468.8304449181105
20674,2017-09-01,472.24649149715395
20674,2017-10-01,467.84679849603185
20674,2017-11-01,478.9391843856888
20674,2017-12-01,487.3919190053683
20674,2018-01-01,478.71063961959493
20674,2018-02-01,464.23349300359666
20674,2018-03-01,456.12046378046
20674,2018-04-01,469.3753763126535
20674,2018-05-01,452.54918656221673
20674,2018-06-01,475.2665972828937
20674,2018-07-01,464.6737116897883
20674,2018-08-01,531.3425994455665
20674,2018-09-01,494.4823410805273
20674,2018-10-01,480.812854059488
20674,2018-11-01,516.2273738565192
20674,2018-12-01,502.308988116896
20674,2019-01-01,542.1457790934357
20674,2019-02-01,564.7649733741946
20674,2019-03-01,515.6162005368511
20674,2019-04-01,552.4017693783939
20674,2019-05-01,563.4251057565119
20674,2019-06-01,525.0471209788857
20674,2019-07-01,564.3298503866669
20674,2019-08-01,542.1888825138013
20674,2019-09-01,528.2490886429398
20674,2019-10-01,574.4669049254045
20674,2019-11-01,523.1741177036128
20674,2019-12-01,549.0585724186336
20674,2020-01-01,550.4440496641085
20674,2020-02-01,534.1570786236656
20674,2020-03-01,393.2640334152059
20674,2020-04-01,356.83848951523646
20674,2020-05-01,491.25591467717135
20674,2020-06-01,648.9796430360072
20674,2020-07-01,643.4625676310991
20674,2020-08-01,685.9211662265595
20674,2020-09-01,696.6761414837865
20674,2020-10-01,755.303252941244
20674,2020-11-01,680.7014972687748
20674,2020-12-01,672.8526863052681
20674,2021-01-01,663.3975744528333
20674,2021-02-01,720.8148895174572
20674,2021-03-01,742.8202438788182
20674,2021-04-01,762.0682074292246
20674,2021-05-01,787.4189115516353
20674,2021-06-01,830.250815812759
20674,2021-07-01,929.1678449585621
20674,2021-08-01,861.347789965895
20674,2021-09-01,899.873866027531
20674,2021-10-01,955.2940984346643
20674,2021-11-01,1018.7510385217735
20674,2021-12-01,1021.4334061129251
20674,2022-01-01,1042.5817020931768
20674,2022-02-01,1353.9976800151235
20674,2022-03-01,1274.1511161821531
20674,2022-04-01,1234.2657803326283
20674,2022-05-01,1144.31957009667
20674,2022-06-01,992.7616876023601
20674,2022-07-01,1054.273961767584
20674,2022-08-01,1084.5822330619535
20674,2022-09-01,1095.0785095324268
20674,2022-10-01,1048.6058662205965
20674,2022-11-01,1107.8374648581064
20674,2022-12-01,1235.6083801032667
20674,2023-01-01,1039.0722824713116
20674,2023-02-01,1016.5284296917516
20674,2023-03-01,1036.4885436184427
20674,2023-04-01,968.16785109002
20674,2023-05-01,972.2857143898416
20674,2023-06-01,926.7882612151656
20674,2023-07-01,935.1852835561336
20674,2023-08-01,1013.4881693985017
20674,2023-09-01,1005.6352800167426
20674,2023-10-01,965.8852314783908
20674,2023-11-01,1065.9251979007242
20674,2023-12-01,1061.9874210994872
20674,2024-01-01,1198.1035904379821
20674,2024-02-01,1145.5800990467321
20674,2024-03-01,1170.5219428400098
20674,2024-04-01,1256.206134099968
20674,2024-05-01,1283.6275007046102
20674,2024-06-01,1358.367539503263
20674,2024-07-01,1350.9609330827136
20674,2024-08-01,1336.0912351345837
20674,2024-09-01,1268.0716595327408
20674,2024-10-01,1325.8512207704766
20674,2024-11-01,1258.4057926887992
20674,2024-12-01,1297.5751951512623
20674,2025-01-01,1309.596361287602
20674,2025-02-01,1385.012228258702
20674,2025-03-01,1170.9651264273157
20674,2025-04-01,1302.3917723421428
20674,2025-05-01,1401.8484878967056
20674,2025-06-01,1262.0878095052847
20674,2025-07-01,1071.2896862476484
20674,2025-08-01,1008.3113208009979
20674,2025-09-01,1094.840304131927
20674,2025-10-01,1132.746604111836
20674,2025-11-01,1076.850279448098
20674,2025-12-01,1083.5523251155867
20674,2026-01-01,1150.2467887540986
20674,2026-02-01,1154.8504006856797
20674,2026-03-01,1198.160910274001
20674,2026-04-01,1117.5953631946604
20674,2026-05-01,1286.2841477927348
20674,2026-06-01,1336.391036727691
20679,2011-03-01,12469.09852479466
20679,2011-04-01,13352.775155865185
20679,2011-05-01,13270.141176879455
20679,2011-06-01,12424.021889590791
20679,2011-07-01,12638.466861697412
20679,2011-08-01,11928.665374636921
20679,2011-09-01,13873.559215556183
20679,2011-10-01,14515.877980670086
20679,2011-11-01,13059.614677661657
20679,2011-12-01,12732.531990683972
20679,2012-01-01,12905.58664861663
20679,2012-02-01,11452.516810694737
20679,2012-03-01,12656.874857043127
20679,2012-04-01,12782.821293959973
20679,2012-05-01,12795.963468241847
20679,2012-06-01,14336.869519007294
20679,2012-07-01,13884.003318003239
20679,2012-08-01,13350.784114746306
20679,2012-09-01,14144.440392105347
20679,2012-10-01,14135.163044845442
20679,2012-11-01,14149.939010898433
20679,2012-12-01,14431.53888509907
20679,2013-01-01,14217.273838175486
20679,2013-02-01,14441.478918058467
20679,2013-03-01,14588.029024239384
20679,2013-04-01,15112.91610741113
20679,2013-05-01,14984.669320996467
20679,2013-06-01,15374.684354041276
20679,2013-07-01,15489.57062098696
20679,2013-08-01,16316.90287755155
20679,2013-09-01,16541.42538268868
20679,2013-10-01,16395.348949754865
20679,2013-11-01,16509.728124887766
20679,2013-12-01,17683.272919997424
20679,2014-01-01,16523.181363566524
20679,2014-02-01,17738.888244345442
20679,2014-03-01,17739.760741432376
20679,2014-04-01,17319.430903496712
20679,2014-05-01,17513.68722360477
20679,2014-06-01,18038.236152678095
20679,2014-07-01,17349.39718764493
20679,2014-08-01,17630.139401130615
20679,2014-09-01,16363.383673235234
20679,2014-10-01,16090.702906244978
20679,2014-11-01,16235.498845367525
20679,2014-12-01,16213.319621736207
20679,2015-01-01,16894.401615725055
20679,2015-02-01,16470.845322788555
20679,2015-03-01,17067.777716469973
20679,2015-04-01,16174.375803060911
20679,2015-05-01,16057.464546310495
20679,2015-06-01,15970.848824750723
20679,2015-07-01,14821.520394266678
20679,2015-08-01,15460.68997685776
20679,2015-09-01,15160.894907985143
20679,2015-10-01,15727.686951925698
20679,2015-11-01,15687.123962519167
20679,2015-12-01,14907.670208392685
20679,2016-01-01,14962.735752261564
20679,2016-02-01,15158.830678426995
20679,2016-03-01,13955.503973840017
20679,2016-04-01,15117.093577192283
20679,2016-05-01,15269.857255275443
20679,2016-06-01,14625.207745296311
20679,2016-07-01,15025.996130830445
20679,2016-08-01,14993.35107231778
20679,2016-09-01,15472.687935758253
20679,2016-10-01,15452.532286112131
20679,2016-11-01,15307.86851863718
20679,2016-12-01,15017.67908479556
20679,2017-01-01,15253.859643843634
20679,2017-02-01,13446.223113667831
20679,2017-03-01,15134.891142699656
20679,2017-04-01,15044.445096683943
20679,2017-05-01,15711.804575655357
20679,2017-06-01,15461.85518361683
20679,2017-07-01,15852.547182476621
20679,2017-08-01,15666.463090323678
20679,2017-09-01,16491.77825375648
20679,2017-10-01,17003.550545454604
20679,2017-11-01,16483.605339502952
20679,2017-12-01,16942.686773236594
20679,2018-01-01,16634.756470385906
20679,2018-02-01,16630.637280604893
20679,2018-03-01,16232.462455363855
20679,2018-04-01,16392.00448118016
20679,2018-05-01,14324.344617681387
20679,2018-06-01,15735.287872616796
20679,2018-07-01,16675.5796043035
20679,2018-08-01,15124.23947262495
20679,2018-09-01,14985.087206065122
20679,2018-10-01,15000.911550554578
20679,2018-11-01,16197.785701510917
20679,2018-12-01,15292.687930482929
20679,2019-01-01,15419.27581298274
20679,2019-02-01,16151.761071989567
20679,2019-03-01,16379.33435045979
20679,2019-04-01,16625.177124709982
20679,2019-05-01,16488.005964128675
20679,2019-06-01,17172.336119186853
20679,2019-07-01,17863.615920147407
20679,2019-08-01,17471.374768601414
20679,2019-09-01,17036.132244689958
20679,2019-10-01,16448.953237253278
20679,2019-11-01,16975.016503199156
20679,2019-12-01,17207.237266105025
20679,2020-01-01,17088.7370014616
20679,2020-02-01,16685.740655127574
20679,2020-03-01,18539.657079492466
20679,2020-04-01,18033.353851974152
20679,2020-05-01,15171.632772685096
20679,2020-06-01,15304.648946085157
20679,2020-07-01,12288.960526774827
20679,2020-08-01,13037.609997576565
20679,2020-09-01,13821.84767909327
20679,2020-10-01,13908.942167151667
20679,2020-11-01,13870.471342068955
20679,2020-12-01,13674.84671803975
20679,2021-01-01,15436.660996253659
20679,2021-02-01,15354.55921280016
20679,2021-03-01,16091.847958332291
20679,2021-04-01,17247.11875600336
20679,2021-05-01,17087.678892729335
20679,2021-06-01,17344.598164636718
20679,2021-07-01,18461.26535833193
20679,2021-08-01,19901.028640668763
20679,2021-09-01,20153.881885956194
20679,2021-10-01,21770.114541199528
20679,2021-11-01,23057.450192786368
20679,2021-12-01,23369.59395653988
20679,2022-01-01,24005.3319755116
20679,2022-02-01,23053.75105958346
20679,2022-03-01,27799.083859850478
20679,2022-04-01,27228.76905700199
20679,2022-05-01,28120.57439806083
20679,2022-06-01,27645.99187162885
20679,2022-07-01,29581.630450740322
20679,2022-08-01,29626.908187011002
20679,2022-09-01,32644.169306480147
20679,2022-10-01,30807.134110262807
20679,2022-11-01,29948.108512584313
20679,2022-12-01,30352.57872931312
20679,2023-01-01,30675.34475103417
20679,2023-02-01,30630.3085531184
20679,2023-03-01,29258.752562605267
20679,2023-04-01,30235.707773141938
20679,2023-05-01,29577.076819619066
20679,2023-06-01,31477.68372295603
20679,2023-07-01,29469.264283482422
20679,2023-08-01,28975.0295691221
20679,2023-09-01,30360.303718636667
20679,2023-10-01,30553.059010546112
20679,2023-11-01,30772.937445272626
20679,2023-12-01,29602.0607088113
20679,2024-01-01,28517.499623695498
20679,2024-02-01,30106.810489009353
20679,2024-03-01,29550.821796384735
20679,2024-04-01,31689.606905096345
20679,2024-05-01,29584.06609318618
20679,2024-06-01,29873.307214535773
20679,2024-07-01,29941.669368509345
20679,2024-08-01,31731.037829109024
20679,2024-09-01,30242.900626927712
20679,2024-10-01,29668.79419444303
20679,2024-11-01,30927.473155354935
20679,2024-12-01,31721.048695958616
20679,2025-01-01,31236.32937203385
20679,2025-02-01,32477.26057238935
20679,2025-03-01,34299.580164073166
20679,2025-04-01,32577.769011643137
20679,2025-05-01,33004.980173666096
20679,2025-06-01,33616.56642444053
20679,2025-07-01,34304.45747180093
20679,2025-08-01,34086.823022023396
20679,2025-09-01,34634.120328172314
20679,2025-10-01,32967.992403412594
20679,2025-11-01,34278.37255875944
20679,2025-12-01,35950.78167933872
20679,2026-01-01,36922.458797693274
20679,2026-02-01,35938.158568133724
20679,2026-03-01,38185.10263046355
20679,2026-04-01,38397.447459923686
20679,2026-05-01,39623.5692405374
20679,2026-06-01,39584.70631819278
20680,2011-03-01,2230.868629148931
20680,2011-04-01,1476.0798092804569
20680,2011-05-01,1627.3744167666625
20680,2011-06-01,1716.809820603526
20680,2011-07-01,1809.6284185744373
20680,2011-08-01,1866.6764106569344
20680,2011-09-01,1925.6577771782972
20680,2011-10-01,1691.27437825823
20680,2011-11-01,2051.91386664324
20680,2011-12-01,2331.6810205563893
20680,2012-01-01,2092.5818442846044
20680,2012-02-01,2035.9673600241103
20680,2012-03-01,2133.448128956789
20680,2012-04-01,1777.48724866023
20680,2012-05-01,1899.2481848600125
20680,2012-06-01,1934.8900876413193
20680,2012-07-01,1856.967521926271
20680,2012-08-01,1784.6082551528702
20680,2012-09-01,1742.8756910889938
20680,2012-10-01,1976.7836725361983
20680,2012-11-01,2048.0457841099596
20680,2012-12-01,2016.2330182345215
20680,2013-01-01,1962.1593742717373
20680,2013-02-01,1978.2803538148837
20680,2013-03-01,2013.7691381432037
20680,2013-04-01,2139.4688988730913
20680,2013-05-01,2237.382759396165
20680,2013-06-01,2167.746240142563
20680,2013-07-01,2144.87382783088
20680,2013-08-01,2386.1784184555054
20680,2013-09-01,2439.280238003004
20680,2013-10-01,2421.0889228135698
20680,2013-11-01,2463.9676871943525
20680,2013-12-01,2424.1237435779904
20680,2014-01-01,2455.2460250553145
20680,2014-02-01,2714.719228101118
20680,2014-03-01,2381.245868944649
20680,2014-04-01,2548.0370682095
20680,2014-05-01,2498.842527776209
20680,2014-06-01,2415.8790178588247
20680,2014-07-01,2478.3469984707126
20680,2014-08-01,2543.2050387165496
20680,2014-09-01,2449.0065067082937
20680,2014-10-01,2381.230938331508
20680,2014-11-01,2485.4699657432807
20680,2014-12-01,2603.029706889618
20680,2015-01-01,2691.9967281273125
20680,2015-02-01,2728.4477793842134
20680,2015-03-01,2663.780615616749
20680,2015-04-01,2478.057274315744
20680,2015-05-01,2586.657373235045
20680,2015-06-01,2777.944796580673
20680,2015-07-01,2703.1219457874217
20680,2015-08-01,2937.365977959873
20680,2015-09-01,2622.8960131135054
20680,2015-10-01,2578.892986619354
20680,2015-11-01,2419.91053708054
20680,2015-12-01,2364.7955268907194
20680,2016-01-01,2446.9606218003905
20680,2016-02-01,2366.526000528444
20680,2016-03-01,2461.8557234301616
20680,2016-04-01,2412.7665679458078
20680,2016-05-01,2461.2663790206743
20680,2016-06-01,2473.942938838699
20680,2016-07-01,2471.914681055636
20680,2016-08-01,2360.2729972150632
20680,2016-09-01,2316.2677458493768
20680,2016-10-01,2393.090155493843
20680,2016-11-01,2429.2744824216416
20680,2016-12-01,2430.7085254433564
20680,2017-01-01,2399.6750430818256
20680,2017-02-01,2271.0156710160136
20680,2017-03-01,2468.7230696704014
20680,2017-04-01,2616.612652765842
20680,2017-05-01,4548.270355917736
20680,2017-06-01,3539.4676036377605
20680,2017-07-01,3523.7517471999313
20680,2017-08-01,3320.5918653105828
20680,2017-09-01,3401.1351234268604
20680,2017-10-01,3314.4697683143295
20680,2017-11-01,3321.145093438402
20680,2017-12-01,3418.8725357858093
20680,2018-01-01,3386.23479602405
20680,2018-02-01,3452.31610550078
20680,2018-03-01,3584.8637308597094
20680,2018-04-01,3506.696364116789
20680,2018-05-01,3638.925348235267
20680,2018-06-01,3880.846184718484
20680,2018-07-01,3885.3558889719748
20680,2018-08-01,4062.84110510874
20680,2018-09-01,4355.815272871704
20680,2018-10-01,4200.017844045456
20680,2018-11-01,4580.815003211532
20680,2018-12-01,4421.628683084762
20680,2019-01-01,4355.128399932975
20680,2019-02-01,4542.786374419819
20680,2019-03-01,4591.283669336251
20680,2019-04-01,4722.169150723035
20680,2019-05-01,5025.485927338741
20680,2019-06-01,4952.679850246957
20680,2019-07-01,5180.75589749741
20680,2019-08-01,5244.671529097493
20680,2019-09-01,4949.289779231033
20680,2019-10-01,5107.558129848084
20680,2019-11-01,5017.627880740873
20680,2019-12-01,4861.695701399223
20680,2020-01-01,4921.401513669953
20680,2020-02-01,5057.539646866015
20680,2020-03-01,4993.614787787684
20680,2020-04-01,5687.142296293858
20680,2020-05-01,5164.127787724096
20680,2020-06-01,4321.032584540274
20680,2020-07-01,3877.225718822241
20680,2020-08-01,3492.4484867414885
20680,2020-09-01,3753.6354882625865
20680,2020-10-01,4018.008752654688
20680,2020-11-01,4104.097947746366
20680,2020-12-01,4169.458178212412
20680,2021-01-01,4563.291584417015
20680,2021-02-01,4787.817569390136
20680,2021-03-01,4897.55791808193
20680,2021-04-01,5013.878593205729
20680,2021-05-01,4963.88215607505
20680,2021-06-01,5173.438383210601
20680,2021-07-01,5417.832766707759
20680,2021-08-01,5685.058925330133
20680,2021-09-01,6001.485327046177
20680,2021-10-01,6312.10805544136
20680,2021-11-01,6623.084785138289
20680,2021-12-01,6945.808711475927
20680,2022-01-01,6979.776602957538
20680,2022-02-01,7134.099794323771
20680,2022-03-01,7778.937077023709
20680,2022-04-01,7913.361684187205
20680,2022-05-01,7991.406981988492
20680,2022-06-01,8071.400251177815
20680,2022-07-01,8778.605773535895
20680,2022-08-01,8644.56310397002
20680,2022-09-01,9149.044081302622
20680,2022-10-01,8962.508132083503
20680,2022-11-01,9084.455278564408
20680,2022-12-01,9515.72736423312
20680,2023-01-01,9372.479689090547
20680,2023-02-01,9498.12557413181
20680,2023-03-01,9896.084178227673
20680,2023-04-01,9814.532839079957
20680,2023-05-01,10446.4436769073
20680,2023-06-01,10675.666099786533
20680,2023-07-01,10529.443904603035
20680,2023-08-01,11013.89956090923
20680,2023-09-01,13315.897893184925
20680,2023-10-01,11665.690399226836
20680,2023-11-01,12220.485914251127
20680,2023-12-01,12352.551291129996
20680,2024-01-01,12544.161307933158
20680,2024-02-01,12355.673702559798
20680,2024-03-01,12514.282836393679
20680,2024-04-01,13665.897981466143
20680,2024-05-01,12903.888726529149
20680,2024-06-01,13414.103602850506
20680,2024-07-01,13453.499550920482
20680,2024-08-01,13536.453285623884
20680,2024-09-01,12563.551577732098
20680,2024-10-01,13211.734220911592
20680,2024-11-01,13399.087967573325
20680,2024-12-01,13532.40995334938
20680,2025-01-01,14020.172924690167
20680,2025-02-01,14689.46254138072
20680,2025-03-01,14092.779628294915
20680,2025-04-01,14631.305365782686
20680,2025-05-01,15487.673498646602
20680,2025-06-01,14575.911300394695
20680,2025-07-01,15843.446422821526
20680,2025-08-01,16457.36102320615
20680,2025-09-01,16582.995963293823
20680,2025-10-01,18092.64779841544
20680,2025-11-01,17161.01379782255
20680,2025-12-01,17474.64514276209
20680,2026-01-01,17994.66716227044
20680,2026-02-01,17946.37285773834
20680,2026-03-01,18192.417902233297
20680,2026-04-01,17412.199446405535
20680,2026-05-01,18183.258788592368
20680,2026-06-01,17757.439117821337
20681,2011-03-01,31207.013598221594
20681,2011-04-01,31031.62854822616
20681,2011-05-01,32480.60629802667
20681,2011-06-01,33265.06971584723
20681,2011-07-01,33657.59673203812
20681,2011-08-01,34532.83518324355
20681,2011-09-01,35637.690923652954
20681,2011-10-01,35231.756175488954
20681,2011-11-01,35804.26587710713
20681,2011-12-01,37048.808660237766
20681,2012-01-01,36160.79102475722
20681,2012-02-01,36565.20970753194
20681,2012-03-01,38325.16235816646
20681,2012-04-01,38064.516898118214
20681,2012-05-01,38790.199784006014
20681,2012-06-01,35290.38007139982
20681,2012-07-01,34922.841341104315
20681,2012-08-01,32864.131822082934
20681,2012-09-01,39480.48365755056
20681,2012-10-01,42412.41909415734
20681,2012-11-01,40995.71738369727
20681,2012-12-01,42113.69028829755
20681,2013-01-01,43915.8644732621
20681,2013-02-01,43743.05112432463
20681,2013-03-01,43367.299944338665
20681,2013-04-01,45814.63840647599
20681,2013-05-01,44711.17066583085
20681,2013-06-01,44743.62132472882
20681,2013-07-01,46509.02734176881
20681,2013-08-01,46405.680558871165
20681,2013-09-01,46017.753512912735
20681,2013-10-01,47553.70927519848
20681,2013-11-01,47911.561887119205
20681,2013-12-01,49051.15587935307
20681,2014-01-01,49121.08858893486
20681,2014-02-01,51934.74848417825
20681,2014-03-01,50235.631100974395
20681,2014-04-01,51657.5458338658
20681,2014-05-01,52719.38690442397
20681,2014-06-01,50185.0942090654
20681,2014-07-01,53665.26655827609
20681,2014-08-01,54190.046412596035
20681,2014-09-01,55873.04480688829
20681,2014-10-01,54734.78185522512
20681,2014-11-01,52839.336659104534
20681,2014-12-01,55705.36682625316
20681,2015-01-01,57258.90359561023
20681,2015-02-01,53541.25805159245
20681,2015-03-01,55896.980760720995
20681,2015-04-01,54542.121315452765
20681,2015-05-01,57304.45374539305
20681,2015-06-01,54891.65680729763
20681,2015-07-01,53567.11291869508
20681,2015-08-01,54634.24138616509
20681,2015-09-01,54756.8576524461
20681,2015-10-01,55649.485169928514
20681,2015-11-01,54309.08940326755
20681,2015-12-01,55014.782626590495
20681,2016-01-01,54976.42455622517
20681,2016-02-01,55675.015201050126
20681,2016-03-01,56057.47601398657
20681,2016-04-01,56885.212747289304
20681,2016-05-01,56964.510684885936
20681,2016-06-01,57712.56743864421
20681,2016-07-01,58169.10081283752
20681,2016-08-01,59088.01684615432
20681,2016-09-01,58103.79080500676
20681,2016-10-01,59076.09809980366
20681,2016-11-01,61346.659144538404
20681,2016-12-01,60097.852841052365
20681,2017-01-01,59899.878279098964
20681,2017-02-01,58066.099947418785
20681,2017-03-01,65471.678561654764
20681,2017-04-01,62013.910679278255
20681,2017-05-01,63966.09966167985
20681,2017-06-01,64469.4687768909
20681,2017-07-01,65527.51925222067
20681,2017-08-01,64589.36662015144
20681,2017-09-01,66561.65830725216
20681,2017-10-01,65947.72496547217
20681,2017-11-01,66968.30340260116
20681,2017-12-01,67151.4047325075
20681,2018-01-01,70235.05636403416
20681,2018-02-01,69138.32497939715
20681,2018-03-01,72354.99030656708
20681,2018-04-01,71565.83975805587
20681,2018-05-01,72724.09694149133
20681,2018-06-01,73946.49023600243
20681,2018-07-01,71110.01072908498
20681,2018-08-01,78029.88355017792
20681,2018-09-01,75557.38366627983
20681,2018-10-01,75479.9229525979
20681,2018-11-01,83576.0589555205
20681,2018-12-01,81058.10163189647
20681,2019-01-01,82532.53020902874
20681,2019-02-01,84961.47366083204
20681,2019-03-01,82670.50056192657
20681,2019-04-01,86293.33055246327
20681,2019-05-01,87426.3449817621
20681,2019-06-01,88416.9648544663
20681,2019-07-01,91293.0355708233
20681,2019-08-01,92378.15009609012
20681,2019-09-01,91796.88893845779
20681,2019-10-01,93482.88285070019
20681,2019-11-01,94590.96354051805
20681,2019-12-01,98194.21586137389
20681,2020-01-01,97168.33989461261
20681,2020-02-01,96846.52065793339
20681,2020-03-01,84636.80868039819
20681,2020-04-01,67332.37718715829
20681,2020-05-01,75329.49055419915
20681,2020-06-01,83265.4633075666
20681,2020-07-01,87265.93004461499
20681,2020-08-01,93036.77384655864
20681,2020-09-01,97924.30387760165
20681,2020-10-01,100689.9638388163
20681,2020-11-01,101159.83854843192
20681,2020-12-01,101619.18539956304
20681,2021-01-01,102328.26499153134
20681,2021-02-01,105481.92387345535
20681,2021-03-01,103931.00425962497
20681,2021-04-01,107855.46591823197
20681,2021-05-01,120880.94407992202
20681,2021-06-01,123237.32947863646
20681,2021-07-01,125840.68998838055
20681,2021-08-01,128964.86082094545
20681,2021-09-01,132569.43927378298
20681,2021-10-01,135746.27925523778
20681,2021-11-01,139721.88269358774
20681,2021-12-01,139013.45033897748
20681,2022-01-01,143294.88411762874
20681,2022-02-01,147470.3573644415
20681,2022-03-01,162781.5762097206
20681,2022-04-01,164725.88810699506
20681,2022-05-01,167877.55172349382
20681,2022-06-01,167297.3245218527
20681,2022-07-01,170230.97633464134
20681,2022-08-01,169453.2542495232
20681,2022-09-01,172467.64248658068
20681,2022-10-01,172973.93214778323
20681,2022-11-01,153043.79865480596
20681,2022-12-01,156142.86605010417
20681,2023-01-01,153792.78317580046
20681,2023-02-01,156525.15476354555
20681,2023-03-01,163324.15134243027
20681,2023-04-01,161206.9936679231
20681,2023-05-01,163317.5667222307
20681,2023-06-01,166981.53000326862
20681,2023-07-01,166453.34426040424
20681,2023-08-01,169093.78280224957
20681,2023-09-01,170685.87572336613
20681,2023-10-01,166900.36198876513
20681,2023-11-01,168406.17445393253
20681,2023-12-01,172706.17876056666
20681,2024-01-01,177469.71623223685
20681,2024-02-01,175146.00863364534
20681,2024-03-01,180646.8790006041
20681,2024-04-01,180247.15057672685
20681,2024-05-01,184474.3891650562
20681,2024-06-01,193115.84008053323
20681,2024-07-01,191012.61509174103
20681,2024-08-01,188400.8914735647
20681,2024-09-01,190303.21212174694
20681,2024-10-01,194779.11204679412
20681,2024-11-01,192127.17382205251
20681,2024-12-01,191700.86065063157
20681,2025-01-01,191859.1328688782
20681,2025-02-01,212188.39559435818
20681,2025-03-01,201946.97626432558
20681,2025-04-01,207656.6820815185
20681,2025-05-01,207575.32730763452
20681,2025-06-01,207696.05675727638
20681,2025-07-01,207945.39688168728
20681,2025-08-01,216425.50081549337
20681,2025-09-01,211815.43728360016
20681,2025-10-01,215535.66062763546
20681,2025-11-01,221849.9014082963
20681,2025-12-01,219315.79816146387
20681,2026-01-01,222357.40897708334
20681,2026-02-01,219929.72134122427
20681,2026-03-01,223258.2658511387
20681,2026-04-01,224060.61483283783
20681,2026-05-01,229184.6003203224
20681,2026-06-01,226434.47453095426
20682,2011-03-01,45603.9124367108
20682,2011-04-01,46267.67943804189
20682,2011-05-01,46565.333869019
20682,2011-06-01,48295.315029168436
20682,2011-07-01,48628.43941365896
20682,2011-08-01,48355.87509544811
20682,2011-09-01,51384.706419442795
20682,2011-10-01,50604.10589582165
20682,2011-11-01,50755.29168526188
20682,2011-12-01,52354.76280510036
20682,2012-01-01,50616.69437513754
20682,2012-02-01,50885.0610085364
20682,2012-03-01,52880.620013883716
20682,2012-04-01,51994.032889852264
20682,2012-05-01,53288.6181044786
20682,2012-06-01,52709.85876336236
20682,2012-07-01,50274.467872108886
20682,2012-08-01,48262.299212228616
20682,2012-09-01,55722.98328243928
20682,2012-10-01,57701.26132596253
20682,2012-11-01,56687.13820639081
20682,2012-12-01,58548.46382400067
20682,2013-01-01,60230.399310092704
20682,2013-02-01,60756.21808736039
20682,2013-03-01,59935.72408882394
20682,2013-04-01,62224.174609868336
20682,2013-05-01,61890.30960247727
20682,2013-06-01,63367.11679278523
20682,2013-07-01,64352.25285054026
20682,2013-08-01,65316.88626433953
20682,2013-09-01,64588.70803051036
20682,2013-10-01,65741.4727411065
20682,2013-11-01,66973.5828982108
20682,2013-12-01,68266.18051428757
20682,2014-01-01,68587.70742867184
20682,2014-02-01,73156.63350126543
20682,2014-03-01,70224.99890887468
20682,2014-04-01,71675.65243367586
20682,2014-05-01,72587.68572916348
20682,2014-06-01,70717.70434200612
20682,2014-07-01,73760.22139907157
20682,2014-08-01,74540.97584599846
20682,2014-09-01,74162.41458935275
20682,2014-10-01,73174.29986803178
20682,2014-11-01,71500.92700471492
20682,2014-12-01,74598.85816634227
20682,2015-01-01,77222.76975694865
20682,2015-02-01,73280.18328691616
20682,2015-03-01,74840.55067002305
20682,2015-04-01,73348.08427669955
20682,2015-05-01,75889.96015874611
20682,2015-06-01,73453.13622723166
20682,2015-07-01,71614.166127743
20682,2015-08-01,72650.71109143674
20682,2015-09-01,72878.364044622
20682,2015-10-01,74124.67009291393
20682,2015-11-01,71686.26421197537
20682,2015-12-01,72398.19539909328
20682,2016-01-01,72800.94186486481
20682,2016-02-01,73035.19364308975
20682,2016-03-01,72586.02332400372
20682,2016-04-01,74775.17691915097
20682,2016-05-01,73767.54225340128
20682,2016-06-01,75189.46294166375
20682,2016-07-01,76095.80439197586
20682,2016-08-01,76078.66696868397
20682,2016-09-01,75736.21625177936
20682,2016-10-01,76978.193244498
20682,2016-11-01,79251.19902620836
20682,2016-12-01,77719.9628669692
20682,2017-01-01,76893.9277527669
20682,2017-02-01,73719.85267997695
20682,2017-03-01,83591.51510453933
20682,2017-04-01,79801.60414155557
20682,2017-05-01,84164.12186307344
20682,2017-06-01,83385.9750824521
20682,2017-07-01,84873.62603678482
20682,2017-08-01,83343.21153387547
20682,2017-09-01,86823.9071836503
20682,2017-10-01,85883.6626159522
20682,2017-11-01,86882.86427829663
20682,2017-12-01,87424.99372215636
20682,2018-01-01,90155.05609772804
20682,2018-02-01,89205.57839793315
20682,2018-03-01,92654.904960306
20682,2018-04-01,90978.66404440264
20682,2018-05-01,90828.2892216483
20682,2018-06-01,93951.70248223185
20682,2018-07-01,91042.35420085124
20682,2018-08-01,97579.50486289723
20682,2018-09-01,94852.18801783485
20682,2018-10-01,95140.53325297219
20682,2018-11-01,104140.2148164884
20682,2018-12-01,100378.0447990835
20682,2019-01-01,102148.04833791223
20682,2019-02-01,105383.24683468706
20682,2019-03-01,104161.95287151808
20682,2019-04-01,106967.18629240752
20682,2019-05-01,109834.05972355253
20682,2019-06-01,110672.56183069477
20682,2019-07-01,114374.65935332332
20682,2019-08-01,115296.2358975302
20682,2019-09-01,112913.02114541313
20682,2019-10-01,115830.22212064943
20682,2019-11-01,116846.78340132575
20682,2019-12-01,119445.79774319536
20682,2020-01-01,119491.55691995374
20682,2020-02-01,118638.04593027232
20682,2020-03-01,107482.86648896609
20682,2020-04-01,91693.47704701821
20682,2020-05-01,96431.62816945164
20682,2020-06-01,102323.30375316841
20682,2020-07-01,104054.23451502022
20682,2020-08-01,109524.67437917266
20682,2020-09-01,115554.87338769701
20682,2020-10-01,119408.92906994143
20682,2020-11-01,118716.14345149754
20682,2020-12-01,119745.92009695311
20682,2021-01-01,122369.85758659177
20682,2021-02-01,125312.76083913066
20682,2021-03-01,124551.58631201861
20682,2021-04-01,129708.90260790114
20682,2021-05-01,143095.51019078033
20682,2021-06-01,146188.46905132997
20682,2021-07-01,149985.33471018364
20682,2021-08-01,154189.86533285957
20682,2021-09-01,158826.67795082324
20682,2021-10-01,164964.29059983828
20682,2021-11-01,168351.21126372606
20682,2021-12-01,169732.6703948489
20682,2022-01-01,173766.68523702628
20682,2022-02-01,177508.24643103266
20682,2022-03-01,197857.99556548308
20682,2022-04-01,200053.13008496116
20682,2022-05-01,203404.59487100304
20682,2022-06-01,203735.1012034615
20682,2022-07-01,209096.51781281573
20682,2022-08-01,208303.21144030092
20682,2022-09-01,214112.18476141666
20682,2022-10-01,212687.64381164452
20682,2022-11-01,192193.0720437499
20682,2022-12-01,195432.75673280348
20682,2023-01-01,192789.20377955207
20682,2023-02-01,197137.7851946639
20682,2023-03-01,202784.00927318848
20682,2023-04-01,201027.63123288203
20682,2023-05-01,203790.06266537306
20682,2023-06-01,209421.3547656402
20682,2023-07-01,205864.04379770427
20682,2023-08-01,209774.08087523785
20682,2023-09-01,215322.88268530194
20682,2023-10-01,208025.5617982021
20682,2023-11-01,211382.5841015615
20682,2023-12-01,214555.3145782765
20682,2024-01-01,218474.9139105381
20682,2024-02-01,217382.29213382117
20682,2024-03-01,222731.5874058052
20682,2024-04-01,223843.8267305301
20682,2024-05-01,228403.69717389406
20682,2024-06-01,237140.760760468
20682,2024-07-01,234448.5935666292
20682,2024-08-01,234458.2324455392
20682,2024-09-01,232504.66950847642
20682,2024-10-01,237887.0764124639
20682,2024-11-01,236848.65402971266
20682,2024-12-01,235178.55099455765
20682,2025-01-01,238095.458006597
20682,2025-02-01,259217.00061007892
20682,2025-03-01,249436.79170910252
20682,2025-04-01,254760.3842749037
20682,2025-05-01,256869.84275843954
20682,2025-06-01,255612.6879612684
20682,2025-07-01,258276.54050102766
20682,2025-08-01,268095.4522769538
20682,2025-09-01,262261.2757382773
20682,2025-10-01,267514.53142133355
20682,2025-11-01,272942.48073216435
20682,2025-12-01,272077.64465777995
20682,2026-01-01,277498.69378343347
20682,2026-02-01,274030.5589815968
20682,2026-03-01,278130.1656738669
20682,2026-04-01,279666.81568547915
20682,2026-05-01,288237.5076723736
20682,2026-06-01,283435.87586460874
20676,2011-03-01,331
20676,2011-04-01,416
20676,2011-05-01,701
20676,2011-06-01,617
20676,2011-07-01,588
20676,2011-08-01,323
20676,2011-09-01,170
20676,2011-10-01,126
20676,2011-11-01,148
20676,2011-12-01,155
20676,2012-01-01,117
20676,2012-02-01,101
20676,2012-03-01,117
20676,2012-04-01,81
20676,2012-05-01,120
20676,2012-06-01,151
20676,2012-07-01,88
20676,2012-08-01,101
20676,2012-09-01,50
20676,2012-10-01,66
20676,2012-11-01,48
20676,2012-12-01,62
20676,2013-01-01,50
20676,2013-02-01,32
20676,2013-03-01,40
20676,2013-04-01,49
20676,2013-05-01,53
20676,2013-06-01,71
20676,2013-07-01,72
20676,2013-08-01,67
20676,2013-09-01,61
20676,2013-10-01,64
20676,2013-11-01,67
20676,2013-12-01,77
20676,2014-01-01,65
20676,2014-02-01,50
20676,2014-03-01,40
20676,2014-04-01,68
20676,2014-05-01,59
20676,2014-06-01,53
20676,2014-07-01,47
20676,2014-08-01,47
20676,2014-09-01,51
20676,2014-10-01,57
20676,2014-11-01,59
20676,2014-12-01,75
20676,2015-01-01,44
20676,2015-02-01,45
20676,2015-03-01,104
20676,2015-04-01,108
20676,2015-05-01,92
20676,2015-06-01,110
20676,2015-07-01,118
20676,2015-08-01,95
20676,2015-09-01,95
20676,2015-10-01,88
20676,2015-11-01,103
20676,2015-12-01,117
20676,2016-01-01,85
20676,2016-02-01,88
20676,2016-03-01,102
20676,2016-04-01,67
20676,2016-05-01,42
20676,2016-06-01,40
20676,2016-07-01,31
20676,2016-08-01,31
20676,2016-09-01,37
20676,2016-10-01,34
20676,2016-11-01,36
20676,2016-12-01,38
20676,2017-01-01,25
20676,2017-02-01,23
20676,2017-03-01,33
20676,2017-04-01,24
20676,2017-05-01,29
20676,2017-06-01,24
20676,2017-07-01,28
20676,2017-08-01,29
20676,2017-09-01,28
20676,2017-10-01,27
20676,2017-11-01,33
20676,2017-12-01,39
20676,2018-01-01,29
20676,2018-02-01,21
20676,2018-03-01,34
20676,2018-04-01,32
20676,2018-05-01,29
20676,2018-06-01,29
20676,2018-07-01,34
20676,2018-08-01,41
20676,2018-09-01,38
20676,2018-10-01,52
20676,2018-11-01,49
20676,2018-12-01,53
20676,2019-01-01,45
20676,2019-02-01,43
20676,2019-03-01,47
20676,2019-04-01,55
20676,2019-05-01,56
20676,2019-06-01,51
20676,2019-07-01,67
20676,2019-08-01,24
20676,2019-09-01,7
20676,2019-10-01,7
20676,2019-11-01,4
20676,2019-12-01,6
20676,2020-01-01,6
20676,2020-02-01,9
20676,2020-03-01,7
20676,2020-04-01,2
20676,2020-05-01,2
20676,2020-06-01,5
20676,2020-07-01,4
20676,2020-08-01,4
20676,2020-09-01,2
20676,2020-10-01,4
20676,2020-11-01,4
20676,2020-12-01,5
20676,2021-01-01,4
20676,2021-02-01,5
20676,2021-03-01,4
20676,2021-04-01,4
20676,2021-05-01,6
20676,2021-06-01,6
20676,2021-07-01,5
20676,2021-08-01,8
20676,2021-09-01,7
20676,2021-10-01,6
20676,2021-11-01,4
20676,2021-12-01,4
20676,2022-01-01,3
20676,2022-02-01,4
20676,2022-03-01,9
20676,2022-04-01,9
20676,2022-05-01,21
20676,2022-06-01,1
20676,2022-07-01,8
20676,2022-08-01,1
20676,2022-09-01,0
20676,2022-10-01,1
20676,2022-11-01,1
20676,2022-12-01,1
20676,2023-01-01,1
20676,2023-02-01,1
20676,2023-03-01,0
20676,2023-04-01,1
20676,2023-05-01,1
20676,2023-06-01,1
20676,2023-07-01,0
20676,2023-08-01,0
20676,2023-09-01,4
20676,2023-10-01,2
20676,2023-11-01,0
20676,2023-12-01,0
20676,2024-01-01,1
20676,2024-02-01,0
20676,2024-03-01,1
20676,2024-04-01,1
20676,2024-05-01,1
20676,2024-06-01,0
20676,2024-07-01,1
20676,2024-08-01,0
20676,2024-09-01,0
20676,2024-10-01,0
20676,2024-11-01,0
20676,2024-12-01,0
20676,2025-01-01,0
20676,2025-02-01,1
20676,2025-03-01,1
20676,2025-04-01,0
20676,2025-05-01,0
20676,2025-06-01,0
20676,2025-07-01,0
20676,2025-08-01,0
20676,2025-09-01,0
20676,2025-10-01,0
20676,2025-11-01,0
20676,2025-12-01,0
20676,2026-01-01,0
20676,2026-02-01,1
20676,2026-03-01,0
20676,2026-04-01,0
20676,2026-05-01,0
20676,2026-06-01,0
20677,2011-03-01,12
20677,2011-04-01,2
20677,2011-05-01,4
20677,2011-06-01,9
20677,2011-07-01,8
20677,2011-08-01,11
20677,2011-09-01,7
20677,2011-10-01,8
20677,2011-11-01,7
20677,2011-12-01,8
20677,2012-01-01,2
20677,2012-02-01,2
20677,2012-03-01,4
20677,2012-04-01,3
20677,2012-05-01,7
20677,2012-06-01,12
20677,2012-07-01,7
20677,2012-08-01,4
20677,2012-09-01,3
20677,2012-10-01,3
20677,2012-11-01,1
20677,2012-12-01,10
20677,2013-01-01,4
20677,2013-02-01,4
20677,2013-03-01,4
20677,2013-04-01,5
20677,2013-05-01,4
20677,2013-06-01,4
20677,2013-07-01,3
20677,2013-08-01,2
20677,2013-09-01,8
20677,2013-10-01,17
20677,2013-11-01,16
20677,2013-12-01,3
20677,2014-01-01,1
20677,2014-02-01,0
20677,2014-03-01,12
20677,2014-04-01,3
20677,2014-05-01,14
20677,2014-06-01,1
20677,2014-07-01,1
20677,2014-08-01,4
20677,2014-09-01,2
20677,2014-10-01,58
20677,2014-11-01,2
20677,2014-12-01,2
20677,2015-01-01,2
20677,2015-02-01,15
20677,2015-03-01,0
20677,2015-04-01,0
20677,2015-05-01,20
20677,2015-06-01,9
20677,2015-07-01,2
20677,2015-08-01,0
20677,2015-09-01,1
20677,2015-10-01,3
20677,2015-11-01,1
20677,2015-12-01,1
20677,2016-01-01,0
20677,2016-02-01,0
20677,2016-03-01,1
20677,2016-04-01,0
20677,2016-05-01,2
20677,2016-06-01,2
20677,2016-07-01,1
20677,2016-08-01,2
20677,2016-09-01,3
20677,2016-10-01,1
20677,2016-11-01,5
20677,2016-12-01,0
20677,2017-01-01,10
20677,2017-02-01,0
20677,2017-03-01,10
20677,2017-04-01,5
20677,2017-05-01,0
20677,2017-06-01,0
20677,2017-07-01,5
20677,2017-08-01,14
20677,2017-09-01,9
20677,2017-10-01,6
20677,2017-11-01,6
20677,2017-12-01,3
20677,2018-01-01,3
20677,2018-02-01,4
20677,2018-03-01,6
20677,2018-04-01,5
20677,2018-05-01,1
20677,2018-06-01,0
20677,2018-07-01,3
20677,2018-08-01,0
20677,2018-09-01,8
20677,2018-10-01,4
20677,2018-11-01,2
20677,2018-12-01,10
20677,2019-01-01,2
20677,2019-02-01,0
20677,2019-03-01,20
20677,2019-04-01,0
20677,2019-05-01,3
20677,2019-06-01,4
20677,2019-07-01,6
20677,2019-08-01,13
20677,2019-09-01,4
20677,2019-10-01,6
20677,2019-11-01,2
20677,2019-12-01,8
20677,2020-01-01,1
20677,2020-02-01,5
20677,2020-03-01,2
20677,2020-04-01,2
20677,2020-05-01,0
20677,2020-06-01,1
20677,2020-07-01,10
20677,2020-08-01,2
20677,2020-09-01,0
20677,2020-10-01,3
20677,2020-11-01,1
20677,2020-12-01,32
20677,2021-01-01,1
20677,2021-02-01,6
20677,2021-03-01,10
20677,2021-04-01,10
20677,2021-05-01,13
20677,2021-06-01,14
20677,2021-07-01,62
20677,2021-08-01,4
20677,2021-09-01,68
20677,2021-10-01,4
20677,2021-11-01,19
20677,2021-12-01,41
20677,2022-01-01,1
20677,2022-02-01,3
20677,2022-03-01,21
20677,2022-04-01,35
20677,2022-05-01,8
20677,2022-06-01,10
20677,2022-07-01,1
20677,2022-08-01,63
20677,2022-09-01,30
20677,2022-10-01,33
20677,2022-11-01,18
20677,2022-12-01,78
20677,2023-01-01,57
20677,2023-02-01,2
20677,2023-03-01,3
20677,2023-04-01,25
20677,2023-05-01,20
20677,2023-06-01,3
20677,2023-07-01,0
20677,2023-08-01,68
20677,2023-09-01,47
20677,2023-10-01,19
20677,2023-11-01,8
20677,2023-12-01,25
20677,2024-01-01,16
20677,2024-02-01,0
20677,2024-03-01,25
20677,2024-04-01,33
20677,2024-05-01,30
20677,2024-06-01,12
20677,2024-07-01,67
20677,2024-08-01,40
20677,2024-09-01,29
20677,2024-10-01,19
20677,2024-11-01,20
20677,2024-12-01,3
20677,2025-01-01,0
20677,2025-02-01,20
20677,2025-03-01,8
20677,2025-04-01,0
20677,2025-05-01,22
20677,2025-06-01,17
20677,2025-07-01,27
20677,2025-08-01,1
20677,2025-09-01,17
20677,2025-10-01,17
20677,2025-11-01,3
20677,2025-12-01,26
20677,2026-01-01,28
20677,2026-02-01,6
20677,2026-03-01,0
20677,2026-04-01,1
20677,2026-05-01,1
20677,2026-06-01,0
20678,2011-03-01,343
20678,2011-04-01,418
20678,2011-05-01,706
20678,2011-06-01,625
20678,2011-07-01,595
20678,2011-08-01,334
20678,2011-09-01,178
20678,2011-10-01,134
20678,2011-11-01,155
20678,2011-12-01,163
20678,2012-01-01,119
20678,2012-02-01,103
20678,2012-03-01,121
20678,2012-04-01,85
20678,2012-05-01,126
20678,2012-06-01,163
20678,2012-07-01,95
20678,2012-08-01,105
20678,2012-09-01,54
20678,2012-10-01,69
20678,2012-11-01,50
20678,2012-12-01,72
20678,2013-01-01,55
20678,2013-02-01,36
20678,2013-03-01,44
20678,2013-04-01,54
20678,2013-05-01,57
20678,2013-06-01,75
20678,2013-07-01,74
20678,2013-08-01,69
20678,2013-09-01,69
20678,2013-10-01,81
20678,2013-11-01,84
20678,2013-12-01,80
20678,2014-01-01,66
20678,2014-02-01,50
20678,2014-03-01,53
20678,2014-04-01,70
20678,2014-05-01,73
20678,2014-06-01,54
20678,2014-07-01,49
20678,2014-08-01,51
20678,2014-09-01,53
20678,2014-10-01,115
20678,2014-11-01,61
20678,2014-12-01,76
20678,2015-01-01,46
20678,2015-02-01,60
20678,2015-03-01,104
20678,2015-04-01,108
20678,2015-05-01,112
20678,2015-06-01,119
20678,2015-07-01,120
20678,2015-08-01,95
20678,2015-09-01,96
20678,2015-10-01,91
20678,2015-11-01,105
20678,2015-12-01,118
20678,2016-01-01,85
20678,2016-02-01,89
20678,2016-03-01,103
20678,2016-04-01,67
20678,2016-05-01,44
20678,2016-06-01,42
20678,2016-07-01,32
20678,2016-08-01,33
20678,2016-09-01,41
20678,2016-10-01,35
20678,2016-11-01,41
20678,2016-12-01,39
20678,2017-01-01,36
20678,2017-02-01,23
20678,2017-03-01,42
20678,2017-04-01,29
20678,2017-05-01,30
20678,2017-06-01,25
20678,2017-07-01,33
20678,2017-08-01,43
20678,2017-09-01,37
20678,2017-10-01,33
20678,2017-11-01,39
20678,2017-12-01,42
20678,2018-01-01,32
20678,2018-02-01,25
20678,2018-03-01,40
20678,2018-04-01,37
20678,2018-05-01,30
20678,2018-06-01,29
20678,2018-07-01,37
20678,2018-08-01,41
20678,2018-09-01,46
20678,2018-10-01,56
20678,2018-11-01,51
20678,2018-12-01,63
20678,2019-01-01,46
20678,2019-02-01,43
20678,2019-03-01,67
20678,2019-04-01,55
20678,2019-05-01,59
20678,2019-06-01,55
20678,2019-07-01,72
20678,2019-08-01,37
20678,2019-09-01,11
20678,2019-10-01,13
20678,2019-11-01,5
20678,2019-12-01,13
20678,2020-01-01,7
20678,2020-02-01,14
20678,2020-03-01,9
20678,2020-04-01,4
20678,2020-05-01,2
20678,2020-06-01,6
20678,2020-07-01,14
20678,2020-08-01,6
20678,2020-09-01,2
20678,2020-10-01,7
20678,2020-11-01,5
20678,2020-12-01,37
20678,2021-01-01,5
20678,2021-02-01,10
20678,2021-03-01,14
20678,2021-04-01,15
20678,2021-05-01,19
20678,2021-06-01,20
20678,2021-07-01,68
20678,2021-08-01,12
20678,2021-09-01,76
20678,2021-10-01,10
20678,2021-11-01,23
20678,2021-12-01,44
20678,2022-01-01,4
20678,2022-02-01,7
20678,2022-03-01,31
20678,2022-04-01,44
20678,2022-05-01,30
20678,2022-06-01,11
20678,2022-07-01,8
20678,2022-08-01,64
20678,2022-09-01,31
20678,2022-10-01,34
20678,2022-11-01,19
20678,2022-12-01,78
20678,2023-01-01,58
20678,2023-02-01,2
20678,2023-03-01,3
20678,2023-04-01,26
20678,2023-05-01,21
20678,2023-06-01,3
20678,2023-07-01,0
20678,2023-08-01,69
20678,2023-09-01,51
20678,2023-10-01,21
20678,2023-11-01,8
20678,2023-12-01,25
20678,2024-01-01,17
20678,2024-02-01,0
20678,2024-03-01,26
20678,2024-04-01,34
20678,2024-05-01,31
20678,2024-06-01,12
20678,2024-07-01,68
20678,2024-08-01,40
20678,2024-09-01,29
20678,2024-10-01,19
20678,2024-11-01,20
20678,2024-12-01,3
20678,2025-01-01,0
20678,2025-02-01,21
20678,2025-03-01,9
20678,2025-04-01,0
20678,2025-05-01,22
20678,2025-06-01,17
20678,2025-07-01,27
20678,2025-08-01,1
20678,2025-09-01,17
20678,2025-10-01,17
20678,2025-11-01,3
20678,2025-12-01,26
20678,2026-01-01,28
20678,2026-02-01,6
20678,2026-03-01,0
20678,2026-04-01,1
20678,2026-05-01,1
20678,2026-06-01,0
20683,2011-03-01,305.48152787710933
20683,2011-04-01,290.2418766972357
20683,2011-05-01,312.24365223089904
20683,2011-06-01,316.4850100595978
20683,2011-07-01,284.5279609171299
20683,2011-08-01,297.3144575323959
20683,2011-09-01,299.3305024569273
20683,2011-10-01,273.7431824366278
20683,2011-11-01,305.82947934218305
20683,2011-12-01,303.37546662295887
20683,2012-01-01,293.4812731635865
20683,2012-02-01,294.1435124258739
20683,2012-03-01,303.06848592471914
20683,2012-04-01,290.13001133212805
20683,2012-05-01,313.96266951930096
20683,2012-06-01,296.04896650983403
20683,2012-07-01,296.01122195263764
20683,2012-08-01,322.1578139724877
20683,2012-09-01,284.4003000096639
20683,2012-10-01,310.2196787707447
20683,2012-11-01,297.69881038310285
20683,2012-12-01,282.87449027374674
20683,2013-01-01,307.50025750687684
20683,2013-02-01,283.1110048763765
20683,2013-03-01,270.0247709868566
20683,2013-04-01,282.49364718055824
20683,2013-05-01,258.7642561086673
20683,2013-06-01,244.99700961796353
20683,2013-07-01,257.36815608585596
20683,2013-08-01,241.7866784279326
20683,2013-09-01,237.85020101934012
20683,2013-10-01,240.8398873506317
20683,2013-11-01,238.63109916385298
20683,2013-12-01,238.1070323506469
20683,2014-01-01,235.84249225219983
20683,2014-02-01,249.06539689911665
20683,2014-03-01,222.11205685757434
20683,2014-04-01,237.24222788151957
20683,2014-05-01,230.98292478059545
20683,2014-06-01,252.9150615881086
20683,2014-07-01,235.92339477073736
20683,2014-08-01,204.69007587992834
20683,2014-09-01,233.24938612235798
20683,2014-10-01,225.8265600302211
20683,2014-11-01,197.41402609441803
20683,2014-12-01,196.91489824459018
20683,2015-01-01,188.0140669765234
20683,2015-02-01,177.82298836142215
20683,2015-03-01,189.44065855216803
20683,2015-04-01,182.47316456632223
20683,2015-05-01,170.7270055232545
20683,2015-06-01,176.00467077051806
20683,2015-07-01,177.40244477972234
20683,2015-08-01,155.46132151975627
20683,2015-09-01,168.174806012418
20683,2015-10-01,146.5000331486003
20683,2015-11-01,151.2858706802697
20683,2015-12-01,155.1210442042734
20683,2016-01-01,132.58606839986078
20683,2016-02-01,136.4432929167357
20683,2016-03-01,124.18527242526379
20683,2016-04-01,114.47741376787883
20683,2016-05-01,112.65558903327502
20683,2016-06-01,108.76390622809345
20683,2016-07-01,100.61344401947676
20683,2016-08-01,108.39674806813161
20683,2016-09-01,94.80375189027994
20683,2016-10-01,92.14772868314981
20683,2016-11-01,97.79491740037497
20683,2016-12-01,94.55128105029641
20683,2017-01-01,87.21588733815513
20683,2017-02-01,81.37707647752667
20683,2017-03-01,87.45007854007304
20683,2017-04-01,70.5501957900202
20683,2017-05-01,80.12965675431528
20683,2017-06-01,78.32572072331185
20683,2017-07-01,74.75878590568519
20683,2017-08-01,78.09302780446598
20683,2017-09-01,78.94149695636924
20683,2017-10-01,80.7561548191482
20683,2017-11-01,79.201046141544
20683,2017-12-01,77.86000390188613
20683,2018-01-01,86.52623798247005
20683,2018-02-01,83.27821074561103
20683,2018-03-01,87.53735657892125
20683,2018-04-01,89.29861383111329
20683,2018-05-01,79.46355876902034
20683,2018-06-01,77.00936290260341
20683,2018-07-01,76.74222567726883
20683,2018-08-01,78.00805766214417
20683,2018-09-01,69.09140634574479
20683,2018-10-01,76.04649853366037
20683,2018-11-01,73.70968472922021
20683,2018-12-01,68.05375500787594
20683,2019-01-01,69.73485057054526
20683,2019-02-01,69.29137981926878
20683,2019-03-01,63.96503144241985
20683,2019-04-01,68.885658191885625
20683,2019-05-01,72.4348669274082
20683,2019-06-01,60.221386482540396
20683,2019-07-01,73.83530504949177
20683,2019-08-01,64.76819164642043
20683,2019-09-01,64.80022765030508
20683,2019-10-01,66.88454187973855
20683,2019-11-01,60.03503819709681
20683,2019-12-01,64.06083496540364
20683,2020-01-01,63.927083693229456
20683,2020-02-01,63.986232650404276
20683,2020-03-01,58.05698193647081
20683,2020-04-01,46.53510732973399
20683,2020-05-01,37.021405342046634
20683,2020-06-01,42.084937606519496
20683,2020-07-01,44.66375772625303
20683,2020-08-01,40.173597656082705
20683,2020-09-01,42.705357837577395
20683,2020-10-01,42.33085810422724
20683,2020-11-01,37.70395163837239
20683,2020-12-01,45.04004035270809
20683,2021-01-01,39.508337918083406
20683,2021-02-01,46.39506005757934
20683,2021-03-01,47.16117447508766
20683,2021-04-01,48.10223860173619
20683,2021-05-01,50.40340141153596
20683,2021-06-01,55.29808318929314
20683,2021-07-01,53.933103099834064
20683,2021-08-01,57.43204736222
20683,2021-09-01,58.36438955747979
20683,2021-10-01,55.36635801461576
20683,2021-11-01,57.372103438836476
20683,2021-12-01,68.391318390096
20683,2022-01-01,63.3096361357657
20683,2022-02-01,66.45937668075325
20683,2022-03-01,72.41910850436183
20683,2022-04-01,71.03265289212922
20683,2022-05-01,76.15930710760314
20683,2022-06-01,77.44178318448182
20683,2022-07-01,71.46372549322085
20683,2022-08-01,76.11809352016502
20683,2022-09-01,69.81110493668211
20683,2022-10-01,70.16175410771764
20683,2022-11-01,56.97102234903357
20683,2022-12-01,53.72228959130703
20683,2023-01-01,50.25381067597117
20683,2023-02-01,46.46403136576022
20683,2023-03-01,40.22963023219997
20683,2023-04-01,34.175443790106414
20683,2023-05-01,34.43726934545739
20683,2023-06-01,32.22338251403253
20683,2023-07-01,24.37819241077456
20683,2023-08-01,27.696867591556668
20683,2023-09-01,30.500631548388334
20683,2023-10-01,29.479940525850562
20683,2023-11-01,29.202852364074822
20683,2023-12-01,27.515914589183584
20683,2024-01-01,36.93060424577887
20683,2024-02-01,31.638629946024597
20683,2024-03-01,27.10673721803745
20683,2024-04-01,29.621857528242856
20683,2024-05-01,24.004504529909113
20683,2024-06-01,25.045673727301796
20683,2024-07-01,29.22482547577906
20683,2024-08-01,27.819004905345007
20683,2024-09-01,22.90696852921732
20683,2024-10-01,27.575928320471345
20683,2024-11-01,21.67095595059617
20683,2024-12-01,23.458925988293277
20683,2025-01-01,24.123085066943474
20683,2025-02-01,25.860812039022647
20683,2025-03-01,23.117203547443193
20683,2025-04-01,23.979968520318156
20683,2025-05-01,24.185745644590313
20683,2025-06-01,24.943701361853982
20683,2025-07-01,21.844576234810134
20683,2025-08-01,17.806888307443533
20683,2025-09-01,19.160016458286812
20683,2025-10-01,20.198394538541432
20683,2025-11-01,20.78242423026543
20683,2025-12-01,21.396241754718456
20683,2026-01-01,6.641860748112144
20683,2026-02-01,4.686840339111073
20683,2026-03-01,5.028098377664163
20683,2026-04-01,3.1036758914726046
20683,2026-05-01,2.9197905156972244
20683,2026-06-01,2.9654732911988444
20667,2011-03-01,1516.078560029677
20667,2011-04-01,1581.2578488345907
20667,2011-05-01,1818.2101505635474
20667,2011-06-01,1910.2796380617376
20667,2011-07-01,1862.7397213212812
20667,2011-08-01,1920.1511407776998
20667,2011-09-01,1898.7409548622084
20667,2011-10-01,1869.6844507255685
20667,2011-11-01,2027.946147778495
20667,2011-12-01,2120.133290940976
20667,2012-01-01,2066.024218867153
20667,2012-02-01,1972.5895634914534
20667,2012-03-01,2375.742372529423
20667,2012-04-01,2260.1345765039964
20667,2012-05-01,2434.295529833537
20667,2012-06-01,2648.389698680151
20667,2012-07-01,2716.536983566814
20667,2012-08-01,2919.848199868523
20667,2012-09-01,2590.4809992530236
20667,2012-10-01,2825.6400288354894
20667,2012-11-01,2731.1499928448543
20667,2012-12-01,2614.3192314468733
20667,2013-01-01,2673.128917892222
20667,2013-02-01,2590.5483846821253
20667,2013-03-01,2562.196751077698
20667,2013-04-01,2712.3163954535053
20667,2013-05-01,2718.3253961407095
20667,2013-06-01,2524.98426635837
20667,2013-07-01,2456.066682577264
20667,2013-08-01,2434.721461555998
20667,2013-09-01,2467.460586907421
20667,2013-10-01,2566.471595184369
20667,2013-11-01,2587.66317294978
20667,2013-12-01,2523.9498614063414
20667,2014-01-01,2509.80873890226
20667,2014-02-01,2628.741192527576
20667,2014-03-01,2193.712466184667
20667,2014-04-01,2573.1513671662346
20667,2014-05-01,2396.665823775389
20667,2014-06-01,2374.93737621695
20667,2014-07-01,2643.5000932766393
20667,2014-08-01,2500.9445743429305
20667,2014-09-01,2789.5848495187583
20667,2014-10-01,2638.7873580042565
20667,2014-11-01,2533.764945388041
20667,2014-12-01,2782.618527289738
20667,2015-01-01,2806.5259162120346
20667,2015-02-01,2997.913653802956
20667,2015-03-01,3573.9831739645
20667,2015-04-01,3512.532935614686
20667,2015-05-01,2951.314603460153
20667,2015-06-01,3272.4392868663476
20667,2015-07-01,3446.6207955761447
20667,2015-08-01,3292.431064051058
20667,2015-09-01,3574.952919476539
20667,2015-10-01,3013.131386552998
20667,2015-11-01,3356.769875130657
20667,2015-12-01,3256.610963127968
20667,2016-01-01,3077.3898215894214
20667,2016-02-01,2752.3645532769747
20667,2016-03-01,2601.0161679228795
20667,2016-04-01,2348.406340700395
20667,2016-05-01,2327.8237365366463
20667,2016-06-01,2513.5537719818185
20667,2016-07-01,2288.4077000839084
20667,2016-08-01,2443.920552239582
20667,2016-09-01,2211.471923640052
20667,2016-10-01,2257.3529671731176
20667,2016-11-01,2211.2680389559655
20667,2016-12-01,2216.6060755271487
20667,2017-01-01,2159.617315183928
20667,2017-02-01,2120.5612525739593
20667,2017-03-01,2210.1775519266134
20667,2017-04-01,1849.1942407986573
20667,2017-05-01,2083.996343976776
20667,2017-06-01,1912.580600661628
20667,2017-07-01,1659.2906906388375
20667,2017-08-01,1759.569807132075
20667,2017-09-01,1775.9340068160789
20667,2017-10-01,1887.7134169724345
20667,2017-11-01,1960.3689481514295
20667,2017-12-01,1949.533656628254
20667,2018-01-01,2086.612239632283
20667,2018-02-01,2007.9425529628556
20667,2018-03-01,1932.668559752413
20667,2018-04-01,2110.13827433381
20667,2018-05-01,2077.7305106356166
20667,2018-06-01,2285.3217915065393
20667,2018-07-01,2412.459652526488
20667,2018-08-01,2470.09152375448
20667,2018-09-01,2217.5471831089744
20667,2018-10-01,2465.124226865194
20667,2018-11-01,2364.31172001795
20667,2018-12-01,2229.9094213986264
20667,2019-01-01,2457.660146832105
20667,2019-02-01,2700.3801663886306
20667,2019-03-01,2321.2796674526535
20667,2019-04-01,2811.502811595555
20667,2019-05-01,3093.0565573996428
20667,2019-06-01,2933.5292724945753
20667,2019-07-01,3457.121807266066
20667,2019-08-01,3374.446069374984
20667,2019-09-01,3658.7782888014176
20667,2019-10-01,3475.970752816594
20667,2019-11-01,3146.214797236235
20667,2019-12-01,3421.5505967882923
20667,2020-01-01,3476.5975287388223
20667,2020-02-01,3268.825490110381
20667,2020-03-01,5223.930317712931
20667,2020-04-01,8793.613022133906
20667,2020-05-01,8961.098446029982
20667,2020-06-01,6887.780147535147
20667,2020-07-01,4929.949916742952
20667,2020-08-01,3967.307668839088
20667,2020-09-01,3758.7575532047085
20667,2020-10-01,3554.3239623341105
20667,2020-11-01,3591.4255952653607
20667,2020-12-01,3536.1950857530783
20667,2021-01-01,3521.691158961249
20667,2021-02-01,3671.247783087187
20667,2021-03-01,3941.5900741050077
20667,2021-04-01,4056.495300814821
20667,2021-05-01,3764.3710582554045
20667,2021-06-01,3920.6191865011688
20667,2021-07-01,4018.1251383340455
20667,2021-08-01,4271.680691549723
20667,2021-09-01,4663.858028125162
20667,2021-10-01,4549.478685057569
20667,2021-11-01,4977.958576149043
20667,2021-12-01,5509.064090979867
20667,2022-01-01,4790.628471959852
20667,2022-02-01,5522.296519116699
20667,2022-03-01,5280.057127009059
20667,2022-04-01,5337.357050043007
20667,2022-05-01,5652.8290300337385
20667,2022-06-01,5600.766352327121
20667,2022-07-01,5441.879050584073
20667,2022-08-01,5940.847380154736
20667,2022-09-01,6322.025739247546
20667,2022-10-01,6491.1497064319055
20667,2022-11-01,6930.187847266083
20667,2022-12-01,6787.648407637583
20667,2023-01-01,7180.075672743465
20667,2023-02-01,6736.62531315684
20667,2023-03-01,7141.826094754874
20667,2023-04-01,6313.810803886571
20667,2023-05-01,7021.24581569387
20667,2023-06-01,6633.900206126337
20667,2023-07-01,6942.517460467415
20667,2023-08-01,7435.518444456721
20667,2023-09-01,6441.38726684807
20667,2023-10-01,6259.832562752032
20667,2023-11-01,5929.638185590622
20667,2023-12-01,5528.226849565516
20667,2024-01-01,6179.325369465872
20667,2024-02-01,5419.985113858862
20667,2024-03-01,4383.41270367995
20667,2024-04-01,5344.2890928154675
20667,2024-05-01,4843.9308020864855
20667,2024-06-01,4779.569848016773
20667,2024-07-01,5402.659855831506
20667,2024-08-01,4893.639247045722
20667,2024-09-01,4367.010963053529
20667,2024-10-01,4336.143662390159
20667,2024-11-01,4180.097473667514
20667,2024-12-01,4609.106582631936
20667,2025-01-01,4642.798433097125
20667,2025-02-01,4550.392179942461
20667,2025-03-01,3785.652743496907
20667,2025-04-01,4527.981959033862
20667,2025-05-01,4729.545137409866
20667,2025-06-01,4474.37635723478
20667,2025-07-01,4382.9331255998895
20667,2025-08-01,4197.915589169394
20667,2025-09-01,4417.02273517685
20667,2025-10-01,4625.48858380714
20667,2025-11-01,4305.686734672335
20667,2025-12-01,4332.776268899522
20667,2026-01-01,4059.9545680541123
20667,2026-02-01,4171.041093354057
20667,2026-03-01,4290.033454286771
20667,2026-04-01,4242.249857105881
20667,2026-05-01,4413.227073535055
20667,2026-06-01,4898.7012767069245
20684,2011-03-01,1906.6431427783536
20684,2011-04-01,1771.0011192411691
20684,2011-05-01,1830.4499138031392
20684,2011-06-01,1947.0602384048043
20684,2011-07-01,1762.6605283220379
20684,2011-08-01,1663.4395576065706
20684,2011-09-01,1584.226461509169
20684,2011-10-01,1575.6791195120347
20684,2011-11-01,1697.5454095923399
20684,2011-12-01,1910.147132241133
20684,2012-01-01,1862.5560373757232
20684,2012-02-01,2014.0096383237078
20684,2012-03-01,1887.6513782682089
20684,2012-04-01,1823.9024683254306
20684,2012-05-01,1744.3813287955047
20684,2012-06-01,1616.8631306842651
20684,2012-07-01,1602.0206645668034
20684,2012-08-01,1749.5376399874608
20684,2012-09-01,1578.0624524179877
20684,2012-10-01,1745.964026647086
20684,2012-11-01,1636.4881178716273
20684,2012-12-01,1558.9405111322062
20684,2013-01-01,1751.5849452108475
20684,2013-02-01,1671.2929973207958
20684,2013-03-01,2007.7434845360297
20684,2013-04-01,2383.586244641763
20684,2013-05-01,2327.3217617038104
20684,2013-06-01,2209.3574169720196
20684,2013-07-01,2314.837249982839
20684,2013-08-01,2435.683385206156
20684,2013-09-01,2360.492850521071
20684,2013-10-01,2417.9540441407744
20684,2013-11-01,2632.866372120231
20684,2013-12-01,2788.0173640314756
20684,2014-01-01,2947.290458937156
20684,2014-02-01,3110.387587894195
20684,2014-03-01,2504.3066044344523
20684,2014-04-01,2679.5955518453266
20684,2014-05-01,2708.0490221888513
20684,2014-06-01,2520.0187985824996
20684,2014-07-01,2891.469418229425
20684,2014-08-01,2656.1235542909367
20684,2014-09-01,3286.965989846858
20684,2014-10-01,3355.037962362255
20684,2014-11-01,2856.622569153293
20684,2014-12-01,2706.7445060277523
20684,2015-01-01,1583.0299660918681
20684,2015-02-01,1531.498636209009
20684,2015-03-01,1797.8017829355076
20684,2015-04-01,1825.1883316347794
20684,2015-05-01,1642.075171071033
20684,2015-06-01,1725.708146303799
20684,2015-07-01,2401.2210694020205
20684,2015-08-01,1700.5781882076305
20684,2015-09-01,1823.1833637630807
20684,2015-10-01,1623.5656366164098
20684,2015-11-01,1741.1167398552243
20684,2015-12-01,2342.9778780739657
20684,2016-01-01,1595.7064812289138
20684,2016-02-01,1780.6268301269122
20684,2016-03-01,1436.2382822288812
20684,2016-04-01,1581.4157766193725
20684,2016-05-01,1761.7899035603537
20684,2016-06-01,1910.7567611151267
20684,2016-07-01,1826.2277647085891
20684,2016-08-01,2029.9651916068099
20684,2016-09-01,1532.2575221822997
20684,2016-10-01,1426.6567875216786
20684,2016-11-01,1716.4376344282673
20684,2016-12-01,2200.065786367745
20684,2017-01-01,1771.152300347625
20684,2017-02-01,1334.9717997392415
20684,2017-03-01,1696.2056374605963
20684,2017-04-01,1463.554607444222
20684,2017-05-01,1545.5606508726246
20684,2017-06-01,1711.087946173592
20684,2017-07-01,1657.4452925648623
20684,2017-08-01,1630.1529367782816
20684,2017-09-01,1775.626513036213
20684,2017-10-01,1681.163018535081
20684,2017-11-01,1569.895148221887
20684,2017-12-01,1602.701841747802
20684,2018-01-01,1731.3489041561115
20684,2018-02-01,1566.5681812192809
20684,2018-03-01,1822.217283116459
20684,2018-04-01,1800.2750632066472
20684,2018-05-01,1837.0233594278745
20684,2018-06-01,1961.1389439718016
20684,2018-07-01,1988.0671383374927
20684,2018-08-01,2302.8085834369704
20684,2018-09-01,2009.9988548121535
20684,2018-10-01,2417.99961484871
20684,2018-11-01,2535.7504889330266
20684,2018-12-01,2287.626413476447
20684,2019-01-01,2360.651136688201
20684,2019-02-01,2621.2842372552955
20684,2019-03-01,2437.0244126564494
20684,2019-04-01,2840.8679710976485
20684,2019-05-01,2785.7979745253474
20684,2019-06-01,2188.364052490019
20684,2019-07-01,2507.663421679242
20684,2019-08-01,2557.5449131193805
20684,2019-09-01,2568.7046942602374
20684,2019-10-01,2416.212167752036
20684,2019-11-01,2363.803299507716
20684,2019-12-01,2594.25839262278
20684,2020-01-01,2562.969682903436
20684,2020-02-01,2674.593353995859
20684,2020-03-01,2525.937095830981
20684,2020-04-01,2612.961625460004
20684,2020-05-01,2484.951724539542
20684,2020-06-01,2326.0491592916596
20684,2020-07-01,2353.8420114024248
20684,2020-08-01,2404.1470600772172
20684,2020-09-01,2535.4226739937108
20684,2020-10-01,2462.8680351998164
20684,2020-11-01,2236.5955031167077
20684,2020-12-01,2376.8093100958827
20684,2021-01-01,2067.8989050945956
20684,2021-02-01,2056.8130064869224
20684,2021-03-01,2085.3719916610708
20684,2021-04-01,1875.646562581563
20684,2021-05-01,2070.3261070209396
20684,2021-06-01,2245.9317353302795
20684,2021-07-01,2273.4456495190025
20684,2021-08-01,2202.0395275579967
20684,2021-09-01,2330.8003013911903
20684,2021-10-01,2443.5249083427384
20684,2021-11-01,2727.3426908631413
20684,2021-12-01,2815.4122347261527
20684,2022-01-01,2526.5826462370396
20684,2022-02-01,2638.3421366477673
20684,2022-03-01,2753.0994092926994
20684,2022-04-01,3294.077657934118
20684,2022-05-01,2649.6100059119453
20684,2022-06-01,2752.7338581721388
20684,2022-07-01,2548.032184174334
20684,2022-08-01,2669.2652132638004
20684,2022-09-01,3392.8230903073545
20684,2022-10-01,2641.2460555602283
20684,2022-11-01,2821.6030499288595
20684,2022-12-01,2741.2845525840157
20684,2023-01-01,3092.485576609345
20684,2023-02-01,3243.6186960216914
20684,2023-03-01,3364.2067438158483
20684,2023-04-01,3109.595935434185
20684,2023-05-01,3470.566498340085
20684,2023-06-01,2933.7012251240362
20684,2023-07-01,3328.8811725562564
20684,2023-08-01,3203.305595269921
20684,2023-09-01,3079.2679165050527
20684,2023-10-01,4095.417123076374
20684,2023-11-01,3215.2958111696976
20684,2023-12-01,2883.040264567018
20684,2024-01-01,3806.0481057026636
20684,2024-02-01,3035.1321818256943
20684,2024-03-01,3013.4829890131605
20684,2024-04-01,3638.735340115349
20684,2024-05-01,3487.490297790116
20684,2024-06-01,3567.0177966264623
20684,2024-07-01,3853.407693169752
20684,2024-08-01,3699.3594497327704
20684,2024-09-01,3482.561881036637
20684,2024-10-01,3789.4854215700666
20684,2024-11-01,3205.087256766444
20684,2024-12-01,3449.884958775825
20684,2025-01-01,3852.3113681576433
20684,2025-02-01,3581.000315483936
20684,2025-03-01,2932.2567297575024
20684,2025-04-01,3360.483647591303
20684,2025-05-01,3525.1911291771826
20684,2025-06-01,3390.561725335677
20684,2025-07-01,2897.2527835255805
20684,2025-08-01,3418.625482839398
20684,2025-09-01,4273.8980135330185
20684,2025-10-01,3268.231818392123
20684,2025-11-01,3553.7201819367183
20684,2025-12-01,3755.51215594966
20684,2026-01-01,3478.6565902902194
20684,2026-02-01,3545.3502446582543
20684,2026-03-01,3805.667556137858
20684,2026-04-01,3443.720667524313
20684,2026-05-01,3084.4285317449735
20684,2026-06-01,3768.567227027279
20663,2011-03-01,25574.775029025346
20663,2011-04-01,25823.860772197884
20663,2011-05-01,25820.834956633993
20663,2011-06-01,27096.835907483215
20663,2011-07-01,27982.014031322688
20663,2011-08-01,27637.64911446482
20663,2011-09-01,28414.448641780087
20663,2011-10-01,25558.191622400278
20663,2011-11-01,27854.700303977068
20663,2011-12-01,29902.901303028175
20663,2012-01-01,25855.517242233658
20663,2012-02-01,26490.655814607115
20663,2012-03-01,28180.865344671784
20663,2012-04-01,26780.736563211278
20663,2012-05-01,27898.92217963301
20663,2012-06-01,29877.208470667625
20663,2012-07-01,27596.735549811714
20663,2012-08-01,31071.08821124356
20663,2012-09-01,24649.182514740944
20663,2012-10-01,27473.575227362282
20663,2012-11-01,27890.31138409939
20663,2012-12-01,27839.490365232796
20663,2013-01-01,29123.50406056372
20663,2013-02-01,30031.63333266001
20663,2013-03-01,29518.95943477281
20663,2013-04-01,32221.453799369283
20663,2013-05-01,30638.180490981773
20663,2013-06-01,30122.031830976928
20663,2013-07-01,29670.470805672732
20663,2013-08-01,33703.45336306192
20663,2013-09-01,29852.875893147313
20663,2013-10-01,30208.256408254503
20663,2013-11-01,31173.584913307317
20663,2013-12-01,30721.233099250938
20663,2014-01-01,32527.11479851053
20663,2014-02-01,36767.76423284978
20663,2014-03-01,29328.73604963414
20663,2014-04-01,29885.9331894133
20663,2014-05-01,31448.52768054262
20663,2014-06-01,29670.92932903247
20663,2014-07-01,30408.862103130803
20663,2014-08-01,30129.799559253428
20663,2014-09-01,30823.437605220995
20663,2014-10-01,37384.100043938146
20663,2014-11-01,34024.95672531312
20663,2014-12-01,31926.355819211843
20663,2015-01-01,30827.342898581173
20663,2015-02-01,28489.723538355054
20663,2015-03-01,30126.321959357632
20663,2015-04-01,28014.49677657757
20663,2015-05-01,27370.95828745239
20663,2015-06-01,26477.749153034238
20663,2015-07-01,28559.133550055278
20663,2015-08-01,26719.355967961157
20663,2015-09-01,26123.849000335445
20663,2015-10-01,23500.455138815716
20663,2015-11-01,25917.811452071215
20663,2015-12-01,25818.44399657366
20663,2016-01-01,24386.747034717624
20663,2016-02-01,24940.050255076283
20663,2016-03-01,23961.243226899536
20663,2016-04-01,25151.05201627085
20663,2016-05-01,23640.172184176536
20663,2016-06-01,26182.10646967582
20663,2016-07-01,25776.371431677944
20663,2016-08-01,25019.3064799118
20663,2016-09-01,22841.470926754944
20663,2016-10-01,24260.03115298512
20663,2016-11-01,24446.33550043849
20663,2016-12-01,26075.281578350685
20663,2017-01-01,25688.55821933545
20663,2017-02-01,26842.285815239906
20663,2017-03-01,29492.240231001397
20663,2017-04-01,25572.863900046686
20663,2017-05-01,28209.43309604778
20663,2017-06-01,29627.18028237214
20663,2017-07-01,28242.415164383336
20663,2017-08-01,28703.883897704934
20663,2017-09-01,28826.072943501174
20663,2017-10-01,28579.30150683281
20663,2017-11-01,29725.740539908897
20663,2017-12-01,30746.955103288365
20663,2018-01-01,30571.069116929688
20663,2018-02-01,31287.9097396064
20663,2018-03-01,32713.45687645743
20663,2018-04-01,32766.147155430233
20663,2018-05-01,31718.446105972704
20663,2018-06-01,32604.825153610636
20663,2018-07-01,31733.484749798426
20663,2018-08-01,35074.49738920954
20663,2018-09-01,32623.11644669719
20663,2018-10-01,34103.541325806196
20663,2018-11-01,36209.079739348075
20663,2018-12-01,35465.654035833635
20663,2019-01-01,37343.53338892422
20663,2019-02-01,40715.897999610104
20663,2019-03-01,38156.89401289759
20663,2019-04-01,37455.4262772489
20663,2019-05-01,40176.24079503046
20663,2019-06-01,38740.80994424334
20663,2019-07-01,40265.98635001933
20663,2019-08-01,41928.467954094136
20663,2019-09-01,41599.98216519407
20663,2019-10-01,44015.45958171865
20663,2019-11-01,43146.10668690575
20663,2019-12-01,44408.62786826152
20663,2020-01-01,45101.56630444961
20663,2020-02-01,44617.38629316595
20663,2020-03-01,42854.77070478207
20663,2020-04-01,36987.61714507405
20663,2020-05-01,35992.65008819091
20663,2020-06-01,40958.91097756151
20663,2020-07-01,43382.0809036432
20663,2020-08-01,43904.05651688731
20663,2020-09-01,45524.93054324789
20663,2020-10-01,50511.043026822124
20663,2020-11-01,49234.35582277438
20663,2020-12-01,47381.57915439252
20663,2021-01-01,38558.42845645473
20663,2021-02-01,43393.39171587157
20663,2021-03-01,45104.01517636656
20663,2021-04-01,49494.07185778198
20663,2021-05-01,50655.3876650256
20663,2021-06-01,51001.21078240647
20663,2021-07-01,53474.10033940093
20663,2021-08-01,50844.759363688834
20663,2021-09-01,51029.426237287305
20663,2021-10-01,49583.563539309165
20663,2021-11-01,46117.79194263437
20663,2021-12-01,47122.40229434623
20663,2022-01-01,41337.042317522326
20663,2022-02-01,42282.592992063575
20663,2022-03-01,46914.79074754477
20663,2022-04-01,53222.19925610616
20663,2022-05-01,47509.38624756187
20663,2022-06-01,47217.23557258807
20663,2022-07-01,46460.87735989593
20663,2022-08-01,45660.676823823705
20663,2022-09-01,47545.94235275016
20663,2022-10-01,53510.39597962678
20663,2022-11-01,46405.54122733279
20663,2022-12-01,47802.05372628774
20663,2023-01-01,47236.31341045683
20663,2023-02-01,44631.92340168098
20663,2023-03-01,48850.42088129105
20663,2023-04-01,42044.23502070916
20663,2023-05-01,44724.88842635097
20663,2023-06-01,46139.316718625814
20663,2023-07-01,45383.492381938486
20663,2023-08-01,48457.3736530892
20663,2023-09-01,50051.044685174376
20663,2023-10-01,50181.88660941924
20663,2023-11-01,53452.39627844916
20663,2023-12-01,53487.056988535354
20663,2024-01-01,55515.969025441744
20663,2024-02-01,57315.57549444876
20663,2024-03-01,56700.10287087106
20663,2024-04-01,59865.56941091684
20663,2024-05-01,59864.53446063787
20663,2024-06-01,61243.96523138464
20663,2024-07-01,61353.31418176741
20663,2024-08-01,63759.71833796694
20663,2024-09-01,59827.38083156593
20663,2024-10-01,61282.14872743827
20663,2024-11-01,61155.40635977339
20663,2024-12-01,58291.0268883866
20663,2025-01-01,61828.43999351562
20663,2025-02-01,62825.493353370686
20663,2025-03-01,61373.51014898989
20663,2025-04-01,60595.08428739295
20663,2025-05-01,61444.69451677661
20663,2025-06-01,60562.859884423066
20663,2025-07-01,61944.750036140984
20663,2025-08-01,62837.629502905285
20663,2025-09-01,65505.64696708607
20663,2025-10-01,69346.23663265276
20663,2025-11-01,65468.43422949997
20663,2025-12-01,67466.23326432875
20663,2026-01-01,68592.89512004057
20663,2026-02-01,67676.870241543
20663,2026-03-01,75358.59548607345
20663,2026-04-01,69373.83266267642
20663,2026-05-01,68716.09120786712
20663,2026-06-01,67932.6676469223
20664,2011-03-01,55175.58193347746
20664,2011-04-01,54111.753873721944
20664,2011-05-01,56394.902672762815
20664,2011-06-01,59276.207574063905
20664,2011-07-01,58575.721017218304
20664,2011-08-01,60019.78628301568
20664,2011-09-01,61373.67640587103
20664,2011-10-01,60101.63541827742
20664,2011-11-01,61122.32994636842
20664,2011-12-01,62552.62882727625
20664,2012-01-01,60698.38840780259
20664,2012-02-01,61869.00302284274
20664,2012-03-01,65216.16708536455
20664,2012-04-01,62877.97756826942
20664,2012-05-01,64350.97404070144
20664,2012-06-01,62610.23337184704
20664,2012-07-01,60605.91017784149
20664,2012-08-01,58684.63161227018
20664,2012-09-01,64794.60067266916
20664,2012-10-01,68043.60976842343
20664,2012-11-01,66502.75819978767
20664,2012-12-01,67254.42275126677
20664,2013-01-01,69980.96894369829
20664,2013-02-01,70057.81271017778
20664,2013-03-01,69218.95630875597
20664,2013-04-01,72195.85848625416
20664,2013-05-01,70516.36080141095
20664,2013-06-01,72522.34286390088
20664,2013-07-01,73784.76491393453
20664,2013-08-01,73768.1916828727
20664,2013-09-01,73033.87242954697
20664,2013-10-01,75208.14286861436
20664,2013-11-01,75699.26372312616
20664,2013-12-01,76628.90879152592
20664,2014-01-01,76682.27091622862
20664,2014-02-01,80911.88195110048
20664,2014-03-01,77931.11947602562
20664,2014-04-01,79218.10235428206
20664,2014-05-01,80384.86803308493
20664,2014-06-01,78931.71217603757
20664,2014-07-01,82247.97515691437
20664,2014-08-01,82370.14341594445
20664,2014-09-01,84764.95915701226
20664,2014-10-01,83048.86733407648
20664,2014-11-01,80699.3654491779
20664,2014-12-01,84928.76978015769
20664,2015-01-01,86859.60826704325
20664,2015-02-01,83083.81339482435
20664,2015-03-01,86426.46214539846
20664,2015-04-01,84871.34162425254
20664,2015-05-01,87356.30258589063
20664,2015-06-01,86384.49049778811
20664,2015-07-01,84660.05192347291
20664,2015-08-01,84896.42295180088
20664,2015-09-01,86199.46861367497
20664,2015-10-01,86733.01014427187
20664,2015-11-01,84087.49823335756
20664,2015-12-01,85233.94073922082
20664,2016-01-01,84157.6818244687
20664,2016-02-01,85153.74090113412
20664,2016-03-01,86339.1669250822
20664,2016-04-01,87278.40831614974
20664,2016-05-01,86357.98748638848
20664,2016-06-01,88459.7747850467
20664,2016-07-01,88235.90014164004
20664,2016-08-01,89496.29472222783
20664,2016-09-01,88492.68684420972
20664,2016-10-01,89587.24620086385
20664,2016-11-01,91679.45003023189
20664,2016-12-01,91066.50070038214
20664,2017-01-01,89660.8714741189
20664,2017-02-01,85098.63396424368
20664,2017-03-01,98553.0781749366
20664,2017-04-01,90930.34348589541
20664,2017-05-01,94372.56634628461
20664,2017-06-01,95079.20922752103
20664,2017-07-01,95394.12326362461
20664,2017-08-01,95089.28062208455
20664,2017-09-01,97389.48761192826
20664,2017-10-01,96441.2240842392
20664,2017-11-01,97971.0202072368
20664,2017-12-01,97559.52263793773
20664,2018-01-01,100832.29556718879
20664,2018-02-01,100040.76588819985
20664,2018-03-01,102481.62931897216
20664,2018-04-01,102049.10567139073
20664,2018-05-01,102687.48117980259
20664,2018-06-01,105855.02478234499
20664,2018-07-01,101481.6192980933
20664,2018-08-01,108726.56155203453
20664,2018-09-01,104814.3004689059
20664,2018-10-01,106393.35904230163
20664,2018-11-01,114634.13321307019
20664,2018-12-01,110800.57047482795
20664,2019-01-01,113736.35929205603
20664,2019-02-01,116935.98928162977
20664,2019-03-01,112820.15874612148
20664,2019-04-01,117301.7700530476
20664,2019-05-01,120770.02766747728
20664,2019-06-01,120398.77535095946
20664,2019-07-01,124556.30681652486
20664,2019-08-01,125297.79041923978
20664,2019-09-01,123215.23883664414
20664,2019-10-01,126348.47171423845
20664,2019-11-01,126921.17750588746
20664,2019-12-01,128867.29053797969
20664,2020-01-01,129227.35623201201
20664,2020-02-01,127810.46568493062
20664,2020-03-01,114209.135618603
20664,2020-04-01,92156.24670163354
20664,2020-05-01,97971.77675067633
20664,2020-06-01,105413.132028607
20664,2020-07-01,111368.69747350097
20664,2020-08-01,116132.67778094747
20664,2020-09-01,122674.59412412421
20664,2020-10-01,126173.39920213926
20664,2020-11-01,125616.64459358498
20664,2020-12-01,127377.31882009257
20664,2021-01-01,128655.92090469082
20664,2021-02-01,132463.58853426907
20664,2021-03-01,131533.32932490372
20664,2021-04-01,134730.46530677765
20664,2021-05-01,148501.31838144895
20664,2021-06-01,151768.3526968535
20664,2021-07-01,154582.74159623575
20664,2021-08-01,157898.481784343
20664,2021-09-01,163080.86018121647
20664,2021-10-01,167188.91592407416
20664,2021-11-01,171569.1440094872
20664,2021-12-01,172705.30561868462
20664,2022-01-01,176344.69728488996
20664,2022-02-01,179326.2418797548
20664,2022-03-01,199653.78817530422
20664,2022-04-01,200182.9051580456
20664,2022-05-01,203245.64013729632
20664,2022-06-01,203564.62511244335
20664,2022-07-01,206993.96616987226
20664,2022-08-01,206911.36157802746
20664,2022-09-01,209598.4901899239
20664,2022-10-01,208733.31131029106
20664,2022-11-01,190138.7309023196
20664,2022-12-01,193106.01558169117
20664,2023-01-01,191360.72637913132
20664,2023-02-01,194524.21128054432
20664,2023-03-01,203686.10958486568
20664,2023-04-01,198565.40839858548
20664,2023-05-01,203382.81597472483
20664,2023-06-01,206332.97691427337
20664,2023-07-01,203910.25393573448
20664,2023-08-01,207836.58780463188
20664,2023-09-01,209740.43289951878
20664,2023-10-01,204604.3897625972
20664,2023-11-01,207752.44938538474
20664,2023-12-01,210477.75097033242
20664,2024-01-01,219071.12055209963
20664,2024-02-01,214674.565182248
20664,2024-03-01,220345.8956488779
20664,2024-04-01,220911.48500586266
20664,2024-05-01,225240.03476932616
20664,2024-06-01,232566.7955119284
20664,2024-07-01,232894.71023269044
20664,2024-08-01,230424.53525339713
20664,2024-09-01,231904.27885225578
20664,2024-10-01,237787.1044268327
20664,2024-11-01,235857.7561366291
20664,2024-12-01,233080.91322618333
20664,2025-01-01,239199.07530221436
20664,2025-02-01,259278.52781141328
20664,2025-03-01,246117.28821528726
20664,2025-04-01,253326.83132208808
20664,2025-05-01,253642.06834088376
20664,2025-06-01,251955.30751672457
20664,2025-07-01,254362.95448566502
20664,2025-08-01,262373.215981304
20664,2025-09-01,258272.42669508772
20664,2025-10-01,263739.2712966538
20664,2025-11-01,267997.38035342906
20664,2025-12-01,265723.18650438025
20664,2026-01-01,272623.67774624604
20664,2026-02-01,267447.6259359538
20664,2026-03-01,271597.2458122492
20664,2026-04-01,272413.27381461934
20664,2026-05-01,276458.4429601673
20664,2026-06-01,272874.6160341835
20662,2011-03-01,79698.4142339346
20662,2011-04-01,80656.71169110446
20662,2011-05-01,82527.83027612441
20662,2011-06-01,85373.02784245474
20662,2011-07-01,87198.67890941899
20662,2011-08-01,88525.39023014318
20662,2011-09-01,90383.08679088435
20662,2011-10-01,86067.74795870562
20662,2011-11-01,89484.49624347904
20662,2011-12-01,91080.35414308314
20662,2012-01-01,86675.0782768999
20662,2012-02-01,88210.3581467346
20662,2012-03-01,91808.81233080574
20662,2012-04-01,89837.88952312007
20662,2012-05-01,92477.08615063327
20662,2012-06-01,92258.47278416259
20662,2012-07-01,89166.95039765841
20662,2012-08-01,89455.48729739891
20662,2012-09-01,90393.82413909439
20662,2012-10-01,96622.50728217715
20662,2012-11-01,93769.45922091015
20662,2012-12-01,94285.40107417827
20662,2013-01-01,99046.61379061118
20662,2013-02-01,99915.25903812516
20662,2013-03-01,98332.55801503132
20662,2013-04-01,104708.77348954164
20662,2013-05-01,100657.52160121028
20662,2013-06-01,101966.78276501289
20662,2013-07-01,104715.16276878017
20662,2013-08-01,107555.33842290544
20662,2013-09-01,103567.08284367273
20662,2013-10-01,106169.02952247615
20662,2013-11-01,106943.53962713237
20662,2013-12-01,106726.01970385769
20662,2014-01-01,108149.55654393387
20662,2014-02-01,117501.82077969305
20662,2014-03-01,106101.21098420898
20662,2014-04-01,110571.90347961267
20662,2014-05-01,111693.42034597919
20662,2014-06-01,107576.48382920842
20662,2014-07-01,113238.50867486002
20662,2014-08-01,112504.6002035597
20662,2014-09-01,117253.66628642837
20662,2014-10-01,120313.62905056875
20662,2014-11-01,114453.17323765926
20662,2014-12-01,116532.77193832156
20662,2015-01-01,117070.9903626165
20662,2015-02-01,111696.11035120637
20662,2015-03-01,115929.86180508268
20662,2015-04-01,113282.1741634594
20662,2015-05-01,114642.44508845654
20662,2015-06-01,112684.2845727577
20662,2015-07-01,112882.78021366226
20662,2015-08-01,111503.90399361418
20662,2015-09-01,113584.89869846382
20662,2015-10-01,110377.02953376292
20662,2015-11-01,109608.88642719714
20662,2015-12-01,110662.22478010859
20662,2016-01-01,108169.47246846078
20662,2016-02-01,110589.85381784756
20662,2016-03-01,110587.90877701835
20662,2016-04-01,112786.5634005436
20662,2016-05-01,110084.25969003548
20662,2016-06-01,113619.57488913955
20662,2016-07-01,113964.95589735154
20662,2016-08-01,114590.68219121276
20662,2016-09-01,111422.46260288933
20662,2016-10-01,114069.01107632506
20662,2016-11-01,116296.63626676927
20662,2016-12-01,116772.31493058382
20662,2017-01-01,115345.99287649637
20662,2017-02-01,112673.39837858074
20662,2017-03-01,127033.49512506872
20662,2017-04-01,117387.97624809889
20662,2017-05-01,122922.82566896363
20662,2017-06-01,123757.81692234203
20662,2017-07-01,123626.0341329011
20662,2017-08-01,123518.76584706604
20662,2017-09-01,126961.59006106427
20662,2017-10-01,125345.21552020831
20662,2017-11-01,126643.45209897718
20662,2017-12-01,127835.33546087846
20662,2018-01-01,131635.85317014347
20662,2018-02-01,132618.76072693613
20662,2018-03-01,135649.92414514898
20662,2018-04-01,134371.5432525885
20662,2018-05-01,134356.76366044744
20662,2018-06-01,138369.20332886415
20662,2018-07-01,133524.66060213355
20662,2018-08-01,142708.23368809294
20662,2018-09-01,137750.48040955965
20662,2018-10-01,141062.25097786722
20662,2018-11-01,149527.11311588305
20662,2018-12-01,145859.69243998642
20662,2019-01-01,151086.76668609094
20662,2019-02-01,159296.35570448052
20662,2019-03-01,150474.79221881455
20662,2019-04-01,155983.76013463183
20662,2019-05-01,160327.68795363136
20662,2019-06-01,158839.42312005695
20662,2019-07-01,165758.01041121598
20662,2019-08-01,166695.30235777976
20662,2019-09-01,164764.98340091555
20662,2019-10-01,170081.4049844088
20662,2019-11-01,169380.20297039676
20662,2019-12-01,172981.33433897723
20662,2020-01-01,173624.59342403957
20662,2020-02-01,174735.36799834025
20662,2020-03-01,157080.62110500297
20662,2020-04-01,128244.50863856607
20662,2020-05-01,134466.94974302972
20662,2020-06-01,147358.45557689847
20662,2020-07-01,154178.62373682336
20662,2020-08-01,160140.40444265926
20662,2020-09-01,169748.42278962326
20662,2020-10-01,175698.19109867307
20662,2020-11-01,172923.22031922126
20662,2020-12-01,173822.63622237797
20662,2021-01-01,167913.79107013118
20662,2021-02-01,177373.94936712622
20662,2021-03-01,177048.59876583115
20662,2021-04-01,182167.59385050228
20662,2021-05-01,200136.06412652988
20662,2021-06-01,203945.53072527645
20662,2021-07-01,208147.34983833143
20662,2021-08-01,209441.91151475802
20662,2021-09-01,213778.96042969447
20662,2021-10-01,215529.9367116558
20662,2021-11-01,217859.53291414145
20662,2021-12-01,218577.5364122805
20662,2022-01-01,218910.8596259292
20662,2022-02-01,223607.17136237305
20662,2022-03-01,246470.77572877283
20662,2022-04-01,251739.20917162433
20662,2022-05-01,251985.15497186943
20662,2022-06-01,249796.934171009
20662,2022-07-01,253654.9666378242
20662,2022-08-01,252986.42846054485
20662,2022-09-01,256554.81062812312
20662,2022-10-01,260643.2521855373
20662,2022-11-01,236670.46984826153
20662,2022-12-01,240490.103413025
20662,2023-01-01,240569.18462738683
20662,2023-02-01,240849.5949313371
20662,2023-03-01,251332.61641046952
20662,2023-04-01,238502.65206410215
20662,2023-05-01,249455.1709543352
20662,2023-06-01,251922.08679547216
20662,2023-07-01,249837.07778868556
20662,2023-08-01,256151.0548689116
20662,2023-09-01,260617.51806652115
20662,2023-10-01,253597.9827165597
20662,2023-11-01,259778.09788325388
20662,2023-12-01,263346.68193077657
20662,2024-01-01,277123.3898555204
20662,2024-02-01,272995.01105947845
20662,2024-03-01,278003.7570213537
20662,2024-04-01,278549.90571238904
20662,2024-05-01,284409.06420234736
20662,2024-06-01,293983.13972604455
20662,2024-07-01,295860.9032477118
20662,2024-08-01,294290.2316112844
20662,2024-09-01,291494.92428888794
20662,2024-10-01,297312.7634138443
20662,2024-11-01,297426.8248798353
20662,2024-12-01,291152.2684738153
20662,2025-01-01,301587.4910385289
20662,2025-02-01,324060.6646481655
20662,2025-03-01,306091.8683675765
20662,2025-04-01,313904.4688723683
20662,2025-05-01,315042.43386147835
20662,2025-06-01,312065.979863155
20662,2025-07-01,316955.1147499475
20662,2025-08-01,325461.255871168
20662,2025-09-01,325102.2356944513
20662,2025-10-01,330461.22495159233
20662,2025-11-01,333616.4703203909
20662,2025-12-01,332815.70366859925
20662,2026-01-01,342610.06681501115
20662,2026-02-01,337447.2806656862
20662,2026-03-01,345398.5616510963
20662,2026-04-01,340450.146027301
20662,2026-05-01,344943.2830130252
20662,2026-06-01,342004.4904712642
20687,2011-03-01,1420
20687,2011-04-01,1082
20687,2011-05-01,1234
20687,2011-06-01,1863
20687,2011-07-01,157
20687,2011-08-01,418
20687,2011-09-01,833
20687,2011-10-01,472
20687,2011-11-01,795
20687,2011-12-01,1298
20687,2012-01-01,458
20687,2012-02-01,326
20687,2012-03-01,806
20687,2012-04-01,786
20687,2012-05-01,769
20687,2012-06-01,1073
20687,2012-07-01,345
20687,2012-08-01,486
20687,2012-09-01,1377
20687,2012-10-01,1712
20687,2012-11-01,954
20687,2012-12-01,1307
20687,2013-01-01,602
20687,2013-02-01,934
20687,2013-03-01,1424
20687,2013-04-01,635
20687,2013-05-01,1382
20687,2013-06-01,8326
20687,2013-07-01,713
20687,2013-08-01,981
20687,2013-09-01,2345
20687,2013-10-01,841
20687,2013-11-01,1841
20687,2013-12-01,4774
20687,2014-01-01,1295
20687,2014-02-01,1376
20687,2014-03-01,1472
20687,2014-04-01,1497
20687,2014-05-01,1934
20687,2014-06-01,2604
20687,2014-07-01,388
20687,2014-08-01,400
20687,2014-09-01,794
20687,2014-10-01,272
20687,2014-11-01,1250
20687,2014-12-01,771
20687,2015-01-01,722
20687,2015-02-01,328
20687,2015-03-01,2134
20687,2015-04-01,5015
20687,2015-05-01,1244
20687,2015-06-01,1314
20687,2015-07-01,747
20687,2015-08-01,749
20687,2015-09-01,4897
20687,2015-10-01,952
20687,2015-11-01,595
20687,2015-12-01,964
20687,2016-01-01,423
20687,2016-02-01,606
20687,2016-03-01,3380
20687,2016-04-01,2006
20687,2016-05-01,1852
20687,2016-06-01,2368
20687,2016-07-01,1330
20687,2016-08-01,1228
20687,2016-09-01,1101
20687,2016-10-01,1268
20687,2016-11-01,1070
20687,2016-12-01,1000
20687,2017-01-01,359
20687,2017-02-01,677
20687,2017-03-01,1493
20687,2017-04-01,2860
20687,2017-05-01,2190
20687,2017-06-01,2954
20687,2017-07-01,848
20687,2017-08-01,1307
20687,2017-09-01,1952
20687,2017-10-01,1557
20687,2017-11-01,1219
20687,2017-12-01,3546
20687,2018-01-01,1104
20687,2018-02-01,948
20687,2018-03-01,2801
20687,2018-04-01,2813
20687,2018-05-01,1870
20687,2018-06-01,3624
20687,2018-07-01,789
20687,2018-08-01,3977
20687,2018-09-01,784
20687,2018-10-01,1047
20687,2018-11-01,1031
20687,2018-12-01,1336
20687,2019-01-01,1025
20687,2019-02-01,1214
20687,2019-03-01,1248
20687,2019-04-01,1726
20687,2019-05-01,2509
20687,2019-06-01,2060
20687,2019-07-01,1198
20687,2019-08-01,1618
20687,2019-09-01,1801
20687,2019-10-01,1758
20687,2019-11-01,1906
20687,2019-12-01,1789
20687,2020-01-01,695
20687,2020-02-01,757
20687,2020-03-01,1423
20687,2020-04-01,1924
20687,2020-05-01,1508
20687,2020-06-01,1644
20687,2020-07-01,1409
20687,2020-08-01,1561
20687,2020-09-01,2939
20687,2020-10-01,1644
20687,2020-11-01,1841
20687,2020-12-01,1854
20687,2021-01-01,798
20687,2021-02-01,1969
20687,2021-03-01,2463
20687,2021-04-01,1378
20687,2021-05-01,1930
20687,2021-06-01,1597
20687,2021-07-01,968
20687,2021-08-01,1577
20687,2021-09-01,2715
20687,2021-10-01,2331
20687,2021-11-01,2414
20687,2021-12-01,3698
20687,2022-01-01,1888
20687,2022-02-01,2131
20687,2022-03-01,3965
20687,2022-04-01,1552
20687,2022-05-01,3128
20687,2022-06-01,5632
20687,2022-07-01,1909
20687,2022-08-01,2157
20687,2022-09-01,1669
20687,2022-10-01,1063
20687,2022-11-01,882
20687,2022-12-01,1386
20687,2023-01-01,657
20687,2023-02-01,676
20687,2023-03-01,2260
20687,2023-04-01,2155
20687,2023-05-01,1312
20687,2023-06-01,793
20687,2023-07-01,5719
20687,2023-08-01,14155
20687,2023-09-01,4698
20687,2023-10-01,3278
20687,2023-11-01,3100
20687,2023-12-01,4504
20687,2024-01-01,1841
20687,2024-02-01,1932
20687,2024-03-01,4293
20687,2024-04-01,2350
20687,2024-05-01,2088
20687,2024-06-01,3258
20687,2024-07-01,1509
20687,2024-08-01,3344
20687,2024-09-01,2781
20687,2024-10-01,1535
20687,2024-11-01,1654
20687,2024-12-01,2584
20687,2025-01-01,1095
20687,2025-02-01,2507
20687,2025-03-01,3628
20687,2025-04-01,2808
20687,2025-05-01,4714
20687,2025-06-01,4257
20687,2025-07-01,2556
20687,2025-08-01,5077
20687,2025-09-01,7020
20687,2025-10-01,3109
20687,2025-11-01,3567
20687,2025-12-01,7634
20687,2026-01-01,2976
20687,2026-02-01,2787
20687,2026-03-01,7794
20687,2026-04-01,2498
20687,2026-05-01,3746
20687,2026-06-01,4352
20688,2011-03-01,3357.871481254536
20688,2011-04-01,2256.5999243541687
20688,2011-05-01,2229.9920746695193
20688,2011-06-01,1483.4918947543447
20688,2011-07-01,2358.249577753699
20688,2011-08-01,2511.9995144767536
20688,2011-09-01,2270.0210722301563
20688,2011-10-01,2042.3509125119283
20688,2011-11-01,2187.404272769646
20688,2011-12-01,1975.2035017605915
20688,2012-01-01,2136.1575028009697
20688,2012-02-01,1909.6459432207323
20688,2012-03-01,2349.5977758751746
20688,2012-04-01,2245.1163057424037
20688,2012-05-01,2166.00453512688
20688,2012-06-01,1313.7442721388752
20688,2012-07-01,2409.4322591727564
20688,2012-08-01,3143.3560938015644
20688,2012-09-01,2903.422075765731
20688,2012-10-01,3126.1901199771182
20688,2012-11-01,2575.0151297523935
20688,2012-12-01,2174.7994062536495
20688,2013-01-01,2255.2942826508856
20688,2013-02-01,2588.895376454588
20688,2013-03-01,2319.0700740943016
20688,2013-04-01,2730.603113311375
20688,2013-05-01,2840.733917623121
20688,2013-06-01,2307.774932559019
20688,2013-07-01,2247.815333386099
20688,2013-08-01,2326.052841317446
20688,2013-09-01,2384.247428752017
20688,2013-10-01,2744.4143889598136
20688,2013-11-01,2699.83628070315
20688,2013-12-01,2949.0028136844944
20688,2014-01-01,3051.284263143088
20688,2014-02-01,3521.997352664204
20688,2014-03-01,2965.836469934059
20688,2014-04-01,3145.4249448084315
20688,2014-05-01,2958.1784747377396
20688,2014-06-01,2994.2472211625054
20688,2014-07-01,3366.324211522336
20688,2014-08-01,2637.8311453427286
20688,2014-09-01,3013.840376404786
20688,2014-10-01,2494.1884715529113
20688,2014-11-01,2443.1218711976703
20688,2014-12-01,3142.299035747748
20688,2015-01-01,2924.4625367167346
20688,2015-02-01,2982.4576853506305
20688,2015-03-01,2824.4308934307332
20688,2015-04-01,2494.072012855666
20688,2015-05-01,2178.601078741363
20688,2015-06-01,3212.3382156034827
20688,2015-07-01,3322.1139114920616
20688,2015-08-01,2736.1317570110905
20688,2015-09-01,2755.328108041061
20688,2015-10-01,2583.712082584596
20688,2015-11-01,2911.2675462508278
20688,2015-12-01,3033.7225352919872
20688,2016-01-01,2381.8682137632804
20688,2016-02-01,1925.3817694556549
20688,2016-03-01,2416.2616956173783
20688,2016-04-01,2529.4651689646853
20688,2016-05-01,2643.6782107710733
20688,2016-06-01,3001.5765578484265
20688,2016-07-01,2343.473013357218
20688,2016-08-01,2278.2648059844782
20688,2016-09-01,2347.479731093948
20688,2016-10-01,2085.463197427712
20688,2016-11-01,3544.8908997536823
20688,2016-12-01,4551.757983942581
20688,2017-01-01,3611.7824424935593
20688,2017-02-01,2803.2884009530676
20688,2017-03-01,2788.4242738069174
20688,2017-04-01,2240.508434234443
20688,2017-05-01,2595.54965184353
20688,2017-06-01,3712.6749351805493
20688,2017-07-01,1794.8849728515318
20688,2017-08-01,1786.995892647681
20688,2017-09-01,2082.2989112704126
20688,2017-10-01,2680.0780874680113
20688,2017-11-01,2306.343668353923
20688,2017-12-01,2470.8153700032385
20688,2018-01-01,2649.7685534843763
20688,2018-02-01,2809.778443816097
20688,2018-03-01,2419.7248106071715
20688,2018-04-01,2829.3572909358354
20688,2018-05-01,2937.099180905425
20688,2018-06-01,1899.720523218856
20688,2018-07-01,2181.6690465571387
20688,2018-08-01,2603.1121536778614
20688,2018-09-01,1981.7621604868596
20688,2018-10-01,1954.2451017768299
20688,2018-11-01,1759.3878628494235
20688,2018-12-01,1376.5049297809812
20688,2019-01-01,865.6173230672173
20688,2019-02-01,1764.4593060623868
20688,2019-03-01,532.9147879634282
20688,2019-04-01,1384.0856776126377
20688,2019-05-01,844.0342520576792
20688,2019-06-01,2664.3635292811546
20688,2019-07-01,1642.5681832610442
20688,2019-08-01,1728.457498993199
20688,2019-09-01,2022.6081702746453
20688,2019-10-01,2168.6868032450493
20688,2019-11-01,1857.1559878049802
20688,2019-12-01,1950.119564269191
20688,2020-01-01,1664.8920619018786
20688,2020-02-01,1895.306307343167
20688,2020-03-01,2006.150971080606
20688,2020-04-01,2563.9146185112286
20688,2020-05-01,2300.8436551512245
20688,2020-06-01,1992.9295257648596
20688,2020-07-01,3248.814800876887
20688,2020-08-01,1324.4447007704018
20688,2020-09-01,1326.675446918732
20688,2020-10-01,1036.709538392385
20688,2020-11-01,1569.8003193704053
20688,2020-12-01,1232.7507846169947
20688,2021-01-01,1032.6396156416508
20688,2021-02-01,1203.3838097228615
20688,2021-03-01,2344.2410257455713
20688,2021-04-01,1729.3670863112354
20688,2021-05-01,2315.274034216624
20688,2021-06-01,2818.48025214562
20688,2021-07-01,2450.8831761744523
20688,2021-08-01,3036.399310035125
20688,2021-09-01,2362.115201194444
20688,2021-10-01,1719.1346637285105
20688,2021-11-01,1473.5008466952609
20688,2021-12-01,1551.8108046064258
20688,2022-01-01,1671.6382085154792
20688,2022-02-01,2322.004191160539
20688,2022-03-01,2015.2309083044088
20688,2022-04-01,1858.9584955080254
20688,2022-05-01,1343.309740719183
20688,2022-06-01,1525.1922151775966
20688,2022-07-01,1876.6070602825773
20688,2022-08-01,1921.1470240504138
20688,2022-09-01,2405.114222820339
20688,2022-10-01,2959.1789655346124
20688,2022-11-01,2805.8726347883367
20688,2022-12-01,2682.9866864306778
20688,2023-01-01,2918.6319536399187
20688,2023-02-01,2111.981323086091
20688,2023-03-01,1849.3940680915496
20688,2023-04-01,1541.2767122721305
20688,2023-05-01,1641.64499996144
20688,2023-06-01,1382.2503550134184
20688,2023-07-01,2001.1864164065814
20688,2023-08-01,1876.4102692163376
20688,2023-09-01,1824.951623412127
20688,2023-10-01,2730.172920341161
20688,2023-11-01,1732.5610150630846
20688,2023-12-01,1940.4123524000152
20688,2024-01-01,1676.44931961948
20688,2024-02-01,904.8134524627687
20688,2024-03-01,1762.3292009508705
20688,2024-04-01,1532.7385486147707
20688,2024-05-01,1406.3311498118153
20688,2024-06-01,2020.799732662531
20688,2024-07-01,1750.2696151217156
20688,2024-08-01,2713.1031257284044
20688,2024-09-01,2672.6673958987262
20688,2024-10-01,2343.8296281375397
20688,2024-11-01,2201.7687133976424
20688,2024-12-01,2879.6240431720253
20688,2025-01-01,2785.9417512662753
20688,2025-02-01,2849.7837205864785
20688,2025-03-01,1745.5158408373575
20688,2025-04-01,4310.378729780886
20688,2025-05-01,4574.018993280669
20688,2025-06-01,2124.8689537579467
20688,2025-07-01,2078.5807188071108
20688,2025-08-01,1276.063870999403
20688,2025-09-01,1690.0243455381903
20688,2025-10-01,1992.0811086645097
20688,2025-11-01,2184.8263780036864
20688,2025-12-01,1947.9022795889132
20688,2026-01-01,2413.5896100693276
20688,2026-02-01,3371.2365204419043
20688,2026-03-01,2172.3198105208403
20688,2026-04-01,2686.248501478988
20688,2026-05-01,3198.378672118579
20688,2026-06-01,3006.914876086771
20689,2011-03-01,4337.369214843898
20689,2011-04-01,3519.836407075427
20689,2011-05-01,3284.888307781819
20689,2011-06-01,2603.9820436758373
20689,2011-07-01,2969.0640756815696
20689,2011-08-01,3296.1800944605347
20689,2011-09-01,2841.18434654911
20689,2011-10-01,3052.013632412209
20689,2011-11-01,2918.1665425216456
20689,2011-12-01,2823.898003821952
20689,2012-01-01,2818.3161484001544
20689,2012-02-01,2441.013071855577
20689,2012-03-01,2839.662047973595
20689,2012-04-01,3089.293434890424
20689,2012-05-01,2706.0299792498067
20689,2012-06-01,1942.6263701138562
20689,2012-07-01,3261.179616997993
20689,2012-08-01,4099.458370033659
20689,2012-09-01,3890.7450331503305
20689,2012-10-01,5720.291806087679
20689,2012-11-01,3480.541731989741
20689,2012-12-01,3066.9924452967352
20689,2013-01-01,3209.3931922333754
20689,2013-02-01,4039.9538861622577
20689,2013-03-01,3476.8002463207326
20689,2013-04-01,3235.028776517781
20689,2013-05-01,3854.0635159398985
20689,2013-06-01,7510.2925103492225
20689,2013-07-01,3474.7272366441357
20689,2013-08-01,3595.200341476519
20689,2013-09-01,4223.843628819761
20689,2013-10-01,4286.806499665946
20689,2013-11-01,4558.1179781941
20689,2013-12-01,6631.340371635614
20689,2014-01-01,5285.004404586554
20689,2014-02-01,5746.95365973403
20689,2014-03-01,4077.119193991792
20689,2014-04-01,4318.922219743143
20689,2014-05-01,4403.643251670081
20689,2014-06-01,4495.562892374504
20689,2014-07-01,4352.048317439484
20689,2014-08-01,3471.7736294174783
20689,2014-09-01,3603.878290401924
20689,2014-10-01,3324.0456380685746
20689,2014-11-01,3827.920167570522
20689,2014-12-01,3611.8821692409215
20689,2015-01-01,4302.166096840976
20689,2015-02-01,3732.092655392258
20689,2015-03-01,4672.338767012555
20689,2015-04-01,7155.0796918200485
20689,2015-05-01,3038.1994340206065
20689,2015-06-01,3824.392590492431
20689,2015-07-01,4709.6128589055115
20689,2015-08-01,4001.21248351982
20689,2015-09-01,7052.702703221973
20689,2015-10-01,4139.38484505468
20689,2015-11-01,3752.669021241072
20689,2015-12-01,3638.984849436557
20689,2016-01-01,3284.2514852360673
20689,2016-02-01,3099.5515209997075
20689,2016-03-01,5564.304537110967
20689,2016-04-01,3893.7584387284837
20689,2016-05-01,3977.458118804614
20689,2016-06-01,4212.653361302247
20689,2016-07-01,4359.090284805086
20689,2016-08-01,4005.295721992163
20689,2016-09-01,3456.365839009131
20689,2016-10-01,3762.1433016206934
20689,2016-11-01,4983.557856352276
20689,2016-12-01,4991.905964307497
20689,2017-01-01,4488.263038797298
20689,2017-02-01,4246.641081371927
20689,2017-03-01,3868.9804448612967
20689,2017-04-01,4407.6845673259595
20689,2017-05-01,4294.6189867513585
20689,2017-06-01,5163.354897682698
20689,2017-07-01,3196.1510657008744
20689,2017-08-01,3493.267823123742
20689,2017-09-01,3972.9797708731217
20689,2017-10-01,4648.390741650629
20689,2017-11-01,3748.6484685693426
20689,2017-12-01,5199.886296070833
20689,2018-01-01,4867.249951612789
20689,2018-02-01,4550.224379550744
20689,2018-03-01,4787.855607823058
20689,2018-04-01,4853.824028191121
20689,2018-05-01,4312.702651791433
20689,2018-06-01,4050.2058818978812
20689,2018-07-01,3704.234138854317
20689,2018-08-01,6850.261559905182
20689,2018-09-01,2872.2104870771705
20689,2018-10-01,3241.3370728511877
20689,2018-11-01,2936.194218760715
20689,2018-12-01,2353.4098419712664
20689,2019-01-01,2908.7507193127826
20689,2019-02-01,3709.581375342765
20689,2019-03-01,1630.434726154556
20689,2019-04-01,2797.975931942671
20689,2019-05-01,3201.1076336571086
20689,2019-06-01,3664.571195031446
20689,2019-07-01,3591.6505756572333
20689,2019-08-01,3634.068888733199
20689,2019-09-01,3715.1804430815214
20689,2019-10-01,4155.251830140871
20689,2019-11-01,3922.5323365302625
20689,2019-12-01,3302.072389688913
20689,2020-01-01,2945.693838394388
20689,2020-02-01,2967.076241250402
20689,2020-03-01,2945.9406990831576
20689,2020-04-01,4026.799404634338
20689,2020-05-01,3449.7337509188487
20689,2020-06-01,2849.344731169454
20689,2020-07-01,6073.6141282741855
20689,2020-08-01,2983.545188444284
20689,2020-09-01,3737.1338896553034
20689,2020-10-01,2761.8122699242163
20689,2020-11-01,3570.348144442313
20689,2020-12-01,2820.133223894595
20689,2021-01-01,2514.76377636306
20689,2021-02-01,4118.345792802665
20689,2021-03-01,4002.7880848082073
20689,2021-04-01,2830.540801415078
20689,2021-05-01,3949.1499043003882
20689,2021-06-01,3539.0456906687286
20689,2021-07-01,4516.432945606853
20689,2021-08-01,5254.947776988259
20689,2021-09-01,4822.500227257989
20689,2021-10-01,4237.393919561317
20689,2021-11-01,4196.297489002889
20689,2021-12-01,4913.685890997902
20689,2022-01-01,5231.634570944774
20689,2022-02-01,5288.431829919576
20689,2022-03-01,4750.446566288516
20689,2022-04-01,3128.6763508620747
20689,2022-05-01,4586.600674410687
20689,2022-06-01,5861.250494255791
20689,2022-07-01,5032.615075048826
20689,2022-08-01,4072.879835067074
20689,2022-09-01,4151.054695058681
20689,2022-10-01,4460.268553851243
20689,2022-11-01,3676.538006278594
20689,2022-12-01,3379.7190090023723
20689,2023-01-01,3770.0989399400496
20689,2023-02-01,2935.7345534868136
20689,2023-03-01,3139.834480252163
20689,2023-04-01,3603.859444924983
20689,2023-05-01,2904.826726199859
20689,2023-06-01,1820.5277930642774
20689,2023-07-01,10298.590630544697
20689,2023-08-01,12202.946257448852
20689,2023-09-01,5496.039317177597
20689,2023-10-01,6626.967569539409
20689,2023-11-01,5597.73331555865
20689,2023-12-01,5516.187938983843
20689,2024-01-01,4950.687488681757
20689,2024-02-01,3688.1209852142474
20689,2024-03-01,4434.714206808141
20689,2024-04-01,3928.5595382033334
20689,2024-05-01,3688.8189253487362
20689,2024-06-01,4540.977900367849
20689,2024-07-01,4439.598561847593
20689,2024-08-01,5840.503865803401
20689,2024-09-01,5177.433757319595
20689,2024-10-01,4467.596729042795
20689,2024-11-01,4143.073445048145
20689,2024-12-01,4279.787047353126
20689,2025-01-01,4481.678166237893
20689,2025-02-01,6381.604606474928
20689,2025-03-01,3850.586714289462
20689,2025-04-01,7186.193269865835
20689,2025-05-01,9886.043166978418
20689,2025-06-01,5654.985700455304
20689,2025-07-01,6317.298016307465
20689,2025-08-01,5195.196395330705
20689,2025-09-01,6754.266127637747
20689,2025-10-01,5817.338462631834
20689,2025-11-01,6657.867681208682
20689,2025-12-01,7712.870603696968
20689,2026-01-01,7713.780907540185
20689,2026-02-01,7167.49827154844
20689,2026-03-01,7048.80351333455
20689,2026-04-01,5580.047859467954
20689,2026-05-01,7527.187275813765
20689,2026-06-01,6751.403907224344
20690,2011-03-01,335
20690,2011-04-01,207
20690,2011-05-01,178
20690,2011-06-01,391
20690,2011-07-01,236
20690,2011-08-01,553
20690,2011-09-01,429
20690,2011-10-01,249
20690,2011-11-01,417
20690,2011-12-01,391
20690,2012-01-01,198
20690,2012-02-01,401
20690,2012-03-01,403
20690,2012-04-01,353
20690,2012-05-01,431
20690,2012-06-01,776
20690,2012-07-01,520
20690,2012-08-01,379
20690,2012-09-01,543
20690,2012-10-01,801
20690,2012-11-01,515
20690,2012-12-01,834
20690,2013-01-01,521
20690,2013-02-01,336
20690,2013-03-01,464
20690,2013-04-01,654
20690,2013-05-01,647
20690,2013-06-01,655
20690,2013-07-01,676
20690,2013-08-01,1195
20690,2013-09-01,619
20690,2013-10-01,1162
20690,2013-11-01,642
20690,2013-12-01,634
20690,2014-01-01,840
20690,2014-02-01,2843
20690,2014-03-01,2470
20690,2014-04-01,1010
20690,2014-05-01,1912
20690,2014-06-01,1263
20690,2014-07-01,1101
20690,2014-08-01,970
20690,2014-09-01,824
20690,2014-10-01,1250
20690,2014-11-01,1487
20690,2014-12-01,2055
20690,2015-01-01,1696
20690,2015-02-01,1266
20690,2015-03-01,875
20690,2015-04-01,757
20690,2015-05-01,920
20690,2015-06-01,1144
20690,2015-07-01,925
20690,2015-08-01,986
20690,2015-09-01,966
20690,2015-10-01,853
20690,2015-11-01,1042
20690,2015-12-01,878
20690,2016-01-01,434
20690,2016-02-01,786
20690,2016-03-01,1223
20690,2016-04-01,1012
20690,2016-05-01,947
20690,2016-06-01,1140
20690,2016-07-01,796
20690,2016-08-01,645
20690,2016-09-01,847
20690,2016-10-01,495
20690,2016-11-01,404
20690,2016-12-01,567
20690,2017-01-01,510
20690,2017-02-01,299
20690,2017-03-01,352
20690,2017-04-01,337
20690,2017-05-01,288
20690,2017-06-01,219
20690,2017-07-01,305
20690,2017-08-01,293
20690,2017-09-01,151
20690,2017-10-01,238
20690,2017-11-01,191
20690,2017-12-01,414
20690,2018-01-01,135
20690,2018-02-01,200
20690,2018-03-01,236
20690,2018-04-01,120
20690,2018-05-01,91
20690,2018-06-01,252
20690,2018-07-01,99
20690,2018-08-01,211
20690,2018-09-01,358
20690,2018-10-01,149
20690,2018-11-01,179
20690,2018-12-01,592
20690,2019-01-01,129
20690,2019-02-01,110
20690,2019-03-01,113
20690,2019-04-01,138
20690,2019-05-01,121
20690,2019-06-01,293
20690,2019-07-01,212
20690,2019-08-01,235
20690,2019-09-01,163
20690,2019-10-01,139
20690,2019-11-01,123
20690,2019-12-01,221
20690,2020-01-01,293
20690,2020-02-01,170
20690,2020-03-01,436
20690,2020-04-01,469
20690,2020-05-01,543
20690,2020-06-01,370
20690,2020-07-01,525
20690,2020-08-01,365
20690,2020-09-01,697
20690,2020-10-01,497
20690,2020-11-01,544
20690,2020-12-01,853
20690,2021-01-01,671
20690,2021-02-01,542
20690,2021-03-01,942
20690,2021-04-01,591
20690,2021-05-01,765
20690,2021-06-01,1236
20690,2021-07-01,983
20690,2021-08-01,1154
20690,2021-09-01,950
20690,2021-10-01,1328
20690,2021-11-01,954
20690,2021-12-01,1590
20690,2022-01-01,652
20690,2022-02-01,872
20690,2022-03-01,1277
20690,2022-04-01,970
20690,2022-05-01,1933
20690,2022-06-01,996
20690,2022-07-01,1096
20690,2022-08-01,1376
20690,2022-09-01,1355
20690,2022-10-01,1369
20690,2022-11-01,1546
20690,2022-12-01,1435
20690,2023-01-01,921
20690,2023-02-01,976
20690,2023-03-01,2002
20690,2023-04-01,1209
20690,2023-05-01,1469
20690,2023-06-01,1543
20690,2023-07-01,1343
20690,2023-08-01,1684
20690,2023-09-01,1909
20690,2023-10-01,1685
20690,2023-11-01,1591
20690,2023-12-01,1865
20690,2024-01-01,1745
20690,2024-02-01,1361
20690,2024-03-01,1420
20690,2024-04-01,1585
20690,2024-05-01,2021
20690,2024-06-01,1774
20690,2024-07-01,1846
20690,2024-08-01,2056
20690,2024-09-01,1940
20690,2024-10-01,1938
20690,2024-11-01,1848
20690,2024-12-01,2156
20690,2025-01-01,1281
20690,2025-02-01,1840
20690,2025-03-01,2061
20690,2025-04-01,2377
20690,2025-05-01,2554
20690,2025-06-01,2657
20690,2025-07-01,2251
20690,2025-08-01,2208
20690,2025-09-01,2348
20690,2025-10-01,2444
20690,2025-11-01,2219
20690,2025-12-01,2873
20690,2026-01-01,1879
20690,2026-02-01,1814
20690,2026-03-01,2492
20690,2026-04-01,2859
20690,2026-05-01,2849
20690,2026-06-01,2751
20691,2011-03-01,1545.1936287739716
20691,2011-04-01,1473.6393185232628
20691,2011-05-01,1580.6909951751907
20691,2011-06-01,1631.6549709566773
20691,2011-07-01,1568.7488217031862
20691,2011-08-01,1486.6928691924165
20691,2011-09-01,1411.6801269074106
20691,2011-10-01,1340.0536068044207
20691,2011-11-01,1515.4923354911193
20691,2011-12-01,1494.998821369643
20691,2012-01-01,1696.2140052153918
20691,2012-02-01,1747.0899564321567
20691,2012-03-01,1782.9563507156115
20691,2012-04-01,1697.744622268512
20691,2012-05-01,1699.5790092042712
20691,2012-06-01,1748.0991640674526
20691,2012-07-01,1591.4500305081167
20691,2012-08-01,1730.088348246295
20691,2012-09-01,1577.8886547818831
20691,2012-10-01,1849.4223368618716
20691,2012-11-01,1655.7428556734149
20691,2012-12-01,1379.995183060342
20691,2013-01-01,1559.307362325735
20691,2013-02-01,1609.8824859156646
20691,2013-03-01,1607.8166087641675
20691,2013-04-01,1605.498188518197
20691,2013-05-01,1906.4364350800065
20691,2013-06-01,1654.4674194645693
20691,2013-07-01,1847.6090533829563
20691,2013-08-01,1926.1296541440906
20691,2013-09-01,1888.4891770438835
20691,2013-10-01,1730.6171296488067
20691,2013-11-01,1528.944148758305
20691,2013-12-01,1684.1405158557855
20691,2014-01-01,1620.761123229021
20691,2014-02-01,1828.1629328573072
20691,2014-03-01,1701.7757070713576
20691,2014-04-01,1661.4656317391605
20691,2014-05-01,1377.5649097647308
20691,2014-06-01,1187.5426813034924
20691,2014-07-01,1369.8051343371737
20691,2014-08-01,1347.300541579448
20691,2014-09-01,1912.5415161393014
20691,2014-10-01,1663.1229254692112
20691,2014-11-01,1552.9524451561554
20691,2014-12-01,1657.3246878818507
20691,2015-01-01,1769.4422353428524
20691,2015-02-01,1104.3070156213573
20691,2015-03-01,1066.5887711794996
20691,2015-04-01,1197.9385802571844
20691,2015-05-01,1028.714964151839
20691,2015-06-01,1135.1109372473961
20691,2015-07-01,1018.6852558292971
20691,2015-08-01,1097.09476101173
20691,2015-09-01,1053.8997872213272
20691,2015-10-01,915.1603056308501
20691,2015-11-01,986.5869341412663
20691,2015-12-01,1030.2221053280748
20691,2016-01-01,977.26423273281
20691,2016-02-01,830.8425542949387
20691,2016-03-01,900.5107467521759
20691,2016-04-01,1084.2281065463037
20691,2016-05-01,1033.8768392841291
20691,2016-06-01,1523.7301951187792
20691,2016-07-01,1038.3746024024397
20691,2016-08-01,749.431291027526
20691,2016-09-01,755.2792349175338
20691,2016-10-01,680.1705646279883
20691,2016-11-01,742.6225172737962
20691,2016-12-01,570.6089932074
20691,2017-01-01,594.3653634175337
20691,2017-02-01,689.574409160454
20691,2017-03-01,709.3793444672095
20691,2017-04-01,503.0292215052259
20691,2017-05-01,541.30100303935
20691,2017-06-01,553.7082324861454
20691,2017-07-01,452.3437213863589
20691,2017-08-01,570.9918135470849
20691,2017-09-01,464.63468146775364
20691,2017-10-01,441.7901211975295
20691,2017-11-01,474.17550628073707
20691,2017-12-01,449.83863038258454
20691,2018-01-01,407.54913803867004
20691,2018-02-01,420.17146071843734
20691,2018-03-01,478.58535150940656
20691,2018-04-01,381.1214640690968
20691,2018-05-01,389.96092805349934
20691,2018-06-01,317.7518263891311
20691,2018-07-01,883.714493376222
20691,2018-08-01,579.2834188266073
20691,2018-09-01,532.8235019825803
20691,2018-10-01,511.04615691381395
20691,2018-11-01,443.3747747083537
20691,2018-12-01,503.87038582208265
20691,2019-01-01,378.3297056461079
20691,2019-02-01,555.8934422272378
20691,2019-03-01,360.5289023556558
20691,2019-04-01,452.9420889786494
20691,2019-05-01,372.51507991217034
20691,2019-06-01,475.42197474323825
20691,2019-07-01,575.3923587349867
20691,2019-08-01,477.13968347839506
20691,2019-09-01,498.30240683624965
20691,2019-10-01,563.169872121038
20691,2019-11-01,469.4895378234804
20691,2019-12-01,457.0114150431592
20691,2020-01-01,472.69693497923146
20691,2020-02-01,383.71217423760567
20691,2020-03-01,834.0526453939578
20691,2020-04-01,774.0855442970337
20691,2020-05-01,783.6645608501171
20691,2020-06-01,530.7141916640164
20691,2020-07-01,561.0346469560224
20691,2020-08-01,387.79797446916155
20691,2020-09-01,385.0541422714998
20691,2020-10-01,317.33648831693336
20691,2020-11-01,317.0512459405211
20691,2020-12-01,586.1632372991351
20691,2021-01-01,561.5044840260784
20691,2021-02-01,349.32115156341416
20691,2021-03-01,510.2839453422491
20691,2021-04-01,305.3630300634327
20691,2021-05-01,324.0418518855596
20691,2021-06-01,381.1417238220959
20691,2021-07-01,298.6834096543586
20691,2021-08-01,446.26894692421024
20691,2021-09-01,491.76105442882476
20691,2021-10-01,321.30565708542105
20691,2021-11-01,597.3599557422175
20691,2021-12-01,573.0962079729343
20691,2022-01-01,682.312720160362
20691,2022-02-01,660.9942043785169
20691,2022-03-01,564.0176308706423
20691,2022-04-01,635.2914116044498
20691,2022-05-01,574.7943072445829
20691,2022-06-01,657.9107140683666
20691,2022-07-01,590.0351518481356
20691,2022-08-01,771.7606387573908
20691,2022-09-01,859.0187931894113
20691,2022-10-01,920.1787323193771
20691,2022-11-01,925.0084347319593
20691,2022-12-01,781.7181168434066
20691,2023-01-01,809.2782571589563
20691,2023-02-01,840.345940639848
20691,2023-03-01,974.7442442477783
20691,2023-04-01,960.3170322074556
20691,2023-05-01,1028.6914432448323
20691,2023-06-01,895.7268495219186
20691,2023-07-01,927.200104005091
20691,2023-08-01,896.1924885374638
20691,2023-09-01,905.596464412768
20691,2023-10-01,862.5650469747948
20691,2023-11-01,858.2909084513236
20691,2023-12-01,884.2205346292761
20691,2024-01-01,865.109143569012
20691,2024-02-01,989.8496863778014
20691,2024-03-01,868.7917187696291
20691,2024-04-01,962.4955911378127
20691,2024-05-01,1119.4283946611033
20691,2024-06-01,1167.0297316438937
20691,2024-07-01,911.4632131568917
20691,2024-08-01,913.5950039144606
20691,2024-09-01,822.9335499041829
20691,2024-10-01,800.2892683292753
20691,2024-11-01,724.5140564330665
20691,2024-12-01,766.4145689155838
20691,2025-01-01,765.5037090962844
20691,2025-02-01,1022.338396131741
20691,2025-03-01,666.3869223792642
20691,2025-04-01,893.1862001166121
20691,2025-05-01,867.2777610858774
20691,2025-06-01,731.001058819864
20691,2025-07-01,975.0317803168394
20691,2025-08-01,977.3593651399158
20691,2025-09-01,894.0601682768093
20691,2025-10-01,1042.554682251255
20691,2025-11-01,986.1656853846823
20691,2025-12-01,843.2921520428774
20691,2026-01-01,786.1840846433091
20691,2026-02-01,893.2055334482925
20691,2026-03-01,1013.133046594306
20691,2026-04-01,1206.6357484867603
20691,2026-05-01,918.3271688393144
20691,2026-06-01,983.0228664222625
20692,2011-03-01,1846.2322543649254
20692,2011-04-01,1803.9500732957592
20692,2011-05-01,1756.3516602292113
20692,2011-06-01,1965.228564244491
20692,2011-07-01,1853.3079774442679
20692,2011-08-01,2051.645065029587
20692,2011-09-01,1838.7813856016237
20692,2011-10-01,1487.8105540193105
20692,2011-11-01,1930.165320489587
20692,2011-12-01,1821.0487129662247
20692,2012-01-01,1922.2169161448053
20692,2012-02-01,2249.688331460568
20692,2012-03-01,2123.8015901386393
20692,2012-04-01,2206.058818665659
20692,2012-05-01,2133.0702607718713
20692,2012-06-01,2435.9041302075916
20692,2012-07-01,2162.6193102593916
20692,2012-08-01,2134.2081468053725
20692,2012-09-01,2108.3526955844372
20692,2012-10-01,2499.2618718587505
20692,2012-11-01,2173.9631213754847
20692,2012-12-01,2085.0075276092484
20692,2013-01-01,2147.8471516713994
20692,2013-02-01,2031.2237781911479
20692,2013-03-01,2001.8808883442748
20692,2013-04-01,2437.7376252777976
20692,2013-05-01,2574.8137058945717
20692,2013-06-01,2238.6616430530853
20692,2013-07-01,2575.115635846901
20692,2013-08-01,3154.0615612311412
20692,2013-09-01,2467.8775890985694
20692,2013-10-01,2755.743967595479
20692,2013-11-01,2184.187620916534
20692,2013-12-01,2201.7132353715915
20692,2014-01-01,2569.3061423069234
20692,2014-02-01,5209.780308195238
20692,2014-03-01,3953.4210073848717
20692,2014-04-01,2895.506273415435
20692,2014-05-01,3375.9675563336646
20692,2014-06-01,2321.630590597763
20692,2014-07-01,2503.396630508881
20692,2014-08-01,2335.0818346457154
20692,2014-09-01,2673.6470779750753
20692,2014-10-01,2802.4961264256594
20692,2014-11-01,3047.9961906412914
20692,2014-12-01,3374.5121860821787
20692,2015-01-01,3688.7517884225754
20692,2015-02-01,2628.530605651099
20692,2015-03-01,1858.5651836577142
20692,2015-04-01,2109.4698186510113
20692,2015-05-01,2012.2868288840282
20692,2015-06-01,2154.7531179968946
20692,2015-07-01,1950.5868642788246
20692,2015-08-01,2107.6542744874346
20692,2015-09-01,1945.9448527337836
20692,2015-10-01,1722.245814940457
20692,2015-11-01,2046.5003813206433
20692,2015-12-01,1757.4403779304992
20692,2016-01-01,1445.563148103954
20692,2016-02-01,1802.0640595782538
20692,2016-03-01,2023.4977811669125
20692,2016-04-01,2271.850951149624
20692,2016-05-01,2058.7047813719564
20692,2016-06-01,2528.2117226958085
20692,2016-07-01,1822.290774326668
20692,2016-08-01,1410.4062268902233
20692,2016-09-01,1534.5704646532035
20692,2016-10-01,1161.1209271208395
20692,2016-11-01,1175.9227438729306
20692,2016-12-01,1029.5022687512665
20692,2017-01-01,1154.437893849061
20692,2017-02-01,1072.9387804567607
20692,2017-03-01,1010.059955700359
20692,2017-04-01,907.8075804675289
20692,2017-05-01,858.0102403239634
20692,2017-06-01,745.4278476498488
20692,2017-07-01,747.3431079533204
20692,2017-08-01,871.1343345838794
20692,2017-09-01,591.4793323100222
20692,2017-10-01,683.044232926164
20692,2017-11-01,686.7782685507124
20692,2017-12-01,775.3567934240626
20692,2018-01-01,555.1748913740751
20692,2018-02-01,678.2588827282931
20692,2018-03-01,672.9809113703167
20692,2018-04-01,535.3613403145066
20692,2018-05-01,498.57832154745444
20692,2018-06-01,545.2428678430662
20692,2018-07-01,975.5412741706858
20692,2018-08-01,787.3866286744035
20692,2018-09-01,849.6693557131838
20692,2018-10-01,670.9490907674981
20692,2018-11-01,643.8316398341981
20692,2018-12-01,968.9383622879584
20692,2019-01-01,527.1565749782161
20692,2019-02-01,700.6543097018409
20692,2019-03-01,446.4581821399062
20692,2019-04-01,626.4628943150257
20692,2019-05-01,512.1620459854415
20692,2019-06-01,737.3292333214555
20692,2019-07-01,779.4882027640542
20692,2019-08-01,704.0849668842915
20692,2019-09-01,634.4018191864837
20692,2019-10-01,716.3102475098837
20692,2019-11-01,616.4171839866477
20692,2019-12-01,624.770710237961
20692,2020-01-01,824.223765025887
20692,2020-02-01,608.0679614571454
20692,2020-03-01,1211.6248185270904
20692,2020-04-01,1316.0441364733117
20692,2020-05-01,1373.988926790915
20692,2020-06-01,859.6934926662218
20692,2020-07-01,1071.179639872162
20692,2020-08-01,738.7385004888529
20692,2020-09-01,1007.2514823265983
20692,2020-10-01,811.8287833374528
20692,2020-11-01,880.2447555099125
20692,2020-12-01,1263.4422410554175
20692,2021-01-01,1384.9744650192538
20692,2021-02-01,1059.2754627792513
20692,2021-03-01,1397.0553171166518
20692,2021-04-01,961.7643843270359
20692,2021-05-01,1108.9140710702686
20692,2021-06-01,1512.885119314596
20692,2021-07-01,1255.7381157857278
20692,2021-08-01,1564.0003620551945
20692,2021-09-01,1339.6908030451052
20692,2021-10-01,1612.494467605193
20692,2021-11-01,1593.218556325543
20692,2021-12-01,1859.7304009724426
20692,2022-01-01,1495.6000434346133
20692,2022-02-01,1817.5413147787037
20692,2022-03-01,1791.7171356505178
20692,2022-04-01,1703.4254759244627
20692,2022-05-01,2515.1545699307717
20692,2022-06-01,1554.0142713638168
20692,2022-07-01,1655.7566446955332
20692,2022-08-01,2091.6972279022575
20692,2022-09-01,2077.64896351081
20692,2022-10-01,2256.5467780789686
20692,2022-11-01,2543.8999826035465
20692,2022-12-01,1943.2085353245886
20692,2023-01-01,1976.0529700563934
20692,2023-02-01,2147.0999749986513
20692,2023-03-01,2906.3675566028755
20692,2023-04-01,2278.6184744235384
20692,2023-05-01,2465.7863507503002
20692,2023-06-01,2289.382175084365
20692,2023-07-01,2240.2997378178343
20692,2023-08-01,2513.053070737572
20692,2023-09-01,2627.441957403222
20692,2023-10-01,2494.896590804904
20692,2023-11-01,2522.413513778778
20692,2023-12-01,2407.215719630396
20692,2024-01-01,3114.752362025239
20692,2024-02-01,2815.2748781810246
20692,2024-03-01,2236.1916769165314
20692,2024-04-01,2686.329015200535
20692,2024-05-01,3046.7544373948695
20692,2024-06-01,2763.883410979532
20692,2024-07-01,2739.2593369737638
20692,2024-08-01,2870.5345295645593
20692,2024-09-01,2593.4453068875455
20692,2024-10-01,2657.312835422006
20692,2024-11-01,2633.870801754463
20692,2024-12-01,2546.9295375628144
20692,2025-01-01,2480.2008101139795
20692,2025-02-01,3467.3119162467015
20692,2025-03-01,2657.5637314794694
20692,2025-04-01,3458.273523746506
20692,2025-05-01,3257.182281523467
20692,2025-06-01,3137.6538305596227
20692,2025-07-01,3237.152342529888
20692,2025-08-01,3064.566816195951
20692,2025-09-01,3038.4902474230744
20692,2025-10-01,3365.2986638958273
20692,2025-11-01,3257.7938066303236
20692,2025-12-01,3274.6682626969723
20692,2026-01-01,3368.470657828798
20692,2026-02-01,3280.937823007798
20692,2026-03-01,3458.305032749955
20692,2026-04-01,4239.184083291514
20692,2026-05-01,3540.5471382665355
20692,2026-06-01,3449.5053524703553
20693,2011-03-01,50
20693,2011-04-01,92
20693,2011-05-01,187
20693,2011-06-01,252
20693,2011-07-01,388
20693,2011-08-01,225
20693,2011-09-01,199
20693,2011-10-01,336
20693,2011-11-01,360
20693,2011-12-01,568
20693,2012-01-01,484
20693,2012-02-01,426
20693,2012-03-01,322
20693,2012-04-01,540
20693,2012-05-01,306
20693,2012-06-01,818
20693,2012-07-01,1295
20693,2012-08-01,2489
20693,2012-09-01,1530
20693,2012-10-01,1894
20693,2012-11-01,926
20693,2012-12-01,1209
20693,2013-01-01,832
20693,2013-02-01,1011
20693,2013-03-01,1745
20693,2013-04-01,2010
20693,2013-05-01,1127
20693,2013-06-01,689
20693,2013-07-01,553
20693,2013-08-01,329
20693,2013-09-01,782
20693,2013-10-01,607
20693,2013-11-01,374
20693,2013-12-01,995
20693,2014-01-01,821
20693,2014-02-01,246
20693,2014-03-01,132
20693,2014-04-01,87
20693,2014-05-01,73
20693,2014-06-01,213
20693,2014-07-01,889
20693,2014-08-01,690
20693,2014-09-01,886
20693,2014-10-01,1017
20693,2014-11-01,271
20693,2014-12-01,418
20693,2015-01-01,189
20693,2015-02-01,134
20693,2015-03-01,33
20693,2015-04-01,71
20693,2015-05-01,105
20693,2015-06-01,152
20693,2015-07-01,88
20693,2015-08-01,196
20693,2015-09-01,73
20693,2015-10-01,1291
20693,2015-11-01,327
20693,2015-12-01,978
20693,2016-01-01,511
20693,2016-02-01,385
20693,2016-03-01,121
20693,2016-04-01,393
20693,2016-05-01,290
20693,2016-06-01,629
20693,2016-07-01,2666
20693,2016-08-01,1828
20693,2016-09-01,1078
20693,2016-10-01,1037
20693,2016-11-01,513
20693,2016-12-01,709
20693,2017-01-01,534
20693,2017-02-01,462
20693,2017-03-01,566
20693,2017-04-01,265
20693,2017-05-01,331
20693,2017-06-01,403
20693,2017-07-01,311
20693,2017-08-01,194
20693,2017-09-01,206
20693,2017-10-01,422
20693,2017-11-01,388
20693,2017-12-01,431
20693,2018-01-01,303
20693,2018-02-01,89
20693,2018-03-01,298
20693,2018-04-01,95
20693,2018-05-01,168
20693,2018-06-01,381
20693,2018-07-01,219
20693,2018-08-01,225
20693,2018-09-01,77
20693,2018-10-01,93
20693,2018-11-01,123
20693,2018-12-01,378
20693,2019-01-01,57
20693,2019-02-01,13
20693,2019-03-01,5
20693,2019-04-01,23
20693,2019-05-01,91
20693,2019-06-01,3
20693,2019-07-01,8
20693,2019-08-01,17
20693,2019-09-01,27
20693,2019-10-01,20
20693,2019-11-01,36
20693,2019-12-01,23
20693,2020-01-01,10
20693,2020-02-01,11
20693,2020-03-01,21
20693,2020-04-01,132
20693,2020-05-01,635
20693,2020-06-01,562
20693,2020-07-01,307
20693,2020-08-01,114
20693,2020-09-01,165
20693,2020-10-01,256
20693,2020-11-01,843
20693,2020-12-01,1479
20693,2021-01-01,34
20693,2021-02-01,15
20693,2021-03-01,50
20693,2021-04-01,45
20693,2021-05-01,54
20693,2021-06-01,140
20693,2021-07-01,48
20693,2021-08-01,42
20693,2021-09-01,133
20693,2021-10-01,18
20693,2021-11-01,32
20693,2021-12-01,29
20693,2022-01-01,14
20693,2022-02-01,159
20693,2022-03-01,46
20693,2022-04-01,77
20693,2022-05-01,80
20693,2022-06-01,85
20693,2022-07-01,91
20693,2022-08-01,112
20693,2022-09-01,167
20693,2022-10-01,321
20693,2022-11-01,274
20693,2022-12-01,248
20693,2023-01-01,157
20693,2023-02-01,104
20693,2023-03-01,151
20693,2023-04-01,115
20693,2023-05-01,191
20693,2023-06-01,247
20693,2023-07-01,543
20693,2023-08-01,510
20693,2023-09-01,583
20693,2023-10-01,297
20693,2023-11-01,319
20693,2023-12-01,315
20693,2024-01-01,267
20693,2024-02-01,271
20693,2024-03-01,656
20693,2024-04-01,484
20693,2024-05-01,462
20693,2024-06-01,342
20693,2024-07-01,869
20693,2024-08-01,1142
20693,2024-09-01,772
20693,2024-10-01,423
20693,2024-11-01,377
20693,2024-12-01,506
20693,2025-01-01,271
20693,2025-02-01,258
20693,2025-03-01,197
20693,2025-04-01,404
20693,2025-05-01,212
20693,2025-06-01,207
20693,2025-07-01,332
20693,2025-08-01,259
20693,2025-09-01,295
20693,2025-10-01,1033
20693,2025-11-01,442
20693,2025-12-01,1543
20693,2026-01-01,284
20693,2026-02-01,229
20693,2026-03-01,290
20693,2026-04-01,133
20693,2026-05-01,194
20693,2026-06-01,210
20694,2011-03-01,6857.077599567315
20694,2011-04-01,7152.799136830755
20694,2011-05-01,7736.031782983347
20694,2011-06-01,9379.787282887635
20694,2011-07-01,10967.39398175579
20694,2011-08-01,10196.143947741111
20694,2011-09-01,9112.0399554679
20694,2011-10-01,8855.704532347187
20694,2011-11-01,12777.04255283142
20694,2011-12-01,8511.13611721606
20694,2012-01-01,7148.96892525105
20694,2012-02-01,8874.960530502474
20694,2012-03-01,8347.034756969584
20694,2012-04-01,8459.267594344747
20694,2012-05-01,8103.565467524018
20694,2012-06-01,7878.795937228
20694,2012-07-01,11236.155776282745
20694,2012-08-01,9829.699895105912
20694,2012-09-01,11192.743376371718
20694,2012-10-01,11291.538125364672
20694,2012-11-01,11247.236629697194
20694,2012-12-01,14409.880623701776
20694,2013-01-01,12601.198739203535
20694,2013-02-01,10157.477871535317
20694,2013-03-01,12290.594920135693
20694,2013-04-01,14964.274789745752
20694,2013-05-01,16132.98862108279
20694,2013-06-01,14335.980155997833
20694,2013-07-01,11841.807062654521
20694,2013-08-01,13830.756563654886
20694,2013-09-01,12222.023912528677
20694,2013-10-01,12504.27735609134
20694,2013-11-01,13081.261469525425
20694,2013-12-01,11717.056488419694
20694,2014-01-01,18012.346489205614
20694,2014-02-01,18188.669716608583
20694,2014-03-01,15873.39553894842
20694,2014-04-01,13347.61502468642
20694,2014-05-01,8268.04984008568
20694,2014-06-01,12278.55666656417
20694,2014-07-01,12588.603001394918
20694,2014-08-01,14307.017979612447
20694,2014-09-01,14155.444244191838
20694,2014-10-01,13806.336387617872
20694,2014-11-01,11235.378529066074
20694,2014-12-01,11266.040113812922
20694,2015-01-01,10388.974562952599
20694,2015-02-01,9905.232107489664
20694,2015-03-01,13785.60990237752
20694,2015-04-01,8832.495340670397
20694,2015-05-01,11167.738982879144
20694,2015-06-01,11707.177965991454
20694,2015-07-01,8203.846507802655
20694,2015-08-01,8274.96286083713
20694,2015-09-01,8370.880545072294
20694,2015-10-01,11001.038218436985
20694,2015-11-01,9070.968230574086
20694,2015-12-01,7430.018512041973
20694,2016-01-01,6854.917052843792
20694,2016-02-01,5605.135968546956
20694,2016-03-01,5570.703232068448
20694,2016-04-01,6209.392935768873
20694,2016-05-01,4456.870513274366
20694,2016-06-01,5704.851708038399
20694,2016-07-01,4340.322190944348
20694,2016-08-01,3915.228344103363
20694,2016-09-01,5163.025406911292
20694,2016-10-01,4160.975077869788
20694,2016-11-01,4522.468634409693
20694,2016-12-01,4058.243032992678
20694,2017-01-01,3755.1171449244243
20694,2017-02-01,4836.3986692163435
20694,2017-03-01,4141.628763064759
20694,2017-04-01,5834.407387088186
20694,2017-05-01,4583.771404337342
20694,2017-06-01,3519.740765484162
20694,2017-07-01,5014.0820337790565
20694,2017-08-01,2932.569006098732
20694,2017-09-01,3982.8088912314306
20694,2017-10-01,3549.983489461135
20694,2017-11-01,3568.926177630295
20694,2017-12-01,3742.2262350030433
20694,2018-01-01,3416.675032744656
20694,2018-02-01,2882.661731382327
20694,2018-03-01,3086.813095290775
20694,2018-04-01,3609.0329972590926
20694,2018-05-01,5770.878627260017
20694,2018-06-01,3155.7688985367367
20694,2018-07-01,3421.146558805104
20694,2018-08-01,3581.7810742337233
20694,2018-09-01,3223.383580679423
20694,2018-10-01,3009.2427295903103
20694,2018-11-01,4363.476314681784
20694,2018-12-01,6038.817675573573
20694,2019-01-01,6254.6850832963555
20694,2019-02-01,4649.704998563692
20694,2019-03-01,4293.775992042241
20694,2019-04-01,1956.8204285596469
20694,2019-05-01,2757.045178772262
20694,2019-06-01,2712.62825992836
20694,2019-07-01,2452.6466122664424
20694,2019-08-01,2827.71194637807
20694,2019-09-01,2292.9638126395785
20694,2019-10-01,2715.699981579837
20694,2019-11-01,3775.220314853919
20694,2019-12-01,1864.916911310803
20694,2020-01-01,1656.9883796164893
20694,2020-02-01,2058.4470336744107
20694,2020-03-01,1811.4191161001509
20694,2020-04-01,5474.447232057398
20694,2020-05-01,5931.180087619564
20694,2020-06-01,5129.80636301577
20694,2020-07-01,4178.47558552234
20694,2020-08-01,3987.2769151268335
20694,2020-09-01,2991.3152983800355
20694,2020-10-01,2433.869013437767
20694,2020-11-01,1926.0463170106345
20694,2020-12-01,2397.663262521669
20694,2021-01-01,2131.1458250995574
20694,2021-02-01,2538.9566795473925
20694,2021-03-01,3001.7101034027673
20694,2021-04-01,2442.0371629158153
20694,2021-05-01,2640.3853990811504
20694,2021-06-01,2516.096072739055
20694,2021-07-01,2738.005104778235
20694,2021-08-01,2272.0296971703883
20694,2021-09-01,4968.272720465875
20694,2021-10-01,2350.964600742699
20694,2021-11-01,2283.2798316029193
20694,2021-12-01,1917.3267613545122
20694,2022-01-01,2483.468208356519
20694,2022-02-01,4449.179848495716
20694,2022-03-01,3489.554423006925
20694,2022-04-01,4856.263003277594
20694,2022-05-01,6824.555840767877
20694,2022-06-01,3996.01515375246
20694,2022-07-01,3661.7316287046733
20694,2022-08-01,5292.293008014992
20694,2022-09-01,3818.435732275657
20694,2022-10-01,5283.232542939897
20694,2022-11-01,6529.018438843979
20694,2022-12-01,5665.435967657292
20694,2023-01-01,6477.295847611111
20694,2023-02-01,4073.4339530374605
20694,2023-03-01,4757.6872750062685
20694,2023-04-01,3047.9296852856555
20694,2023-05-01,4219.673773157343
20694,2023-06-01,4897.642547471089
20694,2023-07-01,4810.783828390446
20694,2023-08-01,3940.9616218985466
20694,2023-09-01,5986.783674052107
20694,2023-10-01,5258.995147781873
20694,2023-11-01,4692.156024136064
20694,2023-12-01,4295.05399080767
20694,2024-01-01,7084.54600098667
20694,2024-02-01,3432.1158804317597
20694,2024-03-01,5085.50854790902
20694,2024-04-01,5086.712954278302
20694,2024-05-01,5127.3116433315745
20694,2024-06-01,5762.615129798567
20694,2024-07-01,4303.764087295216
20694,2024-08-01,5743.399156164339
20694,2024-09-01,4343.358699050773
20694,2024-10-01,9186.684578109222
20694,2024-11-01,4962.756628615719
20694,2024-12-01,4524.765428403817
20694,2025-01-01,5636.53979663402
20694,2025-02-01,9279.295841579653
20694,2025-03-01,2886.12651191242
20694,2025-04-01,8087.617182701821
20694,2025-05-01,6313.313462897359
20694,2025-06-01,5301.853278684846
20694,2025-07-01,9405.306447916459
20694,2025-08-01,6878.902867187385
20694,2025-09-01,9382.375129421553
20694,2025-10-01,8110.252914390164
20694,2025-11-01,8486.410908016722
20694,2025-12-01,10231.77318730492
20694,2026-01-01,7602.657262546764
20694,2026-02-01,7908.114593436056
20694,2026-03-01,7273.38469168928
20694,2026-04-01,7155.8680199761
20694,2026-05-01,5817.567583349054
20694,2026-06-01,6939.902208976378
20695,2011-03-01,156
20695,2011-04-01,115
20695,2011-05-01,156
20695,2011-06-01,112
20695,2011-07-01,188
20695,2011-08-01,155
20695,2011-09-01,249
20695,2011-10-01,501
20695,2011-11-01,186
20695,2011-12-01,153
20695,2012-01-01,71
20695,2012-02-01,79
20695,2012-03-01,258
20695,2012-04-01,302
20695,2012-05-01,105
20695,2012-06-01,158
20695,2012-07-01,331
20695,2012-08-01,149
20695,2012-09-01,155
20695,2012-10-01,227
20695,2012-11-01,204
20695,2012-12-01,204
20695,2013-01-01,134
20695,2013-02-01,125
20695,2013-03-01,221
20695,2013-04-01,277
20695,2013-05-01,157
20695,2013-06-01,176
20695,2013-07-01,184
20695,2013-08-01,179
20695,2013-09-01,323
20695,2013-10-01,439
20695,2013-11-01,518
20695,2013-12-01,508
20695,2014-01-01,441
20695,2014-02-01,225
20695,2014-03-01,439
20695,2014-04-01,212
20695,2014-05-01,254
20695,2014-06-01,130
20695,2014-07-01,226
20695,2014-08-01,394
20695,2014-09-01,526
20695,2014-10-01,624
20695,2014-11-01,219
20695,2014-12-01,553
20695,2015-01-01,294
20695,2015-02-01,295
20695,2015-03-01,309
20695,2015-04-01,305
20695,2015-05-01,484
20695,2015-06-01,533
20695,2015-07-01,264
20695,2015-08-01,399
20695,2015-09-01,395
20695,2015-10-01,289
20695,2015-11-01,356
20695,2015-12-01,752
20695,2016-01-01,358
20695,2016-02-01,306
20695,2016-03-01,383
20695,2016-04-01,291
20695,2016-05-01,274
20695,2016-06-01,354
20695,2016-07-01,382
20695,2016-08-01,343
20695,2016-09-01,348
20695,2016-10-01,384
20695,2016-11-01,408
20695,2016-12-01,475
20695,2017-01-01,309
20695,2017-02-01,258
20695,2017-03-01,248
20695,2017-04-01,358
20695,2017-05-01,259
20695,2017-06-01,221
20695,2017-07-01,246
20695,2017-08-01,379
20695,2017-09-01,150
20695,2017-10-01,264
20695,2017-11-01,306
20695,2017-12-01,293
20695,2018-01-01,210
20695,2018-02-01,123
20695,2018-03-01,241
20695,2018-04-01,145
20695,2018-05-01,242
20695,2018-06-01,151
20695,2018-07-01,175
20695,2018-08-01,233
20695,2018-09-01,291
20695,2018-10-01,315
20695,2018-11-01,252
20695,2018-12-01,412
20695,2019-01-01,557
20695,2019-02-01,244
20695,2019-03-01,157
20695,2019-04-01,161
20695,2019-05-01,268
20695,2019-06-01,220
20695,2019-07-01,204
20695,2019-08-01,232
20695,2019-09-01,209
20695,2019-10-01,263
20695,2019-11-01,300
20695,2019-12-01,634
20695,2020-01-01,173
20695,2020-02-01,102
20695,2020-03-01,196
20695,2020-04-01,224
20695,2020-05-01,240
20695,2020-06-01,156
20695,2020-07-01,173
20695,2020-08-01,141
20695,2020-09-01,107
20695,2020-10-01,131
20695,2020-11-01,196
20695,2020-12-01,327
20695,2021-01-01,149
20695,2021-02-01,206
20695,2021-03-01,255
20695,2021-04-01,437
20695,2021-05-01,140
20695,2021-06-01,146
20695,2021-07-01,207
20695,2021-08-01,574
20695,2021-09-01,326
20695,2021-10-01,194
20695,2021-11-01,417
20695,2021-12-01,373
20695,2022-01-01,122
20695,2022-02-01,479
20695,2022-03-01,331
20695,2022-04-01,163
20695,2022-05-01,264
20695,2022-06-01,406
20695,2022-07-01,173
20695,2022-08-01,658
20695,2022-09-01,342
20695,2022-10-01,292
20695,2022-11-01,303
20695,2022-12-01,878
20695,2023-01-01,350
20695,2023-02-01,196
20695,2023-03-01,519
20695,2023-04-01,122
20695,2023-05-01,166
20695,2023-06-01,747
20695,2023-07-01,320
20695,2023-08-01,246
20695,2023-09-01,273
20695,2023-10-01,851
20695,2023-11-01,315
20695,2023-12-01,271
20695,2024-01-01,355
20695,2024-02-01,315
20695,2024-03-01,294
20695,2024-04-01,590
20695,2024-05-01,465
20695,2024-06-01,844
20695,2024-07-01,278
20695,2024-08-01,1501
20695,2024-09-01,440
20695,2024-10-01,454
20695,2024-11-01,427
20695,2024-12-01,399
20695,2025-01-01,349
20695,2025-02-01,295
20695,2025-03-01,312
20695,2025-04-01,377
20695,2025-05-01,266
20695,2025-06-01,312
20695,2025-07-01,766
20695,2025-08-01,233
20695,2025-09-01,289
20695,2025-10-01,835
20695,2025-11-01,401
20695,2025-12-01,462
20695,2026-01-01,470
20695,2026-02-01,234
20695,2026-03-01,418
20695,2026-04-01,326
20695,2026-05-01,241
20695,2026-06-01,290
20696,2011-03-01,7173.898831745704
20696,2011-04-01,8262.500337902286
20696,2011-05-01,8812.761628232322
20696,2011-06-01,9254.58952127298
20696,2011-07-01,11289.750729176256
20696,2011-08-01,9244.645939804228
20696,2011-09-01,9126.903265853529
20696,2011-10-01,9075.757068035784
20696,2011-11-01,11676.265056205397
20696,2011-12-01,9643.448713017753
20696,2012-01-01,8576.638242737477
20696,2012-02-01,10184.550231866924
20696,2012-03-01,9150.568232699352
20696,2012-04-01,10375.318929287629
20696,2012-05-01,9328.222682150952
20696,2012-06-01,8619.09271427275
20696,2012-07-01,12365.251309107516
20696,2012-08-01,10933.477537259581
20696,2012-09-01,12427.627056957805
20696,2012-10-01,12702.293803192275
20696,2012-11-01,11037.693256790024
20696,2012-12-01,16434.370050337766
20696,2013-01-01,14918.63041373104
20696,2013-02-01,12271.212283097857
20696,2013-03-01,14719.588131525394
20696,2013-04-01,19369.213755930832
20696,2013-05-01,19077.565391396656
20696,2013-06-01,15212.452055445692
20696,2013-07-01,11655.558737003372
20696,2013-08-01,12165.860197637327
20696,2013-09-01,13057.843948635895
20696,2013-10-01,12952.262669705735
20696,2013-11-01,12733.735546038228
20696,2013-12-01,13599.281977114471
20696,2014-01-01,20820.032704578414
20696,2014-02-01,19319.23299579704
20696,2014-03-01,16513.25282405536
20696,2014-04-01,15418.219672763535
20696,2014-05-01,9461.600422183536
20696,2014-06-01,13019.432646621433
20696,2014-07-01,12348.94970112118
20696,2014-08-01,12741.835644597964
20696,2014-09-01,15400.181754825484
20696,2014-10-01,14701.222978207416
20696,2014-11-01,10986.500293626816
20696,2014-12-01,12920.980431232048
20696,2015-01-01,11505.149218161056
20696,2015-02-01,10659.05894832563
20696,2015-03-01,13894.625610638106
20696,2015-04-01,10636.649054835349
20696,2015-05-01,12771.26517571191
20696,2015-06-01,12868.062290285523
20696,2015-07-01,7636.333387472511
20696,2015-08-01,7300.105996207954
20696,2015-09-01,8739.202219219536
20696,2015-10-01,11707.63208195243
20696,2015-11-01,9251.558243942494
20696,2015-12-01,9409.351003663049
20696,2016-01-01,8210.585360030585
20696,2016-02-01,6611.496527921714
20696,2016-03-01,5929.927050027791
20696,2016-04-01,7998.655693148823
20696,2016-05-01,5349.690188099334
20696,2016-06-01,6906.767256800227
20696,2016-07-01,6913.5451970669
20696,2016-08-01,5289.639107117084
20696,2016-09-01,6397.844470346515
20696,2016-10-01,5117.789497276797
20696,2016-11-01,5182.101610991064
20696,2016-12-01,5400.082353569201
20696,2017-01-01,4892.131752665353
20696,2017-02-01,5919.238780436593
20696,2017-03-01,4843.510722396279
20696,2017-04-01,7387.981988013279
20696,2017-05-01,5359.166349639946
20696,2017-06-01,4252.068210141785
20696,2017-07-01,5298.988016334009
20696,2017-08-01,3234.1225328982346
20696,2017-09-01,4033.7531961344907
20696,2017-10-01,3745.0707754812265
20696,2017-11-01,3972.1959166832994
20696,2017-12-01,4828.938056770577
20696,2018-01-01,3963.220618373427
20696,2018-02-01,3288.8102524924852
20696,2018-03-01,3583.6980552355103
20696,2018-04-01,4258.994928589524
20696,2018-05-01,6301.259638687662
20696,2018-06-01,3742.078298521957
20696,2018-07-01,3798.8156581078347
20696,2018-08-01,4061.410885234813
20696,2018-09-01,3229.502371992692
20696,2018-10-01,2960.104087882101
20696,2018-11-01,4269.639374779255
20696,2018-12-01,7358.788397797282
20696,2019-01-01,6581.512844148877
20696,2019-02-01,5434.255393799503
20696,2019-03-01,4490.926081007201
20696,2019-04-01,2301.22033037401
20696,2019-05-01,3212.8955768382957
20696,2019-06-01,2964.155153821931
20696,2019-07-01,2707.666801350799
20696,2019-08-01,3392.4337331669235
20696,2019-09-01,2184.4462756879707
20696,2019-10-01,2565.6663948884
20696,2019-11-01,3591.5540489323407
20696,2019-12-01,2405.52388705194
20696,2020-01-01,1756.1693413305836
20696,2020-02-01,2481.4958284556888
20696,2020-03-01,2207.5125602577327
20696,2020-04-01,5893.706322930448
20696,2020-05-01,7059.65123127508
20696,2020-06-01,5983.276618157222
20696,2020-07-01,4731.461056471657
20696,2020-08-01,4905.845470211969
20696,2020-09-01,2799.2760419639326
20696,2020-10-01,2499.566688738885
20696,2020-11-01,2622.5393484449223
20696,2020-12-01,3453.016144629922
20696,2021-01-01,2171.098905797586
20696,2021-02-01,3183.0843999636913
20696,2021-03-01,3823.067750477906
20696,2021-04-01,2965.593035029976
20696,2021-05-01,2933.364164329141
20696,2021-06-01,2964.025783668901
20696,2021-07-01,2977.1634679365548
20696,2021-08-01,3239.469759785753
20696,2021-09-01,4721.802236468572
20696,2021-10-01,2320.5179146652786
20696,2021-11-01,2440.2253298668575
20696,2021-12-01,2020.7436304952193
20696,2022-01-01,2450.0433250794954
20696,2022-02-01,5795.792417620395
20696,2022-03-01,4749.035089512663
20696,2022-04-01,4988.0279268694085
20696,2022-05-01,7262.739297509366
20696,2022-06-01,4741.528201035809
20696,2022-07-01,3929.0496822194737
20696,2022-08-01,6714.821909182854
20696,2022-09-01,3995.900958137854
20696,2022-10-01,5463.6180843432785
20696,2022-11-01,6502.738298938315
20696,2022-12-01,5751.879448513251
20696,2023-01-01,6669.01766967534
20696,2023-02-01,4720.202702828201
20696,2023-03-01,6828.262223166486
20696,2023-04-01,3382.261220108244
20696,2023-05-01,4518.085832636695
20696,2023-06-01,6118.883786235064
20696,2023-07-01,5621.587848097366
20696,2023-08-01,4946.9699295317805
20696,2023-09-01,6529.113299006868
20696,2023-10-01,5949.586596495523
20696,2023-11-01,5022.557637421491
20696,2023-12-01,4311.17374801728
20696,2024-01-01,7634.159066863258
20696,2024-02-01,4260.674548181693
20696,2024-03-01,7622.299041702341
20696,2024-04-01,6616.156696380952
20696,2024-05-01,5791.246677131405
20696,2024-06-01,7044.79270874594
20696,2024-07-01,5448.743649251319
20696,2024-08-01,8106.763472108647
20696,2024-09-01,5560.919787541653
20696,2024-10-01,9411.443672535737
20696,2024-11-01,5539.061992004549
20696,2024-12-01,4880.670595498264
20696,2025-01-01,6325.405849678976
20696,2025-02-01,9649.151769161932
20696,2025-03-01,4255.898218000462
20696,2025-04-01,9410.569449240209
20696,2025-05-01,6110.882208245228
20696,2025-06-01,5820.807710697724
20696,2025-07-01,10567.939838303546
20696,2025-08-01,7281.629657042092
20696,2025-09-01,10206.698772884287
20696,2025-10-01,9313.977138482594
20696,2025-11-01,9010.738772936798
20696,2025-12-01,11329.494005426057
20696,2026-01-01,8452.458607381212
20696,2026-02-01,8102.408561977456
20696,2026-03-01,9934.37531806626
20696,2026-04-01,8066.400156332355
20696,2026-05-01,5483.200088032028
20696,2026-06-01,7274.282637480911
20697,2011-03-01,1935.0423899200996
20697,2011-04-01,1846.3804381056334
20697,2011-05-01,1372.3785302489566
20697,2011-06-01,1582.45308166717
20697,2011-07-01,1507.9676941748191
20697,2011-08-01,1736.849461519205
20697,2011-09-01,1450.8501836684982
20697,2011-10-01,1319.660606954071
20697,2011-11-01,1713.242529387135
20697,2011-12-01,2080.8498485832824
20697,2012-01-01,1965.9855284339662
20697,2012-02-01,1642.390572879023
20697,2012-03-01,924.69520745148
20697,2012-04-01,1074.4308708444428
20697,2012-05-01,2559.618828224605
20697,2012-06-01,1263.3835507161928
20697,2012-07-01,1199.7722490515735
20697,2012-08-01,1109.6228483621778
20697,2012-09-01,1047.4008913495325
20697,2012-10-01,1645.2832360151326
20697,2012-11-01,1245.1628206625237
20697,2012-12-01,1574.976325172309
20697,2013-01-01,1474.98193425115
20697,2013-02-01,5780.106259848743
20697,2013-03-01,2726.7309007875506
20697,2013-04-01,1886.5177306164612
20697,2013-05-01,2105.2261485825043
20697,2013-06-01,2317.9547018944113
20697,2013-07-01,1211.6658523114431
20697,2013-08-01,2744.7870334153904
20697,2013-09-01,1436.6326726408738
20697,2013-10-01,2568.2802905444833
20697,2013-11-01,1788.7923681995487
20697,2013-12-01,2124.6800284885003
20697,2014-01-01,1985.4708262521112
20697,2014-02-01,1937.9438992705188
20697,2014-03-01,2536.285045531484
20697,2014-04-01,4555.863264791533
20697,2014-05-01,2987.6055432863645
20697,2014-06-01,2407.496618204086
20697,2014-07-01,2539.64329257524
20697,2014-08-01,2369.426761467789
20697,2014-09-01,3162.8209031489796
20697,2014-10-01,2642.658097769623
20697,2014-11-01,2645.62394101305
20697,2014-12-01,1657.6750473940933
20697,2015-01-01,2323.376533429986
20697,2015-02-01,1421.5194734723427
20697,2015-03-01,2339.4537122420916
20697,2015-04-01,1533.4386996003984
20697,2015-05-01,1696.8204369785515
20697,2015-06-01,1754.4183575025406
20697,2015-07-01,4740.332168428655
20697,2015-08-01,1169.8474642793822
20697,2015-09-01,2175.913694965711
20697,2015-10-01,1208.4360516946265
20697,2015-11-01,1850.5467302834766
20697,2015-12-01,2933.959387261614
20697,2016-01-01,1262.8462957239985
20697,2016-02-01,1998.4872687762702
20697,2016-03-01,1965.749867089337
20697,2016-04-01,1462.6733874273357
20697,2016-05-01,1340.9254011699716
20697,2016-06-01,1793.3168795651811
20697,2016-07-01,2013.7723251298721
20697,2016-08-01,1255.1979086737279
20697,2016-09-01,1500.4017975342547
20697,2016-10-01,880.5484702639063
20697,2016-11-01,928.8187139214865
20697,2016-12-01,1391.8540383770933
20697,2017-01-01,1041.8175365109523
20697,2017-02-01,930.5020696202491
20697,2017-03-01,1122.9008911330632
20697,2017-04-01,963.2600064979057
20697,2017-05-01,963.1025318355155
20697,2017-06-01,910.0778971407026
20697,2017-07-01,1232.0992241684958
20697,2017-08-01,1350.082203442672
20697,2017-09-01,778.4981954187047
20697,2017-10-01,1412.7557776778071
20697,2017-11-01,850.5445025937208
20697,2017-12-01,683.7821468918186
20697,2018-01-01,913.8472746781439
20697,2018-02-01,1081.0034982172851
20697,2018-03-01,1192.631524928004
20697,2018-04-01,1047.062473136137
20697,2018-05-01,689.8470498949531
20697,2018-06-01,1277.8546613988617
20697,2018-07-01,1147.6481120566368
20697,2018-08-01,781.0883505212275
20697,2018-09-01,801.1627131458929
20697,2018-10-01,874.753217480992
20697,2018-11-01,1444.7408089309567
20697,2018-12-01,1577.979441700828
20697,2019-01-01,1089.4727299090873
20697,2019-02-01,1222.6344865185763
20697,2019-03-01,871.164002942992
20697,2019-04-01,1159.9243751051945
20697,2019-05-01,963.9326020760108
20697,2019-06-01,954.4773631164029
20697,2019-07-01,1339.006297944392
20697,2019-08-01,1010.8645259994703
20697,2019-09-01,1114.2988840689027
20697,2019-10-01,1316.7643478508953
20697,2019-11-01,1612.5623646753256
20697,2019-12-01,1502.9264651681478
20697,2020-01-01,2865.7264181042196
20697,2020-02-01,1410.1883900278017
20697,2020-03-01,1681.4878349541684
20697,2020-04-01,1883.2265806312978
20697,2020-05-01,2999.235292578709
20697,2020-06-01,3518.2203140646216
20697,2020-07-01,23114.496592921892
20697,2020-08-01,23582.683402465995
20697,2020-09-01,22550.307377171073
20697,2020-10-01,10477.839932992114
20697,2020-11-01,14317.84849816999
20697,2020-12-01,7773.127762147172
20697,2021-01-01,2040.806000531461
20697,2021-02-01,2173.1524729393946
20697,2021-03-01,2090.990096243338
20697,2021-04-01,2090.2336064918427
20697,2021-05-01,2212.604778153811
20697,2021-06-01,2262.0790748393583
20697,2021-07-01,19249.87948514698
20697,2021-08-01,2469.018155887381
20697,2021-09-01,4864.742198794237
20697,2021-10-01,1989.1945498020596
20697,2021-11-01,1770.9523405081966
20697,2021-12-01,2192.199987957877
20697,2022-01-01,2114.8949541520437
20697,2022-02-01,2739.126315193358
20697,2022-03-01,3625.5022025907833
20697,2022-04-01,2631.696944671556
20697,2022-05-01,1900.5094399277975
20697,2022-06-01,2371.2225384999792
20697,2022-07-01,8879.181397076158
20697,2022-08-01,10018.584565549187
20697,2022-09-01,7412.9823731892275
20697,2022-10-01,5049.290900997236
20697,2022-11-01,5789.154332732982
20697,2022-12-01,4775.067690370084
20697,2023-01-01,5833.596409293531
20697,2023-02-01,6881.303204426247
20697,2023-03-01,6673.2748063772415
20697,2023-04-01,6134.855493322338
20697,2023-05-01,8751.45640711834
20697,2023-06-01,6308.8337323541
20697,2023-07-01,6974.881963582177
20697,2023-08-01,5586.936078001836
20697,2023-09-01,3862.6218080709737
20697,2023-10-01,7409.071590422391
20697,2023-11-01,6102.425755069158
20697,2023-12-01,4797.887434017215
20697,2024-01-01,5170.544635114054
20697,2024-02-01,6400.987308549806
20697,2024-03-01,7267.617979597898
20697,2024-04-01,7430.479333180779
20697,2024-05-01,7722.804530976774
20697,2024-06-01,7500.011086404401
20697,2024-07-01,7537.229449278546
20697,2024-08-01,6947.891132948634
20697,2024-09-01,5778.687626594007
20697,2024-10-01,13061.892630713031
20697,2024-11-01,11795.57934007608
20697,2024-12-01,11088.417444256911
20697,2025-01-01,10574.006170487732
20697,2025-02-01,14742.538764766849
20697,2025-03-01,12600.214109626542
20697,2025-04-01,17074.32291981873
20697,2025-05-01,10656.406976081596
20697,2025-06-01,10114.444657824573
20697,2025-07-01,10734.814301838263
20697,2025-08-01,12367.008695442115
20697,2025-09-01,13031.850076551626
20697,2025-10-01,11223.001473545135
20697,2025-11-01,7039.0913736184875
20697,2025-12-01,7311.031195117954
20697,2026-01-01,11157.962904801769
20697,2026-02-01,7634.815915550691
20697,2026-03-01,6667.917678606364
20697,2026-04-01,8045.686943831909
20697,2026-05-01,9133.56024357052
20697,2026-06-01,7437.439563005908
20686,2011-03-01,15287.300932158165
20686,2011-04-01,14342.291565587466
20686,2011-05-01,14824.656296928733
20686,2011-06-01,14727.155352409049
20686,2011-07-01,17095.028427851033
20686,2011-08-01,17483.542937854447
20686,2011-09-01,16018.887656041588
20686,2011-10-01,14805.103597074987
20686,2011-11-01,20819.503555726733
20686,2011-12-01,16088.194992433457
20686,2012-01-01,15427.430164642756
20686,2012-02-01,16419.12632411282
20686,2012-03-01,14885.974438926562
20686,2012-04-01,15622.074183752266
20686,2012-05-01,16563.441079504206
20686,2012-06-01,13463.379835093281
20686,2012-07-01,18662.913511659048
20686,2012-08-01,19644.986441735276
20686,2012-09-01,20142.679281398978
20686,2012-10-01,22154.58130868929
20686,2012-11-01,20244.185284771
20686,2012-12-01,23256.422426975194
20686,2013-01-01,22092.24536026116
20686,2013-02-01,24260.890467062538
20686,2013-03-01,22048.39964041795
20686,2013-04-01,24808.452942532338
20686,2013-05-01,27136.689504761758
20686,2013-06-01,27237.943771900762
20686,2013-07-01,18733.741041841633
20686,2013-08-01,23162.06544896833
20686,2013-09-01,21428.577100377865
20686,2013-10-01,22462.479759653885
20686,2013-11-01,23662.64469961376
20686,2013-12-01,23640.394048064198
20686,2014-01-01,31237.953870610654
20686,2014-02-01,33199.896356956066
20686,2014-03-01,26383.346230198098
20686,2014-04-01,24602.022733817415
20686,2014-05-01,20575.55753505354
20686,2014-06-01,21150.590602054668
20686,2014-07-01,21557.80804864502
20686,2014-08-01,22667.9744498932
20686,2014-09-01,24646.294162357357
20686,2014-10-01,23737.839219210513
20686,2014-11-01,22378.623572256765
20686,2014-12-01,21049.713271491597
20686,2015-01-01,22824.45475321992
20686,2015-02-01,19279.208041004345
20686,2015-03-01,21833.411118267588
20686,2015-04-01,19900.13868057188
20686,2015-05-01,19414.718414120238
20686,2015-06-01,19156.107425230064
20686,2015-07-01,18644.09815948051
20686,2015-08-01,15702.307719403585
20686,2015-09-01,20263.057694577394
20686,2015-10-01,19093.175976372677
20686,2015-11-01,18114.5416978257
20686,2015-12-01,17317.860582929727
20686,2016-01-01,14605.870017593796
20686,2016-02-01,14170.51987276749
20686,2016-03-01,15444.769727107183
20686,2016-04-01,14488.31319497904
20686,2016-05-01,12971.485058558781
20686,2016-06-01,15010.3500682519
20686,2016-07-01,15063.809865494135
20686,2016-08-01,12672.829210213971
20686,2016-09-01,13009.73001200673
20686,2016-10-01,11146.896874528804
20686,2016-11-01,12555.674410365422
20686,2016-12-01,11833.391083142486
20686,2017-01-01,11502.507472476138
20686,2017-02-01,12407.526144851852
20686,2017-03-01,11119.729027845955
20686,2017-04-01,13193.647399171412
20686,2017-05-01,11451.35385173837
20686,2017-06-01,11524.13204866633
20686,2017-07-01,10470.753289191896
20686,2017-08-01,9218.070520713241
20686,2017-09-01,9732.124369891162
20686,2017-10-01,10915.25469980376
20686,2017-11-01,9245.629822826153
20686,2017-12-01,10342.719353209492
20686,2018-01-01,9732.024994248226
20686,2018-02-01,9628.770868431491
20686,2018-03-01,11132.41579525338
20686,2018-04-01,11046.954633685247
20686,2018-05-01,11465.098986315994
20686,2018-06-01,9659.685133555568
20686,2018-07-01,9383.379502317252
20686,2018-08-01,12614.588463544087
20686,2018-09-01,8196.333652718466
20686,2018-10-01,8094.0626073476005
20686,2018-11-01,9179.198093994339
20686,2018-12-01,12292.862659967825
20686,2019-01-01,11131.766478574657
20686,2019-02-01,11466.480714608895
20686,2019-03-01,7886.197134743142
20686,2019-04-01,7340.854927719362
20686,2019-05-01,7528.81785984644
20686,2019-06-01,8440.211693771957
20686,2019-07-01,8026.815910123565
20686,2019-08-01,8334.28454840455
20686,2019-09-01,8479.502807091456
20686,2019-10-01,9164.51681518474
20686,2019-11-01,9392.150624378459
20686,2019-12-01,7158.704231801562
20686,2020-01-01,8207.165745103466
20686,2020-02-01,7806.254730760501
20686,2020-03-01,8870.941636041352
20686,2020-04-01,14363.051569001242
20686,2020-05-01,14026.210455714043
20686,2020-06-01,12784.676537108046
20686,2020-07-01,33305.966579560925
20686,2020-08-01,26608.339360137914
20686,2020-09-01,33472.9245694519
20686,2020-10-01,17490.20391401613
20686,2020-11-01,21117.465058515496
20686,2020-12-01,15379.360790753077
20686,2021-01-01,8167.157917757864
20686,2021-02-01,11187.69286006667
20686,2021-03-01,12121.483761470814
20686,2021-04-01,10044.880635754187
20686,2021-05-01,9696.176355602349
20686,2021-06-01,10601.446077519144
20686,2021-07-01,26214.47070287167
20686,2021-08-01,10891.27306056303
20686,2021-09-01,16964.86321832182
20686,2021-10-01,10258.126237029312
20686,2021-11-01,9382.872401869343
20686,2021-12-01,10574.814934345937
20686,2022-01-01,10763.487831156563
20686,2022-02-01,16734.50250103615
20686,2022-03-01,15392.396376877106
20686,2022-04-01,14052.504988070485
20686,2022-05-01,15434.213651322636
20686,2022-06-01,15359.407205996727
20686,2022-07-01,17724.348354579684
20686,2022-08-01,18568.681389565623
20686,2022-09-01,18579.29797791314
20686,2022-10-01,17208.568710157426
20686,2022-11-01,18574.789581200406
20686,2022-12-01,17644.458973441804
20686,2023-01-01,18772.344184174683
20686,2023-02-01,18308.636026817967
20686,2023-03-01,18541.300427912134
20686,2023-04-01,17300.005868913195
20686,2023-05-01,18560.684967795947
20686,2023-06-01,17133.06560648937
20686,2023-07-01,21993.196175849735
20686,2023-08-01,22633.31268875565
20686,2023-09-01,19021.001262316466
20686,2023-10-01,22325.63937297646
20686,2023-11-01,19015.564466813135
20686,2023-12-01,17965.941902184986
20686,2024-01-01,21168.96933678393
20686,2024-02-01,18510.88163288171
20686,2024-03-01,20538.38324095908
20686,2024-04-01,22631.91364898861
20686,2024-05-01,20149.999166574376
20686,2024-06-01,23175.818253909565
20686,2024-07-01,18520.19541318587
20686,2024-08-01,20723.997847550647
20686,2024-09-01,19379.615930939104
20686,2024-10-01,29941.340210159156
20686,2024-11-01,24734.332429848695
20686,2024-12-01,23714.231699071854
20686,2025-01-01,23801.43187560282
20686,2025-02-01,36809.71259390301
20686,2025-03-01,21905.245829163
20686,2025-04-01,40123.749959367975
20686,2025-05-01,29483.408364768333
20686,2025-06-01,26074.68765494571
20686,2025-07-01,29064.441022017094
20686,2025-08-01,24712.77572299721
20686,2025-09-01,32790.412354971915
20686,2025-10-01,29614.545092410204
20686,2025-11-01,28998.704282003808
20686,2025-12-01,33832.69029754106
20686,2026-01-01,33946.41536070767
20686,2026-02-01,30688.419000708225
20686,2026-03-01,28627.855778729525
20686,2026-04-01,30746.522912177847
20686,2026-05-01,32887.90450903566
20686,2026-06-01,31897.563328396245
20699,2011-03-01,42.111916339910806
20699,2011-04-01,39.8665063963194
20699,2011-05-01,44.8754588980001
20699,2011-06-01,57.97042813960411
20699,2011-07-01,50.22517482993218
20699,2011-08-01,39.66974329550878
20699,2011-09-01,89.29112936645691
20699,2011-10-01,38.54522452016006
20699,2011-11-01,57.027456725525184
20699,2011-12-01,86.35953412332347
20699,2012-01-01,73.32806259607638
20699,2012-02-01,51.037697760619
20699,2012-03-01,70.7736655641894
20699,2012-04-01,85.99562978601209
20699,2012-05-01,89.40182883807809
20699,2012-06-01,164.502612249952
20699,2012-07-01,85.91227483512932
20699,2012-08-01,105.6864266602231
20699,2012-09-01,95.69687144577966
20699,2012-10-01,102.8050244170071
20699,2012-11-01,114.60356921747174
20699,2012-12-01,155.08242313455747
20699,2013-01-01,174.27552600547992
20699,2013-02-01,218.8484572431607
20699,2013-03-01,188.49892198570709
20699,2013-04-01,209.07821393976243
20699,2013-05-01,241.96864546620571
20699,2013-06-01,233.4687801955603
20699,2013-07-01,231.94849442563364
20699,2013-08-01,241.0144157760653
20699,2013-09-01,248.89877813204228
20699,2013-10-01,247.6128032095051
20699,2013-11-01,252.94780178796282
20699,2013-12-01,236.87833925437513
20699,2014-01-01,255.31146294805984
20699,2014-02-01,240.24800044726527
20699,2014-03-01,293.99470290799627
20699,2014-04-01,310.11354785636934
20699,2014-05-01,234.88249696376997
20699,2014-06-01,240.9404029383035
20699,2014-07-01,325.3488597220456
20699,2014-08-01,286.36087007589475
20699,2014-09-01,443.25823099258537
20699,2014-10-01,361.58329284941186
20699,2014-11-01,386.209299659715
20699,2014-12-01,347.09574586152183
20699,2015-01-01,316.6717306583365
20699,2015-02-01,469.94942190275765
20699,2015-03-01,556.0008885892294
20699,2015-04-01,393.917213297849
20699,2015-05-01,349.083368638176
20699,2015-06-01,454.7897262805243
20699,2015-07-01,539.8575676498112
20699,2015-08-01,571.9610552214034
20699,2015-09-01,614.394502882923
20699,2015-10-01,673.9063120710276
20699,2015-11-01,601.252978549098
20699,2015-12-01,795.5185250375139
20699,2016-01-01,656.2126171519977
20699,2016-02-01,534.7484694680647
20699,2016-03-01,582.3223289839099
20699,2016-04-01,538.4991531314558
20699,2016-05-01,524.3440032032964
20699,2016-06-01,598.35526520571
20699,2016-07-01,568.5695898079886
20699,2016-08-01,629.5220354389296
20699,2016-09-01,631.7266603295323
20699,2016-10-01,618.9961012935845
20699,2016-11-01,654.3342572266636
20699,2016-12-01,700.1513573667999
20699,2017-01-01,500.6776504992499
20699,2017-02-01,515.5122748893252
20699,2017-03-01,628.1888873856142
20699,2017-04-01,580.10102722168
20699,2017-05-01,736.6056375912044
20699,2017-06-01,807.43326419479
20699,2017-07-01,749.934518241863
20699,2017-08-01,926.4617993033372
20699,2017-09-01,944.0959461618303
20699,2017-10-01,837.4635080455627
20699,2017-11-01,847.3893794062908
20699,2017-12-01,709.8838897997617
20699,2018-01-01,739.2108662799607
20699,2018-02-01,702.0266193105764
20699,2018-03-01,552.7888362149558
20699,2018-04-01,587.7756398070197
20699,2018-05-01,678.4733033404817
20699,2018-06-01,740.4182039149364
20699,2018-07-01,839.921779512799
20699,2018-08-01,817.288009359841
20699,2018-09-01,842.9551652012944
20699,2018-10-01,1043.656591435655
20699,2018-11-01,1129.359988246281
20699,2018-12-01,1026.1588606217463
20699,2019-01-01,2205.7221659910538
20699,2019-02-01,2408.383095763794
20699,2019-03-01,2122.3094452559403
20699,2019-04-01,2840.1316184264115
20699,2019-05-01,3053.153310340846
20699,2019-06-01,2387.327592838853
20699,2019-07-01,1885.9109446245134
20699,2019-08-01,1460.687930291411
20699,2019-09-01,1490.3946714710005
20699,2019-10-01,1833.89153663936
20699,2019-11-01,1896.761105782661
20699,2019-12-01,2430.0469022694733
20699,2020-01-01,2369.488233481418
20699,2020-02-01,2215.887603539073
20699,2020-03-01,2633.782446714875
20699,2020-04-01,2292.875629293855
20699,2020-05-01,2151.927548200808
20699,2020-06-01,2158.2851158736908
20699,2020-07-01,1831.9350075383325
20699,2020-08-01,2026.6728895199344
20699,2020-09-01,2773.1780620174027
20699,2020-10-01,3163.7741518563835
20699,2020-11-01,3970.077217122241
20699,2020-12-01,4090.577638847836
20699,2021-01-01,4083.5881680782363
20699,2021-02-01,4570.2839130231305
20699,2021-03-01,6237.893322430984
20699,2021-04-01,6540.8753379893515
20699,2021-05-01,5885.331945641614
20699,2021-06-01,5829.996022417286
20699,2021-07-01,7706.776076284549
20699,2021-08-01,6371.927270772477
20699,2021-09-01,7079.641698572215
20699,2021-10-01,5649.867079748537
20699,2021-11-01,6335.98948640536
20699,2021-12-01,6253.033001439015
20699,2022-01-01,5221.456239372293
20699,2022-02-01,5681.086007008686
20699,2022-03-01,4977.513538711358
20699,2022-04-01,6572.157845685809
20699,2022-05-01,8560.660965948382
20699,2022-06-01,7913.498172838875
20699,2022-07-01,19238.682004937655
20699,2022-08-01,14303.346099052485
20699,2022-09-01,7601.461656616449
20699,2022-10-01,6903.879537999864
20699,2022-11-01,6008.689171568485
20699,2022-12-01,5436.078677431191
20699,2023-01-01,6787.638294542204
20699,2023-02-01,6847.795676487141
20699,2023-03-01,7865.678775403729
20699,2023-04-01,5801.562561761597
20699,2023-05-01,6939.013308994869
20699,2023-06-01,7053.403350550761
20699,2023-07-01,11400.85899815832
20699,2023-08-01,12433.291739259812
20699,2023-09-01,13180.582013411831
20699,2023-10-01,11821.769563692866
20699,2023-11-01,11803.934627090352
20699,2023-12-01,11135.025173928889
20699,2024-01-01,11384.377436979406
20699,2024-02-01,11209.142700628572
20699,2024-03-01,9286.126786007368
20699,2024-04-01,9005.04433076337
20699,2024-05-01,7421.02967956757
20699,2024-06-01,7444.709048401115
20699,2024-07-01,7036.986582268802
20699,2024-08-01,8266.2319463416
20699,2024-09-01,11143.022497148295
20699,2024-10-01,9832.081032599846
20699,2024-11-01,8559.929231908103
20699,2024-12-01,8602.592638923312
20699,2025-01-01,8585.425086286174
20699,2025-02-01,9067.827727494549
20699,2025-03-01,8018.578270458659
20699,2025-04-01,8051.263212115373
20699,2025-05-01,8156.7105878480415
20699,2025-06-01,7164.4533197821
20699,2025-07-01,6280.53184519619
20699,2025-08-01,5251.1150870523325
20699,2025-09-01,6619.426887452372
20699,2025-10-01,6869.816640332733
20699,2025-11-01,7017.548423314238
20699,2025-12-01,7884.577558852616
20699,2026-01-01,6392.435140720875
20699,2026-02-01,5393.419559658291
20699,2026-03-01,5578.019361104388
20699,2026-04-01,5506.803711116027
20699,2026-05-01,6051.487566703606
20699,2026-06-01,6311.767419998147
20700,2011-03-01,3179.0137634891007
20700,2011-04-01,3394.0483356795653
20700,2011-05-01,3489.6777261006896
20700,2011-06-01,3652.756679833546
20700,2011-07-01,4073.3620404484604
20700,2011-08-01,4355.084996661927
20700,2011-09-01,4712.923069285885
20700,2011-10-01,4047.3453942166866
20700,2011-11-01,4175.062898010715
20700,2011-12-01,3763.9304029300883
20700,2012-01-01,4071.767038917355
20700,2012-02-01,4105.333079705246
20700,2012-03-01,4041.250595004422
20700,2012-04-01,4082.671727622765
20700,2012-05-01,4631.243261642009
20700,2012-06-01,4167.130961170574
20700,2012-07-01,3775.600284686076
20700,2012-08-01,5315.375107519069
20700,2012-09-01,5082.628555918086
20700,2012-10-01,5670.512262604588
20700,2012-11-01,5849.979177390982
20700,2012-12-01,6041.971073946463
20700,2013-01-01,4100.654650964641
20700,2013-02-01,4652.986138929719
20700,2013-03-01,5592.154259949644
20700,2013-04-01,5780.924123404831
20700,2013-05-01,5915.182254314784
20700,2013-06-01,7246.2490998291005
20700,2013-07-01,6226.596194787536
20700,2013-08-01,6203.676662911151
20700,2013-09-01,6176.2654171969025
20700,2013-10-01,6498.6318272334465
20700,2013-11-01,6522.278105673163
20700,2013-12-01,6580.073173146487
20700,2014-01-01,6537.16185210228
20700,2014-02-01,7344.530818920362
20700,2014-03-01,6522.7104941676325
20700,2014-04-01,7797.162686469936
20700,2014-05-01,7861.881717118316
20700,2014-06-01,7224.442581249102
20700,2014-07-01,7267.231300313561
20700,2014-08-01,7100.387055801683
20700,2014-09-01,7489.658287532254
20700,2014-10-01,7160.008961922023
20700,2014-11-01,6648.1293040583105
20700,2014-12-01,6839.699560603131
20700,2015-01-01,6277.212094656805
20700,2015-02-01,5635.375836854494
20700,2015-03-01,5401.107871124899
20700,2015-04-01,5063.695255539832
20700,2015-05-01,5195.795196402425
20700,2015-06-01,5903.653249148323
20700,2015-07-01,8675.706070594528
20700,2015-08-01,7526.940204098342
20700,2015-09-01,6928.6624209769625
20700,2015-10-01,5800.58121586178
20700,2015-11-01,6551.668138865113
20700,2015-12-01,6568.906845931521
20700,2016-01-01,5274.922931344599
20700,2016-02-01,6377.9681728485575
20700,2016-03-01,6938.81293536638
20700,2016-04-01,6803.558757325868
20700,2016-05-01,6282.248518780265
20700,2016-06-01,7461.005748995374
20700,2016-07-01,6018.766185191823
20700,2016-08-01,5883.147489123277
20700,2016-09-01,5923.667665437395
20700,2016-10-01,4975.923633427211
20700,2016-11-01,6413.749689116606
20700,2016-12-01,6901.475089056874
20700,2017-01-01,7134.708604907879
20700,2017-02-01,7317.214306546648
20700,2017-03-01,8424.172423992879
20700,2017-04-01,6909.410895956664
20700,2017-05-01,7346.269127938751
20700,2017-06-01,7244.6626256903355
20700,2017-07-01,5684.647075392051
20700,2017-08-01,7045.204836335272
20700,2017-09-01,7011.052919217957
20700,2017-10-01,6953.365408836791
20700,2017-11-01,7091.239025971169
20700,2017-12-01,6951.591357954927
20700,2018-01-01,7151.131544718216
20700,2018-02-01,7302.8181974482795
20700,2018-03-01,8108.265638978649
20700,2018-04-01,8545.270370939092
20700,2018-05-01,8128.637179348921
20700,2018-06-01,8042.8913346788595
20700,2018-07-01,7755.575365767815
20700,2018-08-01,8030.760836400383
20700,2018-09-01,7482.927499579194
20700,2018-10-01,7623.3061870481315
20700,2018-11-01,7507.014323079442
20700,2018-12-01,7029.600697498591
20700,2019-01-01,4187.778183814846
20700,2019-02-01,5056.464894538622
20700,2019-03-01,4880.717611726304
20700,2019-04-01,5669.089588762815
20700,2019-05-01,6150.467228126419
20700,2019-06-01,6796.311230609877
20700,2019-07-01,7084.2630577150085
20700,2019-08-01,7572.578811673762
20700,2019-09-01,7760.286620100181
20700,2019-10-01,7613.808732190514
20700,2019-11-01,7166.8929535734105
20700,2019-12-01,7089.49367962861
20700,2020-01-01,7311.620670646762
20700,2020-02-01,6817.851857343454
20700,2020-03-01,7759.444115519561
20700,2020-04-01,9448.390024859626
20700,2020-05-01,8742.61462671587
20700,2020-06-01,8222.219015410394
20700,2020-07-01,9648.446062510006
20700,2020-08-01,8155.7680808849445
20700,2020-09-01,8151.127938133619
20700,2020-10-01,7724.433420993638
20700,2020-11-01,7571.349029182985
20700,2020-12-01,7910.6464530677185
20700,2021-01-01,7505.073233215885
20700,2021-02-01,6818.801328192551
20700,2021-03-01,8238.824749788708
20700,2021-04-01,8991.866310242938
20700,2021-05-01,9302.299358943372
20700,2021-06-01,11471.423549276953
20700,2021-07-01,9232.350975096879
20700,2021-08-01,8778.593693905768
20700,2021-09-01,8987.211893108424
20700,2021-10-01,10434.941506033176
20700,2021-11-01,11155.840779102158
20700,2021-12-01,11125.672038468778
20700,2022-01-01,11895.376439315802
20700,2022-02-01,6822.095790859031
20700,2022-03-01,6826.311715885636
20700,2022-04-01,6380.219599054925
20700,2022-05-01,6619.766478567492
20700,2022-06-01,15819.405923276807
20700,2022-07-01,7942.463984068796
20700,2022-08-01,12605.194641528667
20700,2022-09-01,14658.765114688531
20700,2022-10-01,13346.505634453724
20700,2022-11-01,14238.317763231134
20700,2022-12-01,15389.442081324683
20700,2023-01-01,15600.181142496229
20700,2023-02-01,10175.369569303997
20700,2023-03-01,11765.308620757816
20700,2023-04-01,8795.882863446815
20700,2023-05-01,12005.823216480996
20700,2023-06-01,11971.63533800915
20700,2023-07-01,12376.135729157848
20700,2023-08-01,15326.999832388494
20700,2023-09-01,11370.993284741679
20700,2023-10-01,11635.306907813956
20700,2023-11-01,11385.594985780222
20700,2023-12-01,9670.310932420402
20700,2024-01-01,10359.20941487302
20700,2024-02-01,10832.179693435302
20700,2024-03-01,10660.930819113692
20700,2024-04-01,11753.485649136985
20700,2024-05-01,11526.333454307456
20700,2024-06-01,9839.239927757353
20700,2024-07-01,11502.940726247643
20700,2024-08-01,12191.929824682302
20700,2024-09-01,11414.57369591966
20700,2024-10-01,11594.342186449081
20700,2024-11-01,11061.79983158471
20700,2024-12-01,11387.551644666084
20700,2025-01-01,11582.979668301816
20700,2025-02-01,11814.878951257906
20700,2025-03-01,9059.794898716216
20700,2025-04-01,11852.680631226945
20700,2025-05-01,11406.83688913304
20700,2025-06-01,15855.410163573091
20700,2025-07-01,11601.011657856467
20700,2025-08-01,11655.842075163358
20700,2025-09-01,11978.511424955248
20700,2025-10-01,12125.953989476759
20700,2025-11-01,12136.970738611057
20700,2025-12-01,12009.119194147834
20700,2026-01-01,12921.144148569769
20700,2026-02-01,12811.810697011519
20700,2026-03-01,13285.439500937424
20700,2026-04-01,12584.698510122975
20700,2026-05-01,13273.488415071588
20700,2026-06-01,12927.528389385208
20701,2011-03-01,3322.498764496359
20701,2011-04-01,3263.9553675220795
20701,2011-05-01,3425.7272147056756
20701,2011-06-01,3446.5985486290597
20701,2011-07-01,4243.395455069096
20701,2011-08-01,4688.899712044965
20701,2011-09-01,4974.793799669928
20701,2011-10-01,4090.3372524048455
20701,2011-11-01,4365.760147340143
20701,2011-12-01,3575.7344476100966
20701,2012-01-01,4302.937724321878
20701,2012-02-01,4224.921796936298
20701,2012-03-01,4146.729090676206
20701,2012-04-01,4101.3642940323025
20701,2012-05-01,4634.202314049856
20701,2012-06-01,4088.923770421698
20701,2012-07-01,3919.1359550442953
20701,2012-08-01,5646.266387079785
20701,2012-09-01,5290.288023772287
20701,2012-10-01,5860.65199337112
20701,2012-11-01,6101.471784802259
20701,2012-12-01,5882.131956907786
20701,2013-01-01,4441.39016119735
20701,2013-02-01,4952.171030183523
20701,2013-03-01,5685.402827175835
20701,2013-04-01,6025.645517444231
20701,2013-05-01,6102.0866774706
20701,2013-06-01,7315.233994251478
20701,2013-07-01,6460.0686059141635
20701,2013-08-01,6498.644340311338
20701,2013-09-01,6475.045137394825
20701,2013-10-01,6879.038035854971
20701,2013-11-01,6853.14355315475
20701,2013-12-01,6696.626398095534
20701,2014-01-01,6945.931597862939
20701,2014-02-01,7661.2410164430175
20701,2014-03-01,6892.91414509119
20701,2014-04-01,7863.03797055228
20701,2014-05-01,8105.227366896205
20701,2014-06-01,7455.386357235035
20701,2014-07-01,7489.129140420381
20701,2014-08-01,7252.237889802086
20701,2014-09-01,7914.422924190633
20701,2014-10-01,7666.5799076935455
20701,2014-11-01,7036.929458106458
20701,2014-12-01,7349.133199426222
20701,2015-01-01,6775.404410576889
20701,2015-02-01,6120.387567625227
20701,2015-03-01,5908.559577428992
20701,2015-04-01,5347.483679398024
20701,2015-05-01,5509.098522738086
20701,2015-06-01,6448.088726100504
20701,2015-07-01,9113.446366382468
20701,2015-08-01,7901.057803682511
20701,2015-09-01,7491.23957592001
20701,2015-10-01,6571.929801799691
20701,2015-11-01,7179.777215111549
20701,2015-12-01,7508.962105624585
20701,2016-01-01,6097.697390470775
20701,2016-02-01,6897.914442072134
20701,2016-03-01,7426.207629507075
20701,2016-04-01,7193.168540300683
20701,2016-05-01,6755.065475507598
20701,2016-06-01,8078.359317298113
20701,2016-07-01,6509.701677819254
20701,2016-08-01,6417.999352897874
20701,2016-09-01,6482.305087575037
20701,2016-10-01,5717.015777302543
20701,2016-11-01,7147.062423493178
20701,2016-12-01,7776.1434038387515
20701,2017-01-01,7913.585933108863
20701,2017-02-01,7842.0203390141605
20701,2017-03-01,9170.190037897026
20701,2017-04-01,6829.198689365935
20701,2017-05-01,7973.233099893233
20701,2017-06-01,7955.361014753885
20701,2017-07-01,6387.933105650308
20701,2017-08-01,8049.508048274164
20701,2017-09-01,7975.136176441141
20701,2017-10-01,8050.453181382782
20701,2017-11-01,8083.3173603779915
20701,2017-12-01,7663.513586804023
20701,2018-01-01,8095.894296746571
20701,2018-02-01,7993.720274153481
20701,2018-03-01,8206.81095445457
20701,2018-04-01,8451.514697941167
20701,2018-05-01,8596.774233973312
20701,2018-06-01,8421.244129228258
20701,2018-07-01,8649.502493327569
20701,2018-08-01,9190.71958135047
20701,2018-09-01,8633.70304084857
20701,2018-10-01,9069.664048542252
20701,2018-11-01,8737.116969046436
20701,2018-12-01,7945.422030259083
20701,2019-01-01,6535.113053906287
20701,2019-02-01,7698.284032045586
20701,2019-03-01,7372.625543531299
20701,2019-04-01,8571.342183521992
20701,2019-05-01,10120.391952707758
20701,2019-06-01,8944.859739130361
20701,2019-07-01,9017.493434172302
20701,2019-08-01,9203.005226374637
20701,2019-09-01,9662.430260132749
20701,2019-10-01,9830.59304436773
20701,2019-11-01,9078.748296660482
20701,2019-12-01,9242.789138090791
20701,2020-01-01,9587.429137267853
20701,2020-02-01,9164.35544023092
20701,2020-03-01,10732.392894942472
20701,2020-04-01,10969.349367024566
20701,2020-05-01,10981.780685573305
20701,2020-06-01,9795.221063652225
20701,2020-07-01,12098.967754161395
20701,2020-08-01,10124.880456631798
20701,2020-09-01,11198.915061334887
20701,2020-10-01,10995.030169311896
20701,2020-11-01,11276.742639462012
20701,2020-12-01,11765.267076550133
20701,2021-01-01,11402.815089448837
20701,2021-02-01,12165.322207905596
20701,2021-03-01,16304.133757901074
20701,2021-04-01,16949.502051352476
20701,2021-05-01,16415.758458370026
20701,2021-06-01,16534.143154558114
20701,2021-07-01,16540.74682520475
20701,2021-08-01,13868.559056301343
20701,2021-09-01,15289.620507600906
20701,2021-10-01,16050.207009540018
20701,2021-11-01,17354.923367707892
20701,2021-12-01,17065.143384989173
20701,2022-01-01,16423.94896474719
20701,2022-02-01,13727.968552984014
20701,2022-03-01,13769.860970196538
20701,2022-04-01,14093.575021699056
20701,2022-05-01,17154.626743735833
20701,2022-06-01,22350.49509877481
20701,2022-07-01,23884.963724154033
20701,2022-08-01,24194.44587447813
20701,2022-09-01,22309.12460309122
20701,2022-10-01,20329.24350128736
20701,2022-11-01,20426.51510450197
20701,2022-12-01,20513.885097562423
20701,2023-01-01,21177.547750890026
20701,2023-02-01,18303.095594453247
20701,2023-03-01,21752.404396322574
20701,2023-04-01,14834.163553073891
20701,2023-05-01,18785.354900778006
20701,2023-06-01,18015.02712048592
20701,2023-07-01,23644.97432207983
20701,2023-08-01,26728.601083733964
20701,2023-09-01,22710.08311227747
20701,2023-10-01,22765.101024523312
20701,2023-11-01,22595.99827559082
20701,2023-12-01,19836.582150815197
20701,2024-01-01,21649.74502229713
20701,2024-02-01,24807.342773623037
20701,2024-03-01,21934.266908014248
20701,2024-04-01,21662.23324816428
20701,2024-05-01,18706.573548564083
20701,2024-06-01,16618.551749353777
20701,2024-07-01,19507.772748070132
20701,2024-08-01,20650.486905697817
20701,2024-09-01,21366.34181112162
20701,2024-10-01,21067.362065399404
20701,2024-11-01,19163.80561863376
20701,2024-12-01,19121.81565213572
20701,2025-01-01,19787.23932536811
20701,2025-02-01,22622.970980411796
20701,2025-03-01,19093.14703898989
20701,2025-04-01,19554.89371530221
20701,2025-05-01,19538.78214007399
20701,2025-06-01,21472.825188247694
20701,2025-07-01,19101.094032956353
20701,2025-08-01,18009.604644954117
20701,2025-09-01,18577.72967827679
20701,2025-10-01,19039.361250002778
20701,2025-11-01,18809.692206879663
20701,2025-12-01,19038.616549633105
20701,2026-01-01,18625.254016043575
20701,2026-02-01,18467.887403859047
20701,2026-03-01,18349.13045849632
20701,2026-04-01,17241.666658880113
20701,2026-05-01,18264.87075787982
20701,2026-06-01,18151.097570457234
20702,2011-03-01,817.9809696666243
20702,2011-04-01,823.2672202219982
20702,2011-05-01,890.1224044359178
20702,2011-06-01,804.0163390029527
20702,2011-07-01,805.779795827533
20702,2011-08-01,840.6374995648691
20702,2011-09-01,845.5944298537704
20702,2011-10-01,689.48126393808775
20702,2011-11-01,869.5997685099493
20702,2011-12-01,776.5228457679063
20702,2012-01-01,865.7993479028522
20702,2012-02-01,805.0982174224105
20702,2012-03-01,827.9366702582564
20702,2012-04-01,742.3209470438067
20702,2012-05-01,761.5962807486948
20702,2012-06-01,873.2976900166163
20702,2012-07-01,946.9347456285103
20702,2012-08-01,1081.7134119901198
20702,2012-09-01,992.3423482244946
20702,2012-10-01,1254.8285079543546
20702,2012-11-01,1222.6374503243057
20702,2012-12-01,1090.0929451965978
20702,2013-01-01,1409.9431375242707
20702,2013-02-01,1349.8452158188654
20702,2013-03-01,1458.6745561723326
20702,2013-04-01,1828.5045195445193
20702,2013-05-01,1707.3922602886953
20702,2013-06-01,1624.581868052632
20702,2013-07-01,1698.1512339056203
20702,2013-08-01,1622.098042878426
20702,2013-09-01,1559.7856842440456
20702,2013-10-01,1418.5836057137003
20702,2013-11-01,1363.5206476998987
20702,2013-12-01,1174.2656051799606
20702,2014-01-01,1126.2697052626868
20702,2014-02-01,1204.7287308782136
20702,2014-03-01,869.3773492868654
20702,2014-04-01,1030.5419525930606
20702,2014-05-01,1441.9983510061
20702,2014-06-01,1282.2372062033603
20702,2014-07-01,1272.3521865725456
20702,2014-08-01,1205.7204376072734
20702,2014-09-01,1440.061307395205
20702,2014-10-01,1405.173221424947
20702,2014-11-01,1398.4986552445112
20702,2014-12-01,1703.3146568334487
20702,2015-01-01,1936.8184638714329
20702,2015-02-01,1337.0054077020302
20702,2015-03-01,1589.076945212518
20702,2015-04-01,1645.1446873788213
20702,2015-05-01,1301.2151666599586
20702,2015-06-01,1217.9284796363484
20702,2015-07-01,1168.0113881481743
20702,2015-08-01,1010.9263104466146
20702,2015-09-01,1061.80446912242
20702,2015-10-01,991.0794939823522
20702,2015-11-01,970.725374725967
20702,2015-12-01,985.9582886673617
20702,2016-01-01,841.8222409801406
20702,2016-02-01,889.106958488032
20702,2016-03-01,878.1613585444416
20702,2016-04-01,835.7415024944306
20702,2016-05-01,818.6813829227951
20702,2016-06-01,797.4426217739018
20702,2016-07-01,772.018196403805
20702,2016-08-01,756.0925653350645
20702,2016-09-01,680.2757546280716
20702,2016-10-01,710.1669470478415
20702,2016-11-01,833.6837971395151
20702,2016-12-01,742.7974977208158
20702,2017-01-01,651.7882708297559
20702,2017-02-01,570.4633893649277
20702,2017-03-01,642.6175949742045
20702,2017-04-01,506.86278486630715
20702,2017-05-01,572.7981696964073
20702,2017-06-01,545.4681113592732
20702,2017-07-01,476.8469926717466
20702,2017-08-01,522.5782337251477
20702,2017-09-01,475.11480369590777
20702,2017-10-01,514.3815386505199
20702,2017-11-01,509.4225321363482
20702,2017-12-01,518.3621359309326
20702,2018-01-01,617.6062567453675
20702,2018-02-01,653.2744786510831
20702,2018-03-01,647.9476114240005
20702,2018-04-01,818.205742037462
20702,2018-05-01,741.1456484893532
20702,2018-06-01,801.5271860127878
20702,2018-07-01,793.9650830271241
20702,2018-08-01,765.3003898534472
20702,2018-09-01,752.5023571188243
20702,2018-10-01,863.3390440211432
20702,2018-11-01,615.2638888369663
20702,2018-12-01,560.7049734214628
20702,2019-01-01,571.0573039287581
20702,2019-02-01,575.7813657484519
20702,2019-03-01,452.08063581377274
20702,2019-04-01,535.0704165769757
20702,2019-05-01,552.3787170003311
20702,2019-06-01,504.27169330096785
20702,2019-07-01,552.4150106397539
20702,2019-08-01,537.6463412235285
20702,2019-09-01,580.2339557638032
20702,2019-10-01,716.9632142178044
20702,2019-11-01,654.322020709592
20702,2019-12-01,680.787244962073
20702,2020-01-01,702.3726099404627
20702,2020-02-01,699.7351765386444
20702,2020-03-01,569.991371175058
20702,2020-04-01,629.7484616390778
20702,2020-05-01,537.0430886668395
20702,2020-06-01,659.1318232471126
20702,2020-07-01,779.7820650671766
20702,2020-08-01,971.5806737397202
20702,2020-09-01,1116.4556177444724
20702,2020-10-01,1104.4177344620268
20702,2020-11-01,1274.583231483676
20702,2020-12-01,1739.5956002616647
20702,2021-01-01,1452.5576620754107
20702,2021-02-01,1638.6277515744994
20702,2021-03-01,1827.926796864114
20702,2021-04-01,1936.3017416902167
20702,2021-05-01,1896.1514081230205
20702,2021-06-01,2113.5624839512325
20702,2021-07-01,1947.4532635154446
20702,2021-08-01,2305.004297804104
20702,2021-09-01,2126.837613204811
20702,2021-10-01,2134.655908373071
20702,2021-11-01,2167.8333913342076
20702,2021-12-01,1905.8151438169036
20702,2022-01-01,1931.3943067290197
20702,2022-02-01,1902.169058646553
20702,2022-03-01,2116.205533381085
20702,2022-04-01,1995.2919098086736
20702,2022-05-01,2107.1392073602974
20702,2022-06-01,2257.251780215038
20702,2022-07-01,2373.1000313686563
20702,2022-08-01,2119.2904084624424
20702,2022-09-01,2270.4285978253174
20702,2022-10-01,1963.264581926878
20702,2022-11-01,2322.167980373291
20702,2022-12-01,2122.915493865758
20702,2023-01-01,2373.333572105119
20702,2023-02-01,2089.724950850036
20702,2023-03-01,2439.5635134377376
20702,2023-04-01,2180.607141255309
20702,2023-05-01,2203.502629381091
20702,2023-06-01,2156.274158099523
20702,2023-07-01,2074.61585097203
20702,2023-08-01,1974.9815770166922
20702,2023-09-01,1936.1589392550293
20702,2023-10-01,2109.2729603475254
20702,2023-11-01,2117.006647230558
20702,2023-12-01,2472.0930955888475
20702,2024-01-01,2323.484841062048
20702,2024-02-01,2527.461710108062
20702,2024-03-01,2149.121545030945
20702,2024-04-01,2676.7377347716074
20702,2024-05-01,2816.1858101007283
20702,2024-06-01,2811.93621599834
20702,2024-07-01,2938.239983485601
20702,2024-08-01,2748.7528587492006
20702,2024-09-01,2665.6731326335994
20702,2024-10-01,2858.57299865968
20702,2024-11-01,2761.8072794812983
20702,2024-12-01,2926.2231995843176
20702,2025-01-01,3233.2171719221046
20702,2025-02-01,4204.0979999022375
20702,2025-03-01,3845.023078645114
20702,2025-04-01,4580.069320993797
20702,2025-05-01,4284.114017848641
20702,2025-06-01,4009.1549869353703
20702,2025-07-01,3971.926788896807
20702,2025-08-01,4393.244008675134
20702,2025-09-01,4816.300492818444
20702,2025-10-01,4770.461496056124
20702,2025-11-01,4621.575990890628
20702,2025-12-01,4333.366643754186
20702,2026-01-01,4130.505742632315
20702,2026-02-01,3970.077617533739
20702,2026-03-01,3727.3393426244725
20702,2026-04-01,3519.001189593263
20702,2026-05-01,3312.3186027530255
20702,2026-06-01,3443.2148396682574
20703,2011-03-01,5047.461716702051
20703,2011-04-01,5283.6694118816895
20703,2011-05-01,5506.571252176068
20703,2011-06-01,5843.415639272149
20703,2011-07-01,5898.806100536068
20703,2011-08-01,6449.716935217609
20703,2011-09-01,6399.488758646655
20703,2011-10-01,5213.310716885502
20703,2011-11-01,6416.767983479257
20703,2011-12-01,6449.631662376738
20703,2012-01-01,6696.087055936569
20703,2012-02-01,6740.014559029107
20703,2012-03-01,7031.240810713402
20703,2012-04-01,6020.395862706775
20703,2012-05-01,6540.88931653325
20703,2012-06-01,6799.23304343559
20703,2012-07-01,6881.483362793335
20703,2012-08-01,7642.557647116929
20703,2012-09-01,6625.045198566574
20703,2012-10-01,7928.877908701962
20703,2012-11-01,7731.955335505747
20703,2012-12-01,7835.255221177813
20703,2013-01-01,8666.364321954788
20703,2013-02-01,8411.311933601717
20703,2013-03-01,8365.43365073294
20703,2013-04-01,9391.510551841151
20703,2013-05-01,9055.393464029039
20703,2013-06-01,9228.4570845552
20703,2013-07-01,9363.012802484405
20703,2013-08-01,8593.309933274511
20703,2013-09-01,8630.807593246725
20703,2013-10-01,9420.990867240444
20703,2013-11-01,9503.408538159365
20703,2013-12-01,9528.422371447854
20703,2014-01-01,9763.524558036073
20703,2014-02-01,11655.822499917635
20703,2014-03-01,8307.162915278655
20703,2014-04-01,9577.013278129643
20703,2014-05-01,10126.19811324571
20703,2014-06-01,9225.526570574359
20703,2014-07-01,9772.853856464179
20703,2014-08-01,9127.115533030657
20703,2014-09-01,10899.63868001425
20703,2014-10-01,11486.205649807473
20703,2014-11-01,9986.433698727995
20703,2014-12-01,10005.976863187476
20703,2015-01-01,11687.744482810926
20703,2015-02-01,9094.093473058017
20703,2015-03-01,9947.635367614139
20703,2015-04-01,10518.364487141675
20703,2015-05-01,6640.701034047437
20703,2015-06-01,6926.21683353946
20703,2015-07-01,7048.174093848374
20703,2015-08-01,6527.002577227312
20703,2015-09-01,7052.739116139171
20703,2015-10-01,6256.335236571157
20703,2015-11-01,6341.062544425292
20703,2015-12-01,6757.111677855166
20703,2016-01-01,5372.240621924053
20703,2016-02-01,6110.797116503351
20703,2016-03-01,6337.3856991912635
20703,2016-04-01,6214.863859293223
20703,2016-05-01,5886.890231409911
20703,2016-06-01,6042.813177816527
20703,2016-07-01,5599.937160782594
20703,2016-08-01,6102.299148564065
20703,2016-09-01,5231.542463184314
20703,2016-10-01,5536.237940632978
20703,2016-11-01,6297.995432638316
20703,2016-12-01,8592.551009247982
20703,2017-01-01,6204.222136389395
20703,2017-02-01,6660.5534204844225
20703,2017-03-01,6249.717032419509
20703,2017-04-01,6022.880496249719
20703,2017-05-01,6774.19594431292
20703,2017-06-01,6840.036040117932
20703,2017-07-01,6699.352030396441
20703,2017-08-01,6662.824794015572
20703,2017-09-01,5846.463858434143
20703,2017-10-01,5870.045342784124
20703,2017-11-01,5791.022805818661
20703,2017-12-01,5417.833192599735
20703,2018-01-01,6409.364228534767
20703,2018-02-01,6067.796581791416
20703,2018-03-01,5901.488739654799
20703,2018-04-01,6429.342314926602
20703,2018-05-01,6411.30877249468
20703,2018-06-01,6319.943498186308
20703,2018-07-01,6424.606625611168
20703,2018-08-01,6446.789774769628
20703,2018-09-01,6803.259850441483
20703,2018-10-01,7437.937042865686
20703,2018-11-01,6798.882919629258
20703,2018-12-01,7040.800265893408
20703,2019-01-01,5968.985270415905
20703,2019-02-01,8646.507091201724
20703,2019-03-01,6783.584440513904
20703,2019-04-01,7589.451181521967
20703,2019-05-01,7236.4168286353015
20703,2019-06-01,7551.3946135867545
20703,2019-07-01,7645.352638378809
20703,2019-08-01,5963.897686575765
20703,2019-09-01,7873.055181250144
20703,2019-10-01,9516.600197015256
20703,2019-11-01,8687.649772091232
20703,2019-12-01,8719.182096298848
20703,2020-01-01,8208.579827824147
20703,2020-02-01,8424.979287169135
20703,2020-03-01,8246.540453700005
20703,2020-04-01,7954.850208526734
20703,2020-05-01,7363.492754195247
20703,2020-06-01,9056.340260376175
20703,2020-07-01,10130.373093996974
20703,2020-08-01,10560.738437651444
20703,2020-09-01,11066.83840254177
20703,2020-10-01,11726.72525249374
20703,2020-11-01,11829.87546597927
20703,2020-12-01,12544.549275825128
20703,2021-01-01,11091.181233529844
20703,2021-02-01,12694.190512349427
20703,2021-03-01,13448.166345797126
20703,2021-04-01,14061.506314459617
20703,2021-05-01,14165.284854235004
20703,2021-06-01,13754.269639205868
20703,2021-07-01,13239.05497784041
20703,2021-08-01,14925.70035559687
20703,2021-09-01,14267.723753519545
20703,2021-10-01,13401.09399577945
20703,2021-11-01,13950.80684084922
20703,2021-12-01,13689.746842110695
20703,2022-01-01,12922.642462580727
20703,2022-02-01,13137.92750878173
20703,2022-03-01,13165.859848551347
20703,2022-04-01,11735.926874429611
20703,2022-05-01,12863.400969337363
20703,2022-06-01,13504.23641129551
20703,2022-07-01,13741.110177645216
20703,2022-08-01,12834.381235068362
20703,2022-09-01,13034.519751923224
20703,2022-10-01,12971.410387964865
20703,2022-11-01,13128.240479805481
20703,2022-12-01,12515.599224695496
20703,2023-01-01,13344.606730338433
20703,2023-02-01,12750.2752174061
20703,2023-03-01,13655.493799256308
20703,2023-04-01,12727.772409151758
20703,2023-05-01,12653.52075244256
20703,2023-06-01,12453.657332644036
20703,2023-07-01,12020.848838832811
20703,2023-08-01,12643.072795102285
20703,2023-09-01,13710.510282410263
20703,2023-10-01,13783.29799394928
20703,2023-11-01,13820.861970369746
20703,2023-12-01,14206.975885161972
20703,2024-01-01,15497.413345987
20703,2024-02-01,15914.20748906811
20703,2024-03-01,13901.733742945853
20703,2024-04-01,16684.635615115312
20703,2024-05-01,17456.209034810203
20703,2024-06-01,16741.033028528982
20703,2024-07-01,17569.3544609049
20703,2024-08-01,17628.836713657165
20703,2024-09-01,16659.13536242329
20703,2024-10-01,16321.551464096254
20703,2024-11-01,15405.06384064819
20703,2024-12-01,14931.282935241801
20703,2025-01-01,17149.604105186765
20703,2025-02-01,16867.61965815254
20703,2025-03-01,12093.154254827652
20703,2025-04-01,14726.419092165459
20703,2025-05-01,13985.64102490222
20703,2025-06-01,13697.071253841885
20703,2025-07-01,13577.127444008569
20703,2025-08-01,13703.207228972244
20703,2025-09-01,14375.56384315579
20703,2025-10-01,16744.62622650101
20703,2025-11-01,15777.277720228862
20703,2025-12-01,17602.42271675278
20703,2026-01-01,16702.413785747918
20703,2026-02-01,18004.87612041998
20703,2026-03-01,19187.6143214074
20703,2026-04-01,18942.376760005274
20703,2026-05-01,19958.67286634457
20703,2026-06-01,21280.624832558806
20704,2011-03-01,5848.830882842816
20704,2011-04-01,6026.904542837535
20704,2011-05-01,6374.3087542790045
20704,2011-06-01,6665.04313445871
20704,2011-07-01,6718.401235930521
20704,2011-08-01,7274.218330726137
20704,2011-09-01,7305.011351295834
20704,2011-10-01,5785.755165019414
20704,2011-11-01,7309.639737990495
20704,2011-12-01,7285.082511835333
20704,2012-01-01,7598.0239751771305
20704,2012-02-01,7619.009061055414
20704,2012-03-01,7853.186955193513
20704,2012-04-01,6702.711617032391
20704,2012-05-01,7283.106215988078
20704,2012-06-01,7691.899276516167
20704,2012-07-01,7846.687411385483
20704,2012-08-01,8708.165606013996
20704,2012-09-01,7685.093938786744
20704,2012-10-01,8991.774927345605
20704,2012-11-01,8986.89951391818
20704,2012-12-01,8995.572268993217
20704,2013-01-01,10134.583643955073
20704,2013-02-01,9873.243386494523
20704,2013-03-01,9830.488678573354
20704,2013-04-01,11108.443732100046
20704,2013-05-01,10669.254772857696
20704,2013-06-01,10859.874952126302
20704,2013-07-01,11078.352476630384
20704,2013-08-01,10196.890812442538
20704,2013-09-01,10288.118828480543
20704,2013-10-01,10605.374120307371
20704,2013-11-01,10895.383107865442
20704,2013-12-01,10784.782169609718
20704,2014-01-01,10939.599651780909
20704,2014-02-01,12961.22016402011
20704,2014-03-01,9202.33927591911
20704,2014-04-01,10590.924221283449
20704,2014-05-01,11488.742600089703
20704,2014-06-01,10509.229957717664
20704,2014-07-01,11056.404377937835
20704,2014-08-01,10302.360229824997
20704,2014-09-01,12413.102540099728
20704,2014-10-01,12640.824922327783
20704,2014-11-01,11397.5820667913
20704,2014-12-01,11815.571618894863
20704,2015-01-01,13674.79166499676
20704,2015-02-01,10528.078291744181
20704,2015-03-01,11594.82094185761
20704,2015-04-01,12151.004456505452
20704,2015-05-01,7855.855411776053
20704,2015-06-01,8126.51621863172
20704,2015-07-01,8200.73263733683
20704,2015-08-01,7516.836017886765
20704,2015-09-01,8168.28510364052
20704,2015-10-01,7146.044164177488
20704,2015-11-01,7307.578755312587
20704,2015-12-01,7805.683695414538
20704,2016-01-01,6223.8391582597205
20704,2016-02-01,7055.757054554715
20704,2016-03-01,7248.426232479845
20704,2016-04-01,7062.973508499166
20704,2016-05-01,6663.743205799758
20704,2016-06-01,6827.141572773659
20704,2016-07-01,6359.398924788903
20704,2016-08-01,6849.436750843967
20704,2016-09-01,5940.090834143612
20704,2016-10-01,6184.6677935140315
20704,2016-11-01,7128.93776841871
20704,2016-12-01,9369.618844141967
20704,2017-01-01,6838.35429368792
20704,2017-02-01,7267.27687383693
20704,2017-03-01,6910.784589984275
20704,2017-04-01,6546.344126792213
20704,2017-05-01,7342.007106757452
20704,2017-06-01,7392.133104530134
20704,2017-07-01,7194.844530378863
20704,2017-08-01,7181.601319035327
20704,2017-09-01,6328.346460009593
20704,2017-10-01,6329.619808461783
20704,2017-11-01,6298.630467928759
20704,2017-12-01,5949.401652663886
20704,2018-01-01,6998.882201526025
20704,2018-02-01,6753.07998805862
20704,2018-03-01,6559.568911086761
20704,2018-04-01,7252.841555893246
20704,2018-05-01,7150.597264200718
20704,2018-06-01,7101.738277596134
20704,2018-07-01,7189.1604490328355
20704,2018-08-01,7217.343359766292
20704,2018-09-01,7576.366587017181
20704,2018-10-01,8309.413005128723
20704,2018-11-01,7407.43533011059
20704,2018-12-01,7606.321385314108
20704,2019-01-01,6508.328443569957
20704,2019-02-01,9254.63739037397
20704,2019-03-01,7252.630943182754
20704,2019-04-01,8130.461720163205
20704,2019-05-01,7813.756386122759
20704,2019-06-01,8077.013977364186
20704,2019-07-01,8194.369041993818
20704,2019-08-01,6499.62825075158
20704,2019-09-01,8440.70183025648
20704,2019-10-01,10205.943981366243
20704,2019-11-01,9335.07493197376
20704,2019-12-01,9399.512743249108
20704,2020-01-01,8877.562127050298
20704,2020-02-01,9162.521733179796
20704,2020-03-01,8837.794631918005
20704,2020-04-01,8589.161932583096
20704,2020-05-01,7927.045849750014
20704,2020-06-01,9734.567898875119
20704,2020-07-01,10882.762497979124
20704,2020-08-01,11526.395311195909
20704,2020-09-01,12193.467848498527
20704,2020-10-01,12830.960276945538
20704,2020-11-01,13106.777952254955
20704,2020-12-01,14223.864449101075
20704,2021-01-01,12534.069927956138
20704,2021-02-01,14381.191502755819
20704,2021-03-01,15268.199743902613
20704,2021-04-01,15982.75528932667
20704,2021-05-01,16066.823380202542
20704,2021-06-01,15830.445425009186
20704,2021-07-01,15093.738173121917
20704,2021-08-01,17285.82465700234
20704,2021-09-01,16451.271305404607
20704,2021-10-01,15622.843252831412
20704,2021-11-01,16145.801034651584
20704,2021-12-01,15542.518478982802
20704,2022-01-01,14855.18351132447
20704,2022-02-01,15070.785725257183
20704,2022-03-01,15268.931941205175
20704,2022-04-01,13687.880192037695
20704,2022-05-01,14965.45323347818
20704,2022-06-01,15746.665877794709
20704,2022-07-01,16037.839011738983
20704,2022-08-01,14992.078160037721
20704,2022-09-01,15338.374612501193
20704,2022-10-01,15009.847220638347
20704,2022-11-01,15479.69352333927
20704,2022-12-01,14595.241622002399
20704,2023-01-01,15699.37614955877
20704,2023-02-01,14845.370730675075
20704,2023-03-01,16079.720132595818
20704,2023-04-01,14842.66027882334
20704,2023-05-01,14851.924444830458
20704,2023-06-01,14621.873736405503
20704,2023-07-01,14078.457894169645
20704,2023-08-01,14630.596613076765
20704,2023-09-01,15627.298397469103
20704,2023-10-01,15964.791897203497
20704,2023-11-01,15942.064848484986
20704,2023-12-01,16668.98051850422
20704,2024-01-01,17786.80713090668
20704,2024-02-01,18436.047263530436
20704,2024-03-01,16038.848933763315
20704,2024-04-01,19266.6963439337
20704,2024-05-01,20277.354603090454
20704,2024-06-01,19597.146575983224
20704,2024-07-01,20551.550816506853
20704,2024-08-01,20373.047117312068
20704,2024-09-01,19271.5196674707
20704,2024-10-01,19288.86730032297
20704,2024-11-01,18166.726449577007
20704,2024-12-01,17859.829942575685
20704,2025-01-01,20343.665783933146
20704,2025-02-01,21002.018188082824
20704,2025-03-01,15857.478253206536
20704,2025-04-01,19137.084299205042
20704,2025-05-01,18263.78592567379
20704,2025-06-01,17676.577824317465
20704,2025-07-01,17664.466637188474
20704,2025-08-01,18140.52087765471
20704,2025-09-01,19208.476883585026
20704,2025-10-01,21790.733857209012
20704,2025-11-01,20456.098619420092
20704,2025-12-01,21902.368277857324
20704,2026-01-01,20793.932426700263
20704,2026-02-01,21916.84449424765
20704,2026-03-01,22833.46362687664
20704,2026-04-01,22338.07728810469
20704,2026-05-01,23288.853957988642
20704,2026-06-01,24807.962320046885
20708,2011-03-01,520
20708,2011-04-01,554
20708,2011-05-01,499
20708,2011-06-01,629
20708,2011-07-01,627
20708,2011-08-01,425
20708,2011-09-01,623
20708,2011-10-01,436
20708,2011-11-01,647
20708,2011-12-01,740
20708,2012-01-01,708
20708,2012-02-01,588
20708,2012-03-01,557
20708,2012-04-01,556
20708,2012-05-01,597
20708,2012-06-01,511
20708,2012-07-01,698
20708,2012-08-01,857
20708,2012-09-01,634
20708,2012-10-01,769
20708,2012-11-01,1091
20708,2012-12-01,1117
20708,2013-01-01,1175
20708,2013-02-01,1158
20708,2013-03-01,1187
20708,2013-04-01,1344
20708,2013-05-01,1096
20708,2013-06-01,883
20708,2013-07-01,903
20708,2013-08-01,948
20708,2013-09-01,851
20708,2013-10-01,1071
20708,2013-11-01,1269
20708,2013-12-01,1835
20708,2014-01-01,1765
20708,2014-02-01,771
20708,2014-03-01,527
20708,2014-04-01,733
20708,2014-05-01,842
20708,2014-06-01,896
20708,2014-07-01,1213
20708,2014-08-01,1235
20708,2014-09-01,1233
20708,2014-10-01,1182
20708,2014-11-01,1075
20708,2014-12-01,1394
20708,2015-01-01,1109
20708,2015-02-01,717
20708,2015-03-01,812
20708,2015-04-01,703
20708,2015-05-01,769
20708,2015-06-01,1300
20708,2015-07-01,731
20708,2015-08-01,655
20708,2015-09-01,709
20708,2015-10-01,971
20708,2015-11-01,914
20708,2015-12-01,804
20708,2016-01-01,981
20708,2016-02-01,805
20708,2016-03-01,884
20708,2016-04-01,933
20708,2016-05-01,901
20708,2016-06-01,937
20708,2016-07-01,783
20708,2016-08-01,649
20708,2016-09-01,736
20708,2016-10-01,935
20708,2016-11-01,1060
20708,2016-12-01,1241
20708,2017-01-01,975
20708,2017-02-01,822
20708,2017-03-01,767
20708,2017-04-01,764
20708,2017-05-01,920
20708,2017-06-01,1071
20708,2017-07-01,929
20708,2017-08-01,665
20708,2017-09-01,732
20708,2017-10-01,1106
20708,2017-11-01,1102
20708,2017-12-01,994
20708,2018-01-01,716
20708,2018-02-01,546
20708,2018-03-01,774
20708,2018-04-01,763
20708,2018-05-01,829
20708,2018-06-01,826
20708,2018-07-01,737
20708,2018-08-01,762
20708,2018-09-01,991
20708,2018-10-01,1494
20708,2018-11-01,1358
20708,2018-12-01,1142
20708,2019-01-01,1083
20708,2019-02-01,814
20708,2019-03-01,830
20708,2019-04-01,869
20708,2019-05-01,856
20708,2019-06-01,506
20708,2019-07-01,475
20708,2019-08-01,700
20708,2019-09-01,1150
20708,2019-10-01,1562
20708,2019-11-01,1723
20708,2019-12-01,1262
20708,2020-01-01,685
20708,2020-02-01,636
20708,2020-03-01,747
20708,2020-04-01,571
20708,2020-05-01,626
20708,2020-06-01,553
20708,2020-07-01,436
20708,2020-08-01,1256
20708,2020-09-01,1879
20708,2020-10-01,2203
20708,2020-11-01,1950
20708,2020-12-01,1379
20708,2021-01-01,791
20708,2021-02-01,535
20708,2021-03-01,463
20708,2021-04-01,397
20708,2021-05-01,336
20708,2021-06-01,202
20708,2021-07-01,496
20708,2021-08-01,1409
20708,2021-09-01,1715
20708,2021-10-01,1354
20708,2021-11-01,1397
20708,2021-12-01,1239
20708,2022-01-01,700
20708,2022-02-01,565
20708,2022-03-01,464
20708,2022-04-01,341
20708,2022-05-01,306
20708,2022-06-01,344
20708,2022-07-01,574
20708,2022-08-01,2433
20708,2022-09-01,3090
20708,2022-10-01,2309
20708,2022-11-01,1547
20708,2022-12-01,1223
20708,2023-01-01,743
20708,2023-02-01,812
20708,2023-03-01,1030
20708,2023-04-01,615
20708,2023-05-01,482
20708,2023-06-01,857
20708,2023-07-01,1347
20708,2023-08-01,2684
20708,2023-09-01,2713
20708,2023-10-01,2926
20708,2023-11-01,2142
20708,2023-12-01,1730
20708,2024-01-01,1258
20708,2024-02-01,1227
20708,2024-03-01,1279
20708,2024-04-01,1094
20708,2024-05-01,1093
20708,2024-06-01,833
20708,2024-07-01,798
20708,2024-08-01,2224
20708,2024-09-01,2712
20708,2024-10-01,3267
20708,2024-11-01,2836
20708,2024-12-01,3793
20708,2025-01-01,2556
20708,2025-02-01,1423
20708,2025-03-01,1040
20708,2025-04-01,1079
20708,2025-05-01,1355
20708,2025-06-01,1246
20708,2025-07-01,1056
20708,2025-08-01,2065
20708,2025-09-01,2088
20708,2025-10-01,2395
20708,2025-11-01,1451
20708,2025-12-01,1993
20708,2026-01-01,1395
20708,2026-02-01,1400
20708,2026-03-01,2397
20708,2026-04-01,1842
20708,2026-05-01,1518
20708,2026-06-01,1458
20712,2011-03-01,336.9410578889787
20712,2011-04-01,344.7072889728323
20712,2011-05-01,324.05022667836175
20712,2011-06-01,316.2272390920049
20712,2011-07-01,324.13748594203446
20712,2011-08-01,334.293821938965
20712,2011-09-01,351.46097452196574
20712,2011-10-01,355.31358809441906
20712,2011-11-01,408.12909108039975
20712,2011-12-01,413.16368119544103
20712,2012-01-01,400.30668325524044
20712,2012-02-01,437.07120243381075
20712,2012-03-01,470.22154915500556
20712,2012-04-01,474.2174378311609
20712,2012-05-01,508.7787273850888
20712,2012-06-01,493.77660604103295
20712,2012-07-01,503.93069499463104
20712,2012-08-01,535.0150949056093
20712,2012-09-01,526.5846115465213
20712,2012-10-01,797.1067166811941
20712,2012-11-01,681.0873185639294
20712,2012-12-01,608.7901616838964
20712,2013-01-01,691.7678333523269
20712,2013-02-01,685.2706561047838
20712,2013-03-01,679.3026134583546
20712,2013-04-01,732.1220161093203
20712,2013-05-01,684.7031765809172
20712,2013-06-01,721.0229039588867
20712,2013-07-01,672.3448105748151
20712,2013-08-01,716.1145930055233
20712,2013-09-01,789.6055335787552
20712,2013-10-01,1018.5433366045494
20712,2013-11-01,970.9251579305559
20712,2013-12-01,1009.3629909135026
20712,2014-01-01,906.088831084362
20712,2014-02-01,893.1935474990734
20712,2014-03-01,771.3926489084569
20712,2014-04-01,849.3409200750316
20712,2014-05-01,970.3089485104995
20712,2014-06-01,946.7234565479617
20712,2014-07-01,1030.9787027768552
20712,2014-08-01,1019.0429055366404
20712,2014-09-01,1171.7301227855253
20712,2014-10-01,916.4938895191417
20712,2014-11-01,877.3311666933138
20712,2014-12-01,884.5111363103293
20712,2015-01-01,969.7033827496571
20712,2015-02-01,915.1243442354207
20712,2015-03-01,946.5685387104747
20712,2015-04-01,926.8462518325407
20712,2015-05-01,890.2137721756707
20712,2015-06-01,923.2511354234322
20712,2015-07-01,1028.0412558703938
20712,2015-08-01,965.5992222634093
20712,2015-09-01,968.3131711335121
20712,2015-10-01,748.6938556495068
20712,2015-11-01,852.8488565816717
20712,2015-12-01,894.4748882971921
20712,2016-01-01,810.8148322165866
20712,2016-02-01,891.7664550172535
20712,2016-03-01,853.3420207915625
20712,2016-04-01,890.6527024300683
20712,2016-05-01,860.5959539211829
20712,2016-06-01,900.3865980245135
20712,2016-07-01,865.896856217008
20712,2016-08-01,739.683945615594
20712,2016-09-01,727.5746678996301
20712,2016-10-01,803.2021796618807
20712,2016-11-01,813.3916542160368
20712,2016-12-01,814.9475013686636
20712,2017-01-01,694.4094316782104
20712,2017-02-01,824.6570771967671
20712,2017-03-01,817.9746604365357
20712,2017-04-01,750.5672856825784
20712,2017-05-01,818.0421791949199
20712,2017-06-01,810.2950946707092
20712,2017-07-01,788.1536141623751
20712,2017-08-01,845.1678045064497
20712,2017-09-01,818.5820927091819
20712,2017-10-01,797.6994494934391
20712,2017-11-01,827.8678288762699
20712,2017-12-01,815.2729934764666
20712,2018-01-01,860.416809710337
20712,2018-02-01,822.6655326162876
20712,2018-03-01,877.8116549897826
20712,2018-04-01,940.0824087009253
20712,2018-05-01,909.22824703212
20712,2018-06-01,911.668093368747
20712,2018-07-01,871.8128436015386
20712,2018-08-01,934.3755619049002
20712,2018-09-01,898.1365387462389
20712,2018-10-01,924.7803559664741
20712,2018-11-01,900.0200692579778
20712,2018-12-01,902.4622579293184
20712,2019-01-01,964.1944441132982
20712,2019-02-01,1016.0720854270862
20712,2019-03-01,972.40348112066
20712,2019-04-01,1122.0829558740786
20712,2019-05-01,1068.2654823544124
20712,2019-06-01,1050.6747763261762
20712,2019-07-01,1148.7286417973435
20712,2019-08-01,1119.229270355059
20712,2019-09-01,1181.9131506139925
20712,2019-10-01,1247.7705625555946
20712,2019-11-01,1184.617952138028
20712,2019-12-01,1199.8326701308233
20712,2020-01-01,1216.0212305267537
20712,2020-02-01,1264.5079705660876
20712,2020-03-01,1027.3940482867904
20712,2020-04-01,1439.3195949816109
20712,2020-05-01,832.6274286139999
20712,2020-06-01,1033.2619481876495
20712,2020-07-01,1004.7340329052606
20712,2020-08-01,973.5385134947093
20712,2020-09-01,829.1473495152306
20712,2020-10-01,1318.0625899348909
20712,2020-11-01,1383.0894763852589
20712,2020-12-01,1358.6339990111292
20712,2021-01-01,1181.3975259105055
20712,2021-02-01,1384.5289651746782
20712,2021-03-01,1481.961349925646
20712,2021-04-01,1388.2207679323687
20712,2021-05-01,1416.6345195192168
20712,2021-06-01,1386.9299750549928
20712,2021-07-01,1392.7422258457518
20712,2021-08-01,1347.3667874905943
20712,2021-09-01,1340.6179081606347
20712,2021-10-01,1216.2250813475143
20712,2021-11-01,1329.265371913973
20712,2021-12-01,1345.8741237189122
20712,2022-01-01,1224.595180159698
20712,2022-02-01,1329.8075736087958
20712,2022-03-01,1407.630538143109
20712,2022-04-01,1960.3618271962098
20712,2022-05-01,1799.5471602379355
20712,2022-06-01,1739.1745764465882
20712,2022-07-01,1731.5734503299616
20712,2022-08-01,1538.4867648720913
20712,2022-09-01,1363.8692426095238
20712,2022-10-01,1250.2434247169317
20712,2022-11-01,1210.9993986031523
20712,2022-12-01,1147.567665797675
20712,2023-01-01,1388.02600498868
20712,2023-02-01,1280.7045053028933
20712,2023-03-01,1403.6287313639466
20712,2023-04-01,1189.6808402525216
20712,2023-05-01,1211.4862283623136
20712,2023-06-01,1179.2936692683097
20712,2023-07-01,1168.89204312231
20712,2023-08-01,1364.7680047204285
20712,2023-09-01,1266.7735475498669
20712,2023-10-01,1308.4162892374884
20712,2023-11-01,1305.0045439292414
20712,2023-12-01,1416.1646598000004
20712,2024-01-01,1391.1521367937944
20712,2024-02-01,1446.7570032261006
20712,2024-03-01,1326.7352008041012
20712,2024-04-01,1569.9448866181294
20712,2024-05-01,1539.6591169895582
20712,2024-06-01,1577.8858860997836
20712,2024-07-01,1568.0138110985931
20712,2024-08-01,1574.5677061548422
20712,2024-09-01,1653.9958851686038
20712,2024-10-01,1693.0895855157928
20712,2024-11-01,1646.0347635039282
20712,2024-12-01,1547.341974850361
20712,2025-01-01,1784.1469048511265
20712,2025-02-01,1931.2493412126466
20712,2025-03-01,1667.9404510906325
20712,2025-04-01,1680.2929765674862
20712,2025-05-01,1706.4012885694967
20712,2025-06-01,1579.8794450233665
20712,2025-07-01,1588.0008491034932
20712,2025-08-01,1505.101391822611
20712,2025-09-01,1603.8224381838
20712,2025-10-01,1553.221880367378
20712,2025-11-01,1496.2878947683757
20712,2025-12-01,1339.616375911596
20712,2026-01-01,1182.3926144154177
20712,2026-02-01,1214.4292006575286
20712,2026-03-01,1289.8330515416676
20712,2026-04-01,1267.7517362961046
20712,2026-05-01,1276.8896823827336
20712,2026-06-01,1285.7291832905873
20713,2011-03-01,47
20713,2011-04-01,52
20713,2011-05-01,117
20713,2011-06-01,110
20713,2011-07-01,93
20713,2011-08-01,113
20713,2011-09-01,139
20713,2011-10-01,135
20713,2011-11-01,130
20713,2011-12-01,157
20713,2012-01-01,106
20713,2012-02-01,100
20713,2012-03-01,88
20713,2012-04-01,108
20713,2012-05-01,129
20713,2012-06-01,203
20713,2012-07-01,86
20713,2012-08-01,96
20713,2012-09-01,105
20713,2012-10-01,165
20713,2012-11-01,199
20713,2012-12-01,209
20713,2013-01-01,69
20713,2013-02-01,100
20713,2013-03-01,133
20713,2013-04-01,121
20713,2013-05-01,183
20713,2013-06-01,499
20713,2013-07-01,500
20713,2013-08-01,380
20713,2013-09-01,284
20713,2013-10-01,376
20713,2013-11-01,346
20713,2013-12-01,538
20713,2014-01-01,326
20713,2014-02-01,394
20713,2014-03-01,278
20713,2014-04-01,264
20713,2014-05-01,372
20713,2014-06-01,495
20713,2014-07-01,383
20713,2014-08-01,254
20713,2014-09-01,341
20713,2014-10-01,331
20713,2014-11-01,264
20713,2014-12-01,285
20713,2015-01-01,169
20713,2015-02-01,130
20713,2015-03-01,69
20713,2015-04-01,54
20713,2015-05-01,35
20713,2015-06-01,48
20713,2015-07-01,32
20713,2015-08-01,31
20713,2015-09-01,53
20713,2015-10-01,48
20713,2015-11-01,70
20713,2015-12-01,66
20713,2016-01-01,23
20713,2016-02-01,16
20713,2016-03-01,23
20713,2016-04-01,34
20713,2016-05-01,24
20713,2016-06-01,26
20713,2016-07-01,21
20713,2016-08-01,45
20713,2016-09-01,32
20713,2016-10-01,6
20713,2016-11-01,28
20713,2016-12-01,50
20713,2017-01-01,12
20713,2017-02-01,7
20713,2017-03-01,12
20713,2017-04-01,6
20713,2017-05-01,15
20713,2017-06-01,11
20713,2017-07-01,9
20713,2017-08-01,19
20713,2017-09-01,11
20713,2017-10-01,18
20713,2017-11-01,25
20713,2017-12-01,21
20713,2018-01-01,10
20713,2018-02-01,9
20713,2018-03-01,13
20713,2018-04-01,12
20713,2018-05-01,10
20713,2018-06-01,9
20713,2018-07-01,21
20713,2018-08-01,17
20713,2018-09-01,35
20713,2018-10-01,48
20713,2018-11-01,41
20713,2018-12-01,18
20713,2019-01-01,8
20713,2019-02-01,7
20713,2019-03-01,15
20713,2019-04-01,15
20713,2019-05-01,11
20713,2019-06-01,13
20713,2019-07-01,38
20713,2019-08-01,73
20713,2019-09-01,79
20713,2019-10-01,73
20713,2019-11-01,33
20713,2019-12-01,39
20713,2020-01-01,91
20713,2020-02-01,56
20713,2020-03-01,57
20713,2020-04-01,38
20713,2020-05-01,24
20713,2020-06-01,29
20713,2020-07-01,47
20713,2020-08-01,67
20713,2020-09-01,105
20713,2020-10-01,158
20713,2020-11-01,107
20713,2020-12-01,58
20713,2021-01-01,61
20713,2021-02-01,77
20713,2021-03-01,66
20713,2021-04-01,52
20713,2021-05-01,49
20713,2021-06-01,36
20713,2021-07-01,115
20713,2021-08-01,142
20713,2021-09-01,136
20713,2021-10-01,175
20713,2021-11-01,46
20713,2021-12-01,56
20713,2022-01-01,68
20713,2022-02-01,73
20713,2022-03-01,64
20713,2022-04-01,49
20713,2022-05-01,45
20713,2022-06-01,32
20713,2022-07-01,78
20713,2022-08-01,64
20713,2022-09-01,441
20713,2022-10-01,95
20713,2022-11-01,56
20713,2022-12-01,35
20713,2023-01-01,37
20713,2023-02-01,41
20713,2023-03-01,105
20713,2023-04-01,32
20713,2023-05-01,46
20713,2023-06-01,99
20713,2023-07-01,106
20713,2023-08-01,882
20713,2023-09-01,607
20713,2023-10-01,222
20713,2023-11-01,183
20713,2023-12-01,131
20713,2024-01-01,118
20713,2024-02-01,141
20713,2024-03-01,148
20713,2024-04-01,180
20713,2024-05-01,159
20713,2024-06-01,121
20713,2024-07-01,125
20713,2024-08-01,143
20713,2024-09-01,286
20713,2024-10-01,174
20713,2024-11-01,98
20713,2024-12-01,135
20713,2025-01-01,114
20713,2025-02-01,109
20713,2025-03-01,181
20713,2025-04-01,255
20713,2025-05-01,377
20713,2025-06-01,147
20713,2025-07-01,99
20713,2025-08-01,253
20713,2025-09-01,405
20713,2025-10-01,182
20713,2025-11-01,139
20713,2025-12-01,69
20713,2026-01-01,43
20713,2026-02-01,76
20713,2026-03-01,72
20713,2026-04-01,43
20713,2026-05-01,360
20713,2026-06-01,524
20698,2011-03-01,10117.513665836255
20698,2011-04-01,10633.61035873112
20698,2011-05-01,10910.947662879986
20698,2011-06-01,11200.874611261477
20698,2011-07-01,12037.28672096848
20698,2011-08-01,12724.256294731875
20698,2011-09-01,13464.910240484844
20698,2011-10-01,10637.463116113633
20698,2011-11-01,12564.821501328897
20698,2011-12-01,11952.728383961974
20698,2012-01-01,13292.90860811454
20698,2012-02-01,13031.625083009118
20698,2012-03-01,13245.816662123396
20698,2012-04-01,12247.772566060608
20698,2012-05-01,13351.080482752248
20698,2012-06-01,13119.51198428195
20698,2012-07-01,13289.523290381447
20698,2012-08-01,15637.599380068625
20698,2012-09-01,14276.933593110785
20698,2012-10-01,16273.44925723835
20698,2012-11-01,16748.0244655608
20698,2012-12-01,16671.73192637029
20698,2013-01-01,17235.880483746598
20698,2013-02-01,17120.27867475779
20698,2013-03-01,17659.197902594085
20698,2013-04-01,19692.724350259705
20698,2013-05-01,18944.88612861215
20698,2013-06-01,20712.037862896625
20698,2013-07-01,19889.502245062544
20698,2013-08-01,18466.07525141858
20698,2013-09-01,18632.171163925803
20698,2013-10-01,19487.99825653416
20698,2013-11-01,20008.507265735447
20698,2013-12-01,20412.788640206065
20698,2014-01-01,21687.179658360066
20698,2014-02-01,22878.106249892597
20698,2014-03-01,17260.903912199938
20698,2014-04-01,20618.147382496587
20698,2014-05-01,21962.779698861967
20698,2014-06-01,20747.367002377294
20698,2014-07-01,21493.612387380555
20698,2014-08-01,19835.423074125174
20698,2014-09-01,22896.415046659065
20698,2014-10-01,22084.417256661713
20698,2014-11-01,20345.054917408994
20698,2014-12-01,21189.095883629885
20698,2015-01-01,23906.966988827597
20698,2015-02-01,18765.70947028506
20698,2015-03-01,19409.71246205197
20698,2015-04-01,19448.238691175517
20698,2015-05-01,15165.827518007762
20698,2015-06-01,17185.100622222086
20698,2015-07-01,19154.804483285545
20698,2015-08-01,17268.103380968165
20698,2015-09-01,17471.473644579284
20698,2015-10-01,15086.58552998461
20698,2015-11-01,16165.562022420345
20698,2015-12-01,16913.358664769166
20698,2016-01-01,14502.841740429507
20698,2016-02-01,15749.860312934341
20698,2016-03-01,16076.26871709002
20698,2016-04-01,15929.012491191981
20698,2016-05-01,15151.683177355066
20698,2016-06-01,17399.784660197714
20698,2016-07-01,14804.932179443662
20698,2016-08-01,14776.659579045827
20698,2016-09-01,13997.628619458415
20698,2016-10-01,13159.868936718902
20698,2016-11-01,15930.511443028434
20698,2016-12-01,18900.852962466244
20698,2017-01-01,16662.028368201485
20698,2017-02-01,16952.817871955125
20698,2017-03-01,16869.057519455826
20698,2017-04-01,14996.392458821827
20698,2017-05-01,16988.83060781555
20698,2017-06-01,17806.902337283722
20698,2017-07-01,15683.985990172101
20698,2017-08-01,16975.799395573304
20698,2017-09-01,15968.088987897021
20698,2017-10-01,15705.585067022967
20698,2017-11-01,15947.569490936748
20698,2017-12-01,15320.224285809081
20698,2018-01-01,16986.802810812544
20698,2018-02-01,16411.829257593436
20698,2018-03-01,16177.120203188404
20698,2018-04-01,17254.80407816753
20698,2018-05-01,17441.57510623871
20698,2018-06-01,17842.47690502481
20698,2018-07-01,17812.819044009037
20698,2018-08-01,18458.501507707377
20698,2018-09-01,17973.613280096495
20698,2018-10-01,18905.97573651534
20698,2018-11-01,17882.373211646733
20698,2018-12-01,17402.919211894652
20698,2019-01-01,15734.464067645846
20698,2019-02-01,20114.336010443065
20698,2019-03-01,16369.538273526408
20698,2019-04-01,18939.365366591126
20698,2019-05-01,20097.798213497757
20698,2019-06-01,19120.65599743624
20698,2019-07-01,19096.34519621389
20698,2019-08-01,17917.296778454576
20698,2019-09-01,20033.279539981864
20698,2019-10-01,21708.79166099438
20698,2019-11-01,20710.82227847731
20698,2019-12-01,20940.439045371142
20698,2020-01-01,20930.6064312919
20698,2020-02-01,21630.07840684221
20698,2020-03-01,21442.553788669597
20698,2020-04-01,21698.967012729016
20698,2020-05-01,20897.110669667414
20698,2020-06-01,21737.56754919218
20698,2020-07-01,24482.654582386356
20698,2020-08-01,23585.97402770893
20698,2020-09-01,25110.018978334607
20698,2020-10-01,26016.8047584998
20698,2020-11-01,27081.49752700435
20698,2020-12-01,28573.019317164773
20698,2021-01-01,26737.907988788847
20698,2021-02-01,30570.379872871345
20698,2021-03-01,34793.2559302784
20698,2021-04-01,34458.67585807713
20698,2021-05-01,35653.764623090065
20698,2021-06-01,35265.345744517115
20698,2021-07-01,33139.256768184736
20698,2021-08-01,33046.96089403329
20698,2021-09-01,33253.71912862699
20698,2021-10-01,32894.16539420308
20698,2021-11-01,35313.11688130857
20698,2021-12-01,35026.270993411155
20698,2022-01-01,33581.3157787228
20698,2022-02-01,32427.99887528704
20698,2022-03-01,32408.43588418453
20698,2022-04-01,30397.777076227874
20698,2022-05-01,35816.425886672216
20698,2022-06-01,41716.226759453115
20698,2022-07-01,41688.50267974637
20698,2022-08-01,43708.68849309371
20698,2022-09-01,41005.53274735477
20698,2022-10-01,37614.41214504576
20698,2022-11-01,37904.945568701434
20698,2022-12-01,37264.96019705267
20698,2023-01-01,38767.966948557
20698,2023-02-01,35936.98012306223
20698,2023-03-01,41649.85852874862
20698,2023-04-01,31691.197921165593
20698,2023-05-01,36927.93229789304
20698,2023-06-01,35538.59397939008
20698,2023-07-01,39940.879378373924
20698,2023-08-01,46844.091463897625
20698,2023-09-01,41686.612753144815
20698,2023-10-01,41930.79409066731
20698,2023-11-01,41662.09025908057
20698,2023-12-01,39701.01357853458
20698,2024-01-01,42271.938263321805
20698,2024-02-01,46241.00485297162
20698,2024-03-01,42074.33686137467
20698,2024-04-01,43836.5945503385
20698,2024-05-01,43437.04185268502
20698,2024-06-01,39341.946432266486
20698,2024-07-01,42011.60603266337
20698,2024-08-01,43844.20863246446
20698,2024-09-01,43869.850249870666
20698,2024-10-01,43964.72775758439
20698,2024-11-01,41875.22746758626
20698,2024-12-01,42516.08363888625
20698,2025-01-01,45544.35988845441
20698,2025-02-01,47540.89869538564
20698,2025-03-01,38244.79309104403
20698,2025-04-01,42819.58106251415
20698,2025-05-01,42421.98033670968
20698,2025-06-01,42123.58668360816
20698,2025-07-01,39401.12041259144
20698,2025-08-01,38909.26307765093
20698,2025-09-01,40674.922312367
20698,2025-10-01,43341.96948075175
20698,2025-11-01,42418.38186170521
20698,2025-12-01,44450.93802781614
20698,2026-01-01,42661.805850774166
20698,2026-02-01,43847.00979182987
20698,2026-03-01,46518.205480295735
20698,2026-04-01,43922.41230390153
20698,2026-05-01,45926.55300795814
20698,2026-06-01,46531.31105462266
20634,2011-03-01,186481.76823328083
20634,2011-04-01,188214.68407323345
20634,2011-05-01,190667.11886237186
20634,2011-06-01,195995.94194539817
20634,2011-07-01,202754.48803142106
20634,2011-08-01,212483.92946895718
20634,2011-09-01,205657.79911139896
20634,2011-10-01,193410.32446779488
20634,2011-11-01,205725.3065305016
20634,2011-12-01,209373.6212673684
20634,2012-01-01,203097.17315864825
20634,2012-02-01,197813.41868929612
20634,2012-03-01,215686.26178966535
20634,2012-04-01,208750.56106677031
20634,2012-05-01,213708.00963234465
20634,2012-06-01,216075.39436912752
20634,2012-07-01,212379.9407489172
20634,2012-08-01,215135.1651167943
20634,2012-09-01,207687.32850411997
20634,2012-10-01,221404.51755487267
20634,2012-11-01,217044.5372504311
20634,2012-12-01,211464.62446596252
20634,2013-01-01,222098.64028964343
20634,2013-02-01,222234.9995767462
20634,2013-03-01,217671.75595074656
20634,2013-04-01,229376.35368529198
20634,2013-05-01,229356.1446965002
20634,2013-06-01,226475.64202097696
20634,2013-07-01,229091.43635682517
20634,2013-08-01,233720.01799329018
20634,2013-09-01,227431.86023981837
20634,2013-10-01,231623.390989711
20634,2013-11-01,234036.11660603798
20634,2013-12-01,229784.2672205678
20634,2014-01-01,233257.37104813178
20634,2014-02-01,249638.36346830815
20634,2014-03-01,226941.61085991428
20634,2014-04-01,234721.94217000075
20634,2014-05-01,236471.5484200162
20634,2014-06-01,230970.3550837222
20634,2014-07-01,235162.53210768924
20634,2014-08-01,234136.2614479277
20634,2014-09-01,244277.71258223674
20634,2014-10-01,242544.63233783442
20634,2014-11-01,236824.6489619326
20634,2014-12-01,240748.1379589503
20634,2015-01-01,244684.1282516613
20634,2015-02-01,228973.16589482283
20634,2015-03-01,242676.2676199515
20634,2015-04-01,235379.07556948983
20634,2015-05-01,234657.9051160817
20634,2015-06-01,237819.16445787836
20634,2015-07-01,239609.76001273564
20634,2015-08-01,230000.62666544403
20634,2015-09-01,235341.30222634244
20634,2015-10-01,229330.45615331663
20634,2015-11-01,228276.30967278403
20634,2015-12-01,230107.09376077753
20634,2016-01-01,218921.96613600806
20634,2016-02-01,220852.72216652115
20634,2016-03-01,220901.51109546877
20634,2016-04-01,220800.79142008186
20634,2016-05-01,220229.12830135974
20634,2016-06-01,222476.68259532703
20634,2016-07-01,218094.8294704326
20634,2016-08-01,218404.79527734782
20634,2016-09-01,220447.6484555019
20634,2016-10-01,218876.33207376345
20634,2016-11-01,222084.81083295657
20634,2016-12-01,222667.34776094768
20634,2017-01-01,223535.7374260411
20634,2017-02-01,211177.55424416412
20634,2017-03-01,237611.11619782567
20634,2017-04-01,212010.6366562641
20634,2017-05-01,226104.21473471765
20634,2017-06-01,238327.0129606363
20634,2017-07-01,226120.38057337253
20634,2017-08-01,233468.83863074987
20634,2017-09-01,232763.3892688914
20634,2017-10-01,233454.5906627651
20634,2017-11-01,238603.49848742242
20634,2017-12-01,245868.84863543263
20634,2018-01-01,248700.7120933529
20634,2018-02-01,257985.70675971697
20634,2018-03-01,252234.2040272196
20634,2018-04-01,259640.1395499327
20634,2018-05-01,251322.6894576467
20634,2018-06-01,263830.8821838408
20634,2018-07-01,258789.220074587
20634,2018-08-01,272603.2267271394
20634,2018-09-01,259534.56515230422
20634,2018-10-01,269593.6165091318
20634,2018-11-01,274858.2011850619
20634,2018-12-01,274400.2684077844
20634,2019-01-01,284107.9512863156
20634,2019-02-01,301944.8227149727
20634,2019-03-01,272539.00411174825
20634,2019-04-01,286790.9016642229
20634,2019-05-01,301072.6584332301
20634,2019-06-01,294911.89532939385
20634,2019-07-01,307607.86111479765
20634,2019-08-01,309902.5615530948
20634,2019-09-01,312279.6921796017
20634,2019-10-01,316325.5603578269
20634,2019-11-01,320040.06349129224
20634,2019-12-01,331618.51782117307
20634,2020-01-01,325519.5423770352
20634,2020-02-01,330428.9450335499
20634,2020-03-01,348836.21995029016
20634,2020-04-01,274766.88465583144
20634,2020-05-01,260020.23273101257
20634,2020-06-01,280931.94912188087
20634,2020-07-01,295029.9421734128
20634,2020-08-01,291021.9214750381
20634,2020-09-01,305424.5569676006
20634,2020-10-01,315737.78195797966
20634,2020-11-01,323293.04597598634
20634,2020-12-01,315918.0204610955
20634,2021-01-01,305453.13286235667
20634,2021-02-01,334667.71005899424
20634,2021-03-01,343807.1880352919
20634,2021-04-01,353940.34303553187
20634,2021-05-01,367569.28842481953
20634,2021-06-01,380382.236725608
20634,2021-07-01,379990.8344119998
20634,2021-08-01,385642.05539211346
20634,2021-09-01,395328.5039625868
20634,2021-10-01,402432.72200161987
20634,2021-11-01,413895.0385026761
20634,2021-12-01,418808.3158496633
20634,2022-01-01,425662.58418119326
20634,2022-02-01,441380.0341588851
20634,2022-03-01,456752.31481886026
20634,2022-04-01,461182.14789550094
20634,2022-05-01,464267.3911713943
20634,2022-06-01,458048.5794481099
20634,2022-07-01,465354.95820171654
20634,2022-08-01,472509.3657268112
20634,2022-09-01,470776.2884399117
20634,2022-10-01,466629.0123338403
20634,2022-11-01,443866.50846972596
20634,2022-12-01,457004.8599999724
20634,2023-01-01,454265.64059086813
20634,2023-02-01,448644.0466868842
20634,2023-03-01,452561.78091615695
20634,2023-04-01,422000.7592410514
20634,2023-05-01,450374.09857520607
20634,2023-06-01,466359.74789629976
20634,2023-07-01,447060.9540962603
20634,2023-08-01,460697.60279205826
20634,2023-09-01,476408.4806074019
20634,2023-10-01,460698.6149601371
20634,2023-11-01,482713.0820063909
20634,2023-12-01,493479.36769151734
20634,2024-01-01,504753.2802195167
20634,2024-02-01,504780.96071017586
20634,2024-03-01,499064.99341928493
20634,2024-04-01,512399.1112502311
20634,2024-05-01,508661.39863510523
20634,2024-06-01,539742.4253485248
20634,2024-07-01,553326.2379730272
20634,2024-08-01,556700.0594047788
20634,2024-09-01,546845.6330418643
20634,2024-10-01,555704.4854127539
20634,2024-11-01,564370.0085728044
20634,2024-12-01,552803.6654389838
20634,2025-01-01,563700.1270162959
20634,2025-02-01,603228.7905550867
20634,2025-03-01,546395.3368603992
20634,2025-04-01,578016.2931301629
20634,2025-05-01,592984.6834109493
20634,2025-06-01,561190.6343633496
20634,2025-07-01,578720.2379083817
20634,2025-08-01,581058.7436183817
20634,2025-09-01,591715.4615511196
20634,2025-10-01,600039.8150478814
20634,2025-11-01,594777.4438802451
20634,2025-12-01,624746.0413079795
20634,2026-01-01,635878.8859258256
20634,2026-02-01,630633.7207654075
20634,2026-03-01,633661.0587750452
20634,2026-04-01,632109.0628277344
20634,2026-05-01,646915.461239615
20634,2026-06-01,648929.9978481433
20685,2011-03-01,25706.311187165
20685,2011-04-01,24970.008339233766
20685,2011-05-01,25861.03274754425
20685,2011-06-01,25958.988585905616
20685,2011-07-01,29641.70909595278
20685,2011-08-01,30197.404550560655
20685,2011-09-01,29475.173203265902
20685,2011-10-01,25076.654124297627
20685,2011-11-01,33135.47707494307
20685,2011-12-01,28180.97562802755
20685,2012-01-01,27780.582522536362
20685,2012-02-01,29675.109712144415
20685,2012-03-01,28536.354994087287
20685,2012-04-01,27833.65610836795
20685,2012-05-01,30265.024307973068
20685,2012-06-01,26521.10843055032
20685,2012-07-01,32320.53787543392
20685,2012-08-01,35539.50343940764
20685,2012-09-01,34275.94977254216
20685,2012-10-01,37927.88525556623
20685,2012-11-01,36953.35071731114
20685,2012-12-01,40315.226368548865
20685,2013-01-01,37649.15064623542
20685,2013-02-01,41654.7959812329
20685,2013-03-01,40408.14463507925
20685,2013-04-01,44426.404755340074
20685,2013-05-01,46679.18687671102
20685,2013-06-01,47847.413711693924
20685,2013-07-01,38865.34281503531
20685,2013-08-01,42067.875279368185
20685,2013-09-01,40012.68704342451
20685,2013-10-01,41445.92646670921
20685,2013-11-01,43683.86556348777
20685,2013-12-01,43794.15606038968
20685,2014-01-01,50096.70340260786
20685,2014-02-01,56383.32624803024
20685,2014-03-01,44441.83400878476
20685,2014-04-01,45355.80225635278
20685,2014-05-01,43717.32584303241
20685,2014-06-01,41643.8179910655
20685,2014-07-01,43222.61367139092
20685,2014-08-01,43097.19762035892
20685,2014-09-01,47452.44061373899
20685,2014-10-01,45223.211554704474
20685,2014-11-01,42781.49461668952
20685,2014-12-01,41680.18823877797
20685,2015-01-01,44343.6061102918
20685,2015-02-01,38389.77962940229
20685,2015-03-01,42024.947703150254
20685,2015-04-01,39621.728089853255
20685,2015-05-01,35256.05647288057
20685,2015-06-01,36169.35448522659
20685,2015-07-01,37831.891476774064
20685,2015-08-01,33676.861588078726
20685,2015-09-01,37580.99632663632
20685,2015-10-01,33476.66779500107
20685,2015-11-01,34346.25722469822
20685,2015-12-01,34173.342854927134
20685,2016-01-01,27753.281953293106
20685,2016-02-01,30360.82115658921
20685,2016-03-01,31859.284343831874
20685,2016-04-01,30664.715522380066
20685,2016-05-01,28820.450243290743
20685,2016-06-01,32215.996073125894
20685,2016-07-01,29690.90931473032
20685,2016-08-01,28041.651045490868
20685,2016-09-01,26787.602886877103
20685,2016-10-01,23990.588034866745
20685,2016-11-01,28564.783826070172
20685,2016-12-01,29674.724678368875
20685,2017-01-01,27406.84746468654
20685,2017-02-01,29961.741439369514
20685,2017-03-01,28100.490208512507
20685,2017-04-01,28281.31474356459
20685,2017-05-01,29076.0377262645
20685,2017-06-01,29172.706779383272
20685,2017-07-01,25924.25599580045
20685,2017-08-01,27053.51199424692
20685,2017-09-01,25472.386225984876
20685,2017-10-01,26523.768875933696
20685,2017-11-01,25180.494894443473
20685,2017-12-01,25205.248152802298
20685,2018-01-01,26604.381879714
20685,2018-02-01,26660.454904947455
20685,2018-03-01,27250.048349680765
20685,2018-04-01,28255.405236153274
20685,2018-05-01,29263.318174046835
20685,2018-06-01,27473.34383439045
20685,2018-07-01,26920.08510008819
20685,2018-08-01,31696.721566911696
20685,2018-09-01,25732.145324080593
20685,2018-10-01,27568.493239905776
20685,2018-11-01,26912.09759839463
20685,2018-12-01,29710.83442609128
20685,2019-01-01,26805.59582075625
20685,2019-02-01,32164.971847759938
20685,2019-03-01,24315.95922139065
20685,2019-04-01,26241.054811717564
20685,2019-05-01,27828.675103391957
20685,2019-06-01,27614.384949913812
20685,2019-07-01,26886.462173018546
20685,2019-08-01,26788.182859316814
20685,2019-09-01,27823.86374436209
20685,2019-10-01,31798.70413655179
20685,2019-11-01,29816.460257822895
20685,2019-12-01,26943.74625944204
20685,2020-01-01,29623.611201826112
20685,2020-02-01,29995.7876153977
20685,2020-03-01,30242.584986048372
20685,2020-04-01,35196.369103617464
20685,2020-05-01,35089.891852261375
20685,2020-06-01,34784.50769010627
20685,2020-07-01,55904.90721278222
20685,2020-08-01,52004.88389106595
20685,2020-09-01,55718.578508465354
20685,2020-10-01,44425.04379144859
20685,2020-11-01,47946.27970111806
20685,2020-12-01,44208.90314532225
20685,2021-01-01,35512.03672261373
20685,2021-02-01,42263.83503823003
20685,2021-03-01,46528.72449837597
20685,2021-04-01,44693.34267736765
20685,2021-05-01,45537.35972123229
20685,2021-06-01,46033.04885455756
20685,2021-07-01,58049.153370207714
20685,2021-08-01,44704.19587360728
20685,2021-09-01,48594.02316658458
20685,2021-10-01,44362.81064527912
20685,2021-11-01,44104.99373126231
20685,2021-12-01,44827.72877378036
20685,2022-01-01,44959.874094063765
20685,2022-02-01,49314.138585292305
20685,2022-03-01,47390.72973383074
20685,2022-04-01,43977.81232569445
20685,2022-05-01,51468.67419690369
20685,2022-06-01,57406.42960434231
20685,2022-07-01,58902.455586605
20685,2022-08-01,63881.32803490345
20685,2022-09-01,57996.75459842352
20685,2022-10-01,55460.508143887666
20685,2022-11-01,56178.3883018278
20685,2022-12-01,55204.256232182044
20685,2023-01-01,57492.4394152219
20685,2023-02-01,54141.618684117995
20685,2023-03-01,59521.04502711592
20685,2023-04-01,48338.263469739475
20685,2023-05-01,55607.13479237749
20685,2023-06-01,52920.77474059618
20685,2023-07-01,61499.85240103018
20685,2023-08-01,71440.27848627533
20685,2023-09-01,59693.00632477709
20685,2023-10-01,64228.18075204118
20685,2023-11-01,60605.72620431378
20685,2023-12-01,57381.06941956996
20685,2024-01-01,63388.525807409605
20685,2024-02-01,64986.33431951035
20685,2024-03-01,61886.91590496653
20685,2024-04-01,66148.49912715385
20685,2024-05-01,63548.382554186304
20685,2024-06-01,62670.19143543588
20685,2024-07-01,60576.836389997334
20685,2024-08-01,66375.11667189025
20685,2024-09-01,62674.77563955973
20685,2024-10-01,73417.50667301315
20685,2024-11-01,66734.25745044173
20685,2024-12-01,66001.39400389447
20685,2025-01-01,69141.34313809159
20685,2025-02-01,83513.1620019408
20685,2025-03-01,59839.57877385184
20685,2025-04-01,81223.782635179
20685,2025-05-01,71826.58947169613
20685,2025-06-01,68399.09167863606
20685,2025-07-01,68163.72522508343
20685,2025-08-01,65278.491059785585
20685,2025-09-01,72744.71435278901
20685,2025-10-01,72324.60011812022
20685,2025-11-01,71651.72614726794
20685,2025-12-01,79089.4135948679
20685,2026-01-01,75388.08771562675
20685,2026-02-01,74047.00344694265
20685,2026-03-01,75035.21750859595
20685,2026-04-01,74069.51182458576
20685,2026-05-01,78665.08256321673
20685,2026-06-01,78773.05642141694
20631,2011-03-01,210307.6871975083
20631,2011-04-01,214058.22854333022
20631,2011-05-01,215793.69242475732
20631,2011-06-01,221563.00718073503
20631,2011-07-01,233841.5227006187
20631,2011-08-01,239372.14109190853
20631,2011-09-01,237713.66936994265
20631,2011-10-01,218101.7350933496
20631,2011-11-01,236966.08922517629
20631,2011-12-01,238227.7284664586
20631,2012-01-01,230717.52355420063
20631,2012-02-01,229828.68380087477
20631,2012-03-01,244165.19475744615
20631,2012-04-01,235310.2293842395
20631,2012-05-01,243293.42192756836
20631,2012-06-01,244101.4883988492
20631,2012-07-01,245267.96436727126
20631,2012-08-01,248411.76239990833
20631,2012-09-01,242542.88379533883
20631,2012-10-01,259535.89848517446
20631,2012-11-01,253973.82445968452
20631,2012-12-01,253008.3394998216
20631,2013-01-01,258718.8069519065
20631,2013-02-01,266898.8812715626
20631,2013-03-01,255616.36249365445
20631,2013-04-01,273568.7192538993
20631,2013-05-01,275212.6706366107
20631,2013-06-01,275281.0681997814
20631,2013-07-01,268819.3939737374
20631,2013-08-01,276063.9047498465
20631,2013-09-01,267727.63575045555
20631,2013-10-01,272830.4468062531
20631,2013-11-01,278565.86733424856
20631,2013-12-01,274094.3119826294
20631,2014-01-01,281323.4569340816
20631,2014-02-01,307392.6125618722
20631,2014-03-01,268068.4899449737
20631,2014-04-01,278831.49486741703
20631,2014-05-01,281196.58508163964
20631,2014-06-01,272037.6535320493
20631,2014-07-01,278496.9703685637
20631,2014-08-01,276680.1038117024
20631,2014-09-01,293772.76570182084
20631,2014-10-01,288686.60842823976
20631,2014-11-01,277879.79418572935
20631,2014-12-01,282683.4206430289
20631,2015-01-01,289487.8025651889
20631,2015-02-01,270139.6483870072
20631,2015-03-01,281552.2611744681
20631,2015-04-01,274349.2473619988
20631,2015-05-01,269535.1490758278
20631,2015-06-01,274512.33548468514
20631,2015-07-01,278282.8973302026
20631,2015-08-01,262461.77618573076
20631,2015-09-01,272263.48181798094
20631,2015-10-01,265060.06740892853
20631,2015-11-01,261291.63623352416
20631,2015-12-01,263264.3540106642
20631,2016-01-01,246742.1170689039
20631,2016-02-01,254498.39134942563
20631,2016-03-01,250851.03035605093
20631,2016-04-01,253744.4946653512
20631,2016-05-01,248387.26028542224
20631,2016-06-01,253483.85094523348
20631,2016-07-01,247997.39283717956
20631,2016-08-01,245899.4033081256
20631,2016-09-01,247528.01625761305
20631,2016-10-01,242253.39359251357
20631,2016-11-01,250049.28449712883
20631,2016-12-01,253541.4345944854
20631,2017-01-01,250456.68104710852
20631,2017-02-01,243540.19796939194
20631,2017-03-01,265191.580009246
20631,2017-04-01,240055.64609512567
20631,2017-05-01,255507.82303038222
20631,2017-06-01,268409.81960979005
20631,2017-07-01,251450.6420737701
20631,2017-08-01,258947.74785035296
20631,2017-09-01,257826.6502396913
20631,2017-10-01,259485.64240706517
20631,2017-11-01,262901.5805671724
20631,2017-12-01,269959.74827733974
20631,2018-01-01,276204.65739447187
20631,2018-02-01,288929.60215158964
20631,2018-03-01,280366.96107465564
20631,2018-04-01,288510.3734599847
20631,2018-05-01,280733.9621437503
20631,2018-06-01,292763.47312987613
20631,2018-07-01,284519.0354527193
20631,2018-08-01,303128.7690370879
20631,2018-09-01,281111.36365881277
20631,2018-10-01,297172.56541909056
20631,2018-11-01,303090.72139254725
20631,2018-12-01,303343.23802210967
20631,2019-01-01,312016.1573331413
20631,2019-02-01,337477.11014005856
20631,2019-03-01,296582.9577451179
20631,2019-04-01,316927.59260607825
20631,2019-05-01,330584.5816188981
20631,2019-06-01,321175.80884571944
20631,2019-07-01,333308.03252569074
20631,2019-08-01,334575.186811277
20631,2019-09-01,334754.6892743198
20631,2019-10-01,347345.7033253745
20631,2019-11-01,351491.2344306665
20631,2019-12-01,357961.8956661705
20631,2020-01-01,357873.09585740237
20631,2020-02-01,363710.2398329297
20631,2020-03-01,379082.26458941685
20631,2020-04-01,310703.4021588626
20631,2020-05-01,296200.8327632721
20631,2020-06-01,318027.5097122012
20631,2020-07-01,351256.46159452776
20631,2020-08-01,343769.33682340465
20631,2020-09-01,360707.16459757515
20631,2020-10-01,362934.82280676515
20631,2020-11-01,369605.4985219432
20631,2020-12-01,360628.10851139546
20631,2021-01-01,341149.6258434732
20631,2021-02-01,377649.5763198657
20631,2021-03-01,389708.2052489776
20631,2021-04-01,402386.04743166437
20631,2021-05-01,414163.47853430186
20631,2021-06-01,426497.30977345555
20631,2021-07-01,440395.19451245153
20631,2021-08-01,424731.4248783286
20631,2021-09-01,439924.4599991891
20631,2021-10-01,447301.62362480327
20631,2021-11-01,459711.50044718455
20631,2021-12-01,465557.8829360682
20631,2022-01-01,471264.5661581311
20631,2022-02-01,493028.1440259745
20631,2022-03-01,504905.94739731343
20631,2022-04-01,510120.20156721235
20631,2022-05-01,517729.3400066312
20631,2022-06-01,513615.8218780074
20631,2022-07-01,522214.1482645085
20631,2022-08-01,533210.0625640632
20631,2022-09-01,529318.84154633
20631,2022-10-01,522499.5358966851
20631,2022-11-01,498995.69142140506
20631,2022-12-01,516093.3062342823
20631,2023-01-01,510854.8472334002
20631,2023-02-01,504141.4779625028
20631,2023-03-01,513683.24205628125
20631,2023-04-01,468283.1156983624
20631,2023-05-01,509094.0952718235
20631,2023-06-01,520715.0763528014
20631,2023-07-01,506250.6683956851
20631,2023-08-01,530843.2895066958
20631,2023-09-01,538048.599597204
20631,2023-10-01,525995.442852948
20631,2023-11-01,541875.5672718461
20631,2023-12-01,551389.7908629806
20631,2024-01-01,568700.1752414136
20631,2024-02-01,568858.3771035732
20631,2024-03-01,562668.743602254
20631,2024-04-01,579438.2021309825
20631,2024-05-01,575405.4836051103
20631,2024-06-01,597761.4816853732
20631,2024-07-01,612072.3147724842
20631,2024-08-01,622669.3608608121
20631,2024-09-01,604858.0910835649
20631,2024-10-01,630793.898579828
20631,2024-11-01,635509.4592173927
20631,2024-12-01,618181.3468576989
20631,2025-01-01,633548.1016168875
20631,2025-02-01,686292.2603878343
20631,2025-03-01,607400.8425346541
20631,2025-04-01,655377.0595986292
20631,2025-05-01,670257.7462383172
20631,2025-06-01,626867.090100851
20631,2025-07-01,644687.7332380451
20631,2025-08-01,640834.7124027885
20631,2025-09-01,665058.0927370485
20631,2025-10-01,674917.0105820599
20631,2025-11-01,664220.06758062
20631,2025-12-01,705522.4426232724
20631,2026-01-01,714601.1584339666
20631,2026-02-01,705999.6677131883
20631,2026-03-01,710965.5638121932
20631,2026-04-01,702447.0639502419
20631,2026-05-01,724701.7536801093
20631,2026-06-01,732323.9863564108
20632,2011-03-01,120920.74945556124
20632,2011-04-01,120585.69294859737
20632,2011-05-01,124076.57044132632
20632,2011-06-01,126799.65702926631
20632,2011-07-01,131627.08086793733
20632,2011-08-01,144527.65462662774
20632,2011-09-01,130949.2036552474
20632,2011-10-01,120093.12146519154
20632,2011-11-01,137640.7091061957
20632,2011-12-01,132082.1985962482
20632,2012-01-01,132161.21037931016
20632,2012-02-01,133141.88774289645
20632,2012-03-01,134239.77969357194
20632,2012-04-01,134948.0404470516
20632,2012-05-01,140148.47152781067
20632,2012-06-01,135346.68373454217
20632,2012-07-01,143925.56270817507
20632,2012-08-01,147363.3869996721
20632,2012-09-01,134884.179074998
20632,2012-10-01,148745.8455818305
20632,2012-11-01,142662.243842318
20632,2012-12-01,140658.50810285853
20632,2013-01-01,145044.5379222264
20632,2013-02-01,148005.06777441048
20632,2013-03-01,136443.55275552324
20632,2013-04-01,150272.0701292492
20632,2013-05-01,157010.54819026738
20632,2013-06-01,150900.49255694737
20632,2013-07-01,145817.75629522267
20632,2013-08-01,148367.8245952169
20632,2013-09-01,144653.3564268297
20632,2013-10-01,149851.56274401775
20632,2013-11-01,148368.94615299013
20632,2013-12-01,148821.5144812997
20632,2014-01-01,153250.86537331922
20632,2014-02-01,165130.46797138508
20632,2014-03-01,141873.78954557082
20632,2014-04-01,151222.35633903474
20632,2014-05-01,144431.39159335635
20632,2014-06-01,144975.21503852386
20632,2014-07-01,145995.92249563974
20632,2014-08-01,142727.15989964482
20632,2014-09-01,152249.6488316482
20632,2014-10-01,147113.75165131278
20632,2014-11-01,142751.3555810468
20632,2014-12-01,147481.42737102322
20632,2015-01-01,146091.56424196967
20632,2015-02-01,137132.10244204264
20632,2015-03-01,146562.26547141853
20632,2015-04-01,144455.31972229836
20632,2015-05-01,138402.9274107442
20632,2015-06-01,145566.5472840107
20632,2015-07-01,147113.24079357696
20632,2015-08-01,132307.20291879732
20632,2015-09-01,143093.73496828342
20632,2015-10-01,136770.77827214255
20632,2015-11-01,136959.47602070548
20632,2015-12-01,137905.79855152202
20632,2016-01-01,122460.2104788211
20632,2016-02-01,128726.65048305322
20632,2016-03-01,125398.52978292294
20632,2016-04-01,123285.35220901157
20632,2016-05-01,124379.0435327831
20632,2016-06-01,125207.09805675452
20632,2016-07-01,117932.75767933545
20632,2016-08-01,117572.49453975895
20632,2016-09-01,121388.5437015554
20632,2016-10-01,114494.13577437954
20632,2016-11-01,120290.16142577105
20632,2016-12-01,115998.62270522249
20632,2017-01-01,118719.88459655654
20632,2017-02-01,109340.04294844718
20632,2017-03-01,122157.84690951472
20632,2017-04-01,108585.44416798667
20632,2017-05-01,116338.31898532316
20632,2017-06-01,127108.32841079897
20632,2017-07-01,111217.87360232658
20632,2017-08-01,120034.95288634118
20632,2017-09-01,113723.5506400992
20632,2017-10-01,119847.20612606673
20632,2017-11-01,122055.53739564559
20632,2017-12-01,125803.45251457264
20632,2018-01-01,126496.44549616074
20632,2018-02-01,132648.32660998197
20632,2018-03-01,126581.34768476564
20632,2018-04-01,138159.75496631718
20632,2018-05-01,130868.4682444831
20632,2018-06-01,135555.1523042642
20632,2018-07-01,135626.21129884446
20632,2018-08-01,142903.82604520058
20632,2018-09-01,126974.0955200644
20632,2018-10-01,139460.1076649226
20632,2018-11-01,134270.09032995417
20632,2018-12-01,138656.19148133264
20632,2019-01-01,142951.33505998785
20632,2019-02-01,148707.73985357874
20632,2019-03-01,130947.77562066267
20632,2019-04-01,140795.65007223818
20632,2019-05-01,151073.54773451673
20632,2019-06-01,145720.86390750145
20632,2019-07-01,151764.77865855812
20632,2019-08-01,148706.66077052412
20632,2019-09-01,153132.82911238546
20632,2019-10-01,159814.5291751569
20632,2019-11-01,158443.12327367894
20632,2019-12-01,163551.89465953415
20632,2020-01-01,157546.84530212719
20632,2020-02-01,161096.8031957562
20632,2020-03-01,203775.93245920984
20632,2020-04-01,161626.2282352465
20632,2020-05-01,140378.87619401928
20632,2020-06-01,150452.84295836536
20632,2020-07-01,176229.7925552351
20632,2020-08-01,161435.33540386433
20632,2020-09-01,170720.53695218786
20632,2020-10-01,158839.88445456556
20632,2020-11-01,171007.47543418687
20632,2020-12-01,158183.52287057467
20632,2021-01-01,140231.70449531678
20632,2021-02-01,160688.86963593648
20632,2021-03-01,185061.471829837
20632,2021-04-01,181701.58426610313
20632,2021-05-01,179403.36116901404
20632,2021-06-01,192807.43187040495
20632,2021-07-01,196953.45398061012
20632,2021-08-01,187555.14762257398
20632,2021-09-01,197699.17162021482
20632,2021-10-01,199476.74726854623
20632,2021-11-01,205570.97182325437
20632,2021-12-01,207177.54616546832
20632,2022-01-01,212231.12183433972
20632,2022-02-01,225086.73739717295
20632,2022-03-01,234187.18967894127
20632,2022-04-01,220151.36801044282
20632,2022-05-01,234946.73970511826
20632,2022-06-01,227329.76616540036
20632,2022-07-01,227312.4632345605
20632,2022-08-01,243781.38510792793
20632,2022-09-01,231680.0574220223
20632,2022-10-01,224810.01732883835
20632,2022-11-01,226844.2183994911
20632,2022-12-01,226573.93588163596
20632,2023-01-01,230301.371614094
20632,2023-02-01,216764.91505849347
20632,2023-03-01,225749.4640910628
20632,2023-04-01,196868.71817598774
20632,2023-05-01,227116.0606349571
20632,2023-06-01,232363.90634106981
20632,2023-07-01,216667.76584003327
20632,2023-08-01,235057.6367269577
20632,2023-09-01,232811.4345027644
20632,2023-10-01,234639.13354501632
20632,2023-11-01,239732.7026122919
20632,2023-12-01,240270.76248690358
20632,2024-01-01,249519.64542585594
20632,2024-02-01,249715.19509685587
20632,2024-03-01,242798.89986908704
20632,2024-04-01,256019.334061134
20632,2024-05-01,249122.98407887985
20632,2024-06-01,266272.5056197724
20632,2024-07-01,279688.6835400102
20632,2024-08-01,283519.79421221075
20632,2024-09-01,275176.2795138122
20632,2024-10-01,296510.08344421256
20632,2024-11-01,284319.4332024641
20632,2024-12-01,282044.4002026435
20632,2025-01-01,287904.9596907381
20632,2025-02-01,304590.73550422484
20632,2025-03-01,262229.5100403685
20632,2025-04-01,304488.82844320114
20632,2025-05-01,306572.7924225027
20632,2025-06-01,276205.54809881747
20632,2025-07-01,294573.41779477015
20632,2025-08-01,281716.8526320939
20632,2025-09-01,304114.3892895342
20632,2025-10-01,303228.3255160498
20632,2025-11-01,281842.910458026
20632,2025-12-01,325390.48450146464
20632,2026-01-01,323722.44732448587
20632,2026-02-01,314815.2071304986
20632,2026-03-01,321205.55884813477
20632,2026-04-01,321838.16473089805
20632,2026-05-01,333321.620840698
20632,2026-06-01,343168.9472030406
20633,2011-03-01,89841.91256757377
20633,2011-04-01,91848.00942012951
20633,2011-05-01,93583.0126908085
20633,2011-06-01,96227.06387107793
20633,2011-07-01,98903.86320106218
20633,2011-08-01,101324.0331493929
20633,2011-09-01,104050.24640245776
20633,2011-10-01,95876.30731819005
20633,2011-11-01,102005.3725237362
20633,2011-12-01,102674.7353512431
20633,2012-01-01,100124.64170562322
20633,2012-02-01,101600.85806578612
20633,2012-03-01,104954.79420113444
20633,2012-04-01,102588.48500513742
20633,2012-05-01,105721.13390242952
20633,2012-06-01,105636.3036039738
20633,2012-07-01,102576.76842617527
20633,2012-08-01,105181.26948591434
20633,2012-09-01,104166.91991447212
20633,2012-10-01,112913.40789833177
20633,2012-11-01,110718.40322846342
20633,2012-12-01,110617.54910648687
20633,2013-01-01,115540.64237804494
20633,2013-02-01,117674.8553856311
20633,2013-03-01,115343.93759639986
20633,2013-04-01,125393.220680275
20633,2013-05-01,119838.12352840402
20633,2013-06-01,122772.68748247492
20633,2013-07-01,124779.80463309358
20633,2013-08-01,126286.11711985813
20633,2013-09-01,122364.06388541532
20633,2013-10-01,125365.99400973186
20633,2013-11-01,127287.90165463519
20633,2013-12-01,127160.58117957952
20633,2014-01-01,128487.95522032025
20633,2014-02-01,140670.85624035518
20633,2014-03-01,122729.31203286046
20633,2014-04-01,131310.04860974505
20633,2014-05-01,134309.31579921034
20633,2014-06-01,128604.30329240032
20633,2014-07-01,134209.05164094616
20633,2014-08-01,132533.75544478573
20633,2014-09-01,141295.62393544085
20633,2014-10-01,142620.7953956597
20633,2014-11-01,134129.4333365638
20633,2014-12-01,137934.89282163925
20633,2015-01-01,139307.61452366825
20633,2015-02-01,131110.24654758774
20633,2015-03-01,135043.37055617908
20633,2015-04-01,132114.29834862627
20633,2015-05-01,129898.39487571696
20633,2015-06-01,130515.36251932931
20633,2015-07-01,131953.15090389372
20633,2015-08-01,128563.56962220564
20633,2015-09-01,131156.53478192247
20633,2015-10-01,125769.53248758464
20633,2015-11-01,125798.33965310392
20633,2015-12-01,126959.79339293098
20633,2016-01-01,122183.91401097202
20633,2016-02-01,127505.15087454053
20633,2016-03-01,125950.12237967688
20633,2016-04-01,128525.60934717991
20633,2016-05-01,126096.78379042832
20633,2016-06-01,130495.48897329853
20633,2016-07-01,128479.23750692197
20633,2016-08-01,129574.04880453086
20633,2016-09-01,125612.20775581762
20633,2016-10-01,127192.85721459349
20633,2016-11-01,132172.25577984488
20633,2016-12-01,135422.7320970983
20633,2017-01-01,132125.56205768217
20633,2017-02-01,130200.63246513803
20633,2017-03-01,143285.57462741117
20633,2017-04-01,131118.77183489825
20633,2017-05-01,140967.48215847666
20633,2017-06-01,141818.2415121262
20633,2017-07-01,139293.02163567365
20633,2017-08-01,140155.0215972701
20633,2017-09-01,143225.8804210462
20633,2017-10-01,141622.55347381794
20633,2017-11-01,141899.85070242977
20633,2017-12-01,142351.16538078367
20633,2018-01-01,149708.60089540938
20633,2018-02-01,150118.2467014313
20633,2018-03-01,150887.8436069591
20633,2018-04-01,151601.6581305352
20633,2018-05-01,151779.5311847789
20633,2018-06-01,156385.81467038198
20633,2018-07-01,152055.29512886002
20633,2018-08-01,160974.4353508148
20633,2018-09-01,155045.65793906382
20633,2018-10-01,160704.14179387825
20633,2018-11-01,167429.53361151676
20633,2018-12-01,162752.57339754124
20633,2019-01-01,167954.25140009538
20633,2019-02-01,180358.0568892468
20633,2019-03-01,164985.419657052
20633,2019-04-01,176992.38893641223
20633,2019-05-01,180266.1625002203
20633,2019-06-01,176800.25252344395
20633,2019-07-01,186156.57749147736
20633,2019-08-01,183522.62550521124
20633,2019-09-01,185039.438772848
20633,2019-10-01,191201.21203741946
20633,2019-11-01,189690.09758961565
20633,2019-12-01,194536.30774976726
20633,2020-01-01,195541.9260288
20633,2020-02-01,196167.94095159252
20633,2020-03-01,176592.48214188506
20633,2020-04-01,150534.41287087082
20633,2020-05-01,154835.8124571439
20633,2020-06-01,170678.88496511488
20633,2020-07-01,179177.04934390282
20633,2020-08-01,183684.7326652297
20633,2020-09-01,195594.92613777233
20633,2020-10-01,201742.34725661954
20633,2020-11-01,199238.87518415344
20633,2020-12-01,202020.5620984674
20633,2021-01-01,193375.5697289245
20633,2021-02-01,207191.26108634987
20633,2021-03-01,208421.41229327297
20633,2021-04-01,219164.90175374158
20633,2021-05-01,234940.56366214118
20633,2021-06-01,240342.34319016073
20633,2021-07-01,242177.07701355696
20633,2021-08-01,243477.45168421738
20633,2021-09-01,247042.22031904387
20633,2021-10-01,248303.0977890686
20633,2021-11-01,253832.68940796464
20633,2021-12-01,253508.83678129286
20633,2022-01-01,251418.45604905055
20633,2022-02-01,256518.6736660462
20633,2022-03-01,273934.76106569363
20633,2022-04-01,285913.00717435894
20633,2022-05-01,288337.9747580438
20633,2022-06-01,291545.8073391529
20633,2022-07-01,295803.53417732765
20633,2022-08-01,299137.69196928217
20633,2022-09-01,299072.52049083
20633,2022-10-01,298529.02927481604
20633,2022-11-01,273973.9337187139
20633,2022-12-01,277697.4496218959
20633,2023-01-01,279022.3573566715
20633,2023-02-01,277117.20397685724
20633,2023-03-01,287810.6711698196
20633,2023-04-01,270914.84549767873
20633,2023-05-01,287704.5428756809
20633,2023-06-01,288781.43825408205
20633,2023-07-01,290002.97069961694
20633,2023-08-01,304284.19231648097
20633,2023-09-01,304012.83766321524
20633,2023-10-01,297727.74848124955
20633,2023-11-01,299827.7277417703
20633,2023-12-01,302439.3927488214
20633,2024-01-01,320322.038595904
20633,2024-02-01,316891.80495375826
20633,2024-03-01,314365.0416959756
20633,2024-04-01,326041.31577905983
20633,2024-05-01,328230.6268836258
20633,2024-06-01,331801.54026334296
20633,2024-07-01,339443.64235221315
20633,2024-08-01,338264.7772702854
20633,2024-09-01,335234.2999485472
20633,2024-10-01,342619.33887584385
20633,2024-11-01,339910.0263324868
20633,2024-12-01,334894.61012239184
20633,2025-01-01,346475.00448365236
20633,2025-02-01,372067.54005654494
20633,2025-03-01,339956.76168349705
20633,2025-04-01,357770.0526338154
20633,2025-05-01,358087.983094135
20633,2025-06-01,354700.5937221132
20633,2025-07-01,355359.55641912913
20633,2025-08-01,361488.89283740084
20633,2025-09-01,366132.67136059864
20633,2025-10-01,375285.27202274784
20633,2025-11-01,374401.71861077973
20633,2025-12-01,380000.5336563686
20633,2026-01-01,385837.9269725215
20633,2026-02-01,382401.0818267319
20633,2026-03-01,389480.81836410053
20633,2026-04-01,383750.94365953334
20633,2026-05-01,390640.20603806316
20633,2026-06-01,391099.62161662744
