codigo,date,value_sa
20636,2011-03-01,10254.216079014423
20636,2011-04-01,10961.634891168476
20636,2011-05-01,10873.603560390504
20636,2011-06-01,10495.624354587495
20636,2011-07-01,11122.121908023295
20636,2011-08-01,11535.29292756234
20636,2011-09-01,10839.304275412422
20636,2011-10-01,11381.696983815447
20636,2011-11-01,11139.939795418706
20636,2011-12-01,8858.62637998669
20636,2012-01-01,11693.096526974823
20636,2012-02-01,11665.512427041745
20636,2012-03-01,11600.49142981151
20636,2012-04-01,11846.215480473618
20636,2012-05-01,11795.324056874633
20636,2012-06-01,11933.66773387164
20636,2012-07-01,12607.706028555627
20636,2012-08-01,13285.811421872742
20636,2012-09-01,11927.957638405667
20636,2012-10-01,12819.609668775578
20636,2012-11-01,12875.951533832767
20636,2012-12-01,10912.613586196392
20636,2013-01-01,14525.875357514176
20636,2013-02-01,13892.426729782961
20636,2013-03-01,13945.672147626443
20636,2013-04-01,14309.423619399524
20636,2013-05-01,14784.376826498357
20636,2013-06-01,15348.12547906453
20636,2013-07-01,15648.165637020196
20636,2013-08-01,15686.986522958217
20636,2013-09-01,15791.968417729859
20636,2013-10-01,15533.179652353565
20636,2013-11-01,16594.259067012084
20636,2013-12-01,13728.930843979975
20636,2014-01-01,16058.72845750591
20636,2014-02-01,16576.771964068717
20636,2014-03-01,16251.30671264779
20636,2014-04-01,16274.776347626592
20636,2014-05-01,16563.296260626474
20636,2014-06-01,15688.305909132263
20636,2014-07-01,15461.180146968185
20636,2014-08-01,14867.683171092369
20636,2014-09-01,15492.128965811831
20636,2014-10-01,15264.157503714505
20636,2014-11-01,14572.691577336434
20636,2014-12-01,14850.890662732001
20636,2015-01-01,14979.035666714368
20636,2015-02-01,14265.425662608393
20636,2015-03-01,14975.093131748881
20636,2015-04-01,14906.805176039032
20636,2015-05-01,13945.142964117416
20636,2015-06-01,14613.635546487178
20636,2015-07-01,14072.139345174322
20636,2015-08-01,14773.481922306599
20636,2015-09-01,15041.690156645966
20636,2015-10-01,14678.040644140416
20636,2015-11-01,14461.97089401507
20636,2015-12-01,14339.90818513366
20636,2016-01-01,14236.788170887508
20636,2016-02-01,12597.532872356192
20636,2016-03-01,13349.804862700434
20636,2016-04-01,13139.947325624
20636,2016-05-01,13562.193495278456
20636,2016-06-01,13252.826510527431
20636,2016-07-01,12924.533134041043
20636,2016-08-01,13608.447317424792
20636,2016-09-01,14093.55268812419
20636,2016-10-01,15131.475613543682
20636,2016-11-01,15264.041278794619
20636,2016-12-01,14505.52778608719
20636,2017-01-01,15523.185677563522
20636,2017-02-01,17382.882820188923
20636,2017-03-01,18497.202142654998
20636,2017-04-01,17657.78342012926
20636,2017-05-01,18092.182177823906
20636,2017-06-01,22644.219386202025
20636,2017-07-01,20860.791757870138
20636,2017-08-01,20784.781398237363
20636,2017-09-01,21315.11330950515
20636,2017-10-01,20468.403757423668
20636,2017-11-01,22011.19189314857
20636,2017-12-01,24186.45100747595
20636,2018-01-01,24676.321256041076
20636,2018-02-01,23542.658800613117
20636,2018-03-01,24143.348828232247
20636,2018-04-01,25898.598254432123
20636,2018-05-01,25773.334241280678
20636,2018-06-01,26524.72856446883
20636,2018-07-01,28653.874850245564
20636,2018-08-01,27738.036761477895
20636,2018-09-01,27717.187056449853
20636,2018-10-01,29403.537459940977
20636,2018-11-01,28174.336213732415
20636,2018-12-01,28755.49379623683
20636,2019-01-01,27608.208080472992
20636,2019-02-01,29634.304362212224
20636,2019-03-01,28517.618956635204
20636,2019-04-01,28805.38600204663
20636,2019-05-01,31984.158849615807
20636,2019-06-01,32684.409275615093
20636,2019-07-01,31889.183466976632
20636,2019-08-01,32724.65367606966
20636,2019-09-01,34602.63346893213
20636,2019-10-01,32595.270669543017
20636,2019-11-01,35623.51646656743
20636,2019-12-01,36313.6854779399
20636,2020-01-01,36577.41327617945
20636,2020-02-01,38962.07772858766
20636,2020-03-01,39623.31751536056
20636,2020-04-01,28928.15462050965
20636,2020-05-01,27380.047646917796
20636,2020-06-01,27128.761702472722
20636,2020-07-01,29101.684156129002
20636,2020-08-01,32365.694296731082
20636,2020-09-01,32826.34009354907
20636,2020-10-01,35375.961753093114
20636,2020-11-01,36714.514917962246
20636,2020-12-01,40363.887895131156
20636,2021-01-01,42155.413182758435
20636,2021-02-01,45015.71653703344
20636,2021-03-01,50935.34846421669
20636,2021-04-01,52962.6952172242
20636,2021-05-01,50311.297324987056
20636,2021-06-01,55134.68109313668
20636,2021-07-01,55858.033308300284
20636,2021-08-01,58101.80624883403
20636,2021-09-01,56698.214874690086
20636,2021-10-01,62646.211644749696
20636,2021-11-01,63566.06565624739
20636,2021-12-01,59733.74055588195
20636,2022-01-01,63824.82014781915
20636,2022-02-01,62825.57920094632
20636,2022-03-01,65067.64303666888
20636,2022-04-01,70234.06860116775
20636,2022-05-01,67865.23829116944
20636,2022-06-01,63989.49707190171
20636,2022-07-01,70737.80122051627
20636,2022-08-01,71092.77085793545
20636,2022-09-01,70550.28031990869
20636,2022-10-01,67260.82500313323
20636,2022-11-01,65675.74453397872
20636,2022-12-01,65944.97655746201
20636,2023-01-01,65781.3009068961
20636,2023-02-01,61344.742684094344
20636,2023-03-01,60586.22522328573
20636,2023-04-01,57232.02758305047
20636,2023-05-01,61007.022021678305
20636,2023-06-01,59856.71124055588
20636,2023-07-01,53144.950901652606
20636,2023-08-01,56669.09722530894
20636,2023-09-01,64716.057758223295
20636,2023-10-01,57318.79659868291
20636,2023-11-01,59473.78686825764
20636,2023-12-01,63587.24906328979
20636,2024-01-01,56715.008502632554
20636,2024-02-01,66262.48011620626
20636,2024-03-01,68687.36500814672
20636,2024-04-01,65188.685335703405
20636,2024-05-01,68187.88351818178
20636,2024-06-01,75511.29831080114
20636,2024-07-01,72571.00520328703
20636,2024-08-01,73885.65650009915
20636,2024-09-01,74963.9157555167
20636,2024-10-01,80465.18947565624
20636,2024-11-01,81602.60608040767
20636,2024-12-01,76803.49943420834
20636,2025-01-01,84067.98971925728
20636,2025-02-01,84342.14663420068
20636,2025-03-01,82408.66477566717
20636,2025-04-01,89107.81974239265
20636,2025-05-01,96568.38352777985
20636,2025-06-01,58349.79023874229
20636,2025-07-01,67861.61902557444
20636,2025-08-01,67974.30260096164
20636,2025-09-01,71950.04560678623
20636,2025-10-01,68725.1958098869
20636,2025-11-01,65502.89413813082
20636,2025-12-01,80618.20472100623
20636,2026-01-01,76232.29151270921
20636,2026-02-01,79641.45912712158
20636,2026-03-01,81403.43726087669
20636,2026-04-01,83778.67025181613
20636,2026-05-01,80220.65256666364
20636,2026-06-01,82915.77554029108
20637,2011-03-01,4662.028652933856
20637,2011-04-01,4587.710107813451
20637,2011-05-01,4466.300727017421
20637,2011-06-01,4458.547193465817
20637,2011-07-01,4503.061914541235
20637,2011-08-01,4442.331289408957
20637,2011-09-01,4485.411959202302
20637,2011-10-01,4243.59114456534
20637,2011-11-01,4377.794952656577
20637,2011-12-01,4236.764514278587
20637,2012-01-01,4230.632621473663
20637,2012-02-01,4342.451298734127
20637,2012-03-01,4345.504829466979
20637,2012-04-01,4289.172471710712
20637,2012-05-01,4401.835735191891
20637,2012-06-01,4365.462480729179
20637,2012-07-01,4380.441212900622
20637,2012-08-01,4417.615272101443
20637,2012-09-01,4368.124275967708
20637,2012-10-01,4473.220989736866
20637,2012-11-01,4377.802355476488
20637,2012-12-01,4320.723111060471
20637,2013-01-01,4395.723812146291
20637,2013-02-01,4255.973456621463
20637,2013-03-01,4177.430212543387
20637,2013-04-01,4176.50870827178
20637,2013-05-01,4169.948491301601
20637,2013-06-01,4169.294563767416
20637,2013-07-01,4103.380294865273
20637,2013-08-01,4083.6113179439426
20637,2013-09-01,3924.095703437151
20637,2013-10-01,3877.8571226465942
20637,2013-11-01,3862.73631812838
20637,2013-12-01,3858.9394938304176
20637,2014-01-01,3844.722283692049
20637,2014-02-01,3812.2530631858613
20637,2014-03-01,3744.8677013854904
20637,2014-04-01,3727.9530736091556
20637,2014-05-01,3647.3823854064876
20637,2014-06-01,3519.56087121003
20637,2014-07-01,3458.441002928714
20637,2014-08-01,3430.952924539718
20637,2014-09-01,3579.2565155363704
20637,2014-10-01,3394.6612484796087
20637,2014-11-01,3281.981739932306
20637,2014-12-01,3376.940221035351
20637,2015-01-01,3239.054095044726
20637,2015-02-01,3160.8279655043902
20637,2015-03-01,3144.3134609101867
20637,2015-04-01,3118.5704242581687
20637,2015-05-01,2964.494774831624
20637,2015-06-01,2965.5902220714606
20637,2015-07-01,2893.2941786647384
20637,2015-08-01,2805.302371387702
20637,2015-09-01,2891.5459493789726
20637,2015-10-01,2575.918932358404
20637,2015-11-01,2521.3046296822527
20637,2015-12-01,2475.276082729741
20637,2016-01-01,2343.8546479352112
20637,2016-02-01,2308.695725007185
20637,2016-03-01,2200.7843683026426
20637,2016-04-01,2084.4234929438226
20637,2016-05-01,2023.1572469867856
20637,2016-06-01,1941.4967008750243
20637,2016-07-01,1878.5123684185253
20637,2016-08-01,1829.5841221111455
20637,2016-09-01,1694.358236730219
20637,2016-10-01,1641.8458017720209
20637,2016-11-01,1584.838359923412
20637,2016-12-01,1490.3394230966317
20637,2017-01-01,1469.8376725798532
20637,2017-02-01,1357.0329914206527
20637,2017-03-01,1419.4989803310698
20637,2017-04-01,1346.704329387721
20637,2017-05-01,1318.123664757813
20637,2017-06-01,1297.1550166345544
20637,2017-07-01,1277.8734500861742
20637,2017-08-01,1267.7867527895203
20637,2017-09-01,1271.897099147122
20637,2017-10-01,1278.2940772944478
20637,2017-11-01,1271.3069396021135
20637,2017-12-01,1273.8027622209618
20637,2018-01-01,1244.5523412066073
20637,2018-02-01,1213.4183121550595
20637,2018-03-01,1201.7951834156324
20637,2018-04-01,1185.0442594552524
20637,2018-05-01,1180.5411325860357
20637,2018-06-01,1168.4742775624754
20637,2018-07-01,1191.511363357007
20637,2018-08-01,1175.87022164273
20637,2018-09-01,1181.0728995048287
20637,2018-10-01,1192.6346434156374
20637,2018-11-01,1170.3789306982926
20637,2018-12-01,1148.6862865592557
20637,2019-01-01,1127.4689514902038
20637,2019-02-01,1100.8275642887065
20637,2019-03-01,1122.7283577938572
20637,2019-04-01,1133.2920514518223
20637,2019-05-01,1149.75999323423
20637,2019-06-01,1169.7424397318748
20637,2019-07-01,1130.3933743354944
20637,2019-08-01,1152.3300900337906
20637,2019-09-01,1140.06491522199
20637,2019-10-01,1121.8700968648582
20637,2019-11-01,1107.0491133509936
20637,2019-12-01,1171.9823844100733
20637,2020-01-01,1144.479624149164
20637,2020-02-01,1128.1980032695174
20637,2020-03-01,1091.31834954354
20637,2020-04-01,675.5963227487239
20637,2020-05-01,546.2678729244623
20637,2020-06-01,542.430697982717
20637,2020-07-01,531.3546208976073
20637,2020-08-01,523.425466111594
20637,2020-09-01,523.1904657334175
20637,2020-10-01,537.519613633843
20637,2020-11-01,567.0499515038176
20637,2020-12-01,578.4237975989549
20637,2021-01-01,618.5302672722269
20637,2021-02-01,667.1115794591386
20637,2021-03-01,681.9098358065393
20637,2021-04-01,728.820684846403
20637,2021-05-01,750.5399778355235
20637,2021-06-01,768.5376950665583
20637,2021-07-01,787.833751604657
20637,2021-08-01,906.5423769296284
20637,2021-09-01,930.4708905783724
20637,2021-10-01,928.7229994767204
20637,2021-11-01,939.1222235593414
20637,2021-12-01,900.9323143473803
20637,2022-01-01,927.6562667564814
20637,2022-02-01,900.6507654894286
20637,2022-03-01,992.3297716983251
20637,2022-04-01,939.210723363589
20637,2022-05-01,925.1461058100899
20637,2022-06-01,897.6522211924747
20637,2022-07-01,875.131471827083
20637,2022-08-01,836.1316952407374
20637,2022-09-01,814.8877588876691
20637,2022-10-01,772.8324075869959
20637,2022-11-01,718.0519398705528
20637,2022-12-01,673.267806147521
20637,2023-01-01,640.9945905060799
20637,2023-02-01,599.0984718686092
20637,2023-03-01,567.4700702739128
20637,2023-04-01,531.3291963771956
20637,2023-05-01,489.6745918944739
20637,2023-06-01,473.71320011530366
20637,2023-07-01,453.6663416389222
20637,2023-08-01,436.15335292660995
20637,2023-09-01,424.9489547266333
20637,2023-10-01,419.659330938517
20637,2023-11-01,407.636855049952
20637,2023-12-01,401.2651965620457
20637,2024-01-01,414.8869382560479
20637,2024-02-01,396.53736535597676
20637,2024-03-01,384.4848011248849
20637,2024-04-01,370.9921624207112
20637,2024-05-01,379.18181862098163
20637,2024-06-01,370.433856354005
20637,2024-07-01,383.0631997477372
20637,2024-08-01,395.95248082177284
20637,2024-09-01,396.89756656195334
20637,2024-10-01,378.600991137436
20637,2024-11-01,391.9753109258157
20637,2024-12-01,392.65755007392744
20637,2025-01-01,384.7156982624835
20637,2025-02-01,394.06370654838025
20637,2025-03-01,397.358921027313
20637,2025-04-01,396.02028310583177
20637,2025-05-01,405.8089934322813
20637,2025-06-01,371.2470441183217
20637,2025-07-01,385.59363007567464
20637,2025-08-01,370.269714619998
20637,2025-09-01,363.2785476397371
20637,2025-10-01,368.5707410862029
20637,2025-11-01,346.4083114399792
20637,2025-12-01,343.4917556837302
20637,2026-01-01,331.08826944190895
20637,2026-02-01,294.9656306400697
20637,2026-03-01,299.0558812046429
20637,2026-04-01,324.5475836226112
20637,2026-05-01,295.140923920498
20637,2026-06-01,280.00289534991424
20638,2011-03-01,1733.7553263695143
20638,2011-04-01,1769.506293128704
20638,2011-05-01,1848.0649208282312
20638,2011-06-01,1905.6456792618865
20638,2011-07-01,1916.5833167456155
20638,2011-08-01,1925.1841666365367
20638,2011-09-01,1942.1657583856747
20638,2011-10-01,1985.869329702977
20638,2011-11-01,2050.734834113677
20638,2011-12-01,2042.36855665862
20638,2012-01-01,2155.2490245825675
20638,2012-02-01,2094.013143427935
20638,2012-03-01,2092.967995790727
20638,2012-04-01,2114.2523045485545
20638,2012-05-01,2239.9978445591387
20638,2012-06-01,2321.8681621321543
20638,2012-07-01,2344.2825673045204
20638,2012-08-01,2342.146457596694
20638,2012-09-01,2370.89284229447
20638,2012-10-01,2441.1328678396735
20638,2012-11-01,2532.370254539061
20638,2012-12-01,2520.5904556104474
20638,2013-01-01,2586.524455646525
20638,2013-02-01,2479.579386564209
20638,2013-03-01,2417.335190181868
20638,2013-04-01,2443.791371852044
20638,2013-05-01,3386.0428114169968
20638,2013-06-01,3518.1952007731547
20638,2013-07-01,3462.163683288151
20638,2013-08-01,3480.7254326483085
20638,2013-09-01,3447.4044296957136
20638,2013-10-01,3479.3282497999
20638,2013-11-01,3636.9968848890194
20638,2013-12-01,3649.717979076824
20638,2014-01-01,3722.93675377364
20638,2014-02-01,3622.0936157793058
20638,2014-03-01,3805.4635834841074
20638,2014-04-01,4204.938133508465
20638,2014-05-01,4385.1302416936405
20638,2014-06-01,5838.581234224509
20638,2014-07-01,4430.918597971138
20638,2014-08-01,4319.577842635915
20638,2014-09-01,4200.462529358106
20638,2014-10-01,3842.1551020564375
20638,2014-11-01,3970.0449997857377
20638,2014-12-01,4326.534548357382
20638,2015-01-01,4129.32002060793
20638,2015-02-01,4370.890921021996
20638,2015-03-01,4223.831902263737
20638,2015-04-01,4329.347241055555
20638,2015-05-01,4138.9182397230015
20638,2015-06-01,4206.4985678238745
20638,2015-07-01,4731.633077174584
20638,2015-08-01,5071.002714414621
20638,2015-09-01,5450.64740106536
20638,2015-10-01,5289.739600065689
20638,2015-11-01,5428.194772901457
20638,2015-12-01,5646.651783882527
20638,2016-01-01,5864.527833625957
20638,2016-02-01,6031.742744459469
20638,2016-03-01,5992.246967808009
20638,2016-04-01,6016.847117156793
20638,2016-05-01,6068.621569266206
20638,2016-06-01,6156.279450454363
20638,2016-07-01,4147.816905872646
20638,2016-08-01,4880.498684087707
20638,2016-09-01,5774.202805097499
20638,2016-10-01,6031.144558569835
20638,2016-11-01,6427.309756613066
20638,2016-12-01,6042.684768790387
20638,2017-01-01,6382.195264581148
20638,2017-02-01,6338.204720776367
20638,2017-03-01,7108.0122480317405
20638,2017-04-01,7095.802059376149
20638,2017-05-01,7298.26597808963
20638,2017-06-01,7490.202311201959
20638,2017-07-01,7620.8486933830145
20638,2017-08-01,8224.295180687677
20638,2017-09-01,8438.96086772751
20638,2017-10-01,12061.256360391943
20638,2017-11-01,11473.884783862084
20638,2017-12-01,11762.311273505044
20638,2018-01-01,11441.997159950926
20638,2018-02-01,12411.155630896674
20638,2018-03-01,12077.41038184116
20638,2018-04-01,12957.890731797947
20638,2018-05-01,12683.789394870584
20638,2018-06-01,13458.027143440791
20638,2018-07-01,13218.584799419723
20638,2018-08-01,13671.357116141811
20638,2018-09-01,13201.80660092294
20638,2018-10-01,13800.516962114056
20638,2018-11-01,13685.563849396827
20638,2018-12-01,15494.414997834345
20638,2019-01-01,15009.289917077193
20638,2019-02-01,15369.683092022937
20638,2019-03-01,14538.937222177246
20638,2019-04-01,14733.741115228002
20638,2019-05-01,15007.753214928951
20638,2019-06-01,15079.308861980047
20638,2019-07-01,14961.17666121595
20638,2019-08-01,14954.529100023932
20638,2019-09-01,15633.768777841497
20638,2019-10-01,16835.680097526856
20638,2019-11-01,17833.421137897487
20638,2019-12-01,19457.12200948589
20638,2020-01-01,20771.13771131059
20638,2020-02-01,22502.045754170995
20638,2020-03-01,23674.121370819248
20638,2020-04-01,13254.724357576031
20638,2020-05-01,14007.209072119926
20638,2020-06-01,15229.701670272963
20638,2020-07-01,16020.43953037409
20638,2020-08-01,16891.54861877268
20638,2020-09-01,17477.612209412975
20638,2020-10-01,18636.74802438737
20638,2020-11-01,18160.883303435756
20638,2020-12-01,17868.36099819269
20638,2021-01-01,18231.97566690074
20638,2021-02-01,20015.64975972306
20638,2021-03-01,21693.17335143396
20638,2021-04-01,22453.4795059481
20638,2021-05-01,22127.40262450859
20638,2021-06-01,20753.577784495432
20638,2021-07-01,19757.890839936666
20638,2021-08-01,19363.1972306582
20638,2021-09-01,26400.847894928003
20638,2021-10-01,27599.830179630793
20638,2021-11-01,27565.753952431434
20638,2021-12-01,25835.034540846475
20638,2022-01-01,26367.86368977586
20638,2022-02-01,26789.60175167127
20638,2022-03-01,28840.676707260292
20638,2022-04-01,26691.13981448021
20638,2022-05-01,25157.012778957484
20638,2022-06-01,23485.70999476164
20638,2022-07-01,23113.535322383712
20638,2022-08-01,23425.485752450717
20638,2022-09-01,23772.644009656226
20638,2022-10-01,25099.324771718777
20638,2022-11-01,25423.487663272204
20638,2022-12-01,25334.994718709193
20638,2023-01-01,25115.665861408168
20638,2023-02-01,24554.42770526394
20638,2023-03-01,25431.047544024594
20638,2023-04-01,26391.480286546655
20638,2023-05-01,27063.95246117512
20638,2023-06-01,26495.782205088282
20638,2023-07-01,26792.534400529203
20638,2023-08-01,26742.238247466354
20638,2023-09-01,37415.916363575045
20638,2023-10-01,37562.56721775859
20638,2023-11-01,39037.76424043683
20638,2023-12-01,40795.00990446972
20638,2024-01-01,43148.15918995415
20638,2024-02-01,43650.234579620716
20638,2024-03-01,42318.917074656274
20638,2024-04-01,40121.88417855886
20638,2024-05-01,40880.29660137972
20638,2024-06-01,44467.39981277185
20638,2024-07-01,47991.44227483364
20638,2024-08-01,48432.382006842185
20638,2024-09-01,46246.209392448574
20638,2024-10-01,45477.852300534345
20638,2024-11-01,44958.48268123619
20638,2024-12-01,43898.6422414362
20638,2025-01-01,43781.637687877424
20638,2025-02-01,42986.09245261406
20638,2025-03-01,44532.85657705498
20638,2025-04-01,44623.65740022431
20638,2025-05-01,46803.76983916073
20638,2025-06-01,46255.034459634546
20638,2025-07-01,47127.13819811871
20638,2025-08-01,46172.48609995181
20638,2025-09-01,47140.68223865941
20638,2025-10-01,47811.04480626876
20638,2025-11-01,49126.7398667778
20638,2025-12-01,50685.980351460705
20638,2026-01-01,51484.97907430746
20638,2026-02-01,51542.925694422476
20638,2026-03-01,50716.40579440967
20638,2026-04-01,53803.827126831275
20638,2026-05-01,55607.92939668068
20638,2026-06-01,57061.95214908123
20639,2011-03-01,8078.2010240391155
20639,2011-04-01,8809.942657291444
20639,2011-05-01,8568.945989582977
20639,2011-06-01,9941.997802683296
20639,2011-07-01,10728.759657299835
20639,2011-08-01,9573.23106642142
20639,2011-09-01,9083.205492290277
20639,2011-10-01,8719.549781641366
20639,2011-11-01,8923.254427115422
20639,2011-12-01,8461.39140149725
20639,2012-01-01,7618.240865390627
20639,2012-02-01,8908.724686395688
20639,2012-03-01,8853.146056521355
20639,2012-04-01,10810.325779371211
20639,2012-05-01,10040.346745504428
20639,2012-06-01,8143.476439872974
20639,2012-07-01,9524.62103962941
20639,2012-08-01,9488.830406668943
20639,2012-09-01,8735.196980613071
20639,2012-10-01,9406.162937814363
20639,2012-11-01,9091.868681912089
20639,2012-12-01,9056.387139075898
20639,2013-01-01,8519.280153889102
20639,2013-02-01,9001.485373353307
20639,2013-03-01,7788.21967944532
20639,2013-04-01,8036.639964198319
20639,2013-05-01,8522.31698383415
20639,2013-06-01,8421.626209403485
20639,2013-07-01,7334.3215629911
20639,2013-08-01,8327.52214011056
20639,2013-09-01,7436.937875493983
20639,2013-10-01,8720.92748908122
20639,2013-11-01,9133.164844226301
20639,2013-12-01,8568.59551926727
20639,2014-01-01,7569.705310170888
20639,2014-02-01,7732.074630061786
20639,2014-03-01,7277.4927680789815
20639,2014-04-01,10178.854768854862
20639,2014-05-01,9140.057034047919
20639,2014-06-01,7801.656638792009
20639,2014-07-01,8688.024176862371
20639,2014-08-01,8161.11478328653
20639,2014-09-01,7593.099956875837
20639,2014-10-01,7477.573532737689
20639,2014-11-01,6772.036812902938
20639,2014-12-01,6817.140804675197
20639,2015-01-01,8560.01772544083
20639,2015-02-01,7848.566587560631
20639,2015-03-01,7052.307249637318
20639,2015-04-01,8431.692784503965
20639,2015-05-01,8254.149394075392
20639,2015-06-01,7119.817895316334
20639,2015-07-01,7126.428550260311
20639,2015-08-01,5897.340648136411
20639,2015-09-01,6647.890513734791
20639,2015-10-01,5909.919716659109
20639,2015-11-01,5495.263857429464
20639,2015-12-01,5039.0636674648185
20639,2016-01-01,5697.692062944255
20639,2016-02-01,6015.353040688323
20639,2016-03-01,5818.198326344377
20639,2016-04-01,5758.521302132735
20639,2016-05-01,5556.48842183062
20639,2016-06-01,6605.138325809577
20639,2016-07-01,5626.33548523603
20639,2016-08-01,4950.284506004216
20639,2016-09-01,4765.683754387164
20639,2016-10-01,5344.858394245498
20639,2016-11-01,5331.230604098098
20639,2016-12-01,5310.816759931237
20639,2017-01-01,4445.013292187582
20639,2017-02-01,4177.648585057161
20639,2017-03-01,4084.4806105666476
20639,2017-04-01,3432.689116614853
20639,2017-05-01,4167.896580020923
20639,2017-06-01,4144.315768431803
20639,2017-07-01,3267.069654624946
20639,2017-08-01,3750.2228383806523
20639,2017-09-01,3794.170864041612
20639,2017-10-01,3533.9701978953085
20639,2017-11-01,3717.7158965938634
20639,2017-12-01,4131.261347577496
20639,2018-01-01,3945.9737288079154
20639,2018-02-01,4510.08276386494
20639,2018-03-01,3141.783875305134
20639,2018-04-01,2974.5511637014965
20639,2018-05-01,3436.529759440742
20639,2018-06-01,3124.7531912396726
20639,2018-07-01,3390.8925470606323
20639,2018-08-01,4239.338988214537
20639,2018-09-01,3302.477993190882
20639,2018-10-01,3618.5914219749748
20639,2018-11-01,3761.1077485912133
20639,2018-12-01,3593.5661949299656
20639,2019-01-01,3822.4287074954177
20639,2019-02-01,3550.2001230638557
20639,2019-03-01,4330.80450153304
20639,2019-04-01,3582.9329276147037
20639,2019-05-01,4614.459107765251
20639,2019-06-01,5340.173888253005
20639,2019-07-01,5768.139866608276
20639,2019-08-01,6294.116899329465
20639,2019-09-01,4958.62373945913
20639,2019-10-01,5285.809032466955
20639,2019-11-01,5654.20949380068
20639,2019-12-01,6121.919781059663
20639,2020-01-01,6467.807692868769
20639,2020-02-01,5614.688037489791
20639,2020-03-01,9541.854577087464
20639,2020-04-01,26858.61086491122
20639,2020-05-01,15071.930116098205
20639,2020-06-01,9725.04467993384
20639,2020-07-01,7765.7419514480025
20639,2020-08-01,7428.195012656154
20639,2020-09-01,7992.24653445483
20639,2020-10-01,6199.838918284262
20639,2020-11-01,8196.528188598782
20639,2020-12-01,6380.64681783604
20639,2021-01-01,3447.8056976638154
20639,2021-02-01,4589.621038231517
20639,2021-03-01,5665.079992890777
20639,2021-04-01,6484.018017893565
20639,2021-05-01,6029.455897640241
20639,2021-06-01,4801.974553602712
20639,2021-07-01,8247.875007662526
20639,2021-08-01,5135.089998980782
20639,2021-09-01,6249.182671740208
20639,2021-10-01,9454.306665832351
20639,2021-11-01,6483.8419875122045
20639,2021-12-01,5885.484218693947
20639,2022-01-01,8496.193057821312
20639,2022-02-01,7627.314165926838
20639,2022-03-01,8484.684414162444
20639,2022-04-01,6566.990359015301
20639,2022-05-01,7744.944048382302
20639,2022-06-01,7637.380519233031
20639,2022-07-01,6287.213121661723
20639,2022-08-01,9526.714185076957
20639,2022-09-01,9483.819433901632
20639,2022-10-01,8864.448583704927
20639,2022-11-01,9272.179171015261
20639,2022-12-01,6707.653285253688
20639,2023-01-01,10776.959760796
20639,2023-02-01,9039.162240762715
20639,2023-03-01,7115.316542188769
20639,2023-04-01,7205.397793987757
20639,2023-05-01,7155.516657989342
20639,2023-06-01,7365.645543221589
20639,2023-07-01,9574.33824674074
20639,2023-08-01,9420.027034010758
20639,2023-09-01,8916.489499802345
20639,2023-10-01,7198.6951558875435
20639,2023-11-01,6892.875522667791
20639,2023-12-01,9714.97630140377
20639,2024-01-01,9597.09885140494
20639,2024-02-01,5940.493319674261
20639,2024-03-01,8879.541912702958
20639,2024-04-01,9380.858368176549
20639,2024-05-01,5857.625964894404
20639,2024-06-01,8527.432103259891
20639,2024-07-01,6985.020190210593
20639,2024-08-01,13453.744920472605
20639,2024-09-01,15732.967103466952
20639,2024-10-01,14864.94220180234
20639,2024-11-01,16493.121342307433
20639,2024-12-01,16004.502218450054
20639,2025-01-01,10689.743476894893
20639,2025-02-01,15382.17821010259
20639,2025-03-01,13582.836452664713
20639,2025-04-01,11877.358999904849
20639,2025-05-01,11591.651759608758
20639,2025-06-01,15701.354754878048
20639,2025-07-01,12465.038534225605
20639,2025-08-01,11621.43508325272
20639,2025-09-01,15240.793489247622
20639,2025-10-01,13327.702571092725
20639,2025-11-01,12519.82725099959
20639,2025-12-01,18630.126707554446
20639,2026-01-01,28088.93626939335
20639,2026-02-01,35148.11333207567
20639,2026-03-01,30285.890890608767
20639,2026-04-01,33852.67205730024
20639,2026-05-01,44703.05666746874
20639,2026-06-01,40644.052034479755
20640,2011-03-01,10671.435496727889
20640,2011-04-01,10627.92243824458
20640,2011-05-01,10376.382743525855
20640,2011-06-01,9903.406592850219
20640,2011-07-01,11593.385056693583
20640,2011-08-01,18530.718481185988
20640,2011-09-01,11314.52264012228
20640,2011-10-01,10436.659699330066
20640,2011-11-01,11843.56958787084
20640,2011-12-01,11450.378804573389
20640,2012-01-01,11654.211488734074
20640,2012-02-01,11994.749503551158
20640,2012-03-01,11266.437230059331
20640,2012-04-01,12099.126493374497
20640,2012-05-01,13410.508101194315
20640,2012-06-01,14318.44456879856
20640,2012-07-01,11677.698891871449
20640,2012-08-01,13146.225342212729
20640,2012-09-01,14214.824527509154
20640,2012-10-01,13187.831307468221
20640,2012-11-01,12295.285956500578
20640,2012-12-01,12532.998991831035
20640,2013-01-01,12462.138642069342
20640,2013-02-01,13333.148564981264
20640,2013-03-01,12705.253308992358
20640,2013-04-01,11588.43232248698
20640,2013-05-01,11574.914226090761
20640,2013-06-01,12516.632096493642
20640,2013-07-01,11896.991430663773
20640,2013-08-01,11444.782744635744
20640,2013-09-01,10447.734010339935
20640,2013-10-01,11990.495174673399
20640,2013-11-01,11473.637971393955
20640,2013-12-01,11687.925685486967
20640,2014-01-01,10395.40750869192
20640,2014-02-01,12361.717634038803
20640,2014-03-01,9805.765413407777
20640,2014-04-01,14607.422461203367
20640,2014-05-01,12849.306638916532
20640,2014-06-01,11288.564399512057
20640,2014-07-01,9686.61214957787
20640,2014-08-01,13667.921886202295
20640,2014-09-01,12018.818730643057
20640,2014-10-01,10566.020669993091
20640,2014-11-01,11159.985100089914
20640,2014-12-01,11314.05502212374
20640,2015-01-01,12124.57343150773
20640,2015-02-01,9993.098341465238
20640,2015-03-01,11995.657523444237
20640,2015-04-01,10870.189337580987
20640,2015-05-01,11156.458913837167
20640,2015-06-01,10191.198048651306
20640,2015-07-01,11317.663158305664
20640,2015-08-01,10152.975404792867
20640,2015-09-01,9188.268658933346
20640,2015-10-01,10238.43289247538
20640,2015-11-01,9381.320684855495
20640,2015-12-01,11259.668903302329
20640,2016-01-01,8334.781978706738
20640,2016-02-01,8043.032886302451
20640,2016-03-01,7167.312395111077
20640,2016-04-01,8157.4909870326965
20640,2016-05-01,7502.2543255449045
20640,2016-06-01,6544.762180075345
20640,2016-07-01,7442.758495284004
20640,2016-08-01,7354.515986482104
20640,2016-09-01,10669.727966558548
20640,2016-10-01,8831.409089535668
20640,2016-11-01,8797.138933534456
20640,2016-12-01,8149.55544619386
20640,2017-01-01,9585.023231368754
20640,2017-02-01,8252.313647409377
20640,2017-03-01,8877.56902914688
20640,2017-04-01,8245.56039167583
20640,2017-05-01,6937.891307639702
20640,2017-06-01,8544.160754703047
20640,2017-07-01,7428.633767986157
20640,2017-08-01,7355.814704961783
20640,2017-09-01,7185.574628795295
20640,2017-10-01,7088.963122149499
20640,2017-11-01,7548.406729167838
20640,2017-12-01,9045.723865068976
20640,2018-01-01,7987.677852196984
20640,2018-02-01,8035.832926271539
20640,2018-03-01,9380.308269730722
20640,2018-04-01,10744.087442733868
20640,2018-05-01,7533.55888035428
20640,2018-06-01,8568.7371635841
20640,2018-07-01,8401.52600838772
20640,2018-08-01,8823.280616226819
20640,2018-09-01,8400.934892627542
20640,2018-10-01,9468.891167416357
20640,2018-11-01,9065.734749414598
20640,2018-12-01,8971.974221213723
20640,2019-01-01,9343.460090359447
20640,2019-02-01,10411.846460202218
20640,2019-03-01,9782.321905483488
20640,2019-04-01,10226.611953846565
20640,2019-05-01,11205.916931822963
20640,2019-06-01,10822.40469441124
20640,2019-07-01,11612.004444440237
20640,2019-08-01,11490.970832832329
20640,2019-09-01,10560.473354687803
20640,2019-10-01,11458.843194879759
20640,2019-11-01,11528.857385488425
20640,2019-12-01,13559.682159311826
20640,2020-01-01,11215.045225433341
20640,2020-02-01,12287.186073217475
20640,2020-03-01,13236.411392412983
20640,2020-04-01,20257.227240329536
20640,2020-05-01,18205.45097909109
20640,2020-06-01,21632.574957825193
20640,2020-07-01,29291.09422493575
20640,2020-08-01,13895.10044414413
20640,2020-09-01,21819.334061090798
20640,2020-10-01,19988.697652348787
20640,2020-11-01,23783.1390354739
20640,2020-12-01,17157.1131409988
20640,2021-01-01,9902.981081647806
20640,2021-02-01,12062.716666036487
20640,2021-03-01,12810.708813647743
20640,2021-04-01,12330.338573575918
20640,2021-05-01,14617.650157006354
20640,2021-06-01,13990.662133291564
20640,2021-07-01,12319.158745105042
20640,2021-08-01,14168.250649457397
20640,2021-09-01,14261.060097232548
20640,2021-10-01,13069.417891313171
20640,2021-11-01,14046.154497372845
20640,2021-12-01,10621.316891799683
20640,2022-01-01,15709.79488970592
20640,2022-02-01,15419.384341409836
20640,2022-03-01,14504.638601777844
20640,2022-04-01,16698.14944208063
20640,2022-05-01,22711.340286594885
20640,2022-06-01,16102.552572837169
20640,2022-07-01,17616.951448361393
20640,2022-08-01,15897.792117623478
20640,2022-09-01,17251.13845497156
20640,2022-10-01,15823.653963238354
20640,2022-11-01,14294.304039909068
20640,2022-12-01,13359.48752144256
20640,2023-01-01,15865.459677385943
20640,2023-02-01,13115.113479227046
20640,2023-03-01,12213.591015509975
20640,2023-04-01,12842.246664925953
20640,2023-05-01,11693.393476709905
20640,2023-06-01,14553.404673639234
20640,2023-07-01,13512.792997006101
20640,2023-08-01,13821.518508918356
20640,2023-09-01,12853.154227693103
20640,2023-10-01,13346.018177557586
20640,2023-11-01,14923.083165603159
20640,2023-12-01,14989.161081601824
20640,2024-01-01,15319.647244272628
20640,2024-02-01,16232.195639078103
20640,2024-03-01,16746.82131446914
20640,2024-04-01,14100.229424382804
20640,2024-05-01,14364.641568423614
20640,2024-06-01,13660.320946834578
20640,2024-07-01,15464.747494047273
20640,2024-08-01,13687.533125429525
20640,2024-09-01,13936.290756896942
20640,2024-10-01,12048.283858019126
20640,2024-11-01,11682.433714785118
20640,2024-12-01,12104.76482557854
20640,2025-01-01,11851.560180211029
20640,2025-02-01,11827.952442190326
20640,2025-03-01,14336.00361154114
20640,2025-04-01,12944.900067627077
20640,2025-05-01,13124.864186486531
20640,2025-06-01,14340.86448564784
20640,2025-07-01,13307.333086484321
20640,2025-08-01,14862.321621744864
20640,2025-09-01,15837.048848230954
20640,2025-10-01,17974.027828394745
20640,2025-11-01,17100.65751736281
20640,2025-12-01,23035.315708287464
20640,2026-01-01,17734.487817299534
20640,2026-02-01,11244.884380457766
20640,2026-03-01,9314.581507155384
20640,2026-04-01,15270.814838928076
20640,2026-05-01,9941.174544461426
20640,2026-06-01,9392.550320736076
20641,2011-03-01,3745.5276780869226
20641,2011-04-01,3623.95243254217
20641,2011-05-01,3850.9914371122627
20641,2011-06-01,3997.2526884004124
20641,2011-07-01,4109.348110391071
20641,2011-08-01,4133.132354320013
20641,2011-09-01,4184.56715464226
20641,2011-10-01,4070.688430863426
20641,2011-11-01,4403.31812297107
20641,2011-12-01,4151.044497273187
20641,2012-01-01,3816.622705915062
20641,2012-02-01,4166.886713697301
20641,2012-03-01,4588.245289517752
20641,2012-04-01,4725.025167826209
20641,2012-05-01,5387.672702192461
20641,2012-06-01,4760.4432362168145
20641,2012-07-01,4983.576348425395
20641,2012-08-01,5136.8538900744625
20641,2012-09-01,4869.407628342944
20641,2012-10-01,5154.64374341921
20641,2012-11-01,5073.233249999005
20641,2012-12-01,5474.028760774465
20641,2013-01-01,5614.725447035132
20641,2013-02-01,5566.181379480991
20641,2013-03-01,5428.698545956847
20641,2013-04-01,5557.594019260992
20641,2013-05-01,5770.608676238144
20641,2013-06-01,5629.514152984513
20641,2013-07-01,5344.293275412712
20641,2013-08-01,5416.418553133776
20641,2013-09-01,5274.961960527422
20641,2013-10-01,4892.050784280298
20641,2013-11-01,3828.8691994142805
20641,2013-12-01,3538.9477188364663
20641,2014-01-01,3854.7883113632233
20641,2014-02-01,3737.074052981624
20641,2014-03-01,3373.5000312290967
20641,2014-04-01,3439.8020135454144
20641,2014-05-01,3364.216861722561
20641,2014-06-01,3253.459889650728
20641,2014-07-01,3494.564016686967
20641,2014-08-01,3322.545272842463
20641,2014-09-01,3493.718112150729
20641,2014-10-01,3566.2361849256004
20641,2014-11-01,3964.6107896059552
20641,2014-12-01,4242.077532211044
20641,2015-01-01,3799.2816471503356
20641,2015-02-01,3655.136457040101
20641,2015-03-01,3696.5498236952794
20641,2015-04-01,3583.446243620363
20641,2015-05-01,3527.0844013480682
20641,2015-06-01,2596.966019623405
20641,2015-07-01,2532.381354222883
20641,2015-08-01,3172.8394842158855
20641,2015-09-01,3123.791830649267
20641,2015-10-01,3082.065961878792
20641,2015-11-01,2982.358654785404
20641,2015-12-01,2870.86432558505
20641,2016-01-01,2882.075336015845
20641,2016-02-01,2946.889722260403
20641,2016-03-01,2544.1958778719777
20641,2016-04-01,2384.199345035683
20641,2016-05-01,2120.906455495558
20641,2016-06-01,2084.813431464022
20641,2016-07-01,1850.0383669017606
20641,2016-08-01,1791.1860692662158
20641,2016-09-01,1636.1130287487485
20641,2016-10-01,1585.9157312993868
20641,2016-11-01,1438.9093388499437
20641,2016-12-01,1394.5708607967376
20641,2017-01-01,1254.7012116641808
20641,2017-02-01,1357.6776630131274
20641,2017-03-01,1498.0904825068876
20641,2017-04-01,1347.2356368556862
20641,2017-05-01,1282.0454090703613
20641,2017-06-01,1447.414818140836
20641,2017-07-01,1336.1890983637566
20641,2017-08-01,1307.871509133026
20641,2017-09-01,1419.4574104805506
20641,2017-10-01,1422.1213584299514
20641,2017-11-01,1517.9051575125497
20641,2017-12-01,2054.078608917628
20641,2018-01-01,1564.5924013652448
20641,2018-02-01,1495.255171928427
20641,2018-03-01,1421.0937364183023
20641,2018-04-01,1531.9638209301238
20641,2018-05-01,1673.8491398267304
20641,2018-06-01,1788.82296196648
20641,2018-07-01,1822.7135058325298
20641,2018-08-01,1947.548900574126
20641,2018-09-01,1874.5875835926515
20641,2018-10-01,2121.458845095067
20641,2018-11-01,2034.628703902129
20641,2018-12-01,2097.3692653966873
20641,2019-01-01,1956.2620269406013
20641,2019-02-01,2079.6089524874574
20641,2019-03-01,2359.869783048158
20641,2019-04-01,2412.9851995717954
20641,2019-05-01,2626.439288993969
20641,2019-06-01,2632.3002316812804
20641,2019-07-01,2861.444603182334
20641,2019-08-01,2409.5080582252835
20641,2019-09-01,2775.4915403485616
20641,2019-10-01,2582.6078364036885
20641,2019-11-01,2745.2789920022346
20641,2019-12-01,3011.9537788766042
20641,2020-01-01,2426.766892566524
20641,2020-02-01,2763.058055864635
20641,2020-03-01,3036.1881127356187
20641,2020-04-01,2492.822954428923
20641,2020-05-01,2212.4090107737916
20641,2020-06-01,2224.5380908850425
20641,2020-07-01,2183.206485683087
20641,2020-08-01,2428.0256737551067
20641,2020-09-01,2764.540665655045
20641,2020-10-01,2514.4516096387492
20641,2020-11-01,2409.017934994668
20641,2020-12-01,1173.4225345601776
20641,2021-01-01,1476.192167932546
20641,2021-02-01,1605.0650136257814
20641,2021-03-01,1408.0825836890017
20641,2021-04-01,1365.8489801874073
20641,2021-05-01,1315.7045002369505
20641,2021-06-01,1360.3688838872572
20641,2021-07-01,1212.1379812142711
20641,2021-08-01,1282.781761037185
20641,2021-09-01,1323.1344553226713
20641,2021-10-01,1334.0810693745716
20641,2021-11-01,1457.2239897702636
20641,2021-12-01,1516.8331155157468
20641,2022-01-01,1564.602798275033
20641,2022-02-01,1473.0552414209506
20641,2022-03-01,1856.8045611580067
20641,2022-04-01,1713.6839825573802
20641,2022-05-01,2025.939124178768
20641,2022-06-01,1599.3742490978575
20641,2022-07-01,1599.7131513488155
20641,2022-08-01,1554.7673015181178
20641,2022-09-01,1486.8096913300808
20641,2022-10-01,1445.340984229795
20641,2022-11-01,1373.5404039765453
20641,2022-12-01,1161.2257354912192
20641,2023-01-01,1272.4889891907098
20641,2023-02-01,1310.8847124888998
20641,2023-03-01,1224.4245365124507
20641,2023-04-01,1287.9176499202301
20641,2023-05-01,1229.1259401920313
20641,2023-06-01,1130.6492994228568
20641,2023-07-01,1384.1915350293132
20641,2023-08-01,1287.3069904773527
20641,2023-09-01,1247.498060778103
20641,2023-10-01,1245.014459930508
20641,2023-11-01,1298.9933405513098
20641,2023-12-01,1190.6276392466532
20641,2024-01-01,1385.5075243307651
20641,2024-02-01,1320.2523470500896
20641,2024-03-01,1273.6239335552075
20641,2024-04-01,1311.613374612028
20641,2024-05-01,1469.1660275731078
20641,2024-06-01,1463.7768424520966
20641,2024-07-01,1369.6705145107344
20641,2024-08-01,1425.3352905813247
20641,2024-09-01,1130.7453268582062
20641,2024-10-01,955.6369553409095
20641,2024-11-01,1444.907981987238
20641,2024-12-01,1083.749412446991
20641,2025-01-01,1065.0909575700887
20641,2025-02-01,1031.145927280553
20641,2025-03-01,970.2829714518965
20641,2025-04-01,991.6216924494406
20641,2025-05-01,972.6443858182217
20641,2025-06-01,869.8654431338091
20641,2025-07-01,911.979349265384
20641,2025-08-01,776.0477418852328
20641,2025-09-01,972.6121442606851
20641,2025-10-01,1019.4058698025127
20641,2025-11-01,825.4186754835927
20641,2025-12-01,916.3105745594352
20641,2026-01-01,832.3093009345403
20641,2026-02-01,830.5168390086178
20641,2026-03-01,775.9124946248251
20641,2026-04-01,749.6229278132205
20641,2026-05-01,723.4917568553785
20641,2026-06-01,793.852100337795
20642,2011-03-01,22708.049961253168
20642,2011-04-01,22842.983963213577
20642,2011-05-01,21949.350893774445
20642,2011-06-01,24366.1116324841
20642,2011-07-01,26725.309042066612
20642,2011-08-01,31444.59512942899
20642,2011-09-01,24411.81773198667
20642,2011-10-01,22724.990387632988
20642,2011-11-01,25231.156632052032
20642,2011-12-01,23945.583753721152
20642,2012-01-01,23763.754865953462
20642,2012-02-01,25184.103380368986
20642,2012-03-01,24875.28221578624
20642,2012-04-01,26696.57647674215
20642,2012-05-01,28326.925677644056
20642,2012-06-01,28069.83523806866
20642,2012-07-01,26221.27219335088
20642,2012-08-01,27146.622950173838
20642,2012-09-01,28514.848273136588
20642,2012-10-01,27636.25495384294
20642,2012-11-01,26577.735872680445
20642,2012-12-01,27143.18012137392
20642,2013-01-01,27831.954350773856
20642,2013-02-01,27680.28288211408
20642,2013-03-01,26175.41762524912
20642,2013-04-01,24436.177385207262
20642,2013-05-01,25159.84882532995
20642,2013-06-01,27366.662225428023
20642,2013-07-01,24892.780907865417
20642,2013-08-01,24674.689298482524
20642,2013-09-01,22903.04423640731
20642,2013-10-01,25117.48827213479
20642,2013-11-01,24504.224480477867
20642,2013-12-01,23175.136792312645
20642,2014-01-01,22289.42002038949
20642,2014-02-01,23633.178861963082
20642,2014-03-01,20759.608202394014
20642,2014-04-01,28070.860587011626
20642,2014-05-01,24919.655521454853
20642,2014-06-01,22730.85366718099
20642,2014-07-01,22113.576176234026
20642,2014-08-01,24496.7221480963
20642,2014-09-01,22955.309532775704
20642,2014-10-01,21513.6213644481
20642,2014-11-01,21994.946177943853
20642,2014-12-01,22364.974878043908
20642,2015-01-01,25236.311049529115
20642,2015-02-01,21496.311118807946
20642,2015-03-01,22550.054352373834
20642,2015-04-01,22823.572630132636
20642,2015-05-01,22739.647358762744
20642,2015-06-01,20143.480302321022
20642,2015-07-01,21312.233871867007
20642,2015-08-01,18799.138189470894
20642,2015-09-01,19229.85748002098
20642,2015-10-01,19360.285005800837
20642,2015-11-01,17972.461880506733
20642,2015-12-01,19131.827707789897
20642,2016-01-01,17445.692336558484
20642,2016-02-01,16963.499031002462
20642,2016-03-01,15730.650394425893
20642,2016-04-01,16088.324829318015
20642,2016-05-01,14892.518371268647
20642,2016-06-01,15488.879223892496
20642,2016-07-01,15099.38370868508
20642,2016-08-01,13779.027541916428
20642,2016-09-01,16601.204430957743
20642,2016-10-01,15681.224848648977
20642,2016-11-01,15700.091152238796
20642,2016-12-01,14671.888832791314
20642,2017-01-01,15133.657584016795
20642,2017-02-01,13703.863024306882
20642,2017-03-01,14262.291233851196
20642,2017-04-01,13009.52843346007
20642,2017-05-01,12475.258149649137
20642,2017-06-01,14440.572759942754
20642,2017-07-01,12278.798116219921
20642,2017-08-01,12239.831134220382
20642,2017-09-01,12524.984138370459
20642,2017-10-01,12054.93912653588
20642,2017-11-01,12924.48987993206
20642,2017-12-01,14931.920125284445
20642,2018-01-01,13590.953090168005
20642,2018-02-01,13884.655894258502
20642,2018-03-01,13753.529908498975
20642,2018-04-01,14941.648183388377
20642,2018-05-01,12942.490360796997
20642,2018-06-01,13953.064911009144
20642,2018-07-01,13651.683173877655
20642,2018-08-01,14936.94338152713
20642,2018-09-01,13758.140949510429
20642,2018-10-01,15444.791586637832
20642,2018-11-01,15035.723182482567
20642,2018-12-01,14261.949248724071
20642,2019-01-01,15143.144589857264
20642,2019-02-01,15703.568261617953
20642,2019-03-01,16376.577684463027
20642,2019-04-01,16029.545996359231
20642,2019-05-01,18672.772431402813
20642,2019-06-01,19458.041691152055
20642,2019-07-01,20671.62322663827
20642,2019-08-01,19913.149112973086
20642,2019-09-01,18008.346784367164
20642,2019-10-01,19321.607313893546
20642,2019-11-01,20050.25390396749
20642,2019-12-01,21074.63818786357
20642,2020-01-01,19761.93616337427
20642,2020-02-01,20736.425479965026
20642,2020-03-01,25574.65737752927
20642,2020-04-01,49892.92153843645
20642,2020-05-01,37081.36605522793
20642,2020-06-01,34118.22297950592
20642,2020-07-01,40896.00612837836
20642,2020-08-01,23650.05523458545
20642,2020-09-01,32742.972768998854
20642,2020-10-01,28933.740953667933
20642,2020-11-01,34531.87466653421
20642,2020-12-01,23694.168530185205
20642,2021-01-01,14630.693277630327
20642,2021-02-01,18070.668927435905
20642,2021-03-01,19784.3228647358
20642,2021-04-01,19740.36264096066
20642,2021-05-01,22998.215548090517
20642,2021-06-01,20948.754914918776
20642,2021-07-01,22291.220064168432
20642,2021-08-01,20316.15779024499
20642,2021-09-01,22088.16823091766
20642,2021-10-01,23865.665729682423
20642,2021-11-01,21938.008624063674
20642,2021-12-01,17064.489684761393
20642,2022-01-01,25198.5253233218
20642,2022-02-01,24467.6663383941
20642,2022-03-01,24630.688084428395
20642,2022-04-01,25569.96956139666
20642,2022-05-01,33933.233004348
20642,2022-06-01,26099.552113335434
20642,2022-07-01,26438.015529185628
20642,2022-08-01,27008.808418026165
20642,2022-09-01,27004.792904014754
20642,2022-10-01,25636.48929113544
20642,2022-11-01,24836.178825166087
20642,2022-12-01,20224.482156494763
20642,2023-01-01,27224.309033524154
20642,2023-02-01,23524.526413004372
20642,2023-03-01,20425.87877758739
20642,2023-04-01,22039.826244976965
20642,2023-05-01,21499.125435459297
20642,2023-06-01,23109.584560378476
20642,2023-07-01,25442.52845172342
20642,2023-08-01,24423.794549226273
20642,2023-09-01,22735.94332429097
20642,2023-10-01,21458.58392425908
20642,2023-11-01,22986.44590192017
20642,2023-12-01,24886.156687182443
20642,2024-01-01,26050.76078984609
20642,2024-02-01,23151.299246164675
20642,2024-03-01,26780.98884993523
20642,2024-04-01,25067.052043224794
20642,2024-05-01,22947.55157674289
20642,2024-06-01,23930.333187917662
20642,2024-07-01,25005.65845018074
20642,2024-08-01,28012.070938449328
20642,2024-09-01,29201.876112152535
20642,2024-10-01,26945.51660675689
20642,2024-11-01,28954.870118869196
20642,2024-12-01,28152.634825429905
20642,2025-01-01,22823.54911391038
20642,2025-02-01,29127.290542167106
20642,2025-03-01,29077.996410599997
20642,2025-04-01,26702.435834384996
20642,2025-05-01,27333.02024690196
20642,2025-06-01,30681.763159220278
20642,2025-07-01,27846.117951535667
20642,2025-08-01,26767.079119083086
20642,2025-09-01,30704.03982747963
20642,2025-10-01,31923.8871606859
20642,2025-11-01,30219.129691347247
20642,2025-12-01,42709.46599068623
20642,2026-01-01,46116.88554724078
20642,2026-02-01,48580.50821504268
20642,2026-03-01,41612.68374534575
20642,2026-04-01,51289.699395741096
20642,2026-05-01,59597.908909057325
20642,2026-06-01,49567.43374658282
20643,2011-03-01,22229.3681996407
20643,2011-04-01,22568.83182920501
20643,2011-05-01,22581.145094042775
20643,2011-06-01,23075.045273738397
20643,2011-07-01,22859.677235316696
20643,2011-08-01,23022.942575978752
20643,2011-09-01,22877.731978677337
20643,2011-10-01,22587.540961191906
20643,2011-11-01,22463.75751288329
20643,2011-12-01,22686.27320641753
20643,2012-01-01,21927.733517553435
20643,2012-02-01,22154.14599654452
20643,2012-03-01,22432.799698688355
20643,2012-04-01,22634.42019897512
20643,2012-05-01,22963.05100187256
20643,2012-06-01,22295.39592479322
20643,2012-07-01,22606.608344401935
20643,2012-08-01,22315.531580165745
20643,2012-09-01,21960.309125944266
20643,2012-10-01,22279.504683145737
20643,2012-11-01,22416.23058155811
20643,2012-12-01,21414.574556162388
20643,2013-01-01,21932.229586810303
20643,2013-02-01,21449.14538963453
20643,2013-03-01,20345.821531981535
20643,2013-04-01,21145.103586425725
20643,2013-05-01,21380.64422597454
20643,2013-06-01,21234.933725160725
20643,2013-07-01,21868.893888760493
20643,2013-08-01,21577.336874610417
20643,2013-09-01,20523.074869995013
20643,2013-10-01,22328.378086702833
20643,2013-11-01,21847.588733305456
20643,2013-12-01,21956.012591991064
20643,2014-01-01,21946.866576763932
20643,2014-02-01,21956.143471058185
20643,2014-03-01,21497.68258926683
20643,2014-04-01,21412.81767050627
20643,2014-05-01,21061.530593284013
20643,2014-06-01,21122.37742408903
20643,2014-07-01,20612.042262329833
20643,2014-08-01,21599.13491939998
20643,2014-09-01,20778.76558337631
20643,2014-10-01,20719.119400654105
20643,2014-11-01,20624.325058687522
20643,2014-12-01,22145.874708149226
20643,2015-01-01,21330.81555333474
20643,2015-02-01,20861.19369712451
20643,2015-03-01,21676.78766430349
20643,2015-04-01,22635.820082542188
20643,2015-05-01,21083.280667190655
20643,2015-06-01,21607.989129576705
20643,2015-07-01,21015.443447625294
20643,2015-08-01,20850.2395512055
20643,2015-09-01,20930.600998620484
20643,2015-10-01,21513.46399665035
20643,2015-11-01,20439.854975787188
20643,2015-12-01,20232.252455302663
20643,2016-01-01,19268.693927047894
20643,2016-02-01,20075.618400183273
20643,2016-03-01,19691.304664292933
20643,2016-04-01,19154.948236440778
20643,2016-05-01,19183.39124676568
20643,2016-06-01,19239.740220065498
20643,2016-07-01,19067.61451121303
20643,2016-08-01,18697.430409583692
20643,2016-09-01,18711.631659923925
20643,2016-10-01,17856.08012669843
20643,2016-11-01,17459.650551316117
20643,2016-12-01,17827.785546609244
20643,2017-01-01,17334.29203991892
20643,2017-02-01,16300.032756760338
20643,2017-03-01,17205.256573578026
20643,2017-04-01,17139.221175781324
20643,2017-05-01,16790.040771303517
20643,2017-06-01,15880.879529521204
20643,2017-07-01,15817.649589878647
20643,2017-08-01,15745.525010372497
20643,2017-09-01,16498.307125034866
20643,2017-10-01,16448.969795771252
20643,2017-11-01,17357.138494658204
20643,2017-12-01,16611.006079836538
20643,2018-01-01,16896.29315603002
20643,2018-02-01,16698.24284684257
20643,2018-03-01,15758.02382939045
20643,2018-04-01,16180.345748879368
20643,2018-05-01,16547.505735942163
20643,2018-06-01,16475.213452271506
20643,2018-07-01,16917.594464778205
20643,2018-08-01,16620.26679316386
20643,2018-09-01,16459.672212423196
20643,2018-10-01,16248.76703775899
20643,2018-11-01,16316.533529998122
20643,2018-12-01,16054.922023701114
20643,2019-01-01,15871.13374485401
20643,2019-02-01,15517.301328035508
20643,2019-03-01,15547.034238378308
20643,2019-04-01,15357.898899982833
20643,2019-05-01,15386.732024011108
20643,2019-06-01,15128.312186347683
20643,2019-07-01,15408.425632472623
20643,2019-08-01,15077.818570256113
20643,2019-09-01,13703.524157764028
20643,2019-10-01,14171.6480566689
20643,2019-11-01,14375.96756168566
20643,2019-12-01,14757.133111560974
20643,2020-01-01,14102.579099379971
20643,2020-02-01,14884.867407611096
20643,2020-03-01,15871.557192360813
20643,2020-04-01,10032.786533413833
20643,2020-05-01,10011.351849548179
20643,2020-06-01,9805.537024681435
20643,2020-07-01,8763.31923901098
20643,2020-08-01,9669.311621796265
20643,2020-09-01,8912.54544984939
20643,2020-10-01,9916.48733479225
20643,2020-11-01,9991.938620234596
20643,2020-12-01,8890.042321331868
20643,2021-01-01,8981.965489073538
20643,2021-02-01,9972.088106978677
20643,2021-03-01,8924.851573917495
20643,2021-04-01,9418.963421499397
20643,2021-05-01,9445.123001731099
20643,2021-06-01,10449.738455252615
20643,2021-07-01,10030.42903994664
20643,2021-08-01,10498.543416496725
20643,2021-09-01,11193.272150231029
20643,2021-10-01,11549.052236175241
20643,2021-11-01,11502.695179502196
20643,2021-12-01,12002.649811353436
20643,2022-01-01,12653.561112133817
20643,2022-02-01,11668.096146780215
20643,2022-03-01,12930.42104680752
20643,2022-04-01,12482.440501926976
20643,2022-05-01,12441.825679889176
20643,2022-06-01,12701.130811571018
20643,2022-07-01,13297.341110027959
20643,2022-08-01,13402.56272692742
20643,2022-09-01,13325.932111372706
20643,2022-10-01,13013.96038580412
20643,2022-11-01,11954.963698580637
20643,2022-12-01,11698.20504837568
20643,2023-01-01,11976.329016346792
20643,2023-02-01,12432.410769314301
20643,2023-03-01,10797.497024489363
20643,2023-04-01,12026.590312545735
20643,2023-05-01,12379.190119144456
20643,2023-06-01,11643.350821979117
20643,2023-07-01,11691.99299023563
20643,2023-08-01,11569.65053233815
20643,2023-09-01,12530.05389642893
20643,2023-10-01,12499.325280495481
20643,2023-11-01,13890.779434833767
20643,2023-12-01,16742.67727755841
20643,2024-01-01,16655.246168656122
20643,2024-02-01,16358.330242677474
20643,2024-03-01,15444.5083895001
20643,2024-04-01,16722.192533239
20643,2024-05-01,16965.13827151296
20643,2024-06-01,17274.08816017957
20643,2024-07-01,17908.155115223653
20643,2024-08-01,19211.23152209246
20643,2024-09-01,18028.788148021486
20643,2024-10-01,18157.03721324959
20643,2024-11-01,18988.811183667887
20643,2024-12-01,18912.95794659608
20643,2025-01-01,19023.04999784674
20643,2025-02-01,19033.17612389146
20643,2025-03-01,19450.62805928245
20643,2025-04-01,19872.16400825826
20643,2025-05-01,19998.982912207466
20643,2025-06-01,20385.82802864344
20643,2025-07-01,20047.697418896354
20643,2025-08-01,20161.2789176024
20643,2025-09-01,20061.94207414517
20643,2025-10-01,20294.314668826428
20643,2025-11-01,19762.516673545742
20643,2025-12-01,21654.94531152536
20643,2026-01-01,21162.78719814238
20643,2026-02-01,21437.827676497625
20643,2026-03-01,21526.849785168495
20643,2026-04-01,21560.0305120094
20643,2026-05-01,20990.29560154695
20643,2026-06-01,21398.65934196178
20644,2011-03-01,17897.067693751986
20644,2011-04-01,18294.832978181075
20644,2011-05-01,18112.015247190866
20644,2011-06-01,18212.647555048974
20644,2011-07-01,18344.630648414273
20644,2011-08-01,18495.864528396953
20644,2011-09-01,18524.099482509155
20644,2011-10-01,18757.27134465235
20644,2011-11-01,18784.771609071573
20644,2011-12-01,18547.152649817224
20644,2012-01-01,17890.942245554663
20644,2012-02-01,18688.152809099323
20644,2012-03-01,18676.185104564745
20644,2012-04-01,18339.983041731957
20644,2012-05-01,18651.500474855646
20644,2012-06-01,18936.445709048512
20644,2012-07-01,19047.68822862371
20644,2012-08-01,18882.041840199123
20644,2012-09-01,19059.80723397334
20644,2012-10-01,19286.453530007406
20644,2012-11-01,19153.972347208986
20644,2012-12-01,19099.50379257165
20644,2013-01-01,19089.83265411929
20644,2013-02-01,19306.4341610432
20644,2013-03-01,18972.391032448908
20644,2013-04-01,18941.07465615598
20644,2013-05-01,19442.103343820494
20644,2013-06-01,19231.29924682736
20644,2013-07-01,19591.075445317147
20644,2013-08-01,20018.343873434194
20644,2013-09-01,19538.340486573485
20644,2013-10-01,19565.788365757733
20644,2013-11-01,19789.70797280559
20644,2013-12-01,20101.24177180401
20644,2014-01-01,20233.90468217957
20644,2014-02-01,20053.27515272832
20644,2014-03-01,20206.87047825403
20644,2014-04-01,20545.190336452397
20644,2014-05-01,20305.131930856118
20644,2014-06-01,20169.59383053945
20644,2014-07-01,20028.389301976615
20644,2014-08-01,19865.2494542625
20644,2014-09-01,20118.926734673314
20644,2014-10-01,19244.913854614
20644,2014-11-01,19323.674555298494
20644,2014-12-01,20647.01566637941
20644,2015-01-01,21242.476474677995
20644,2015-02-01,21253.980068743123
20644,2015-03-01,21996.19181715163
20644,2015-04-01,22243.981502191014
20644,2015-05-01,21839.038928589493
20644,2015-06-01,22467.298416756297
20644,2015-07-01,21946.774135266962
20644,2015-08-01,22109.582292276726
20644,2015-09-01,22027.88790164592
20644,2015-10-01,22012.00836211874
20644,2015-11-01,21311.369560511892
20644,2015-12-01,20974.41167257744
20644,2016-01-01,20387.39570301511
20644,2016-02-01,20849.552843851725
20644,2016-03-01,19881.426276175996
20644,2016-04-01,19006.551395756363
20644,2016-05-01,19329.401919011732
20644,2016-06-01,18924.618166422217
20644,2016-07-01,18925.090585149275
20644,2016-08-01,18902.160071688617
20644,2016-09-01,18422.043934113837
20644,2016-10-01,18759.238492135897
20644,2016-11-01,17800.23156980771
20644,2016-12-01,17344.837731978376
20644,2017-01-01,16868.466009614513
20644,2017-02-01,15991.394821700294
20644,2017-03-01,17726.774733547118
20644,2017-04-01,17014.785041959287
20644,2017-05-01,16973.006023030484
20644,2017-06-01,16425.85594550224
20644,2017-07-01,16489.350118801605
20644,2017-08-01,16318.54101434266
20644,2017-09-01,16668.800859029492
20644,2017-10-01,16657.410907311907
20644,2017-11-01,17094.27761618731
20644,2017-12-01,18661.41524462203
20644,2018-01-01,16960.93359345414
20644,2018-02-01,17568.25160737553
20644,2018-03-01,17015.722070621956
20644,2018-04-01,16160.26396858582
20644,2018-05-01,16861.880481309683
20644,2018-06-01,16989.335514434613
20644,2018-07-01,16992.16065952178
20644,2018-08-01,16850.297629492532
20644,2018-09-01,17199.69602490749
20644,2018-10-01,17301.872122341
20644,2018-11-01,17624.183565376916
20644,2018-12-01,17426.823573675883
20644,2019-01-01,18011.518685825995
20644,2019-02-01,17315.38428266285
20644,2019-03-01,17656.065111575343
20644,2019-04-01,17895.400381414154
20644,2019-05-01,18132.349764670984
20644,2019-06-01,18396.18637443489
20644,2019-07-01,19188.151252354255
20644,2019-08-01,18914.145145739007
20644,2019-09-01,19035.29229890607
20644,2019-10-01,18652.867323552524
20644,2019-11-01,18049.261774112947
20644,2019-12-01,18931.16702353192
20644,2020-01-01,18743.999812033777
20644,2020-02-01,20685.349034924544
20644,2020-03-01,18177.162951684153
20644,2020-04-01,13998.701387765866
20644,2020-05-01,13500.848073366562
20644,2020-06-01,10998.643104315088
20644,2020-07-01,11106.434742924164
20644,2020-08-01,12101.416301267838
20644,2020-09-01,11756.896646019344
20644,2020-10-01,12434.297640539171
20644,2020-11-01,12499.011311697532
20644,2020-12-01,12534.69544213244
20644,2021-01-01,13360.754196447784
20644,2021-02-01,14572.993362006713
20644,2021-03-01,14180.966645979655
20644,2021-04-01,14301.821817224365
20644,2021-05-01,14891.401218272007
20644,2021-06-01,16154.098245927717
20644,2021-07-01,16433.660212083963
20644,2021-08-01,17294.131394123975
20644,2021-09-01,18641.487966462533
20644,2021-10-01,19157.785942349135
20644,2021-11-01,20239.535255535735
20644,2021-12-01,20884.013780294365
20644,2022-01-01,21044.30880526507
20644,2022-02-01,21016.518529009812
20644,2022-03-01,23015.582480739915
20644,2022-04-01,21655.783340991362
20644,2022-05-01,21915.295895400872
20644,2022-06-01,21987.890316522808
20644,2022-07-01,22639.279573790067
20644,2022-08-01,22003.353155946596
20644,2022-09-01,21435.16964600362
20644,2022-10-01,21064.731721495365
20644,2022-11-01,21095.644204135915
20644,2022-12-01,21244.418040658384
20644,2023-01-01,20922.655435218297
20644,2023-02-01,21302.713843918787
20644,2023-03-01,21283.4706441499
20644,2023-04-01,21976.39211058181
20644,2023-05-01,22240.42195155623
20644,2023-06-01,22011.95379613805
20644,2023-07-01,21621.603429661936
20644,2023-08-01,21534.566463846717
20644,2023-09-01,21688.847315945524
20644,2023-10-01,22461.30078005704
20644,2023-11-01,22144.092176768987
20644,2023-12-01,21296.987791775755
20644,2024-01-01,22239.749705757404
20644,2024-02-01,22595.017487874196
20644,2024-03-01,22371.109443507266
20644,2024-04-01,22122.38957096825
20644,2024-05-01,21679.950201464857
20644,2024-06-01,21451.823447099727
20644,2024-07-01,22142.37400311743
20644,2024-08-01,22923.409220306723
20644,2024-09-01,22452.363519109582
20644,2024-10-01,22446.584177860812
20644,2024-11-01,23041.238302339694
20644,2024-12-01,23107.671628631037
20644,2025-01-01,23862.24522321699
20644,2025-02-01,23986.906762504015
20644,2025-03-01,24460.19866982711
20644,2025-04-01,24580.894404929797
20644,2025-05-01,24856.34059435825
20644,2025-06-01,24465.13488169407
20644,2025-07-01,24745.591030046857
20644,2025-08-01,24514.40937206715
20644,2025-09-01,25418.718288657263
20644,2025-10-01,25574.014336811586
20644,2025-11-01,24032.10393598082
20644,2025-12-01,25069.19421785249
20644,2026-01-01,25038.684204519723
20644,2026-02-01,24599.339206932407
20644,2026-03-01,24934.75460499599
20644,2026-04-01,24559.695790338046
20644,2026-05-01,25955.22201958804
20644,2026-06-01,26710.74760407775
20645,2011-03-01,1068.663787695895
20645,2011-04-01,1085.5600926601358
20645,2011-05-01,1063.9394713054562
20645,2011-06-01,1150.859059192493
20645,2011-07-01,1269.0347962232051
20645,2011-08-01,1174.0325128463014
20645,2011-09-01,1219.4862969146836
20645,2011-10-01,1191.3775371411389
20645,2011-11-01,1229.5730172256867
20645,2011-12-01,1184.6504594939497
20645,2012-01-01,1262.4547301311482
20645,2012-02-01,1196.7023787763785
20645,2012-03-01,1227.4673683950073
20645,2012-04-01,1139.1548140155232
20645,2012-05-01,1126.4828294301308
20645,2012-06-01,1243.3816113282621
20645,2012-07-01,1140.759319323383
20645,2012-08-01,1088.5342518168893
20645,2012-09-01,1054.9031188368954
20645,2012-10-01,1043.5799572893802
20645,2012-11-01,1063.352781224067
20645,2012-12-01,1023.8093806062012
20645,2013-01-01,1050.5824482388846
20645,2013-02-01,1046.1259212699379
20645,2013-03-01,1032.879350206975
20645,2013-04-01,1061.9092402231604
20645,2013-05-01,1132.2437693937688
20645,2013-06-01,1104.05566412852
20645,2013-07-01,1022.1907710274012
20645,2013-08-01,1048.6599814565836
20645,2013-09-01,1044.9996885721678
20645,2013-10-01,1055.366625561575
20645,2013-11-01,1002.8758970865035
20645,2013-12-01,1030.11910854394
20645,2014-01-01,1015.558971560433
20645,2014-02-01,1071.564192872592
20645,2014-03-01,1057.977949809632
20645,2014-04-01,1028.2473259391088
20645,2014-05-01,1062.5484083419901
20645,2014-06-01,1013.8818559052982
20645,2014-07-01,903.6722597655961
20645,2014-08-01,992.9759730097122
20645,2014-09-01,1163.829346533881
20645,2014-10-01,1067.6956854319276
20645,2014-11-01,1006.804867758849
20645,2014-12-01,1029.4052554811337
20645,2015-01-01,896.844324780881
20645,2015-02-01,769.6175900027176
20645,2015-03-01,854.4309925184564
20645,2015-04-01,828.0375452803461
20645,2015-05-01,800.2936506989395
20645,2015-06-01,745.0916551310922
20645,2015-07-01,789.7557430652413
20645,2015-08-01,776.9377930919381
20645,2015-09-01,766.3348832318857
20645,2015-10-01,750.0052386238667
20645,2015-11-01,766.7365404751688
20645,2015-12-01,769.149812709977
20645,2016-01-01,778.065649188391
20645,2016-02-01,750.3780226315675
20645,2016-03-01,682.6432319991818
20645,2016-04-01,659.8673325405068
20645,2016-05-01,651.112123618598
20645,2016-06-01,744.9194522381872
20645,2016-07-01,843.2669755148411
20645,2016-08-01,788.0599175859023
20645,2016-09-01,722.9684618422289
20645,2016-10-01,686.3633791531878
20645,2016-11-01,715.0261306832841
20645,2016-12-01,748.6370685255738
20645,2017-01-01,758.7168684727395
20645,2017-02-01,780.3302878286677
20645,2017-03-01,838.2784770685987
20645,2017-04-01,896.9412405542106
20645,2017-05-01,905.7341334997841
20645,2017-06-01,946.0288738405494
20645,2017-07-01,994.8618216732416
20645,2017-08-01,1028.7757853399569
20645,2017-09-01,1076.5897055966536
20645,2017-10-01,1177.6544898154402
20645,2017-11-01,1219.6915465062693
20645,2017-12-01,1283.4590365326842
20645,2018-01-01,1505.7964095388973
20645,2018-02-01,1453.9801337550684
20645,2018-03-01,1710.263476251499
20645,2018-04-01,1677.9139259928052
20645,2018-05-01,1632.9748152113812
20645,2018-06-01,1490.2941636973467
20645,2018-07-01,1687.4369642504796
20645,2018-08-01,1804.8190456622397
20645,2018-09-01,1862.4751829723732
20645,2018-10-01,1926.6997403120406
20645,2018-11-01,2020.6895818456376
20645,2018-12-01,2102.7021691631935
20645,2019-01-01,2149.7878106717585
20645,2019-02-01,2350.388826349354
20645,2019-03-01,2641.6927831614457
20645,2019-04-01,2802.4928218171167
20645,2019-05-01,2940.5784982681007
20645,2019-06-01,2987.99584879807
20645,2019-07-01,2942.960092417694
20645,2019-08-01,3057.5715244942458
20645,2019-09-01,3311.26751783002
20645,2019-10-01,3418.040976585315
20645,2019-11-01,3577.2938908423125
20645,2019-12-01,3373.0135110627007
20645,2020-01-01,3374.255433640087
20645,2020-02-01,3513.703058233689
20645,2020-03-01,3048.920398301928
20645,2020-04-01,1367.9514165237185
20645,2020-05-01,1775.5442734384783
20645,2020-06-01,2492.5360825364855
20645,2020-07-01,3014.1156390548945
20645,2020-08-01,2741.3710000454957
20645,2020-09-01,3042.932084645906
20645,2020-10-01,3001.389059514729
20645,2020-11-01,3563.1800152908527
20645,2020-12-01,3667.177164762523
20645,2021-01-01,3057.8302191085727
20645,2021-02-01,3966.6670331173495
20645,2021-03-01,4295.812273962548
20645,2021-04-01,4508.637799072907
20645,2021-05-01,4826.230839241263
20645,2021-06-01,4840.569987748274
20645,2021-07-01,4820.3542067452845
20645,2021-08-01,5045.678178953182
20645,2021-09-01,4447.175060258535
20645,2021-10-01,4562.896546798586
20645,2021-11-01,4189.937154551924
20645,2021-12-01,4300.984187014776
20645,2022-01-01,4242.995831469307
20645,2022-02-01,4576.781691614227
20645,2022-03-01,4479.253142692097
20645,2022-04-01,4111.2834188591005
20645,2022-05-01,4686.878847394737
20645,2022-06-01,4660.559900403679
20645,2022-07-01,5069.30306151095
20645,2022-08-01,4911.407719938817
20645,2022-09-01,5073.136077823501
20645,2022-10-01,4812.729782689592
20645,2022-11-01,4693.27030365154
20645,2022-12-01,4751.9021206039115
20645,2023-01-01,4774.826506682236
20645,2023-02-01,4437.841822299533
20645,2023-03-01,4420.357529423078
20645,2023-04-01,4393.353592236526
20645,2023-05-01,4326.003912702408
20645,2023-06-01,4127.20090546379
20645,2023-07-01,4512.883351219491
20645,2023-08-01,4628.912428212606
20645,2023-09-01,4637.115007904395
20645,2023-10-01,4848.366440614973
20645,2023-11-01,4802.882611838498
20645,2023-12-01,4950.8831279690785
20645,2024-01-01,4994.844002384477
20645,2024-02-01,5311.67760729141
20645,2024-03-01,5164.001626468243
20645,2024-04-01,4937.840568459587
20645,2024-05-01,4911.556731170972
20645,2024-06-01,5154.63411025534
20645,2024-07-01,4888.849761290817
20645,2024-08-01,5188.399684704436
20645,2024-09-01,5147.195444267382
20645,2024-10-01,4932.607085436708
20645,2024-11-01,5236.322927433328
20645,2024-12-01,5085.744676942309
20645,2025-01-01,4515.983609882022
20645,2025-02-01,4838.871954086148
20645,2025-03-01,5055.884652551197
20645,2025-04-01,5125.436299317567
20645,2025-05-01,4852.723023858715
20645,2025-06-01,4985.420662837448
20645,2025-07-01,5033.041710528057
20645,2025-08-01,4570.824507794833
20645,2025-09-01,4851.967573117873
20645,2025-10-01,5014.44450200069
20645,2025-11-01,4749.788233361765
20645,2025-12-01,4571.441884549223
20645,2026-01-01,4400.099531175548
20645,2026-02-01,4267.711122502097
20645,2026-03-01,4112.695847581421
20645,2026-04-01,4441.6077107026795
20645,2026-05-01,4158.160287072907
20645,2026-06-01,3578.3075352657693
20646,2011-03-01,265.5159688232226
20646,2011-04-01,327.33879152891575
20646,2011-05-01,308.39697645712886
20646,2011-06-01,334.44744102082996
20646,2011-07-01,483.1757774346311
20646,2011-08-01,421.105088626381
20646,2011-09-01,487.44204269355487
20646,2011-10-01,273.4339560197662
20646,2011-11-01,833.4105879083602
20646,2011-12-01,698.4993091086416
20646,2012-01-01,377.7417155185311
20646,2012-02-01,500.2744771108447
20646,2012-03-01,578.7989663995967
20646,2012-04-01,353.4521897990547
20646,2012-05-01,298.4464351208679
20646,2012-06-01,427.0158497798
20646,2012-07-01,334.5218321948543
20646,2012-08-01,422.19791974420747
20646,2012-09-01,417.2003497580054
20646,2012-10-01,433.24542848327485
20646,2012-11-01,353.29880277378265
20646,2012-12-01,424.97481461776755
20646,2013-01-01,435.1487627362926
20646,2013-02-01,488.06807165328627
20646,2013-03-01,635.841483753596
20646,2013-04-01,280.2129842917905
20646,2013-05-01,406.3166040278429
20646,2013-06-01,386.90097543144714
20646,2013-07-01,308.75496802175934
20646,2013-08-01,562.5987321911992
20646,2013-09-01,426.95337070615085
20646,2013-10-01,400.1646883767345
20646,2013-11-01,626.9928986500322
20646,2013-12-01,636.5233782072579
20646,2014-01-01,539.7081574719773
20646,2014-02-01,617.8260402116324
20646,2014-03-01,622.6375064660574
20646,2014-04-01,719.9329650634149
20646,2014-05-01,777.0066469579834
20646,2014-06-01,690.6452253351795
20646,2014-07-01,823.2328823598541
20646,2014-08-01,603.2578671726892
20646,2014-09-01,701.30260116114
20646,2014-10-01,679.5695861769251
20646,2014-11-01,496.94357953650996
20646,2014-12-01,420.18741831144837
20646,2015-01-01,547.8189334532636
20646,2015-02-01,387.90432947006445
20646,2015-03-01,373.14383728934195
20646,2015-04-01,544.9893361504909
20646,2015-05-01,686.6115489930698
20646,2015-06-01,507.59199784926784
20646,2015-07-01,433.98666260481673
20646,2015-08-01,423.9111787448343
20646,2015-09-01,365.99285939158494
20646,2015-10-01,304.6417307142724
20646,2015-11-01,381.2992026050356
20646,2015-12-01,405.7156897085917
20646,2016-01-01,383.4814858076262
20646,2016-02-01,511.75495307905226
20646,2016-03-01,376.6033557461193
20646,2016-04-01,417.09659593712826
20646,2016-05-01,439.9023324045886
20646,2016-06-01,324.2326020920154
20646,2016-07-01,328.4720029720071
20646,2016-08-01,370.47752465847486
20646,2016-09-01,343.74610818613604
20646,2016-10-01,463.4191545961718
20646,2016-11-01,428.2551718716894
20646,2016-12-01,419.32809364334514
20646,2017-01-01,444.9291226666821
20646,2017-02-01,303.0517484167504
20646,2017-03-01,494.7105414634623
20646,2017-04-01,398.3461773034498
20646,2017-05-01,395.6853523061849
20646,2017-06-01,379.71351081485517
20646,2017-07-01,330.9122679102226
20646,2017-08-01,323.750165820819
20646,2017-09-01,281.9502552551922
20646,2017-10-01,437.54335142739933
20646,2017-11-01,315.81893549228005
20646,2017-12-01,386.7768605922361
20646,2018-01-01,377.1282844359078
20646,2018-02-01,677.0022243962377
20646,2018-03-01,350.6442321606302
20646,2018-04-01,365.6548232099814
20646,2018-05-01,364.8722781073125
20646,2018-06-01,339.17068614313456
20646,2018-07-01,438.38353082498537
20646,2018-08-01,396.03002039200965
20646,2018-09-01,419.39525095528836
20646,2018-10-01,311.4711878257315
20646,2018-11-01,417.79059972251406
20646,2018-12-01,361.39372286721107
20646,2019-01-01,525.0156102595906
20646,2019-02-01,512.2756519418006
20646,2019-03-01,646.4994737327555
20646,2019-04-01,579.0723423295224
20646,2019-05-01,626.8782572631221
20646,2019-06-01,808.0602443422775
20646,2019-07-01,761.4259382701069
20646,2019-08-01,861.2957197265816
20646,2019-09-01,844.937660308426
20646,2019-10-01,874.7549796299321
20646,2019-11-01,861.2261467635899
20646,2019-12-01,846.1974417926823
20646,2020-01-01,893.372969692767
20646,2020-02-01,1014.670213163477
20646,2020-03-01,933.9153655732812
20646,2020-04-01,953.1021198390811
20646,2020-05-01,982.3077500004832
20646,2020-06-01,1131.2863490066457
20646,2020-07-01,823.8251065105401
20646,2020-08-01,923.6921441163173
20646,2020-09-01,1205.2747809604853
20646,2020-10-01,1014.1932343588841
20646,2020-11-01,1290.2151134224252
20646,2020-12-01,1091.3581925370825
20646,2021-01-01,889.3189081253323
20646,2021-02-01,1049.4977616766926
20646,2021-03-01,1281.7745318280024
20646,2021-04-01,1320.8720526283773
20646,2021-05-01,1175.3374520552336
20646,2021-06-01,1254.5037199511873
20646,2021-07-01,1390.9340813511599
20646,2021-08-01,1342.6654449421007
20646,2021-09-01,1484.8926127660015
20646,2021-10-01,1398.5448576395404
20646,2021-11-01,1626.330905347564
20646,2021-12-01,1687.091481731456
20646,2022-01-01,1568.6780824030645
20646,2022-02-01,1317.3799275261078
20646,2022-03-01,1589.8358204026
20646,2022-04-01,1607.4245177784574
20646,2022-05-01,1813.8172711576472
20646,2022-06-01,1605.050673765384
20646,2022-07-01,1710.692052276033
20646,2022-08-01,1734.1586267060932
20646,2022-09-01,1748.8294615527975
20646,2022-10-01,1707.2026760761294
20646,2022-11-01,1549.0888731898203
20646,2022-12-01,1455.79485287904
20646,2023-01-01,1388.8934231719718
20646,2023-02-01,1298.9777381211952
20646,2023-03-01,1268.8020120955741
20646,2023-04-01,1336.8948988007605
20646,2023-05-01,1371.827729806615
20646,2023-06-01,1237.098740759734
20646,2023-07-01,1261.8927960420322
20646,2023-08-01,1424.8662010370158
20646,2023-09-01,1225.5720601678358
20646,2023-10-01,1310.569156473875
20646,2023-11-01,1351.0037432579259
20646,2023-12-01,1351.1525822236683
20646,2024-01-01,1294.1994074451927
20646,2024-02-01,1386.4132826575892
20646,2024-03-01,1284.9732146879708
20646,2024-04-01,1436.3350001388337
20646,2024-05-01,1317.6032144506742
20646,2024-06-01,1499.2161310174235
20646,2024-07-01,1484.0810965462574
20646,2024-08-01,1504.6691591466647
20646,2024-09-01,1464.4038430387996
20646,2024-10-01,1507.308266458669
20646,2024-11-01,1375.8806321402806
20646,2024-12-01,1247.140714477359
20646,2025-01-01,1639.279449683621
20646,2025-02-01,1821.0264909207135
20646,2025-03-01,1776.2788711013109
20646,2025-04-01,1372.8182705473996
20646,2025-05-01,1179.8471545020448
20646,2025-06-01,1635.4025489137525
20646,2025-07-01,1320.9237570220523
20646,2025-08-01,1196.9682600523142
20646,2025-09-01,1237.5413432756793
20646,2025-10-01,1295.4028610613825
20646,2025-11-01,1275.6226752061718
20646,2025-12-01,1647.941117399318
20646,2026-01-01,1326.2590715331692
20646,2026-02-01,1443.7679508685057
20646,2026-03-01,1509.4679567274477
20646,2026-04-01,1384.133729677888
20646,2026-05-01,1573.4679191741461
20646,2026-06-01,1585.6009822983171
20648,2011-03-01,482.1689196148975
20648,2011-04-01,472.99690623198694
20648,2011-05-01,533.0086982633419
20648,2011-06-01,473.337508332458
20648,2011-07-01,448.3797320379025
20648,2011-08-01,408.8410717964748
20648,2011-09-01,398.7827590506115
20648,2011-10-01,359.47438526555214
20648,2011-11-01,373.6493974253634
20648,2011-12-01,382.3575258291887
20648,2012-01-01,366.8161366334401
20648,2012-02-01,374.6463646722318
20648,2012-03-01,376.44463440056927
20648,2012-04-01,333.46621423123497
20648,2012-05-01,304.2686637658986
20648,2012-06-01,291.3872563431884
20648,2012-07-01,291.46165705576595
20648,2012-08-01,251.74093017972334
20648,2012-09-01,266.3065117809722
20648,2012-10-01,286.40073124529806
20648,2012-11-01,236.18700372863208
20648,2012-12-01,212.55432151643413
20648,2013-01-01,215.99020211588126
20648,2013-02-01,192.17715683008498
20648,2013-03-01,180.02843495848595
20648,2013-04-01,268.3543076342411
20648,2013-05-01,255.32455329917485
20648,2013-06-01,246.0996662374777
20648,2013-07-01,241.597295931353
20648,2013-08-01,246.06503538819788
20648,2013-09-01,249.16523532359696
20648,2013-10-01,247.32725124838163
20648,2013-11-01,219.46310597441484
20648,2013-12-01,223.149161391343
20648,2014-01-01,200.801324579293
20648,2014-02-01,196.6404091256335
20648,2014-03-01,218.63433533172443
20648,2014-04-01,207.21089653643253
20648,2014-05-01,219.22397698806157
20648,2014-06-01,248.32671389456658
20648,2014-07-01,217.3432919484564
20648,2014-08-01,215.71505018019985
20648,2014-09-01,224.33931323660636
20648,2014-10-01,236.58770638416172
20648,2014-11-01,237.64259368152705
20648,2014-12-01,269.9207435457114
20648,2015-01-01,274.59437572056754
20648,2015-02-01,151.13867067030375
20648,2015-03-01,131.96961957083286
20648,2015-04-01,158.76389237210282
20648,2015-05-01,152.74146760611177
20648,2015-06-01,164.4601365270675
20648,2015-07-01,129.65685135876987
20648,2015-08-01,199.13972358576078
20648,2015-09-01,153.50937748940194
20648,2015-10-01,116.28265025352229
20648,2015-11-01,138.69957722535753
20648,2015-12-01,164.50192377637808
20648,2016-01-01,142.84874875723665
20648,2016-02-01,117.42746035460911
20648,2016-03-01,130.51327421772095
20648,2016-04-01,139.1576200794567
20648,2016-05-01,100.03562902593625
20648,2016-06-01,126.62692195699762
20648,2016-07-01,108.05800555086694
20648,2016-08-01,104.84096443285213
20648,2016-09-01,118.5400951854755
20648,2016-10-01,107.47512069575579
20648,2016-11-01,163.8689705966577
20648,2016-12-01,96.16367658160206
20648,2017-01-01,108.73279935240026
20648,2017-02-01,116.30365864850239
20648,2017-03-01,111.26743634301711
20648,2017-04-01,120.06625420289174
20648,2017-05-01,192.0202322316198
20648,2017-06-01,119.5806483438684
20648,2017-07-01,142.77173843293355
20648,2017-08-01,114.92282669589386
20648,2017-09-01,115.17396390582485
20648,2017-10-01,124.91572675676633
20648,2017-11-01,124.47430490694983
20648,2017-12-01,151.23934041745565
20648,2018-01-01,127.82243582279213
20648,2018-02-01,166.31429259369384
20648,2018-03-01,120.3404828943544
20648,2018-04-01,134.69921417988436
20648,2018-05-01,101.14728575456769
20648,2018-06-01,104.00637190792625
20648,2018-07-01,96.38742499027393
20648,2018-08-01,99.51334353215724
20648,2018-09-01,122.97879972575001
20648,2018-10-01,120.33571406056215
20648,2018-11-01,96.17321849341312
20648,2018-12-01,102.68048848241129
20648,2019-01-01,111.82237035804802
20648,2019-02-01,108.50307967340746
20648,2019-03-01,131.36839286433516
20648,2019-04-01,130.97214617586656
20648,2019-05-01,110.3252768044632
20648,2019-06-01,107.02258359579949
20648,2019-07-01,149.91696079580822
20648,2019-08-01,153.95097714337172
20648,2019-09-01,160.00483064410838
20648,2019-10-01,206.16930103826306
20648,2019-11-01,124.55888780798307
20648,2019-12-01,112.77163825127315
20648,2020-01-01,102.3439916083002
20648,2020-02-01,143.33734254114242
20648,2020-03-01,77.27344842434817
20648,2020-04-01,25.17002740240506
20648,2020-05-01,20.30506206272981
20648,2020-06-01,44.8287619747754
20648,2020-07-01,68.16152271553027
20648,2020-08-01,63.972840732822746
20648,2020-09-01,49.899399167220054
20648,2020-10-01,34.73365743576811
20648,2020-11-01,34.97808633617594
20648,2020-12-01,47.79100422221952
20648,2021-01-01,63.875567317932834
20648,2021-02-01,75.54743961267778
20648,2021-03-01,65.22558207196623
20648,2021-04-01,88.06655662138267
20648,2021-05-01,86.45069450345576
20648,2021-06-01,85.59421163846446
20648,2021-07-01,82.223444374638
20648,2021-08-01,67.57163074526545
20648,2021-09-01,86.9819097542538
20648,2021-10-01,57.639894972093884
20648,2021-11-01,136.3308823060681
20648,2021-12-01,98.88831812426272
20648,2022-01-01,144.56463305943225
20648,2022-02-01,108.21532604398192
20648,2022-03-01,128.5780151802128
20648,2022-04-01,110.46632483659505
20648,2022-05-01,68.37667065830989
20648,2022-06-01,76.19435271000624
20648,2022-07-01,103.54836170754575
20648,2022-08-01,55.803432957171395
20648,2022-09-01,91.61525058484214
20648,2022-10-01,74.61361094163586
20648,2022-11-01,94.04643990004388
20648,2022-12-01,125.27471587855956
20648,2023-01-01,92.775349318896
20648,2023-02-01,73.8659234586052
20648,2023-03-01,67.1905035970058
20648,2023-04-01,76.35870311021691
20648,2023-05-01,58.41922339548504
20648,2023-06-01,99.36631968090435
20648,2023-07-01,73.57326966543766
20648,2023-08-01,70.79310884846942
20648,2023-09-01,107.7458738752613
20648,2023-10-01,75.2636329362017
20648,2023-11-01,96.0935507360484
20648,2023-12-01,94.81958129460737
20648,2024-01-01,97.86550439783746
20648,2024-02-01,102.96814178362148
20648,2024-03-01,100.76134018400906
20648,2024-04-01,112.84195266466337
20648,2024-05-01,137.6740596867822
20648,2024-06-01,129.26394083454085
20648,2024-07-01,142.45089616625626
20648,2024-08-01,197.75500671882992
20648,2024-09-01,101.48639159949447
20648,2024-10-01,183.4046086804558
20648,2024-11-01,138.3843797186908
20648,2024-12-01,98.62012151147131
20648,2025-01-01,248.03472807612263
20648,2025-02-01,119.6832125085236
20648,2025-03-01,204.68485189421983
20648,2025-04-01,138.51172105314947
20648,2025-05-01,134.92006988684014
20648,2025-06-01,150.96647749455957
20648,2025-07-01,140.84680439638606
20648,2025-08-01,161.48571862056238
20648,2025-09-01,289.8328051768793
20648,2025-10-01,133.40332328614747
20648,2025-11-01,125.65816557624122
20648,2025-12-01,135.8062010651235
20648,2026-01-01,109.58595638288438
20648,2026-02-01,109.99780017397231
20648,2026-03-01,92.25045517969633
20648,2026-04-01,75.65303270413715
20648,2026-05-01,92.71919767398185
20648,2026-06-01,74.25282996586336
20649,2011-03-01,501
20649,2011-04-01,415
20649,2011-05-01,598
20649,2011-06-01,435
20649,2011-07-01,795
20649,2011-08-01,551
20649,2011-09-01,524
20649,2011-10-01,584
20649,2011-11-01,426
20649,2011-12-01,614
20649,2012-01-01,455
20649,2012-02-01,359
20649,2012-03-01,452
20649,2012-04-01,387
20649,2012-05-01,411
20649,2012-06-01,363
20649,2012-07-01,417
20649,2012-08-01,384
20649,2012-09-01,676
20649,2012-10-01,574
20649,2012-11-01,460
20649,2012-12-01,590
20649,2013-01-01,684
20649,2013-02-01,451
20649,2013-03-01,492
20649,2013-04-01,326
20649,2013-05-01,476
20649,2013-06-01,337
20649,2013-07-01,349
20649,2013-08-01,557
20649,2013-09-01,284
20649,2013-10-01,557
20649,2013-11-01,774
20649,2013-12-01,417
20649,2014-01-01,752
20649,2014-02-01,320
20649,2014-03-01,369
20649,2014-04-01,659
20649,2014-05-01,515
20649,2014-06-01,499
20649,2014-07-01,308
20649,2014-08-01,528
20649,2014-09-01,515
20649,2014-10-01,274
20649,2014-11-01,291
20649,2014-12-01,387
20649,2015-01-01,794
20649,2015-02-01,341
20649,2015-03-01,374
20649,2015-04-01,436
20649,2015-05-01,327
20649,2015-06-01,292
20649,2015-07-01,431
20649,2015-08-01,255
20649,2015-09-01,242
20649,2015-10-01,411
20649,2015-11-01,224
20649,2015-12-01,474
20649,2016-01-01,248
20649,2016-02-01,203
20649,2016-03-01,276
20649,2016-04-01,195
20649,2016-05-01,209
20649,2016-06-01,361
20649,2016-07-01,285
20649,2016-08-01,152
20649,2016-09-01,197
20649,2016-10-01,956
20649,2016-11-01,216
20649,2016-12-01,391
20649,2017-01-01,207
20649,2017-02-01,120
20649,2017-03-01,263
20649,2017-04-01,139
20649,2017-05-01,188
20649,2017-06-01,257
20649,2017-07-01,214
20649,2017-08-01,192
20649,2017-09-01,259
20649,2017-10-01,695
20649,2017-11-01,187
20649,2017-12-01,302
20649,2018-01-01,225
20649,2018-02-01,144
20649,2018-03-01,206
20649,2018-04-01,259
20649,2018-05-01,177
20649,2018-06-01,232
20649,2018-07-01,306
20649,2018-08-01,288
20649,2018-09-01,266
20649,2018-10-01,354
20649,2018-11-01,189
20649,2018-12-01,271
20649,2019-01-01,1140
20649,2019-02-01,318
20649,2019-03-01,260
20649,2019-04-01,331
20649,2019-05-01,732
20649,2019-06-01,293
20649,2019-07-01,421
20649,2019-08-01,261
20649,2019-09-01,459
20649,2019-10-01,363
20649,2019-11-01,445
20649,2019-12-01,625
20649,2020-01-01,421
20649,2020-02-01,380
20649,2020-03-01,387
20649,2020-04-01,645
20649,2020-05-01,210
20649,2020-06-01,169
20649,2020-07-01,742
20649,2020-08-01,314
20649,2020-09-01,442
20649,2020-10-01,788
20649,2020-11-01,359
20649,2020-12-01,383
20649,2021-01-01,456
20649,2021-02-01,447
20649,2021-03-01,435
20649,2021-04-01,549
20649,2021-05-01,350
20649,2021-06-01,540
20649,2021-07-01,1257
20649,2021-08-01,760
20649,2021-09-01,552
20649,2021-10-01,498
20649,2021-11-01,775
20649,2021-12-01,1110
20649,2022-01-01,338
20649,2022-02-01,300
20649,2022-03-01,341
20649,2022-04-01,853
20649,2022-05-01,405
20649,2022-06-01,383
20649,2022-07-01,1313
20649,2022-08-01,657
20649,2022-09-01,376
20649,2022-10-01,523
20649,2022-11-01,764
20649,2022-12-01,751
20649,2023-01-01,369
20649,2023-02-01,317
20649,2023-03-01,638
20649,2023-04-01,345
20649,2023-05-01,441
20649,2023-06-01,626
20649,2023-07-01,582
20649,2023-08-01,460
20649,2023-09-01,1189
20649,2023-10-01,529
20649,2023-11-01,664
20649,2023-12-01,683
20649,2024-01-01,1480
20649,2024-02-01,475
20649,2024-03-01,665
20649,2024-04-01,863
20649,2024-05-01,435
20649,2024-06-01,946
20649,2024-07-01,526
20649,2024-08-01,560
20649,2024-09-01,503
20649,2024-10-01,1303
20649,2024-11-01,533
20649,2024-12-01,825
20649,2025-01-01,684
20649,2025-02-01,400
20649,2025-03-01,723
20649,2025-04-01,537
20649,2025-05-01,880
20649,2025-06-01,906
20649,2025-07-01,903
20649,2025-08-01,770
20649,2025-09-01,741
20649,2025-10-01,601
20649,2025-11-01,637
20649,2025-12-01,846
20649,2026-01-01,590
20649,2026-02-01,765
20649,2026-03-01,454
20649,2026-04-01,653
20649,2026-05-01,591
20649,2026-06-01,624
20650,2011-03-01,1000
20650,2011-04-01,887
20650,2011-05-01,1144
20650,2011-06-01,907
20650,2011-07-01,1247
20650,2011-08-01,974
20650,2011-09-01,914
20650,2011-10-01,945
20650,2011-11-01,789
20650,2011-12-01,1023
20650,2012-01-01,790
20650,2012-02-01,706
20650,2012-03-01,834
20650,2012-04-01,728
20650,2012-05-01,727
20650,2012-06-01,645
20650,2012-07-01,718
20650,2012-08-01,644
20650,2012-09-01,944
20650,2012-10-01,871
20650,2012-11-01,687
20650,2012-12-01,833
20650,2013-01-01,868
20650,2013-02-01,615
20650,2013-03-01,686
20650,2013-04-01,593
20650,2013-05-01,737
20650,2013-06-01,580
20650,2013-07-01,599
20650,2013-08-01,811
20650,2013-09-01,531
20650,2013-10-01,814
20650,2013-11-01,985
20650,2013-12-01,678
20650,2014-01-01,916
20650,2014-02-01,486
20650,2014-03-01,599
20650,2014-04-01,876
20650,2014-05-01,735
20650,2014-06-01,744
20650,2014-07-01,537
20650,2014-08-01,753
20650,2014-09-01,735
20650,2014-10-01,509
20650,2014-11-01,521
20650,2014-12-01,692
20650,2015-01-01,1030
20650,2015-02-01,465
20650,2015-03-01,521
20650,2015-04-01,598
20650,2015-05-01,486
20650,2015-06-01,452
20650,2015-07-01,563
20650,2015-08-01,468
20650,2015-09-01,396
20650,2015-10-01,528
20650,2015-11-01,357
20650,2015-12-01,683
20650,2016-01-01,360
20650,2016-02-01,293
20650,2016-03-01,428
20650,2016-04-01,322
20650,2016-05-01,315
20650,2016-06-01,482
20650,2016-07-01,395
20650,2016-08-01,273
20650,2016-09-01,309
20650,2016-10-01,1068
20650,2016-11-01,374
20650,2016-12-01,515
20650,2017-01-01,285
20650,2017-02-01,210
20650,2017-03-01,382
20650,2017-04-01,267
20650,2017-05-01,384
20650,2017-06-01,365
20650,2017-07-01,364
20650,2017-08-01,326
20650,2017-09-01,363
20650,2017-10-01,828
20650,2017-11-01,306
20650,2017-12-01,486
20650,2018-01-01,326
20650,2018-02-01,286
20650,2018-03-01,342
20650,2018-04-01,390
20650,2018-05-01,279
20650,2018-06-01,320
20650,2018-07-01,413
20650,2018-08-01,399
20650,2018-09-01,392
20650,2018-10-01,488
20650,2018-11-01,280
20650,2018-12-01,405
20650,2019-01-01,1223
20650,2019-02-01,401
20650,2019-03-01,402
20650,2019-04-01,461
20650,2019-05-01,837
20650,2019-06-01,390
20650,2019-07-01,580
20650,2019-08-01,426
20650,2019-09-01,618
20650,2019-10-01,582
20650,2019-11-01,565
20650,2019-12-01,777
20650,2020-01-01,490
20650,2020-02-01,499
20650,2020-03-01,481
20650,2020-04-01,666
20650,2020-05-01,227
20650,2020-06-01,205
20650,2020-07-01,814
20650,2020-08-01,394
20650,2020-09-01,492
20650,2020-10-01,826
20650,2020-11-01,390
20650,2020-12-01,475
20650,2021-01-01,492
20650,2021-02-01,500
20650,2021-03-01,517
20650,2021-04-01,631
20650,2021-05-01,431
20650,2021-06-01,618
20650,2021-07-01,1342
20650,2021-08-01,847
20650,2021-09-01,634
20650,2021-10-01,556
20650,2021-11-01,908
20650,2021-12-01,1240
20650,2022-01-01,455
20650,2022-02-01,383
20650,2022-03-01,490
20650,2022-04-01,953
20650,2022-05-01,470
20650,2022-06-01,450
20650,2022-07-01,1420
20650,2022-08-01,732
20650,2022-09-01,460
20650,2022-10-01,604
20650,2022-11-01,855
20650,2022-12-01,905
20650,2023-01-01,435
20650,2023-02-01,366
20650,2023-03-01,718
20650,2023-04-01,424
20650,2023-05-01,496
20650,2023-06-01,712
20650,2023-07-01,662
20650,2023-08-01,554
20650,2023-09-01,1286
20650,2023-10-01,614
20650,2023-11-01,758
20650,2023-12-01,808
20650,2024-01-01,1552
20650,2024-02-01,554
20650,2024-03-01,786
20650,2024-04-01,964
20650,2024-05-01,562
20650,2024-06-01,1066
20650,2024-07-01,679
20650,2024-08-01,773
20650,2024-09-01,602
20650,2024-10-01,1501
20650,2024-11-01,668
20650,2024-12-01,961
20650,2025-01-01,899
20650,2025-02-01,492
20650,2025-03-01,946
20650,2025-04-01,675
20650,2025-05-01,1003
20650,2025-06-01,1047
20650,2025-07-01,1056
20650,2025-08-01,949
20650,2025-09-01,1026
20650,2025-10-01,738
20650,2025-11-01,758
20650,2025-12-01,1016
20650,2026-01-01,665
20650,2026-02-01,849
20650,2026-03-01,568
20650,2026-04-01,722
20650,2026-05-01,678
20650,2026-06-01,689
20651,2011-03-01,2299.7279510130675
20651,2011-04-01,2271.441214545856
20651,2011-05-01,2368.7018893196037
20651,2011-06-01,2201.892979320438
20651,2011-07-01,2253.341333815869
20651,2011-08-01,2229.4031196262945
20651,2011-09-01,2044.556327371914
20651,2011-10-01,2060.3110852222226
20651,2011-11-01,1916.049118343015
20651,2011-12-01,1874.1623571111072
20651,2012-01-01,1830.310218045176
20651,2012-02-01,1840.6389687025771
20651,2012-03-01,1849.155311047916
20651,2012-04-01,1887.6494959704037
20651,2012-05-01,1920.6834101170411
20651,2012-06-01,1891.8955672613386
20651,2012-07-01,2009.0332895910815
20651,2012-08-01,1974.5590299092094
20651,2012-09-01,1887.731034626231
20651,2012-10-01,2001.3918416893266
20651,2012-11-01,2001.562285273029
20651,2012-12-01,1742.6566175708565
20651,2013-01-01,2156.7816401253613
20651,2013-02-01,2143.006444951071
20651,2013-03-01,2140.1933187609784
20651,2013-04-01,2140.0173821712706
20651,2013-05-01,2082.9897893285424
20651,2013-06-01,2122.1338252827027
20651,2013-07-01,2031.8085519007793
20651,2013-08-01,2097.8932496448188
20651,2013-09-01,2155.135672101984
20651,2013-10-01,2062.65478609876
20651,2013-11-01,2191.6674694844505
20651,2013-12-01,2197.7831158922095
20651,2014-01-01,2231.4329622207338
20651,2014-02-01,2059.2915169995536
20651,2014-03-01,2092.5106537093607
20651,2014-04-01,1952.4027306172038
20651,2014-05-01,1858.923262611307
20651,2014-06-01,2024.1046983337512
20651,2014-07-01,1875.6791562273222
20651,2014-08-01,1819.7444770594834
20651,2014-09-01,2283.7092555431495
20651,2014-10-01,2106.9968979312644
20651,2014-11-01,1926.8272201269285
20651,2014-12-01,2387.9036457892703
20651,2015-01-01,1663.8404906353853
20651,2015-02-01,1556.9026945764656
20651,2015-03-01,1956.7365322139863
20651,2015-04-01,1811.5739320344
20651,2015-05-01,1701.805938328485
20651,2015-06-01,1562.4266146095244
20651,2015-07-01,1613.760884436699
20651,2015-08-01,1489.7767239386878
20651,2015-09-01,1662.3047665129716
20651,2015-10-01,1512.6270596724735
20651,2015-11-01,1367.0664131843535
20651,2015-12-01,1380.718324603662
20651,2016-01-01,1250.3724232706888
20651,2016-02-01,1346.8581216461803
20651,2016-03-01,1221.4046766232443
20651,2016-04-01,1228.0153098443313
20651,2016-05-01,1278.73896531463
20651,2016-06-01,1297.000018530316
20651,2016-07-01,1221.5630706128572
20651,2016-08-01,1299.8454487457716
20651,2016-09-01,1099.859176288905
20651,2016-10-01,955.4227871032996
20651,2016-11-01,1105.2330155761679
20651,2016-12-01,1137.8790672953953
20651,2017-01-01,1119.5250523533437
20651,2017-02-01,997.3320173634545
20651,2017-03-01,1161.1005501538418
20651,2017-04-01,1185.5162597255626
20651,2017-05-01,1224.0924824542124
20651,2017-06-01,1202.784233175627
20651,2017-07-01,1163.237853284638
20651,2017-08-01,1027.5693048116464
20651,2017-09-01,1082.228839527775
20651,2017-10-01,973.8169300677557
20651,2017-11-01,956.9094370108436
20651,2017-12-01,1108.3241221378362
20651,2018-01-01,1092.9624161380905
20651,2018-02-01,1052.3775333353165
20651,2018-03-01,942.2376149833791
20651,2018-04-01,906.3782630986403
20651,2018-05-01,948.1065697967232
20651,2018-06-01,915.1759782992602
20651,2018-07-01,956.6740462212966
20651,2018-08-01,918.8581350800248
20651,2018-09-01,778.886042684222
20651,2018-10-01,1056.3203424792796
20651,2018-11-01,1085.8964825601406
20651,2018-12-01,1008.2235020345956
20651,2019-01-01,937.3165239518944
20651,2019-02-01,945.7762102901497
20651,2019-03-01,834.3030338879952
20651,2019-04-01,897.88894934069
20651,2019-05-01,669.654815148601
20651,2019-06-01,678.9344161065943
20651,2019-07-01,744.1684669885749
20651,2019-08-01,730.749404665574
20651,2019-09-01,643.421358468004
20651,2019-10-01,777.5658347397034
20651,2019-11-01,624.3686140286164
20651,2019-12-01,618.0505426698409
20651,2020-01-01,748.8721592578771
20651,2020-02-01,757.5794757114888
20651,2020-03-01,712.0901501374204
20651,2020-04-01,536.4546415686402
20651,2020-05-01,752.5402518651605
20651,2020-06-01,519.6868397622139
20651,2020-07-01,752.8581994224576
20651,2020-08-01,901.2833827659832
20651,2020-09-01,1099.275867012828
20651,2020-10-01,784.1975808801267
20651,2020-11-01,934.3514994189036
20651,2020-12-01,473.5418859946602
20651,2021-01-01,928.212500422323
20651,2021-02-01,908.238767671648
20651,2021-03-01,565.7040262578905
20651,2021-04-01,1096.492961601195
20651,2021-05-01,1052.9346104259519
20651,2021-06-01,1014.1902917891399
20651,2021-07-01,1051.8943614826107
20651,2021-08-01,952.5677562441946
20651,2021-09-01,1075.029002452555
20651,2021-10-01,940.4814666046858
20651,2021-11-01,995.0502763436702
20651,2021-12-01,1073.714946862514
20651,2022-01-01,859.7859071852149
20651,2022-02-01,873.3022092102148
20651,2022-03-01,1053.3718098922132
20651,2022-04-01,843.1807597507458
20651,2022-05-01,775.63392514458
20651,2022-06-01,865.1489288181797
20651,2022-07-01,743.163308199695
20651,2022-08-01,813.6881186808033
20651,2022-09-01,792.5374026611887
20651,2022-10-01,1200.0201899365497
20651,2022-11-01,862.2644048554201
20651,2022-12-01,790.8383396027841
20651,2023-01-01,883.3002068224948
20651,2023-02-01,872.4216869209115
20651,2023-03-01,619.3089493902427
20651,2023-04-01,1155.86422682997
20651,2023-05-01,953.0770618882793
20651,2023-06-01,1020.533644473069
20651,2023-07-01,1005.1065288339573
20651,2023-08-01,860.073926487263
20651,2023-09-01,1001.9002966921655
20651,2023-10-01,894.4155205411702
20651,2023-11-01,641.2844242869562
20651,2023-12-01,879.233628379603
20651,2024-01-01,918.7089111917738
20651,2024-02-01,1058.7242607303149
20651,2024-03-01,1017.6106491388157
20651,2024-04-01,948.4819499793929
20651,2024-05-01,1067.971151016748
20651,2024-06-01,895.6857599644944
20651,2024-07-01,995.9759231934102
20651,2024-08-01,1065.5003313552238
20651,2024-09-01,766.6527267952811
20651,2024-10-01,884.4482733585739
20651,2024-11-01,916.3477097891255
20651,2024-12-01,554.9536393546543
20651,2025-01-01,970.4461717107486
20651,2025-02-01,909.6582721771566
20651,2025-03-01,1099.9170255643862
20651,2025-04-01,937.8594430867207
20651,2025-05-01,1004.4457439876527
20651,2025-06-01,1611.549136039706
20651,2025-07-01,829.2581237713226
20651,2025-08-01,893.2063379769448
20651,2025-09-01,1720.9883393588134
20651,2025-10-01,1022.2444089669784
20651,2025-11-01,985.2956895042948
20651,2025-12-01,1147.9928744503463
20651,2026-01-01,1015.8631268500294
20651,2026-02-01,978.5830027460681
20651,2026-03-01,887.6295839100776
20651,2026-04-01,974.5406351744432
20651,2026-05-01,852.9769981761984
20651,2026-06-01,1241.5668392847433
20652,2011-03-01,6736.74133334251
20652,2011-04-01,6665.669194936083
20652,2011-05-01,6342.415165816639
20652,2011-06-01,6651.175304335229
20652,2011-07-01,7164.802399363518
20652,2011-08-01,6556.127504837776
20652,2011-09-01,6670.336943534459
20652,2011-10-01,6578.320090641642
20652,2011-11-01,6249.818779524372
20652,2011-12-01,6565.754051529309
20652,2012-01-01,6608.819730982441
20652,2012-02-01,6779.68103702324
20652,2012-03-01,6538.149258756161
20652,2012-04-01,6300.6233129260745
20652,2012-05-01,8185.141913682288
20652,2012-06-01,7976.973961625836
20652,2012-07-01,7646.910941583421
20652,2012-08-01,7466.871199934822
20652,2012-09-01,7119.687586196716
20652,2012-10-01,7404.406021700761
20652,2012-11-01,7195.208201561254
20652,2012-12-01,6637.235929080323
20652,2013-01-01,7824.243125341036
20652,2013-02-01,6092.500687006484
20652,2013-03-01,6609.928900273051
20652,2013-04-01,6650.016879517367
20652,2013-05-01,7113.18249918153
20652,2013-06-01,6900.567376740235
20652,2013-07-01,6605.821203709655
20652,2013-08-01,7052.029935731014
20652,2013-09-01,6979.140808239252
20652,2013-10-01,6857.990077622579
20652,2013-11-01,7590.9434845654305
20652,2013-12-01,7511.737700635091
20652,2014-01-01,7545.958922086944
20652,2014-02-01,7595.9697869202555
20652,2014-03-01,8234.930581567136
20652,2014-04-01,8418.050296521506
20652,2014-05-01,7883.032677895866
20652,2014-06-01,7070.567978895455
20652,2014-07-01,6770.610154417225
20652,2014-08-01,7234.6653892193535
20652,2014-09-01,7706.3081005356
20652,2014-10-01,7785.674371402965
20652,2014-11-01,7707.56667537955
20652,2014-12-01,7693.886013136575
20652,2015-01-01,7660.399225967589
20652,2015-02-01,7819.502912415877
20652,2015-03-01,7057.690679907038
20652,2015-04-01,7250.65746781533
20652,2015-05-01,6894.494396342616
20652,2015-06-01,6977.2585828139545
20652,2015-07-01,6712.302147263801
20652,2015-08-01,6871.977098311587
20652,2015-09-01,6707.7612013480975
20652,2015-10-01,6488.177478536847
20652,2015-11-01,6097.146644290822
20652,2015-12-01,6557.333091526934
20652,2016-01-01,6472.70054990939
20652,2016-02-01,6394.020291282472
20652,2016-03-01,6387.958327055758
20652,2016-04-01,5871.835387343162
20652,2016-05-01,5870.520497071844
20652,2016-06-01,5809.616490735954
20652,2016-07-01,6279.1365763392805
20652,2016-08-01,5779.497229770961
20652,2016-09-01,5760.8312247088925
20652,2016-10-01,6184.521261651433
20652,2016-11-01,6139.182465085798
20652,2016-12-01,5815.484880151487
20652,2017-01-01,6540.567585185827
20652,2017-02-01,6233.174628421606
20652,2017-03-01,6510.677302969667
20652,2017-04-01,6984.155885750364
20652,2017-05-01,7304.723027119317
20652,2017-06-01,7165.41185347692
20652,2017-07-01,7387.560115057449
20652,2017-08-01,7119.133574922811
20652,2017-09-01,6674.936539048604
20652,2017-10-01,6977.720656233607
20652,2017-11-01,7101.176279237556
20652,2017-12-01,7406.163520648208
20652,2018-01-01,7721.179883339331
20652,2018-02-01,7196.90560258939
20652,2018-03-01,8162.076956747604
20652,2018-04-01,7946.373738401768
20652,2018-05-01,7237.739697879606
20652,2018-06-01,8180.380497968772
20652,2018-07-01,7811.46791129036
20652,2018-08-01,8766.183275146002
20652,2018-09-01,8793.084567994694
20652,2018-10-01,8782.372121900715
20652,2018-11-01,8874.520479708892
20652,2018-12-01,9437.404415517945
20652,2019-01-01,8154.343958124708
20652,2019-02-01,9226.401227745466
20652,2019-03-01,9406.119373740928
20652,2019-04-01,8713.78005008893
20652,2019-05-01,9972.531597296951
20652,2019-06-01,11060.478873750482
20652,2019-07-01,9439.111979667734
20652,2019-08-01,9511.52984111375
20652,2019-09-01,10084.566279890683
20652,2019-10-01,9236.414702567898
20652,2019-11-01,9707.67659255549
20652,2019-12-01,11420.185617049112
20652,2020-01-01,9126.908007132652
20652,2020-02-01,9874.352406709453
20652,2020-03-01,8015.210903774889
20652,2020-04-01,4200.222272883604
20652,2020-05-01,4775.585362486987
20652,2020-06-01,5925.680664063862
20652,2020-07-01,8481.109933123073
20652,2020-08-01,8560.85349818581
20652,2020-09-01,9061.252898095427
20652,2020-10-01,9343.165588493903
20652,2020-11-01,8739.257118639247
20652,2020-12-01,7398.492640106413
20652,2021-01-01,10549.764667498264
20652,2021-02-01,9146.299580989005
20652,2021-03-01,8411.105582634464
20652,2021-04-01,9186.778631081192
20652,2021-05-01,9022.394890779377
20652,2021-06-01,9427.45103652315
20652,2021-07-01,8897.939224876949
20652,2021-08-01,7899.134910633899
20652,2021-09-01,9187.517327679767
20652,2021-10-01,8436.487961774725
20652,2021-11-01,9826.823244683981
20652,2021-12-01,9117.135897431066
20652,2022-01-01,10279.090891261287
20652,2022-02-01,10330.254120663176
20652,2022-03-01,11779.656073511149
20652,2022-04-01,10813.712199472631
20652,2022-05-01,12677.954644329126
20652,2022-06-01,11913.36744302246
20652,2022-07-01,12305.586086084202
20652,2022-08-01,14302.66429520006
20652,2022-09-01,12787.236133159055
20652,2022-10-01,14780.554830049445
20652,2022-11-01,14376.236617909231
20652,2022-12-01,14183.687279157606
20652,2023-01-01,13775.400244752047
20652,2023-02-01,14041.023402238889
20652,2023-03-01,17387.372678581727
20652,2023-04-01,15208.28423458203
20652,2023-05-01,17742.420288735288
20652,2023-06-01,18949.612191777258
20652,2023-07-01,16435.07444252693
20652,2023-08-01,17337.856851161745
20652,2023-09-01,16157.872809846498
20652,2023-10-01,16018.347545673874
20652,2023-11-01,15941.9899277432
20652,2023-12-01,15053.068655315781
20652,2024-01-01,15294.467952736824
20652,2024-02-01,15016.248927387893
20652,2024-03-01,14069.40560215013
20652,2024-04-01,14620.271302936982
20652,2024-05-01,12978.368305092456
20652,2024-06-01,12621.34660687811
20652,2024-07-01,14301.185588939697
20652,2024-08-01,10701.943764924476
20652,2024-09-01,11164.425686467415
20652,2024-10-01,9883.096243058611
20652,2024-11-01,9786.08147254924
20652,2024-12-01,11519.913802607862
20652,2025-01-01,11037.549471959846
20652,2025-02-01,9659.961148841
20652,2025-03-01,9156.647667017429
20652,2025-04-01,9482.583595297268
20652,2025-05-01,8409.636969963763
20652,2025-06-01,9204.016316618947
20652,2025-07-01,9785.765888903179
20652,2025-08-01,9359.060798435874
20652,2025-09-01,9628.738992839297
20652,2025-10-01,10014.41100594737
20652,2025-11-01,8826.660784956097
20652,2025-12-01,9546.470205564501
20652,2026-01-01,8459.178241093621
20652,2026-02-01,9083.276081922588
20652,2026-03-01,10104.839955442503
20652,2026-04-01,9558.428002694513
20652,2026-05-01,10226.428222116097
20652,2026-06-01,10505.434646566902
20655,2011-03-01,1400.5243521752757
20655,2011-04-01,1426.1072532078306
20655,2011-05-01,1159.5746210647605
20655,2011-06-01,1377.4074288455731
20655,2011-07-01,1535.3324094169925
20655,2011-08-01,1989.539527640289
20655,2011-09-01,2040.8877265157432
20655,2011-10-01,2098.484227160522
20655,2011-11-01,2290.616478132898
20655,2011-12-01,1903.926915945946
20655,2012-01-01,1936.3569759675154
20655,2012-02-01,1953.2285895338086
20655,2012-03-01,1907.0353096254312
20655,2012-04-01,1908.8931290554062
20655,2012-05-01,1881.6746561377026
20655,2012-06-01,1963.6973156058282
20655,2012-07-01,1877.7744710494912
20655,2012-08-01,1836.6991712023769
20655,2012-09-01,2375.1185369961227
20655,2012-10-01,2285.3559676565824
20655,2012-11-01,2403.5191336209095
20655,2012-12-01,2787.1873259147806
20655,2013-01-01,2276.1622821137407
20655,2013-02-01,2251.891504756144
20655,2013-03-01,3431.576030279739
20655,2013-04-01,2401.1349130944395
20655,2013-05-01,2672.68667333689
20655,2013-06-01,3465.80470374304
20655,2013-07-01,2454.306326779295
20655,2013-08-01,2355.869563384393
20655,2013-09-01,2266.2601505659118
20655,2013-10-01,2338.081807026963
20655,2013-11-01,2259.328165367227
20655,2013-12-01,2504.788800665467
20655,2014-01-01,2506.5208680336614
20655,2014-02-01,2659.518122096902
20655,2014-03-01,2473.2565521790693
20655,2014-04-01,2555.982407026035
20655,2014-05-01,2443.2966734441225
20655,2014-06-01,2301.227277884627
20655,2014-07-01,2539.6472822896562
20655,2014-08-01,2541.137538264769
20655,2014-09-01,2584.6098036330177
20655,2014-10-01,2613.29947865657
20655,2014-11-01,2994.8199081255916
20655,2014-12-01,3039.0195771564154
20655,2015-01-01,3205.9272391589766
20655,2015-02-01,3159.591649653893
20655,2015-03-01,3289.495352072539
20655,2015-04-01,3383.535653757246
20655,2015-05-01,3206.6075604144166
20655,2015-06-01,3460.6460893487397
20655,2015-07-01,3488.864590899052
20655,2015-08-01,3394.755876547761
20655,2015-09-01,3542.8829646941836
20655,2015-10-01,3307.518828284062
20655,2015-11-01,3056.397397992386
20655,2015-12-01,3051.269915226698
20655,2016-01-01,3217.910406249347
20655,2016-02-01,3605.3391545738214
20655,2016-03-01,3114.556696050391
20655,2016-04-01,3251.15802714379
20655,2016-05-01,3281.809870802609
20655,2016-06-01,3492.575258057969
20655,2016-07-01,3353.7179283573364
20655,2016-08-01,3481.7891337626243
20655,2016-09-01,3382.454838000854
20655,2016-10-01,3912.023104680913
20655,2016-11-01,3232.6098910448377
20655,2016-12-01,3240.291389829696
20655,2017-01-01,3061.92610406245
20655,2017-02-01,3082.6009427429444
20655,2017-03-01,3887.5439032694653
20655,2017-04-01,3155.3025683833393
20655,2017-05-01,3379.3454873467167
20655,2017-06-01,3592.9362808064725
20655,2017-07-01,3650.3612564476352
20655,2017-08-01,3854.8788979989185
20655,2017-09-01,3714.599505414527
20655,2017-10-01,3812.6348701771344
20655,2017-11-01,5689.9266426207305
20655,2017-12-01,5110.646167699792
20655,2018-01-01,4277.233553030593
20655,2018-02-01,4513.964110429541
20655,2018-03-01,5421.914079085811
20655,2018-04-01,4385.882940667932
20655,2018-05-01,4747.595467670634
20655,2018-06-01,4494.882205711036
20655,2018-07-01,4577.760811536803
20655,2018-08-01,4500.621845756408
20655,2018-09-01,4679.302540154902
20655,2018-10-01,4771.360685407515
20655,2018-11-01,4937.393711750393
20655,2018-12-01,5001.761202376378
20655,2019-01-01,5274.601232898036
20655,2019-02-01,6045.206959950064
20655,2019-03-01,5255.734928416222
20655,2019-04-01,5555.033984140861
20655,2019-05-01,5643.593007590851
20655,2019-06-01,5126.928035723713
20655,2019-07-01,5285.746428081001
20655,2019-08-01,5805.5746099726975
20655,2019-09-01,5860.102262050124
20655,2019-10-01,6107.841583185154
20655,2019-11-01,5971.987350152474
20655,2019-12-01,5632.402134778224
20655,2020-01-01,5880.652957938954
20655,2020-02-01,6037.417355704577
20655,2020-03-01,4191.480799615248
20655,2020-04-01,2943.322995442578
20655,2020-05-01,3157.109257357837
20655,2020-06-01,3970.8208902310566
20655,2020-07-01,4281.237134509327
20655,2020-08-01,4401.760677015514
20655,2020-09-01,4911.751922845601
20655,2020-10-01,5316.350177690297
20655,2020-11-01,5309.383948600883
20655,2020-12-01,6383.956150470897
20655,2021-01-01,7810.093858440884
20655,2021-02-01,6707.818639118715
20655,2021-03-01,6908.960796368708
20655,2021-04-01,7354.430916551086
20655,2021-05-01,7842.037633696615
20655,2021-06-01,10268.392635832022
20655,2021-07-01,6664.077474361744
20655,2021-08-01,6705.651322927686
20655,2021-09-01,6838.516941169363
20655,2021-10-01,7024.4124365345115
20655,2021-11-01,7626.026539545437
20655,2021-12-01,7661.044808859629
20655,2022-01-01,7703.705114377737
20655,2022-02-01,7831.2297089970225
20655,2022-03-01,8628.225487122882
20655,2022-04-01,8748.157312056095
20655,2022-05-01,9039.974674102943
20655,2022-06-01,9085.762581708042
20655,2022-07-01,9856.097891741003
20655,2022-08-01,9917.167825408123
20655,2022-09-01,10430.169212699268
20655,2022-10-01,9918.923422066771
20655,2022-11-01,9917.468268988858
20655,2022-12-01,9997.181682098999
20655,2023-01-01,9896.077684775191
20655,2023-02-01,10227.072001016511
20655,2023-03-01,10518.390505653735
20655,2023-04-01,10251.87110144242
20655,2023-05-01,10714.31904470738
20655,2023-06-01,11195.568939902967
20655,2023-07-01,11506.142174323168
20655,2023-08-01,11827.048219397897
20655,2023-09-01,11107.622226413594
20655,2023-10-01,11605.012492401753
20655,2023-11-01,11320.16418300157
20655,2023-12-01,11902.856696423984
20655,2024-01-01,12717.143841892952
20655,2024-02-01,12138.62012809774
20655,2024-03-01,11322.90900576033
20655,2024-04-01,12041.578941053625
20655,2024-05-01,12755.896865898761
20655,2024-06-01,13155.674152451855
20655,2024-07-01,15023.65044827788
20655,2024-08-01,13916.942711401964
20655,2024-09-01,15024.61138868931
20655,2024-10-01,15070.015026860761
20655,2024-11-01,16147.536920679408
20655,2024-12-01,15862.573178022618
20655,2025-01-01,15610.268115999663
20655,2025-02-01,17891.687658217314
20655,2025-03-01,16945.368738371693
20655,2025-04-01,17629.483137724223
20655,2025-05-01,16033.378743934352
20655,2025-06-01,18097.3417037252
20655,2025-07-01,17067.3759103184
20655,2025-08-01,19217.384634532238
20655,2025-09-01,16565.413732669724
20655,2025-10-01,18485.843092371375
20655,2025-11-01,17743.175330897917
20655,2025-12-01,20525.328722925064
20655,2026-01-01,19173.850607996
20655,2026-02-01,17287.8131742948
20655,2026-03-01,22183.503049944364
20655,2026-04-01,19888.93434582388
20655,2026-05-01,19842.376893834047
20655,2026-06-01,20005.563777583833
20656,2011-03-01,2256.728052004965
20656,2011-04-01,2382.8540515767872
20656,2011-05-01,2223.1665400531883
20656,2011-06-01,2265.061733405653
20656,2011-07-01,2999.10197926658
20656,2011-08-01,3083.8024990754056
20656,2011-09-01,2993.8435113982214
20656,2011-10-01,3264.108481992634
20656,2011-11-01,3321.5494909047707
20656,2011-12-01,2824.3961786943437
20656,2012-01-01,2925.846164174927
20656,2012-02-01,2957.6613954760123
20656,2012-03-01,2797.906961129802
20656,2012-04-01,2915.199209582449
20656,2012-05-01,3069.282026406893
20656,2012-06-01,2925.8533183456516
20656,2012-07-01,3128.452493903371
20656,2012-08-01,3110.5721704948996
20656,2012-09-01,3316.6470559564045
20656,2012-10-01,3461.740277136313
20656,2012-11-01,3707.633826449337
20656,2012-12-01,3818.3398888595025
20656,2013-01-01,3822.9617600971897
20656,2013-02-01,3754.2896081039967
20656,2013-03-01,4564.211472908307
20656,2013-04-01,3989.4138567380046
20656,2013-05-01,4344.970385769556
20656,2013-06-01,4603.934640901417
20656,2013-07-01,4189.115546647817
20656,2013-08-01,4260.778163488732
20656,2013-09-01,4452.773895935597
20656,2013-10-01,4356.333682825785
20656,2013-11-01,4510.975693673126
20656,2013-12-01,4730.402408044974
20656,2014-01-01,4671.275740822101
20656,2014-02-01,4940.766532154037
20656,2014-03-01,5054.886723650335
20656,2014-04-01,5069.054635166496
20656,2014-05-01,4841.359008447625
20656,2014-06-01,5119.849577901798
20656,2014-07-01,5085.7616994220725
20656,2014-08-01,5566.157653547033
20656,2014-09-01,5116.2176866862765
20656,2014-10-01,5060.892275906719
20656,2014-11-01,5184.352220804171
20656,2014-12-01,5467.376513851188
20656,2015-01-01,5779.900078053727
20656,2015-02-01,5951.0001311223505
20656,2015-03-01,5766.537850056164
20656,2015-04-01,5910.563707015971
20656,2015-05-01,5895.4531240318165
20656,2015-06-01,6044.4016707105575
20656,2015-07-01,6323.238221333621
20656,2015-08-01,5959.316854609113
20656,2015-09-01,6399.555735388196
20656,2015-10-01,6169.643337631094
20656,2015-11-01,5483.668745554463
20656,2015-12-01,5894.220657967808
20656,2016-01-01,5823.556165373761
20656,2016-02-01,6321.731356251826
20656,2016-03-01,4925.068988339044
20656,2016-04-01,5498.592068963525
20656,2016-05-01,5461.272893445294
20656,2016-06-01,5368.587751029494
20656,2016-07-01,5388.996527858097
20656,2016-08-01,5490.527695612171
20656,2016-09-01,5189.3236431465
20656,2016-10-01,5795.5280862045565
20656,2016-11-01,5209.940999526778
20656,2016-12-01,4919.749441598814
20656,2017-01-01,5122.553801385577
20656,2017-02-01,4835.011105817549
20656,2017-03-01,5379.995700673762
20656,2017-04-01,4007.1170845941087
20656,2017-05-01,4823.663712349403
20656,2017-06-01,4940.575650729644
20656,2017-07-01,5045.936160541081
20656,2017-08-01,5372.125352557324
20656,2017-09-01,5146.20169800101
20656,2017-10-01,5175.405241378086
20656,2017-11-01,7365.4882131718305
20656,2017-12-01,6761.099815362988
20656,2018-01-01,5524.760815703993
20656,2018-02-01,5599.46148956297
20656,2018-03-01,6005.681486921463
20656,2018-04-01,5301.66194435863
20656,2018-05-01,5862.837786103109
20656,2018-06-01,5685.5231617079235
20656,2018-07-01,5675.049007745162
20656,2018-08-01,5605.755968217583
20656,2018-09-01,5820.908246917142
20656,2018-10-01,5879.798479196154
20656,2018-11-01,6124.104747071321
20656,2018-12-01,5829.83586128967
20656,2019-01-01,6601.208738922778
20656,2019-02-01,7293.048640807175
20656,2019-03-01,6288.677712027887
20656,2019-04-01,6648.612225595686
20656,2019-05-01,6970.5915052311375
20656,2019-06-01,6691.849900952002
20656,2019-07-01,7050.105400929006
20656,2019-08-01,7311.193287101669
20656,2019-09-01,7168.293009419118
20656,2019-10-01,7381.120479073184
20656,2019-11-01,7244.3563568129675
20656,2019-12-01,7522.923240460131
20656,2020-01-01,7279.9716689977095
20656,2020-02-01,7352.40362359831
20656,2020-03-01,6736.0976421821215
20656,2020-04-01,4332.396067153086
20656,2020-05-01,4329.544477612261
20656,2020-06-01,5605.076563184046
20656,2020-07-01,6376.630438964117
20656,2020-08-01,5428.935971194371
20656,2020-09-01,6095.840449051229
20656,2020-10-01,6759.446622393359
20656,2020-11-01,6432.211457290988
20656,2020-12-01,6896.171487630034
20656,2021-01-01,9132.519854216065
20656,2021-02-01,7766.804942225309
20656,2021-03-01,7863.291451113658
20656,2021-04-01,8712.632760647066
20656,2021-05-01,8830.431903743662
20656,2021-06-01,11169.637173034564
20656,2021-07-01,8161.218496538123
20656,2021-08-01,7915.212899954945
20656,2021-09-01,8493.883401056275
20656,2021-10-01,8736.50063753993
20656,2021-11-01,9431.915594778759
20656,2021-12-01,10185.60834897831
20656,2022-01-01,9925.257006548973
20656,2022-02-01,9846.181980807212
20656,2022-03-01,11059.99971293329
20656,2022-04-01,10897.261727051216
20656,2022-05-01,11869.69005976564
20656,2022-06-01,12177.052194881284
20656,2022-07-01,12823.292030591734
20656,2022-08-01,13480.772137935304
20656,2022-09-01,14153.01386718564
20656,2022-10-01,13170.61466808284
20656,2022-11-01,14163.218769911564
20656,2022-12-01,16689.13683049986
20656,2023-01-01,13823.706428589907
20656,2023-02-01,14959.98635188302
20656,2023-03-01,16268.581742444518
20656,2023-04-01,15692.999278183552
20656,2023-05-01,15992.65608941154
20656,2023-06-01,17374.38992764491
20656,2023-07-01,15594.283463506237
20656,2023-08-01,18255.416576910284
20656,2023-09-01,18955.24928183597
20656,2023-10-01,19110.79257526937
20656,2023-11-01,19899.92931480326
20656,2023-12-01,17706.44007649403
20656,2024-01-01,18518.41496938196
20656,2024-02-01,19864.59887854452
20656,2024-03-01,18780.381511731433
20656,2024-04-01,18873.832445487915
20656,2024-05-01,17120.246357071977
20656,2024-06-01,17833.30297915334
20656,2024-07-01,19786.798833489396
20656,2024-08-01,19904.132554564894
20656,2024-09-01,19386.992424732765
20656,2024-10-01,19729.920122174946
20656,2024-11-01,19486.316627448727
20656,2024-12-01,19446.02713105747
20656,2025-01-01,20330.545050992827
20656,2025-02-01,23220.71977257088
20656,2025-03-01,20448.724276891196
20656,2025-04-01,21486.23241128842
20656,2025-05-01,22569.148683452622
20656,2025-06-01,22793.55133015138
20656,2025-07-01,22006.92738842379
20656,2025-08-01,22843.435171360656
20656,2025-09-01,21902.009144185446
20656,2025-10-01,23487.10077450043
20656,2025-11-01,22513.920199923185
20656,2025-12-01,25077.487208471102
20656,2026-01-01,25674.557989369572
20656,2026-02-01,21839.42940393462
20656,2026-03-01,26058.98338648531
20656,2026-04-01,25592.045516171696
20656,2026-05-01,24800.07642494103
20656,2026-06-01,26375.96838624389
20657,2011-03-01,6598.544552431384
20657,2011-04-01,6926.333124335693
20657,2011-05-01,6990.85094958352
20657,2011-06-01,6935.592155617982
20657,2011-07-01,8171.776833286205
20657,2011-08-01,8921.366089051557
20657,2011-09-01,9147.154604247013
20657,2011-10-01,6958.324887215194
20657,2011-11-01,7667.973611068098
20657,2011-12-01,7781.616355242158
20657,2012-01-01,8482.956072541885
20657,2012-02-01,6871.10295816557
20657,2012-03-01,8474.365477468762
20657,2012-04-01,8764.979055225378
20657,2012-05-01,7507.100622739664
20657,2012-06-01,6962.445886552077
20657,2012-07-01,8837.76102990879
20657,2012-08-01,8973.535521440364
20657,2012-09-01,8581.58906519912
20657,2012-10-01,8760.310109970076
20657,2012-11-01,8387.023001081441
20657,2012-12-01,5991.397111556019
20657,2013-01-01,6011.868093617112
20657,2013-02-01,6919.821268147625
20657,2013-03-01,6905.081703660784
20657,2013-04-01,5744.795939752874
20657,2013-05-01,8409.287587849924
20657,2013-06-01,7970.299689174811
20657,2013-07-01,7466.110023561863
20657,2013-08-01,7949.223354135972
20657,2013-09-01,6934.666589344701
20657,2013-10-01,6967.899391292093
20657,2013-11-01,6866.07256354147
20657,2013-12-01,7530.939543865781
20657,2014-01-01,6651.880541491692
20657,2014-02-01,9105.609284695776
20657,2014-03-01,6934.953414146885
20657,2014-04-01,6719.104932307673
20657,2014-05-01,7302.080696957769
20657,2014-06-01,8224.535558790329
20657,2014-07-01,8135.473695607437
20657,2014-08-01,7154.063551403129
20657,2014-09-01,6533.264886047244
20657,2014-10-01,9097.976583231628
20657,2014-11-01,8197.344083384643
20657,2014-12-01,9041.125389232448
20657,2015-01-01,11355.797854477401
20657,2015-02-01,7043.9637270857575
20657,2015-03-01,6791.432006373777
20657,2015-04-01,9777.30740341319
20657,2015-05-01,9760.540183607069
20657,2015-06-01,10241.886470411047
20657,2015-07-01,9533.000748666802
20657,2015-08-01,7718.810258728224
20657,2015-09-01,11656.336820855116
20657,2015-10-01,10335.099045572295
20657,2015-11-01,10663.82156359923
20657,2015-12-01,12406.677222532753
20657,2016-01-01,10467.031910295624
20657,2016-02-01,8261.687490261986
20657,2016-03-01,9518.236612268098
20657,2016-04-01,8267.365296658456
20657,2016-05-01,11742.42272461112
20657,2016-06-01,8146.620389011311
20657,2016-07-01,8313.031831743498
20657,2016-08-01,6958.207166400365
20657,2016-09-01,7475.582107857581
20657,2016-10-01,8330.0105274798
20657,2016-11-01,9594.458179695244
20657,2016-12-01,8226.370774504627
20657,2017-01-01,7413.227422046834
20657,2017-02-01,7735.388914581105
20657,2017-03-01,7705.227615838158
20657,2017-04-01,6772.489497756887
20657,2017-05-01,7162.674578134145
20657,2017-06-01,7591.755989801645
20657,2017-07-01,8161.473936391731
20657,2017-08-01,6147.1998484031365
20657,2017-09-01,8010.576661186095
20657,2017-10-01,8130.253216013195
20657,2017-11-01,8647.548013937656
20657,2017-12-01,8716.638970425676
20657,2018-01-01,7425.91407328703
20657,2018-02-01,10488.006261848508
20657,2018-03-01,10658.736414681673
20657,2018-04-01,10992.687988718835
20657,2018-05-01,11151.55663496011
20657,2018-06-01,10371.992312746388
20657,2018-07-01,10177.176191056422
20657,2018-08-01,11321.998254936627
20657,2018-09-01,10291.024622253419
20657,2018-10-01,12674.431962526047
20657,2018-11-01,8922.172375324095
20657,2018-12-01,11023.344601244318
20657,2019-01-01,11440.92919273976
20657,2019-02-01,10449.400748937933
20657,2019-03-01,9902.173847080463
20657,2019-04-01,9573.879252306515
20657,2019-05-01,10250.27456714466
20657,2019-06-01,9534.270106348426
20657,2019-07-01,9220.483329262453
20657,2019-08-01,12013.240715478503
20657,2019-09-01,10730.656830106147
20657,2019-10-01,9147.361379025831
20657,2019-11-01,12026.601624074421
20657,2019-12-01,11135.38921002418
20657,2020-01-01,8250.101729399192
20657,2020-02-01,9038.730208730045
20657,2020-03-01,25750.462058601937
20657,2020-04-01,10777.042888673768
20657,2020-05-01,7791.186849249526
20657,2020-06-01,7420.386345544099
20657,2020-07-01,7281.694279491969
20657,2020-08-01,10859.695689910439
20657,2020-09-01,8198.475408456925
20657,2020-10-01,7311.760787476279
20657,2020-11-01,7962.768704956113
20657,2020-12-01,7153.8521657304555
20657,2021-01-01,9674.570429623991
20657,2021-02-01,9617.577988147945
20657,2021-03-01,15964.914835989804
20657,2021-04-01,16835.373448252747
20657,2021-05-01,14597.839765733099
20657,2021-06-01,12332.82258503981
20657,2021-07-01,12554.523508985574
20657,2021-08-01,10738.86586929297
20657,2021-09-01,12755.730077779182
20657,2021-10-01,12823.256755390104
20657,2021-11-01,11231.32358108574
20657,2021-12-01,11834.224517159211
20657,2022-01-01,16143.464715723041
20657,2022-02-01,16048.299868486556
20657,2022-03-01,20571.394283070385
20657,2022-04-01,18561.514183809908
20657,2022-05-01,13621.395216361077
20657,2022-06-01,15332.882963601322
20657,2022-07-01,15348.270586514913
20657,2022-08-01,13108.25112480961
20657,2022-09-01,13432.196391547086
20657,2022-10-01,13676.92134213195
20657,2022-11-01,14695.412336520283
20657,2022-12-01,15370.082068010088
20657,2023-01-01,13806.742922619702
20657,2023-02-01,16824.857197112997
20657,2023-03-01,15387.621952097245
20657,2023-04-01,12669.976887432678
20657,2023-05-01,13302.24428974923
20657,2023-06-01,13112.758822777309
20657,2023-07-01,13220.885987426089
20657,2023-08-01,12688.868665223594
20657,2023-09-01,12744.79858630536
20657,2023-10-01,12516.670287963716
20657,2023-11-01,14872.735248157256
20657,2023-12-01,11519.478147489483
20657,2024-01-01,13010.275258918513
20657,2024-02-01,10833.691136749574
20657,2024-03-01,13905.466442454863
20657,2024-04-01,13793.598678942888
20657,2024-05-01,12585.584392183631
20657,2024-06-01,15148.947321236783
20657,2024-07-01,13846.370056927039
20657,2024-08-01,17564.002729248015
20657,2024-09-01,15405.864184116368
20657,2024-10-01,16086.550157337175
20657,2024-11-01,13585.941465405782
20657,2024-12-01,14756.484468290137
20657,2025-01-01,14646.607518517301
20657,2025-02-01,13848.43354800207
20657,2025-03-01,11101.179068906742
20657,2025-04-01,16115.448574227677
20657,2025-05-01,13855.757912351828
20657,2025-06-01,18374.4355943345
20657,2025-07-01,15642.078923905126
20657,2025-08-01,15445.880485111335
20657,2025-09-01,14309.191515467895
20657,2025-10-01,13434.170434171741
20657,2025-11-01,11982.035932236187
20657,2025-12-01,14332.222971853096
20657,2026-01-01,12827.233198619588
20657,2026-02-01,14750.758027275344
20657,2026-03-01,13132.09178995648
20657,2026-04-01,10401.34871475816
20657,2026-05-01,12324.571199645443
20657,2026-06-01,13260.18016246936
20658,2011-03-01,526
20658,2011-04-01,408
20658,2011-05-01,550
20658,2011-06-01,459
20658,2011-07-01,385
20658,2011-08-01,566
20658,2011-09-01,451
20658,2011-10-01,500
20658,2011-11-01,591
20658,2011-12-01,651
20658,2012-01-01,475
20658,2012-02-01,423
20658,2012-03-01,513
20658,2012-04-01,540
20658,2012-05-01,1407
20658,2012-06-01,1575
20658,2012-07-01,723
20658,2012-08-01,734
20658,2012-09-01,432
20658,2012-10-01,571
20658,2012-11-01,542
20658,2012-12-01,601
20658,2013-01-01,607
20658,2013-02-01,416
20658,2013-03-01,478
20658,2013-04-01,398
20658,2013-05-01,473
20658,2013-06-01,624
20658,2013-07-01,695
20658,2013-08-01,618
20658,2013-09-01,616
20658,2013-10-01,565
20658,2013-11-01,516
20658,2013-12-01,627
20658,2014-01-01,542
20658,2014-02-01,569
20658,2014-03-01,560
20658,2014-04-01,511
20658,2014-05-01,483
20658,2014-06-01,525
20658,2014-07-01,708
20658,2014-08-01,451
20658,2014-09-01,615
20658,2014-10-01,515
20658,2014-11-01,491
20658,2014-12-01,619
20658,2015-01-01,505
20658,2015-02-01,558
20658,2015-03-01,627
20658,2015-04-01,596
20658,2015-05-01,505
20658,2015-06-01,523
20658,2015-07-01,512
20658,2015-08-01,611
20658,2015-09-01,423
20658,2015-10-01,470
20658,2015-11-01,642
20658,2015-12-01,411
20658,2016-01-01,372
20658,2016-02-01,292
20658,2016-03-01,326
20658,2016-04-01,306
20658,2016-05-01,268
20658,2016-06-01,260
20658,2016-07-01,211
20658,2016-08-01,317
20658,2016-09-01,306
20658,2016-10-01,223
20658,2016-11-01,294
20658,2016-12-01,314
20658,2017-01-01,379
20658,2017-02-01,163
20658,2017-03-01,316
20658,2017-04-01,202
20658,2017-05-01,290
20658,2017-06-01,352
20658,2017-07-01,388
20658,2017-08-01,408
20658,2017-09-01,318
20658,2017-10-01,262
20658,2017-11-01,290
20658,2017-12-01,300
20658,2018-01-01,280
20658,2018-02-01,402
20658,2018-03-01,291
20658,2018-04-01,336
20658,2018-05-01,327
20658,2018-06-01,421
20658,2018-07-01,426
20658,2018-08-01,343
20658,2018-09-01,417
20658,2018-10-01,320
20658,2018-11-01,282
20658,2018-12-01,372
20658,2019-01-01,358
20658,2019-02-01,229
20658,2019-03-01,217
20658,2019-04-01,271
20658,2019-05-01,384
20658,2019-06-01,324
20658,2019-07-01,292
20658,2019-08-01,284
20658,2019-09-01,323
20658,2019-10-01,383
20658,2019-11-01,412
20658,2019-12-01,574
20658,2020-01-01,521
20658,2020-02-01,272
20658,2020-03-01,622
20658,2020-04-01,419
20658,2020-05-01,312
20658,2020-06-01,521
20658,2020-07-01,413
20658,2020-08-01,549
20658,2020-09-01,427
20658,2020-10-01,643
20658,2020-11-01,601
20658,2020-12-01,688
20658,2021-01-01,606
20658,2021-02-01,663
20658,2021-03-01,851
20658,2021-04-01,851
20658,2021-05-01,995
20658,2021-06-01,616
20658,2021-07-01,683
20658,2021-08-01,686
20658,2021-09-01,581
20658,2021-10-01,1188
20658,2021-11-01,1063
20658,2021-12-01,1311
20658,2022-01-01,1339
20658,2022-02-01,1213
20658,2022-03-01,1193
20658,2022-04-01,923
20658,2022-05-01,1887
20658,2022-06-01,1623
20658,2022-07-01,1692
20658,2022-08-01,1793
20658,2022-09-01,1528
20658,2022-10-01,1407
20658,2022-11-01,1450
20658,2022-12-01,1431
20658,2023-01-01,957
20658,2023-02-01,866
20658,2023-03-01,1068
20658,2023-04-01,689
20658,2023-05-01,781
20658,2023-06-01,951
20658,2023-07-01,1071
20658,2023-08-01,1141
20658,2023-09-01,1111
20658,2023-10-01,773
20658,2023-11-01,705
20658,2023-12-01,731
20658,2024-01-01,1066
20658,2024-02-01,1218
20658,2024-03-01,938
20658,2024-04-01,836
20658,2024-05-01,1007
20658,2024-06-01,1050
20658,2024-07-01,1405
20658,2024-08-01,1336
20658,2024-09-01,1247
20658,2024-10-01,1294
20658,2024-11-01,1453
20658,2024-12-01,1491
20658,2025-01-01,2407
20658,2025-02-01,1424
20658,2025-03-01,966
20658,2025-04-01,1263
20658,2025-05-01,782
20658,2025-06-01,1204
20658,2025-07-01,1152
20658,2025-08-01,962
20658,2025-09-01,1247
20658,2025-10-01,1154
20658,2025-11-01,667
20658,2025-12-01,1333
20658,2026-01-01,1325
20658,2026-02-01,870
20658,2026-03-01,1239
20658,2026-04-01,714
20658,2026-05-01,1293
20658,2026-06-01,1414
20659,2011-03-01,1440
20659,2011-04-01,3168
20659,2011-05-01,2007
20659,2011-06-01,2330
20659,2011-07-01,1414
20659,2011-08-01,2442
20659,2011-09-01,2481
20659,2011-10-01,1560
20659,2011-11-01,4332
20659,2011-12-01,4061
20659,2012-01-01,2831
20659,2012-02-01,1855
20659,2012-03-01,4324
20659,2012-04-01,2460
20659,2012-05-01,4299
20659,2012-06-01,4038
20659,2012-07-01,3629
20659,2012-08-01,2439
20659,2012-09-01,3547
20659,2012-10-01,5445
20659,2012-11-01,3027
20659,2012-12-01,2046
20659,2013-01-01,1366
20659,2013-02-01,4915
20659,2013-03-01,4584
20659,2013-04-01,5934
20659,2013-05-01,11141
20659,2013-06-01,2978
20659,2013-07-01,2231
20659,2013-08-01,2514
20659,2013-09-01,3495
20659,2013-10-01,3269
20659,2013-11-01,1762
20659,2013-12-01,4862
20659,2014-01-01,2219
20659,2014-02-01,2110
20659,2014-03-01,3288
20659,2014-04-01,2732
20659,2014-05-01,4231
20659,2014-06-01,4845
20659,2014-07-01,2097
20659,2014-08-01,3086
20659,2014-09-01,3654
20659,2014-10-01,2437
20659,2014-11-01,3425
20659,2014-12-01,3625
20659,2015-01-01,2035
20659,2015-02-01,1735
20659,2015-03-01,3028
20659,2015-04-01,2681
20659,2015-05-01,3274
20659,2015-06-01,8029
20659,2015-07-01,2813
20659,2015-08-01,3628
20659,2015-09-01,4928
20659,2015-10-01,3682
20659,2015-11-01,4450
20659,2015-12-01,5571
20659,2016-01-01,1844
20659,2016-02-01,2319
20659,2016-03-01,3244
20659,2016-04-01,2770
20659,2016-05-01,3087
20659,2016-06-01,4195
20659,2016-07-01,1582
20659,2016-08-01,2178
20659,2016-09-01,3449
20659,2016-10-01,1542
20659,2016-11-01,2511
20659,2016-12-01,3407
20659,2017-01-01,2577
20659,2017-02-01,2592
20659,2017-03-01,4368
20659,2017-04-01,2268
20659,2017-05-01,4232
20659,2017-06-01,10683
20659,2017-07-01,1430
20659,2017-08-01,11140
20659,2017-09-01,3572
20659,2017-10-01,2829
20659,2017-11-01,2526
20659,2017-12-01,4560
20659,2018-01-01,4495
20659,2018-02-01,9191
20659,2018-03-01,5636
20659,2018-04-01,3915
20659,2018-05-01,5750
20659,2018-06-01,7253
20659,2018-07-01,3965
20659,2018-08-01,5152
20659,2018-09-01,4025
20659,2018-10-01,3029
20659,2018-11-01,2744
20659,2018-12-01,6251
20659,2019-01-01,5041
20659,2019-02-01,5221
20659,2019-03-01,4279
20659,2019-04-01,5024
20659,2019-05-01,5407
20659,2019-06-01,5937
20659,2019-07-01,3984
20659,2019-08-01,3868
20659,2019-09-01,3820
20659,2019-10-01,5057
20659,2019-11-01,4635
20659,2019-12-01,5761
20659,2020-01-01,3680
20659,2020-02-01,5033
20659,2020-03-01,18415
20659,2020-04-01,10255
20659,2020-05-01,9135
20659,2020-06-01,3323
20659,2020-07-01,1056
20659,2020-08-01,2030
20659,2020-09-01,748
20659,2020-10-01,2128
20659,2020-11-01,997
20659,2020-12-01,2487
20659,2021-01-01,2040
20659,2021-02-01,6130
20659,2021-03-01,9642
20659,2021-04-01,3910
20659,2021-05-01,5570
20659,2021-06-01,6776
20659,2021-07-01,3353
20659,2021-08-01,5959
20659,2021-09-01,6686
20659,2021-10-01,5047
20659,2021-11-01,4899
20659,2021-12-01,10680
20659,2022-01-01,4621
20659,2022-02-01,8686
20659,2022-03-01,9851
20659,2022-04-01,7028
20659,2022-05-01,6361
20659,2022-06-01,5593
20659,2022-07-01,4529
20659,2022-08-01,5001
20659,2022-09-01,4427
20659,2022-10-01,5147
20659,2022-11-01,3476
20659,2022-12-01,5858
20659,2023-01-01,2985
20659,2023-02-01,5079
20659,2023-03-01,8154
20659,2023-04-01,3637
20659,2023-05-01,6173
20659,2023-06-01,7228
20659,2023-07-01,3863
20659,2023-08-01,4706
20659,2023-09-01,4693
20659,2023-10-01,5372
20659,2023-11-01,5535
20659,2023-12-01,10913
20659,2024-01-01,5211
20659,2024-02-01,6084
20659,2024-03-01,6332
20659,2024-04-01,4568
20659,2024-05-01,5603
20659,2024-06-01,9342
20659,2024-07-01,6741
20659,2024-08-01,4353
20659,2024-09-01,5027
20659,2024-10-01,3173
20659,2024-11-01,3249
20659,2024-12-01,10378
20659,2025-01-01,7451
20659,2025-02-01,4853
20659,2025-03-01,4351
20659,2025-04-01,10436
20659,2025-05-01,6488
20659,2025-06-01,8282
20659,2025-07-01,9818
20659,2025-08-01,7467
20659,2025-09-01,6996
20659,2025-10-01,5573
20659,2025-11-01,6580
20659,2025-12-01,7128
20659,2026-01-01,9071
20659,2026-02-01,6718
20659,2026-03-01,6925
20659,2026-04-01,7765
20659,2026-05-01,8177
20659,2026-06-01,10185
20660,2011-03-01,798
20660,2011-04-01,502
20660,2011-05-01,582
20660,2011-06-01,509
20660,2011-07-01,557
20660,2011-08-01,338
20660,2011-09-01,509
20660,2011-10-01,415
20660,2011-11-01,299
20660,2011-12-01,464
20660,2012-01-01,261
20660,2012-02-01,350
20660,2012-03-01,681
20660,2012-04-01,789
20660,2012-05-01,790
20660,2012-06-01,1495
20660,2012-07-01,610
20660,2012-08-01,808
20660,2012-09-01,541
20660,2012-10-01,417
20660,2012-11-01,734
20660,2012-12-01,2741
20660,2013-01-01,2213
20660,2013-02-01,230
20660,2013-03-01,251
20660,2013-04-01,366
20660,2013-05-01,370
20660,2013-06-01,1540
20660,2013-07-01,668
20660,2013-08-01,582
20660,2013-09-01,3311
20660,2013-10-01,403
20660,2013-11-01,1093
20660,2013-12-01,2131
20660,2014-01-01,336
20660,2014-02-01,210
20660,2014-03-01,2326
20660,2014-04-01,1300
20660,2014-05-01,435
20660,2014-06-01,659
20660,2014-07-01,1413
20660,2014-08-01,276
20660,2014-09-01,1153
20660,2014-10-01,231
20660,2014-11-01,699
20660,2014-12-01,817
20660,2015-01-01,275
20660,2015-02-01,260
20660,2015-03-01,1069
20660,2015-04-01,79
20660,2015-05-01,381
20660,2015-06-01,120
20660,2015-07-01,480
20660,2015-08-01,274
20660,2015-09-01,1036
20660,2015-10-01,256
20660,2015-11-01,1569
20660,2015-12-01,2568
20660,2016-01-01,455
20660,2016-02-01,401
20660,2016-03-01,635
20660,2016-04-01,351
20660,2016-05-01,430
20660,2016-06-01,244
20660,2016-07-01,294
20660,2016-08-01,164
20660,2016-09-01,369
20660,2016-10-01,81
20660,2016-11-01,282
20660,2016-12-01,291
20660,2017-01-01,18
20660,2017-02-01,33
20660,2017-03-01,167
20660,2017-04-01,2606
20660,2017-05-01,200
20660,2017-06-01,134
20660,2017-07-01,58
20660,2017-08-01,189
20660,2017-09-01,164
20660,2017-10-01,248
20660,2017-11-01,149
20660,2017-12-01,1185
20660,2018-01-01,82
20660,2018-02-01,125
20660,2018-03-01,69
20660,2018-04-01,180
20660,2018-05-01,140
20660,2018-06-01,439
20660,2018-07-01,89
20660,2018-08-01,109
20660,2018-09-01,101
20660,2018-10-01,125
20660,2018-11-01,104
20660,2018-12-01,93
20660,2019-01-01,75
20660,2019-02-01,113
20660,2019-03-01,126
20660,2019-04-01,108
20660,2019-05-01,132
20660,2019-06-01,253
20660,2019-07-01,102
20660,2019-08-01,151
20660,2019-09-01,206
20660,2019-10-01,126
20660,2019-11-01,164
20660,2019-12-01,165
20660,2020-01-01,46
20660,2020-02-01,386
20660,2020-03-01,452
20660,2020-04-01,407
20660,2020-05-01,256
20660,2020-06-01,2760
20660,2020-07-01,206
20660,2020-08-01,321
20660,2020-09-01,311
20660,2020-10-01,278
20660,2020-11-01,254
20660,2020-12-01,471
20660,2021-01-01,30
20660,2021-02-01,80
20660,2021-03-01,305
20660,2021-04-01,233
20660,2021-05-01,103
20660,2021-06-01,490
20660,2021-07-01,68
20660,2021-08-01,344
20660,2021-09-01,168
20660,2021-10-01,414
20660,2021-11-01,124
20660,2021-12-01,480
20660,2022-01-01,87
20660,2022-02-01,297
20660,2022-03-01,407
20660,2022-04-01,95
20660,2022-05-01,268
20660,2022-06-01,710
20660,2022-07-01,289
20660,2022-08-01,405
20660,2022-09-01,676
20660,2022-10-01,287
20660,2022-11-01,265
20660,2022-12-01,162
20660,2023-01-01,91
20660,2023-02-01,86
20660,2023-03-01,365
20660,2023-04-01,356
20660,2023-05-01,466
20660,2023-06-01,1013
20660,2023-07-01,277
20660,2023-08-01,327
20660,2023-09-01,345
20660,2023-10-01,321
20660,2023-11-01,347
20660,2023-12-01,149
20660,2024-01-01,169
20660,2024-02-01,272
20660,2024-03-01,461
20660,2024-04-01,735
20660,2024-05-01,759
20660,2024-06-01,346
20660,2024-07-01,481
20660,2024-08-01,475
20660,2024-09-01,362
20660,2024-10-01,345
20660,2024-11-01,212
20660,2024-12-01,242
20660,2025-01-01,113
20660,2025-02-01,402
20660,2025-03-01,284
20660,2025-04-01,498
20660,2025-05-01,579
20660,2025-06-01,499
20660,2025-07-01,534
20660,2025-08-01,300
20660,2025-09-01,352
20660,2025-10-01,433
20660,2025-11-01,257
20660,2025-12-01,239
20660,2026-01-01,89
20660,2026-02-01,136
20660,2026-03-01,174
20660,2026-04-01,281
20660,2026-05-01,296
20660,2026-06-01,490
20661,2011-03-01,6739.59001763232
20661,2011-04-01,6060.493619669008
20661,2011-05-01,5838.168784689189
20661,2011-06-01,6075.866161106931
20661,2011-07-01,6319.721745082771
20661,2011-08-01,6012.407727817558
20661,2011-09-01,5887.685049783739
20661,2011-10-01,6850.651791668916
20661,2011-11-01,6698.429064416976
20661,2011-12-01,7579.392938033073
20661,2012-01-01,7666.084666935928
20661,2012-02-01,7399.2087580146335
20661,2012-03-01,7284.808042786625
20661,2012-04-01,7135.210486467926
20661,2012-05-01,7485.150568182883
20661,2012-06-01,8281.381773373783
20661,2012-07-01,7859.660156992102
20661,2012-08-01,8062.985655973625
20661,2012-09-01,10988.35171064714
20661,2012-10-01,9499.060143634459
20661,2012-11-01,8024.441417512665
20661,2012-12-01,8213.838525311417
20661,2013-01-01,7663.087988856918
20661,2013-02-01,8017.523980194652
20661,2013-03-01,8129.236006355141
20661,2013-04-01,9002.935137629047
20661,2013-05-01,9014.715536597434
20661,2013-06-01,8660.984123008842
20661,2013-07-01,8622.249880058725
20661,2013-08-01,8787.718638968947
20661,2013-09-01,8414.209306017998
20661,2013-10-01,7952.987642280019
20661,2013-11-01,8972.080713635884
20661,2013-12-01,7199.859177545994
20661,2014-01-01,8758.851027212844
20661,2014-02-01,9239.263759256746
20661,2014-03-01,11217.267372458457
20661,2014-04-01,8724.675827104767
20661,2014-05-01,8573.21716699958
20661,2014-06-01,8629.4684141478
20661,2014-07-01,8430.999822096483
20661,2014-08-01,8152.719218869016
20661,2014-09-01,10289.030586852927
20661,2014-10-01,8028.960414560467
20661,2014-11-01,8564.720436222517
20661,2014-12-01,7415.824410705405
20661,2015-01-01,7610.710109038612
20661,2015-02-01,7682.579958496631
20661,2015-03-01,8866.500648221025
20661,2015-04-01,7837.531711522721
20661,2015-05-01,10433.562332202882
20661,2015-06-01,8236.761642163958
20661,2015-07-01,8994.864430359592
20661,2015-08-01,8910.158469467046
20661,2015-09-01,8456.036348917227
20661,2015-10-01,6859.5222821218385
20661,2015-11-01,6969.0032887400685
20661,2015-12-01,7524.549786997525
20661,2016-01-01,8603.413460715887
20661,2016-02-01,9358.419976921079
20661,2016-03-01,8046.310691598769
20661,2016-04-01,9306.617946440036
20661,2016-05-01,7769.503086897783
20661,2016-06-01,9660.736861211197
20661,2016-07-01,8387.477844701461
20661,2016-08-01,8329.021630775856
20661,2016-09-01,7782.774593665829
20661,2016-10-01,7723.314879912086
20661,2016-11-01,7801.718736417321
20661,2016-12-01,8685.479892598169
20661,2017-01-01,9391.071957017772
20661,2017-02-01,5102.83715681973
20661,2017-03-01,5228.695729926196
20661,2017-04-01,5422.286523404274
20661,2017-05-01,5252.055094787311
20661,2017-06-01,4072.312414946663
20661,2017-07-01,3543.5539172755816
20661,2017-08-01,3049.340202110707
20661,2017-09-01,3248.1448351218164
20661,2017-10-01,3897.686232994492
20661,2017-11-01,3007.7747638995806
20661,2017-12-01,4314.477900000424
20661,2018-01-01,2771.39413405824
20661,2018-02-01,2235.0110601001334
20661,2018-03-01,2115.5768141455283
20661,2018-04-01,1837.9835100742234
20661,2018-05-01,1823.0616885677812
20661,2018-06-01,1963.3486198197352
20661,2018-07-01,2273.3312346404377
20661,2018-08-01,2907.1942769644543
20661,2018-09-01,3271.6643570809083
20661,2018-10-01,3045.6438605040094
20661,2018-11-01,3537.977064613026
20661,2018-12-01,2426.220732319188
20661,2019-01-01,2678.722250479186
20661,2019-02-01,3069.8335427444486
20661,2019-03-01,3755.8908497589873
20661,2019-04-01,3149.664313718559
20661,2019-05-01,3635.7096800970407
20661,2019-06-01,2436.549642730209
20661,2019-07-01,2507.4553537533425
20661,2019-08-01,2433.997759592612
20661,2019-09-01,2669.7912481742947
20661,2019-10-01,4351.2898529769855
20661,2019-11-01,3434.221217932928
20661,2019-12-01,3656.02557122183
20661,2020-01-01,2950.991020153906
20661,2020-02-01,4193.620815702196
20661,2020-03-01,3642.1827156574445
20661,2020-04-01,4347.307207218649
20661,2020-05-01,3692.255532460088
20661,2020-06-01,4039.4016205351536
20661,2020-07-01,5568.235212154386
20661,2020-08-01,5471.959359293333
20661,2020-09-01,4022.4747037812117
20661,2020-10-01,4754.862436990514
20661,2020-11-01,3933.8244811913883
20661,2020-12-01,3529.531693580608
20661,2021-01-01,5515.480520283746
20661,2021-02-01,5436.819528279204
20661,2021-03-01,5279.720150950732
20661,2021-04-01,5160.514898322513
20661,2021-05-01,4608.743936938509
20661,2021-06-01,5723.77556207092
20661,2021-07-01,4963.112465810602
20661,2021-08-01,5977.389962366778
20661,2021-09-01,5158.347398443861
20661,2021-10-01,5276.180221244244
20661,2021-11-01,5734.161369511771
20661,2021-12-01,2530.6605298963686
20661,2022-01-01,6079.036931024711
20661,2022-02-01,5238.946970606242
20661,2022-03-01,5813.99852452551
20661,2022-04-01,4537.336902684563
20661,2022-05-01,4783.343757400437
20661,2022-06-01,5307.977164255158
20661,2022-07-01,4321.807704553041
20661,2022-08-01,4544.575103775779
20661,2022-09-01,4983.581087051688
20661,2022-10-01,4598.914592830624
20661,2022-11-01,5562.716326839394
20661,2022-12-01,5885.24111752835
20661,2023-01-01,7760.560545488001
20661,2023-02-01,4792.897430936871
20661,2023-03-01,4739.7488547909925
20661,2023-04-01,5596.04005202237
20661,2023-05-01,5885.4811270434575
20661,2023-06-01,6879.41001370852
20661,2023-07-01,5551.011312565838
20661,2023-08-01,4043.4529893803237
20661,2023-09-01,5013.5930133911015
20661,2023-10-01,4306.504366488315
20661,2023-11-01,5135.756599873032
20661,2023-12-01,4152.016291099896
20661,2024-01-01,3001.018852779849
20661,2024-02-01,5455.441381854324
20661,2024-03-01,4146.529926939637
20661,2024-04-01,3864.8379002350252
20661,2024-05-01,5691.458823668519
20661,2024-06-01,3647.8173340589615
20661,2024-07-01,7057.246824903258
20661,2024-08-01,6442.29161426567
20661,2024-09-01,6510.538796112906
20661,2024-10-01,5770.834055910142
20661,2024-11-01,5703.896682173646
20661,2024-12-01,7785.097823811905
20661,2025-01-01,6000.49547968728
20661,2025-02-01,7721.055770944349
20661,2025-03-01,5209.349678356033
20661,2025-04-01,9838.59090001689
20661,2025-05-01,8624.94506409031
20661,2025-06-01,9289.76813522311
20661,2025-07-01,7940.4985157481015
20661,2025-08-01,7956.09863074192
20661,2025-09-01,8203.391203703592
20661,2025-10-01,9621.648538562478
20661,2025-11-01,7673.363079834205
20661,2025-12-01,8534.662291545817
20661,2026-01-01,11442.861496871472
20661,2026-02-01,8221.461019776089
20661,2026-03-01,13394.477747158773
20661,2026-04-01,15221.321348573589
20661,2026-05-01,8562.304582469464
20661,2026-06-01,8503.059387400153
20635,2011-03-01,107107.71922757398
20635,2011-04-01,109311.8491922098
20635,2011-05-01,107990.89644622616
20635,2011-06-01,108945.10566409238
20635,2011-07-01,115872.46714073513
20635,2011-08-01,123603.29723590238
20635,2011-09-01,112986.30647807759
20635,2011-10-01,114944.63812386432
20635,2011-11-01,117092.20717423457
20635,2011-12-01,114177.30696347893
20635,2012-01-01,115508.89929951081
20635,2012-02-01,114373.14982531802
20635,2012-03-01,118247.58243318954
20635,2012-04-01,119174.46810444213
20635,2012-05-01,122879.6520557402
20635,2012-06-01,121108.93513275177
20635,2012-07-01,123922.86839606737
20635,2012-08-01,123197.20231745426
20635,2012-09-01,122706.31766113453
20635,2012-10-01,131506.7685453542
20635,2012-11-01,122585.16384763036
20635,2012-12-01,120894.19396610683
20635,2013-01-01,123703.17350399937
20635,2013-02-01,122562.86705375592
20635,2013-03-01,120235.25260031708
20635,2013-04-01,119773.54202836323
20635,2013-05-01,129579.1113341929
20635,2013-06-01,124052.03459211001
20635,2013-07-01,123872.86161287516
20635,2013-08-01,124572.05849230176
20635,2013-09-01,122313.01805080468
20635,2013-10-01,124982.58557414389
20635,2013-11-01,124806.23896288537
20635,2013-12-01,123078.72408453438
20635,2014-01-01,122543.09073903883
20635,2014-02-01,125478.0095845902
20635,2014-03-01,126223.95966229204
20635,2014-04-01,126611.92669889386
20635,2014-05-01,124394.8072398065
20635,2014-06-01,124060.1783456883
20635,2014-07-01,121092.82716160547
20635,2014-08-01,122108.60085306752
20635,2014-09-01,124870.55376092262
20635,2014-10-01,120577.35955287452
20635,2014-11-01,120278.37447938166
20635,2014-12-01,123193.23337245341
20635,2015-01-01,126494.27284725726
20635,2015-02-01,116273.91637016907
20635,2015-03-01,123956.7497920073
20635,2015-04-01,127044.66503085439
20635,2015-05-01,123276.45530607441
20635,2015-06-01,123798.91126907185
20635,2015-07-01,124534.47437952524
20635,2015-08-01,121451.29961794647
20635,2015-09-01,122321.58757049266
20635,2015-10-01,119564.71540412317
20635,2015-11-01,118444.45462463367
20635,2015-12-01,119414.78058898528
20635,2016-01-01,113606.2662160153
20635,2016-02-01,112395.06388452508
20635,2016-03-01,111190.22605800582
20635,2016-04-01,107619.6725481625
20635,2016-05-01,110620.93463843976
20635,2016-06-01,107185.26610352982
20635,2016-07-01,104908.39232303544
20635,2016-08-01,103192.34581462138
20635,2016-09-01,107295.1143147992
20635,2016-10-01,108228.80479941366
20635,2016-11-01,107146.45268971809
20635,2016-12-01,102476.967871855
20635,2017-01-01,106028.46717156426
20635,2017-02-01,95451.67513255561
20635,2017-03-01,108868.81653180654
20635,2017-04-01,103248.25163380588
20635,2017-05-01,102325.77064065517
20635,2017-06-01,112490.22638635298
20635,2017-07-01,104579.18285428728
20635,2017-08-01,109734.57749802472
20635,2017-09-01,106327.47478115481
20635,2017-10-01,108797.81603795187
20635,2017-11-01,112174.31315090197
20635,2017-12-01,117210.01557253546
20635,2018-01-01,115149.67305100792
20635,2018-02-01,121320.36277537984
20635,2018-03-01,120552.74748631798
20635,2018-04-01,123595.57200451741
20635,2018-05-01,120579.78185096166
20635,2018-06-01,123251.19026312687
20635,2018-07-01,126085.17770707175
20635,2018-08-01,128279.58052255349
20635,2018-09-01,127734.62910260577
20635,2018-10-01,130447.99307070757
20635,2018-11-01,124354.39921703469
20635,2018-12-01,130318.58307028344
20635,2019-01-01,131915.42085190822
20635,2019-02-01,129788.99032695703
20635,2019-03-01,132356.4541513018
20635,2019-04-01,132481.22043585117
20635,2019-05-01,140329.37051445866
20635,2019-06-01,140878.23858154466
20635,2019-07-01,141582.07861929233
20635,2019-08-01,143324.1866381315
20635,2019-09-01,144642.56868512885
20635,2019-10-01,141768.29280604736
20635,2019-11-01,148275.72895479493
20635,2019-12-01,153666.93061269243
20635,2020-01-01,146087.131897273
20635,2020-02-01,155349.91704065882
20635,2020-03-01,195027.06282968863
20635,2020-04-01,153620.23294587608
20635,2020-05-01,132106.99627866407
20635,2020-06-01,132224.23550692215
20635,2020-07-01,139500.275918376
20635,2020-08-01,135337.48102816148
20635,2020-09-01,136484.2727006237
20635,2020-10-01,140212.16273725557
20635,2020-11-01,148517.98561029573
20635,2020-12-01,138205.40605366023
20635,2021-01-01,138067.24686961688
20635,2021-02-01,148519.938507085
20635,2021-03-01,170711.71211106726
20635,2021-04-01,173258.34429537607
20635,2021-05-01,171352.20397419593
20635,2021-06-01,175634.62678200082
20635,2021-07-01,172134.48102394553
20635,2021-08-01,177869.9399837692
20635,2021-09-01,185667.76565707332
20635,2021-10-01,193855.43587395202
20635,2021-11-01,195505.61396949127
20635,2021-12-01,182274.1064512884
20635,2022-01-01,203613.9315766778
20635,2022-02-01,199545.47642598537
20635,2022-03-01,224088.12795487395
20635,2022-04-01,215069.32202013145
20635,2022-05-01,214201.57724794772
20635,2022-06-01,207350.78789234374
20635,2022-07-01,215976.29125417862
20635,2022-08-01,219622.0178023485
20635,2022-09-01,212641.28482623457
20635,2022-10-01,214642.64173464134
20635,2022-11-01,207378.18002766228
20635,2022-12-01,203086.3678286561
20635,2023-01-01,209084.36079337724
20635,2023-02-01,199537.02903204437
20635,2023-03-01,202599.15359986317
20635,2023-04-01,197090.15091976628
20635,2023-05-01,201871.1104563794
20635,2023-06-01,208336.35136898237
20635,2023-07-01,203360.01331845217
20635,2023-08-01,204045.96714780282
20635,2023-09-01,219606.8488930386
20635,2023-10-01,211951.30410968236
20635,2023-11-01,219802.45215214466
20635,2023-12-01,225632.74091179768
20635,2024-01-01,224705.4553112348
20635,2024-02-01,232433.26167847918
20635,2024-03-01,235259.24554481392
20635,2024-04-01,224673.778643451
20635,2024-05-01,222766.07728389197
20635,2024-06-01,247724.32025117695
20635,2024-07-01,257580.52375934072
20635,2024-08-01,261528.26021387553
20635,2024-09-01,254675.6197754822
20635,2024-10-01,255599.1073392229
20635,2024-11-01,259425.0431730447
20635,2024-12-01,257238.73201065755
20635,2025-01-01,257529.36173121489
20635,2025-02-01,261847.9977476464
20635,2025-03-01,260957.1058073347
20635,2025-04-01,269905.9418509613
20635,2025-05-01,270321.91607374203
20635,2025-06-01,252090.72100170696
20635,2025-07-01,261803.66529715934
20635,2025-08-01,258177.595287728
20635,2025-09-01,264396.1642168952
20635,2025-10-01,267293.45414697874
20635,2025-11-01,252923.14768846548
20635,2025-12-01,286030.3377439136
20635,2026-01-01,292136.3265604432
20635,2026-02-01,289643.5971032495
20635,2026-03-01,289347.50379913766
20635,2026-04-01,301990.4193583916
20635,2026-05-01,300755.2677242951
20635,2026-06-01,304679.1233290469
20665,2011-03-01,23423.904491704438
20665,2011-04-01,24185.253482085707
20665,2011-05-01,23843.07336002546
20665,2011-06-01,24611.795433192987
20665,2011-07-01,24940.140746583165
20665,2011-08-01,25171.939210675726
20665,2011-09-01,25593.022930516654
20665,2011-10-01,26066.82090412025
20665,2011-11-01,25641.04702741757
20665,2011-12-01,25418.7776101343
20665,2012-01-01,24805.928317982216
20665,2012-02-01,25816.66980522745
20665,2012-03-01,25480.368158896785
20665,2012-04-01,25414.62269636167
20665,2012-05-01,25766.909611930798
20665,2012-06-01,25772.987260620095
20665,2012-07-01,25887.912144659953
20665,2012-08-01,25496.723055516683
20665,2012-09-01,25867.56134256764
20665,2012-10-01,25912.901273936546
20665,2012-11-01,26110.38592428658
20665,2012-12-01,26183.685583318074
20665,2013-01-01,26364.59276483043
20665,2013-02-01,26277.1205278826
20665,2013-03-01,25862.403388565715
20665,2013-04-01,25681.928492580842
20665,2013-05-01,26528.265460360763
20665,2013-06-01,26371.496703478988
20665,2013-07-01,26843.393433779507
20665,2013-08-01,27319.320358825644
20665,2013-09-01,26675.911175404224
20665,2013-10-01,26988.675239769313
20665,2013-11-01,27278.219718802855
20665,2013-12-01,28177.566768077224
20665,2014-01-01,27594.979985539867
20665,2014-02-01,27164.757697418852
20665,2014-03-01,28373.928517006283
20665,2014-04-01,28908.10989243086
20665,2014-05-01,28113.142546433177
20665,2014-06-01,28390.265633703195
20665,2014-07-01,28206.27297410802
20665,2014-08-01,28275.538974050793
20665,2014-09-01,28341.358294153546
20665,2014-10-01,27626.571498298872
20665,2014-11-01,27280.60550025086
20665,2014-12-01,28771.66973458543
20665,2015-01-01,29801.399166784217
20665,2015-02-01,29286.745915783944
20665,2015-03-01,30279.742403173288
20665,2015-04-01,31068.56764123269
20665,2015-05-01,30673.419011609516
20665,2015-06-01,30895.010283971846
20665,2015-07-01,30627.2173296642
20665,2015-08-01,30944.135369296855
20665,2015-09-01,31359.127483044562
20665,2015-10-01,31561.590354251955
20665,2015-11-01,30797.884442466362
20665,2015-12-01,30182.597392738386
20665,2016-01-01,29668.38982546385
20665,2016-02-01,30619.404107312002
20665,2016-03-01,30196.951759258456
20665,2016-04-01,29589.919769069722
20665,2016-05-01,30157.86637947141
20665,2016-06-01,29812.25227260433
20665,2016-07-01,30017.778482023063
20665,2016-08-01,30168.286707619383
20665,2016-09-01,30505.706824668923
20665,2016-10-01,31057.933249224923
20665,2016-11-01,30218.065350119585
20665,2016-12-01,30535.615832567397
20665,2017-01-01,29953.223103928525
20665,2017-02-01,26856.25107045373
20665,2017-03-01,31864.71290735813
20665,2017-04-01,30671.00108910786
20665,2017-05-01,30641.824013704143
20665,2017-06-01,30579.39800070342
20665,2017-07-01,30357.077097230696
20665,2017-08-01,30262.327581219648
20665,2017-09-01,30582.689766676125
20665,2017-10-01,30635.530529992488
20665,2017-11-01,31110.12370124246
20665,2017-12-01,31190.744663385165
20665,2018-01-01,30981.726984092522
20665,2018-02-01,30985.455697963636
20665,2018-03-01,30627.34738227406
20665,2018-04-01,30077.067409915908
20665,2018-05-01,30048.221242886986
20665,2018-06-01,31114.852657391883
20665,2018-07-01,30714.25065611285
20665,2018-08-01,30106.6772331131
20665,2018-09-01,30049.502740284264
20665,2018-10-01,30219.748250123117
20665,2018-11-01,31236.352930882415
20665,2018-12-01,30864.065706005866
20665,2019-01-01,31095.383427997174
20665,2019-02-01,30467.51323427968
20665,2019-03-01,30985.06923550098
20665,2019-04-01,32030.51625727637
20665,2019-05-01,32180.807732061287
20665,2019-06-01,32649.25601728953
20665,2019-07-01,32803.07112234739
20665,2019-08-01,32748.694603396776
20665,2019-09-01,31474.19538407878
20665,2019-10-01,30992.95624546064
20665,2019-11-01,31541.71113950865
20665,2019-12-01,31738.553954766787
20665,2020-01-01,31351.094429166933
20665,2020-02-01,32315.407526003324
20665,2020-03-01,29542.918256423138
20665,2020-04-01,25533.197851044188
20665,2020-05-01,22565.491127780188
20665,2020-06-01,22537.853719243845
20665,2020-07-01,23239.169446807187
20665,2020-08-01,23887.330425975942
20665,2020-09-01,24879.559697173798
20665,2020-10-01,25335.113790424308
20665,2020-11-01,25213.158037288922
20665,2020-12-01,25650.290780646388
20665,2021-01-01,26482.434963952503
20665,2021-02-01,27349.085438896615
20665,2021-03-01,26935.634214085767
20665,2021-04-01,27142.11362119208
20665,2021-05-01,27446.180194613473
20665,2021-06-01,28237.17348199837
20665,2021-07-01,28700.4086968577
20665,2021-08-01,29577.31679034743
20665,2021-09-01,30459.847951281703
20665,2021-10-01,31123.935876068615
20665,2021-11-01,33561.07165470887
20665,2021-12-01,32359.949907436338
20665,2022-01-01,32638.402648698626
20665,2022-02-01,30920.80555496334
20665,2022-03-01,36648.19291480488
20665,2022-04-01,35847.76655888339
20665,2022-05-01,35913.689635225055
20665,2022-06-01,36217.01984772649
20665,2022-07-01,36472.31460579105
20665,2022-08-01,37189.00195818098
20665,2022-09-01,36989.18141847176
20665,2022-10-01,36989.12101118738
20665,2022-11-01,37257.31705109864
20665,2022-12-01,37374.135281917486
20665,2023-01-01,36907.56181149595
20665,2023-02-01,37649.794975521596
20665,2023-03-01,38148.168650504966
20665,2023-04-01,38352.56874001355
20665,2023-05-01,40503.64027750159
20665,2023-06-01,39590.62918149245
20665,2023-07-01,38574.03431626681
20665,2023-08-01,38398.747692750265
20665,2023-09-01,38437.912680427864
20665,2023-10-01,39077.53379858969
20665,2023-11-01,39574.670591702066
20665,2023-12-01,39227.445342466046
20665,2024-01-01,40272.26935436074
20665,2024-02-01,41011.003115031664
20665,2024-03-01,39275.86002457741
20665,2024-04-01,40019.213967752454
20665,2024-05-01,40346.686274250686
20665,2024-06-01,40087.22339750402
20665,2024-07-01,41695.20710950479
20665,2024-08-01,42078.836283525976
20665,2024-09-01,42088.42527046472
20665,2024-10-01,42300.74164734288
20665,2024-11-01,42986.286759103335
20665,2024-12-01,44129.35669057697
20665,2025-01-01,43945.356600362626
20665,2025-02-01,44726.119572305724
20665,2025-03-01,45224.43212553968
20665,2025-04-01,45842.0849215857
20665,2025-05-01,46109.6228900862
20665,2025-06-01,46092.881793100096
20665,2025-07-01,46118.703628281386
20665,2025-08-01,45962.62472596244
20665,2025-09-01,47166.07684251369
20665,2025-10-01,47068.92180484447
20665,2025-11-01,45663.900573631705
20665,2025-12-01,47539.11989803081
20665,2026-01-01,47402.50864598487
20665,2026-02-01,46805.88704466488
20665,2026-03-01,48732.22893391468
20665,2026-04-01,47950.251060075476
20665,2026-05-01,47396.59875902006
20665,2026-06-01,47960.665258100955
20666,2011-03-01,5918.436115818143
20666,2011-04-01,6013.539922144487
20666,2011-05-01,6005.894798148144
20666,2011-06-01,6420.775421439693
20666,2011-07-01,6715.805214501423
20666,2011-08-01,6691.59643412192
20666,2011-09-01,6936.656463971595
20666,2011-10-01,6869.684951378793
20666,2011-11-01,7303.685450317345
20666,2011-12-01,6887.6373152765655
20666,2012-01-01,6685.875862578296
20666,2012-02-01,7142.445641095886
20666,2012-03-01,7024.82964319148
20666,2012-04-01,7017.817178146252
20666,2012-05-01,7251.453138984795
20666,2012-06-01,7454.949646585923
20666,2012-07-01,7033.622943576461
20666,2012-08-01,6770.476294836988
20666,2012-09-01,6740.727237336295
20666,2012-10-01,7145.77434314637
20666,2012-11-01,7127.515776664188
20666,2012-12-01,6984.1593511016845
20666,2013-01-01,7028.6135266501
20666,2013-02-01,6945.4668897386055
20666,2013-03-01,7054.836624228117
20666,2013-04-01,7001.363497968009
20666,2013-05-01,7196.082158717852
20666,2013-06-01,6873.603961625029
20666,2013-07-01,6912.128784046348
20666,2013-08-01,7119.704996831169
20666,2013-09-01,6836.06744017865
20666,2013-10-01,6764.062617174872
20666,2013-11-01,6866.919975434558
20666,2013-12-01,6872.018554051869
20666,2014-01-01,6915.377460572859
20666,2014-02-01,6819.853851025452
20666,2014-03-01,6784.548582209845
20666,2014-04-01,6872.667238579581
20666,2014-05-01,6685.7364721327485
20666,2014-06-01,6499.0744197541235
20666,2014-07-01,6814.917054826761
20666,2014-08-01,7059.4284584991565
20666,2014-09-01,7271.164448101323
20666,2014-10-01,7087.80137470155
20666,2014-11-01,6889.847453037348
20666,2014-12-01,6973.140810227115
20666,2015-01-01,7268.919683047282
20666,2015-02-01,6931.314170677757
20666,2015-03-01,7680.59117988503
20666,2015-04-01,7140.124267151839
20666,2015-05-01,6994.409796335188
20666,2015-06-01,7204.194131368773
20666,2015-07-01,6880.791030053075
20666,2015-08-01,7071.123519341381
20666,2015-09-01,6871.355516492002
20666,2015-10-01,6222.10513632359
20666,2015-11-01,6660.755768396345
20666,2015-12-01,7107.448585743244
20666,2016-01-01,6585.504267060305
20666,2016-02-01,6907.676287860401
20666,2016-03-01,6718.080215312337
20666,2016-04-01,6637.097679454876
20666,2016-05-01,6470.948677249055
20666,2016-06-01,6428.87756222603
20666,2016-07-01,6530.944134396845
20666,2016-08-01,6255.385577404772
20666,2016-09-01,5805.397151314303
20666,2016-10-01,6780.378113847481
20666,2016-11-01,6335.945127965392
20666,2016-12-01,5619.61066389731
20666,2017-01-01,6084.023870422317
20666,2017-02-01,6184.419620224703
20666,2017-03-01,6332.9420255893865
20666,2017-04-01,6686.296800869019
20666,2017-05-01,6771.079811056764
20666,2017-06-01,6995.086374390644
20666,2017-07-01,6806.035366226236
20666,2017-08-01,6683.487141216937
20666,2017-09-01,7054.6154910196765
20666,2017-10-01,7049.7460944131935
20666,2017-11-01,7013.086778509206
20666,2017-12-01,7380.204517285377
20666,2018-01-01,7371.659519181516
20666,2018-02-01,7629.577127677709
20666,2018-03-01,7619.234190860906
20666,2018-04-01,7507.4910539956845
20666,2018-05-01,7944.751676243852
20666,2018-06-01,7746.490307245289
20666,2018-07-01,8205.811882201448
20666,2018-08-01,8287.465076991417
20666,2018-09-01,8237.61412405553
20666,2018-10-01,8762.016069988305
20666,2018-11-01,9067.842644677701
20666,2018-12-01,9870.118290047187
20666,2019-01-01,9831.177510623711
20666,2019-02-01,9134.335585082119
20666,2019-03-01,9251.508101888756
20666,2019-04-01,9205.801124568428
20666,2019-05-01,9654.509072534278
20666,2019-06-01,9817.4676641416645
20666,2019-07-01,9899.513449547232
20666,2019-08-01,10064.46588143683
20666,2019-09-01,9883.907975687385
20666,2019-10-01,11343.59239526063
20666,2019-11-01,10926.741896490093
20666,2019-12-01,11278.727971741495
20666,2020-01-01,11292.89026146038
20666,2020-02-01,11721.623926612901
20666,2020-03-01,11734.127858418513
20666,2020-04-01,12065.621726712176
20666,2020-05-01,9846.32106002329
20666,2020-06-01,11188.171207870382
20666,2020-07-01,9017.587292456292
20666,2020-08-01,10340.394404323388
20666,2020-09-01,12354.310885943336
20666,2020-10-01,11168.413627303338
20666,2020-11-01,11688.8010064135
20666,2020-12-01,11906.579056479235
20666,2021-01-01,9881.089495852615
20666,2021-02-01,10985.373457693924
20666,2021-03-01,11978.37719200204
20666,2021-04-01,12631.570538757445
20666,2021-05-01,12197.750714996773
20666,2021-06-01,13867.54279627506
20666,2021-07-01,14943.47353686546
20666,2021-08-01,15823.182548231396
20666,2021-09-01,15885.153750793037
20666,2021-10-01,16160.36703780299
20666,2021-11-01,16284.507084404508
20666,2021-12-01,13566.613489428888
20666,2022-01-01,17123.627255074032
20666,2022-02-01,14668.060268299776
20666,2022-03-01,15179.601251594513
20666,2022-04-01,15425.521142243706
20666,2022-05-01,14861.888437454036
20666,2022-06-01,15013.233742823228
20666,2022-07-01,14729.576789324921
20666,2022-08-01,14397.923904498097
20666,2022-09-01,14919.34720698284
20666,2022-10-01,14724.461651510534
20666,2022-11-01,14137.940326699892
20666,2022-12-01,14638.5089216805
20666,2023-01-01,13703.213861572243
20666,2023-02-01,13556.486794267543
20666,2023-03-01,13870.804473574848
20666,2023-04-01,13902.89124760721
20666,2023-05-01,14123.273210732086
20666,2023-06-01,14078.799878337866
20666,2023-07-01,14226.559838515805
20666,2023-08-01,14739.84032327776
20666,2023-09-01,15022.816685232736
20666,2023-10-01,15180.91639133722
20666,2023-11-01,16214.756034123566
20666,2023-12-01,15269.684670623774
20666,2024-01-01,16888.65309272915
20666,2024-02-01,18750.85491531696
20666,2024-03-01,17110.528578766443
20666,2024-04-01,17819.11426608796
20666,2024-05-01,18903.65433257888
20666,2024-06-01,18044.510494641152
20666,2024-07-01,19301.245349309473
20666,2024-08-01,19759.043770903638
20666,2024-09-01,18919.241665570884
20666,2024-10-01,20258.660294679088
20666,2024-11-01,20659.69943712386
20666,2024-12-01,21078.402527523253
20666,2025-01-01,21158.553173447664
20666,2025-02-01,20704.87398423666
20666,2025-03-01,21436.679237504733
20666,2025-04-01,21652.469923162935
20666,2025-05-01,21470.25824207573
20666,2025-06-01,22111.160254501123
20666,2025-07-01,22182.729836191615
20666,2025-08-01,21850.128927840862
20666,2025-09-01,22725.630169608117
20666,2025-10-01,23306.334043936142
20666,2025-11-01,20769.67770186672
20666,2025-12-01,21095.050736535577
20666,2026-01-01,22081.68458734719
20666,2026-02-01,22301.101586511057
20666,2026-03-01,21615.402783222045
20666,2026-04-01,21253.46817912948
20666,2026-05-01,21124.22344470851
20666,2026-06-01,21504.378616375943
20669,2011-03-01,5311.424126106666
20669,2011-04-01,5066.2004243666115
20669,2011-05-01,5147.361131939587
20669,2011-06-01,5309.334211640282
20669,2011-07-01,5926.260600889186
20669,2011-08-01,5743.436116557863
20669,2011-09-01,6415.970016776273
20669,2011-10-01,5749.39403785555
20669,2011-11-01,7428.551967515257
20669,2011-12-01,6251.501634372316
20669,2012-01-01,5457.706693002629
20669,2012-02-01,5335.452883162906
20669,2012-03-01,5480.766135945969
20669,2012-04-01,6019.707278816741
20669,2012-05-01,7130.84554435734
20669,2012-06-01,6631.690966945604
20669,2012-07-01,6498.170899693227
20669,2012-08-01,6887.684232622191
20669,2012-09-01,6293.070863794274
20669,2012-10-01,7275.076932442245
20669,2012-11-01,6908.963432983908
20669,2012-12-01,6838.538582112404
20669,2013-01-01,7591.211932587882
20669,2013-02-01,7613.703144517899
20669,2013-03-01,7828.078315892335
20669,2013-04-01,7947.218079164667
20669,2013-05-01,7848.284616549704
20669,2013-06-01,7756.1397507925
20669,2013-07-01,7863.2635227604105
20669,2013-08-01,8618.92949108058
20669,2013-09-01,7848.563432317615
20669,2013-10-01,7577.591453375289
20669,2013-11-01,8092.272415804312
20669,2013-12-01,7961.186803407195
20669,2014-01-01,8204.288459003086
20669,2014-02-01,9206.922792227884
20669,2014-03-01,7996.7469161906365
20669,2014-04-01,7627.306607873627
20669,2014-05-01,8006.522248770707
20669,2014-06-01,7926.952144798444
20669,2014-07-01,7120.69777053941
20669,2014-08-01,6291.362385763238
20669,2014-09-01,6677.815364059544
20669,2014-10-01,9829.978274805768
20669,2014-11-01,8193.194896909634
20669,2014-12-01,7444.130574974463
20669,2015-01-01,7315.983400012196
20669,2015-02-01,6704.372303736695
20669,2015-03-01,6895.609545227156
20669,2015-04-01,6731.713302317448
20669,2015-05-01,6304.280175082516
20669,2015-06-01,5842.947324015535
20669,2015-07-01,5979.838045774346
20669,2015-08-01,6079.841790014469
20669,2015-09-01,6753.676278123123
20669,2015-10-01,5426.052733543865
20669,2015-11-01,7609.702358007428
20669,2015-12-01,6553.8321619798035
20669,2016-01-01,5496.290661810115
20669,2016-02-01,5413.1470935685875
20669,2016-03-01,5068.104599318358
20669,2016-04-01,5198.120529578061
20669,2016-05-01,5170.0165543693
20669,2016-06-01,5274.479902265391
20669,2016-07-01,5685.644990404439
20669,2016-08-01,5515.87735759214
20669,2016-09-01,4703.187667803232
20669,2016-10-01,5634.010657856673
20669,2016-11-01,5416.646620105351
20669,2016-12-01,5536.814465479045
20669,2017-01-01,5820.670702604802
20669,2017-02-01,5865.744698518544
20669,2017-03-01,6094.910157198058
20669,2017-04-01,6419.234835132747
20669,2017-05-01,6328.247915512432
20669,2017-06-01,6627.167784177472
20669,2017-07-01,6520.410279071504
20669,2017-08-01,6555.939546680929
20669,2017-09-01,6380.344863805903
20669,2017-10-01,6588.00699620302
20669,2017-11-01,6663.368643893999
20669,2017-12-01,7570.40700983764
20669,2018-01-01,6623.750101354998
20669,2018-02-01,7060.642498073302
20669,2018-03-01,7250.834803311932
20669,2018-04-01,6990.372069560387
20669,2018-05-01,7396.435050436923
20669,2018-06-01,7177.701687608291
20669,2018-07-01,6980.593377139263
20669,2018-08-01,7325.481725206105
20669,2018-09-01,7153.9575226200295
20669,2018-10-01,7419.845355786662
20669,2018-11-01,8012.256823017042
20669,2018-12-01,7758.145805345033
20669,2019-01-01,8876.389569850884
20669,2019-02-01,8057.541262767043
20669,2019-03-01,8474.27047791885
20669,2019-04-01,8270.701815152805
20669,2019-05-01,8534.985888538038
20669,2019-06-01,8934.28009785151
20669,2019-07-01,8895.529376096725
20669,2019-08-01,8803.922022294346
20669,2019-09-01,9503.80984643298
20669,2019-10-01,9573.45359358367
20669,2019-11-01,9978.981473705891
20669,2019-12-01,12784.88963353222
20669,2020-01-01,10550.899289247951
20669,2020-02-01,10307.858024677944
20669,2020-03-01,9002.94088093523
20669,2020-04-01,8190.82097705895
20669,2020-05-01,8477.068392875211
20669,2020-06-01,8697.052334120164
20669,2020-07-01,10300.894260075796
20669,2020-08-01,9563.090393413358
20669,2020-09-01,10721.169540724462
20669,2020-10-01,10010.936929838994
20669,2020-11-01,10348.826897236966
20669,2020-12-01,10588.839030437892
20669,2021-01-01,10328.73048468031
20669,2021-02-01,10638.26775192446
20669,2021-03-01,10839.666575783016
20669,2021-04-01,11732.39072474553
20669,2021-05-01,12889.74681864516
20669,2021-06-01,11933.852444417284
20669,2021-07-01,11297.110670667875
20669,2021-08-01,10702.558551836417
20669,2021-09-01,10249.713250860883
20669,2021-10-01,9720.84714705116
20669,2021-11-01,8983.068683381407
20669,2021-12-01,8606.10725084597
20669,2022-01-01,6102.1763320185955
20669,2022-02-01,6648.981544483994
20669,2022-03-01,7303.3727275828005
20669,2022-04-01,7429.414654379906
20669,2022-05-01,7671.849900498795
20669,2022-06-01,6541.2285718013
20669,2022-07-01,8423.307777415675
20669,2022-08-01,8140.038795695473
20669,2022-09-01,7803.678665449975
20669,2022-10-01,8700.659072616343
20669,2022-11-01,7676.020491216818
20669,2022-12-01,7624.221840595979
20669,2023-01-01,9042.163166174296
20669,2023-02-01,7773.766714394226
20669,2023-03-01,7831.649368101996
20669,2023-04-01,7448.009382023243
20669,2023-05-01,7424.526464629669
20669,2023-06-01,7314.965547287736
20669,2023-07-01,7466.490783949734
20669,2023-08-01,7735.20329716904
20669,2023-09-01,8138.063732644802
20669,2023-10-01,7951.200946408921
20669,2023-11-01,8496.81081026898
20669,2023-12-01,8382.7981363648
20669,2024-01-01,8397.030310789643
20669,2024-02-01,8489.276958823528
20669,2024-03-01,8118.264557489576
20669,2024-04-01,8266.312834226095
20669,2024-05-01,8010.575887436574
20669,2024-06-01,8393.780224204125
20669,2024-07-01,8628.42285427902
20669,2024-08-01,8628.900643174216
20669,2024-09-01,8126.360561275193
20669,2024-10-01,8197.69213367011
20669,2024-11-01,8189.622347526593
20669,2024-12-01,8231.606383705399
20669,2025-01-01,8009.240915302341
20669,2025-02-01,7910.420580028104
20669,2025-03-01,8715.743190081714
20669,2025-04-01,8123.165499332652
20669,2025-05-01,7941.3259458460725
20669,2025-06-01,8693.833873088199
20669,2025-07-01,7429.00103647217
20669,2025-08-01,6953.028128326807
20669,2025-09-01,7634.687108529165
20669,2025-10-01,8292.6812629479
20669,2025-11-01,7516.937891166902
20669,2025-12-01,7562.521686607884
20669,2026-01-01,7839.266681312283
20669,2026-02-01,7837.634021516625
20669,2026-03-01,7933.711678896867
20669,2026-04-01,8090.934408307608
20669,2026-05-01,8293.340821510536
20669,2026-06-01,7778.230677680534
20668,2011-03-01,774.2995335372091
20668,2011-04-01,788.7540592753622
20668,2011-05-01,803.5060923870869
20668,2011-06-01,841.2401105917345
20668,2011-07-01,1022.3720019159887
20668,2011-08-01,829.7210140497202
20668,2011-09-01,844.8400360077686
20668,2011-10-01,845.3998346573095
20668,2011-11-01,841.3442176804231
20668,2011-12-01,843.4149821931694
20668,2012-01-01,856.9732128764431
20668,2012-02-01,897.4504486812344
20668,2012-03-01,868.2076971807561
20668,2012-04-01,950.9155153739202
20668,2012-05-01,1074.643986769815
20668,2012-06-01,1009.6530016141645
20668,2012-07-01,1002.3936330677631
20668,2012-08-01,999.4099678131811
20668,2012-09-01,1036.887279058676
20668,2012-10-01,1128.4984490982558
20668,2012-11-01,1059.8621715313757
20668,2012-12-01,992.91385232839
20668,2013-01-01,1048.8412657304752
20668,2013-02-01,1036.8417301650602
20668,2013-03-01,1073.3459349176
20668,2013-04-01,1064.707273671122
20668,2013-05-01,1084.2702698593616
20668,2013-06-01,1084.8299943554905
20668,2013-07-01,1059.3185422734864
20668,2013-08-01,1099.0766899781172
20668,2013-09-01,1055.7267780712132
20668,2013-10-01,1068.3065545617712
20668,2013-11-01,1057.2105646345944
20668,2013-12-01,1134.897743766058
20668,2014-01-01,1140.9320992682806
20668,2014-02-01,1153.538633252136
20668,2014-03-01,1127.8363509407113
20668,2014-04-01,1095.8129819524975
20668,2014-05-01,1092.0849691957837
20668,2014-06-01,1057.7150223157707
20668,2014-07-01,1097.807607922839
20668,2014-08-01,1067.961298804235
20668,2014-09-01,1113.330736638627
20668,2014-10-01,1076.5976354269785
20668,2014-11-01,1077.3627985672597
20668,2014-12-01,1008.7234850500112
20668,2015-01-01,1007.894877980632
20668,2015-02-01,936.118697389774
20668,2015-03-01,1001.6058651947287
20668,2015-04-01,962.829338796584
20668,2015-05-01,944.9871697739621
20668,2015-06-01,907.9317250319707
20668,2015-07-01,865.7205216886368
20668,2015-08-01,867.0110880884437
20668,2015-09-01,917.7774232570657
20668,2015-10-01,818.8155119964714
20668,2015-11-01,788.9385907508632
20668,2015-12-01,728.8187207844567
20668,2016-01-01,754.2163125543736
20668,2016-02-01,794.2443449331482
20668,2016-03-01,753.1355402095105
20668,2016-04-01,792.4330769516973
20668,2016-05-01,772.83164092837535
20668,2016-06-01,854.7247009279364
20668,2016-07-01,810.0520078139795
20668,2016-08-01,815.2789262261795
20668,2016-09-01,789.988963974527
20668,2016-10-01,771.4881141429179
20668,2016-11-01,779.5141033871757
20668,2016-12-01,824.3182481508477
20668,2017-01-01,789.5470712570834
20668,2017-02-01,797.4903105947853
20668,2017-03-01,824.4724377992402
20668,2017-04-01,824.3040902781099
20668,2017-05-01,855.8187345375723
20668,2017-06-01,859.9679756004717
20668,2017-07-01,888.7160890917474
20668,2017-08-01,935.5203672638083
20668,2017-09-01,940.3005883274448
20668,2017-10-01,986.6572352135503
20668,2017-11-01,991.1529572869101
20668,2017-12-01,964.9814330409371
20668,2018-01-01,1008.1787939285939
20668,2018-02-01,988.8179002999084
20668,2018-03-01,1015.7558061940217
20668,2018-04-01,1019.7780975531944
20668,2018-05-01,1077.0357120204833
20668,2018-06-01,1026.3056753759083
20668,2018-07-01,1110.5688298936523
20668,2018-08-01,1123.8780546937737
20668,2018-09-01,1115.7095730117192
20668,2018-10-01,1176.8533759629677
20668,2018-11-01,1222.1408747427786
20668,2018-12-01,1308.3125989001503
20668,2019-01-01,1334.2611709888747
20668,2019-02-01,1343.166932682809
20668,2019-03-01,1340.0218689692663
20668,2019-04-01,1500.5018913880385
20668,2019-05-01,1499.3760569039791
20668,2019-06-01,1590.8536372478463
20668,2019-07-01,1580.3753244284042
20668,2019-08-01,1498.3670794580387
20668,2019-09-01,1495.8543084204787
20668,2019-10-01,1489.8747755188988
20668,2019-11-01,1469.9381134049077
20668,2019-12-01,1643.2885960592105
20668,2020-01-01,1519.8177320717928
20668,2020-02-01,1610.9781773085351
20668,2020-03-01,1421.7814106291519
20668,2020-04-01,1141.8576063578116
20668,2020-05-01,1159.975162352533
20668,2020-06-01,1121.7075841181831
20668,2020-07-01,1067.7408502890398
20668,2020-08-01,1057.1193692664003
20668,2020-09-01,1168.123467953303
20668,2020-10-01,1163.655418280562
20668,2020-11-01,1299.7034124858983
20668,2020-12-01,1231.1910575589877
20668,2021-01-01,1296.1907488391837
20668,2021-02-01,1402.1183106800684
20668,2021-03-01,1376.7382434397991
20668,2021-04-01,1486.427525033948
20668,2021-05-01,1563.0630968603623
20668,2021-06-01,1595.7125301110543
20668,2021-07-01,1600.0609665706015
20668,2021-08-01,1674.5046138647094
20668,2021-09-01,1607.2370208029354
20668,2021-10-01,1619.3845599213564
20668,2021-11-01,1471.150790207873
20668,2021-12-01,1377.4846488522453
20668,2022-01-01,1243.1261593109664
20668,2022-02-01,1260.05417681182
20668,2022-03-01,1477.4261038599327
20668,2022-04-01,1361.8558279967388
20668,2022-05-01,1343.5296305284521
20668,2022-06-01,1480.6051731362024
20668,2022-07-01,1501.5896083617617
20668,2022-08-01,1510.761096259944
20668,2022-09-01,1505.4304297629817
20668,2022-10-01,9622.789676496583
20668,2022-11-01,4057.852501072539
20668,2022-12-01,1551.3856935749263
20668,2023-01-01,1531.8221167635177
20668,2023-02-01,1506.308201953976
20668,2023-03-01,1512.334090203862
20668,2023-04-01,1501.5665517811017
20668,2023-05-01,1548.9513251000803
20668,2023-06-01,1539.0598014394577
20668,2023-07-01,1574.5936340491066
20668,2023-08-01,1469.3743358575496
20668,2023-09-01,1479.544062172259
20668,2023-10-01,1552.6433370181785
20668,2023-11-01,1590.4963062501286
20668,2023-12-01,1537.0376709421655
20668,2024-01-01,1471.4487736500757
20668,2024-02-01,1605.8050899324073
20668,2024-03-01,1558.7533824005918
20668,2024-04-01,1539.9770871975893
20668,2024-05-01,1609.894883929629
20668,2024-06-01,1622.7330590732308
20668,2024-07-01,1577.6534271459145
20668,2024-08-01,1661.0299154795732
20668,2024-09-01,1696.948746156087
20668,2024-10-01,1609.419074974575
20668,2024-11-01,1569.7007007780833
20668,2024-12-01,1523.4724193354468
20668,2025-01-01,1594.9495087299986
20668,2025-02-01,1561.790395635249
20668,2025-03-01,2567.8245481990825
20668,2025-04-01,5358.582840990659
20668,2025-05-01,2884.4046681365326
20668,2025-06-01,2735.5490102826125
20668,2025-07-01,4907.440761702605
20668,2025-08-01,5832.836942119152
20668,2025-09-01,5966.787195203419
20668,2025-10-01,6067.518810303178
20668,2025-11-01,6851.6766405897515
20668,2025-12-01,7825.92813705335
20668,2026-01-01,8873.492986661682
20668,2026-02-01,7675.970860069063
20668,2026-03-01,10788.261046436779
20668,2026-04-01,9838.490293080638
20668,2026-05-01,7610.991014087191
20668,2026-06-01,7831.010421692437
20670,2011-03-01,2536.6870803502347
20670,2011-04-01,2367.601791479201
20670,2011-05-01,2452.0657185285945
20670,2011-06-01,2347.7368523067917
20670,2011-07-01,2295.17611501253
20670,2011-08-01,2363.098374330522
20670,2011-09-01,2842.8474961898823
20670,2011-10-01,2495.2984376643626
20670,2011-11-01,2594.8037508291545
20670,2011-12-01,2631.4220158104226
20670,2012-01-01,2565.5269926577294
20670,2012-02-01,2470.235889466201
20670,2012-03-01,2400.230290524248
20670,2012-04-01,2568.395083995378
20670,2012-05-01,2663.6386828364302
20670,2012-06-01,2846.0128215446102
20670,2012-07-01,2709.490728520092
20670,2012-08-01,2597.1004738719025
20670,2012-09-01,2312.2906887701606
20670,2012-10-01,2840.535735618007
20670,2012-11-01,2898.956469947607
20670,2012-12-01,2770.1056280322305
20670,2013-01-01,3324.9111004610672
20670,2013-02-01,3344.7954606721187
20670,2013-03-01,3399.586526980136
20670,2013-04-01,3439.1158665025364
20670,2013-05-01,3553.6692042737395
20670,2013-06-01,3270.989855379887
20670,2013-07-01,3171.9669556052318
20670,2013-08-01,3508.6847170899555
20670,2013-09-01,3212.9229393602927
20670,2013-10-01,3543.948971741396
20670,2013-11-01,3339.1035540343223
20670,2013-12-01,3564.119256776497
20670,2014-01-01,3454.3449311873446
20670,2014-02-01,4396.689774100696
20670,2014-03-01,3587.64683428799
20670,2014-04-01,3617.008385890881
20670,2014-05-01,3412.0566319788823
20670,2014-06-01,3573.816834802701
20670,2014-07-01,3902.2817627745803
20670,2014-08-01,3697.8390767074834
20670,2014-09-01,3891.227458791948
20670,2014-10-01,6272.294828374437
20670,2014-11-01,5847.77677349042
20670,2014-12-01,4976.87182379988
20670,2015-01-01,4165.071428996223
20670,2015-02-01,3842.835673474269
20670,2015-03-01,3917.680379881899
20670,2015-04-01,3812.0899824573903
20670,2015-05-01,3766.795586380803
20670,2015-06-01,3722.8192912358095
20670,2015-07-01,3821.654389878418
20670,2015-08-01,3793.342589508799
20670,2015-09-01,3860.298335990121
20670,2015-10-01,2963.320288255696
20670,2015-11-01,2838.601732921082
20670,2015-12-01,2776.4194238410632
20670,2016-01-01,3523.865428617143
20670,2016-02-01,3642.199516141476
20670,2016-03-01,3487.8616954106446
20670,2016-04-01,3691.810190002165
20670,2016-05-01,3583.6111147067586
20670,2016-06-01,4151.080333810262
20670,2016-07-01,4158.122609310668
20670,2016-08-01,4004.8408876396807
20670,2016-09-01,3544.974523925301
20670,2016-10-01,4190.80352975779
20670,2016-11-01,4584.155566041901
20670,2016-12-01,4509.140979288901
20670,2017-01-01,4246.732910175618
20670,2017-02-01,4388.978617477554
20670,2017-03-01,4666.967308666561
20670,2017-04-01,4308.254952548032
20670,2017-05-01,5224.678743903717
20670,2017-06-01,4953.478222278234
20670,2017-07-01,4755.355855275374
20670,2017-08-01,4677.362012524163
20670,2017-09-01,4693.243253429549
20670,2017-10-01,5064.821858119501
20670,2017-11-01,5322.367837801949
20670,2017-12-01,5754.613390761133
20670,2018-01-01,5404.248713237324
20670,2018-02-01,4834.961314375113
20670,2018-03-01,4949.724949217152
20670,2018-04-01,4863.729862263395
20670,2018-05-01,5331.709191183717
20670,2018-06-01,5437.405305544507
20670,2018-07-01,5403.019948464968
20670,2018-08-01,5391.934586646718
20670,2018-09-01,5833.261644786376
20670,2018-10-01,5835.629751514497
20670,2018-11-01,5486.059664877026
20670,2018-12-01,6314.019917975549
20670,2019-01-01,5261.110010577673
20670,2019-02-01,6058.053215026426
20670,2019-03-01,6479.513668311377
20670,2019-04-01,6163.465970287571
20670,2019-05-01,6060.815175793863
20670,2019-06-01,6081.107524935192
20670,2019-07-01,6458.329812062017
20670,2019-08-01,6750.759804898101
20670,2019-09-01,6602.890739261713
20670,2019-10-01,7117.935585271564
20670,2019-11-01,6812.074270889089
20670,2019-12-01,7780.890706353811
20670,2020-01-01,6529.005953171083
20670,2020-02-01,7669.8616768195725
20670,2020-03-01,7168.632002114538
20670,2020-04-01,8302.496432424658
20670,2020-05-01,7166.11677395454
20670,2020-06-01,8328.478604785523
20670,2020-07-01,8315.33116323095
20670,2020-08-01,9374.526623154383
20670,2020-09-01,7540.4119295256305
20670,2020-10-01,13148.384643442343
20670,2020-11-01,11741.512266704203
20670,2020-12-01,9752.432929895915
20670,2021-01-01,4041.6267324355954
20670,2021-02-01,4551.579678294896
20670,2021-03-01,4490.636763904671
20670,2021-04-01,9512.584520900316
20670,2021-05-01,8854.095918369429
20670,2021-06-01,8320.72845603361
20670,2021-07-01,8359.124251340432
20670,2021-08-01,7829.524592426625
20670,2021-09-01,8087.962677347167
20670,2021-10-01,7872.218179348967
20670,2021-11-01,7537.535160681959
20670,2021-12-01,6677.039793443817
20670,2022-01-01,2419.199686768074
20670,2022-02-01,2842.47732256849
20670,2022-03-01,5339.601713225925
20670,2022-04-01,13121.80068603929
20670,2022-05-01,7947.0225793413665
20670,2022-06-01,7586.318038007117
20670,2022-07-01,7206.240992931377
20670,2022-08-01,6408.360801410984
20670,2022-09-01,7114.919576615258
20670,2022-10-01,7160.727402611909
20670,2022-11-01,7786.102751357229
20670,2022-12-01,7418.1575349078885
20670,2023-01-01,8177.641668179309
20670,2023-02-01,6516.573616768217
20670,2023-03-01,3431.0260705211067
20670,2023-04-01,5210.402272078808
20670,2023-05-01,5227.8942003550155
20670,2023-06-01,4825.609068621133
20670,2023-07-01,5111.444129184274
20670,2023-08-01,6411.4590969395695
20670,2023-09-01,8419.175632584873
20670,2023-10-01,8599.7535875249
20670,2023-11-01,8590.860162838739
20670,2023-12-01,9012.291835572161
20670,2024-01-01,9643.435408434223
20670,2024-02-01,9316.014397357962
20670,2024-03-01,7930.973881973417
20670,2024-04-01,7961.025398989545
20670,2024-05-01,8286.819094254159
20670,2024-06-01,9613.602227262467
20670,2024-07-01,9174.97535936365
20670,2024-08-01,9206.84638989886
20670,2024-09-01,8439.174936223193
20670,2024-10-01,7796.239478415441
20670,2024-11-01,8086.1644157093115
20670,2024-12-01,7116.317205669073
20670,2025-01-01,8887.65006014276
20670,2025-02-01,7700.523924123564
20670,2025-03-01,7868.733099482037
20670,2025-04-01,6862.049985595535
20670,2025-05-01,3321.1455428845725
20670,2025-06-01,3638.304829044347
20670,2025-07-01,4785.383215637097
20670,2025-08-01,4755.873353664971
20670,2025-09-01,5210.251676184935
20670,2025-10-01,5430.492067916441
20670,2025-11-01,4945.904475111779
20670,2025-12-01,5569.483171925259
20670,2026-01-01,4485.736252805145
20670,2026-02-01,5976.51136682914
20670,2026-03-01,5511.902929770604
20670,2026-04-01,4924.416633244824
20670,2026-05-01,4117.86484280538
20670,2026-06-01,4540.952966752079
20671,2011-03-01,8643.109915416178
20671,2011-04-01,8212.396738838657
20671,2011-05-01,8402.007382149674
20671,2011-06-01,8500.907671731666
20671,2011-07-01,9220.866117915148
20671,2011-08-01,9047.803361042386
20671,2011-09-01,9864.998997919824
20671,2011-10-01,9032.478306325413
20671,2011-11-01,10885.7335690253
20671,2011-12-01,9728.16331769306
20671,2012-01-01,8965.275805962025
20671,2012-02-01,8888.461910646516
20671,2012-03-01,8755.979231785232
20671,2012-04-01,9568.051707958599
20671,2012-05-01,10845.084386119172
20671,2012-06-01,10509.658216323949
20671,2012-07-01,10193.482731531074
20671,2012-08-01,10582.273082987416
20671,2012-09-01,9465.984249734422
20671,2012-10-01,11233.485807418205
20671,2012-11-01,10837.045624711833
20671,2012-12-01,10663.44918719204
20671,2013-01-01,11977.232083329145
20671,2013-02-01,12173.154553870403
20671,2013-03-01,12331.778206897248
20671,2013-04-01,12495.267282276454
20671,2013-05-01,12504.689556054127
20671,2013-06-01,12053.78173075776
20671,2013-07-01,12088.455664715499
20671,2013-08-01,13259.657059907358
20671,2013-09-01,12073.523799708066
20671,2013-10-01,12165.126704899936
20671,2013-11-01,12414.961963130605
20671,2013-12-01,12740.942641573505
20671,2014-01-01,12748.237894584889
20671,2014-02-01,15031.58886678654
20671,2014-03-01,12731.413477703458
20671,2014-04-01,12330.292888175627
20671,2014-05-01,12483.377070827957
20671,2014-06-01,12555.724445536494
20671,2014-07-01,12043.086173493011
20671,2014-08-01,11020.214912293883
20671,2014-09-01,11717.273974075988
20671,2014-10-01,17061.79748500121
20671,2014-11-01,14943.440221796092
20671,2014-12-01,13617.48010090104
20671,2015-01-01,12509.673399957532
20671,2015-02-01,11631.772179513277
20671,2015-03-01,11911.659438767238
20671,2015-04-01,11555.034345982154
20671,2015-05-01,10959.020647133546
20671,2015-06-01,10421.795459162455
20671,2015-07-01,10631.088351612476
20671,2015-08-01,10771.812500246244
20671,2015-09-01,11580.109740102602
20671,2015-10-01,9094.797538979585
20671,2015-11-01,11135.411316620583
20671,2015-12-01,10059.77535707513
20671,2016-01-01,9784.03472793475
20671,2016-02-01,10051.12358831957
20671,2016-03-01,9338.287171879098
20671,2016-04-01,9770.106373805062
20671,2016-05-01,9545.35808314142
20671,2016-06-01,10176.591960833264
20671,2016-07-01,10584.444674457158
20671,2016-08-01,10395.40194197383
20671,2016-09-01,8998.575537673209
20671,2016-10-01,10496.995882505027
20671,2016-11-01,10645.171001967983
20671,2016-12-01,10812.005717533151
20671,2017-01-01,10936.206780980745
20671,2017-02-01,11242.970290363306
20671,2017-03-01,11620.205541805468
20671,2017-04-01,11599.855131739785
20671,2017-05-01,12333.994753909503
20671,2017-06-01,12311.877562653093
20671,2017-07-01,12136.858663425006
20671,2017-08-01,12130.512628676059
20671,2017-09-01,12136.92437383737
20671,2017-10-01,12584.272428059703
20671,2017-11-01,12842.206414331515
20671,2017-12-01,14250.820871275559
20671,2018-01-01,13112.641298538932
20671,2018-02-01,13076.212836779569
20671,2018-03-01,13144.565825685819
20671,2018-04-01,12977.812515976291
20671,2018-05-01,13586.045885622587
20671,2018-06-01,13536.323748154724
20671,2018-07-01,13464.924460837483
20671,2018-08-01,13865.557008271873
20671,2018-09-01,14256.408701598673
20671,2018-10-01,14351.38346554487
20671,2018-11-01,14578.579776170965
20671,2018-12-01,15648.684485768592
20671,2019-01-01,15338.246329988002
20671,2019-02-01,15962.17376954672
20671,2019-03-01,16098.336718144199
20671,2019-04-01,15934.946649859688
20671,2019-05-01,15514.21907077446
20671,2019-06-01,16640.794106016543
20671,2019-07-01,17007.165275245152
20671,2019-08-01,17158.422123697947
20671,2019-09-01,18117.65142938288
20671,2019-10-01,17876.018701321373
20671,2019-11-01,18049.52724061218
20671,2019-12-01,22547.667010841004
20671,2020-01-01,18259.77152100211
20671,2020-02-01,20330.897483213386
20671,2020-03-01,17435.58905751938
20671,2020-04-01,17389.456748773926
20671,2020-05-01,16067.624556956602
20671,2020-06-01,18442.064565676184
20671,2020-07-01,19650.422350328477
20671,2020-08-01,20471.344338662264
20671,2020-09-01,19922.681617890456
20671,2020-10-01,23386.22279156551
20671,2020-11-01,23035.41140118508
20671,2020-12-01,22016.019426303043
20671,2021-01-01,15119.038993024016
20671,2021-02-01,17282.413820502916
20671,2021-03-01,16407.095390685143
20671,2021-04-01,21804.46063018512
20671,2021-05-01,22414.773327556893
20671,2021-06-01,22346.28651694119
20671,2021-07-01,21147.966651248422
20671,2021-08-01,20744.550285068653
20671,2021-09-01,20601.49350254943
20671,2021-10-01,18891.52672842616
20671,2021-11-01,17717.91595653841
20671,2021-12-01,17033.731096417225
20671,2022-01-01,9361.27177262962
20671,2022-02-01,11225.533555270713
20671,2022-03-01,13900.603195992278
20671,2022-04-01,21381.327271164486
20671,2022-05-01,16454.85024900452
20671,2022-06-01,15869.348204574522
20671,2022-07-01,17029.087761362556
20671,2022-08-01,16539.85893463632
20671,2022-09-01,16677.235559189532
20671,2022-10-01,25378.12739540358
20671,2022-11-01,19411.621607507474
20671,2022-12-01,16952.93551934842
20671,2023-01-01,18271.71930898025
20671,2023-02-01,16606.246879412025
20671,2023-03-01,12580.0326828485
20671,2023-04-01,13509.788335816917
20671,2023-05-01,13833.185142281955
20671,2023-06-01,13941.784158043267
20671,2023-07-01,14099.952814149445
20671,2023-08-01,15913.913017755063
20671,2023-09-01,18449.52977954243
20671,2023-10-01,18122.61313197116
20671,2023-11-01,18592.213925931395
20671,2023-12-01,19214.958978350358
20671,2024-01-01,19116.320797397588
20671,2024-02-01,20437.94575732526
20671,2024-03-01,17563.24027063577
20671,2024-04-01,17027.388293073116
20671,2024-05-01,17484.53142412553
20671,2024-06-01,19692.384319046167
20671,2024-07-01,19349.579319614328
20671,2024-08-01,19644.305718323147
20671,2024-09-01,18586.390583425182
20671,2024-10-01,17453.966418264765
20671,2024-11-01,17749.147321420212
20671,2024-12-01,17089.129999240773
20671,2025-01-01,17937.751452817753
20671,2025-02-01,18207.286011594882
20671,2025-03-01,19210.359832834816
20671,2025-04-01,19296.54842353018
20671,2025-05-01,14355.154287102981
20671,2025-06-01,15502.02637104958
20671,2025-07-01,16978.121213280992
20671,2025-08-01,17817.678553590726
20671,2025-09-01,19015.09038422963
20671,2025-10-01,19944.9329650636
20671,2025-11-01,19565.053675178544
20671,2025-12-01,21432.761880533675
20671,2026-01-01,20639.88273705994
20671,2026-02-01,22017.423499443274
20671,2026-03-01,23579.736639463197
20671,2026-04-01,21903.30724008277
20671,2026-05-01,20469.77844097748
20671,2026-06-01,20531.29673473979
20672,2011-03-01,15100
20672,2011-04-01,14025
20672,2011-05-01,16170
20672,2011-06-01,16203
20672,2011-07-01,15527
20672,2011-08-01,17232
20672,2011-09-01,16214
20672,2011-10-01,14668
20672,2011-11-01,17107
20672,2011-12-01,15100
20672,2012-01-01,15390
20672,2012-02-01,15167
20672,2012-03-01,16722
20672,2012-04-01,17044
20672,2012-05-01,20211
20672,2012-06-01,18754
20672,2012-07-01,17512
20672,2012-08-01,18805
20672,2012-09-01,14812
20672,2012-10-01,18468
20672,2012-11-01,16887
20672,2012-12-01,15093
20672,2013-01-01,18551
20672,2013-02-01,17941
20672,2013-03-01,19409
20672,2013-04-01,21272
20672,2013-05-01,21290
20672,2013-06-01,19715
20672,2013-07-01,20031
20672,2013-08-01,21179
20672,2013-09-01,18527
20672,2013-10-01,19669
20672,2013-11-01,18107
20672,2013-12-01,17414
20672,2014-01-01,19085
20672,2014-02-01,22109
20672,2014-03-01,18778
20672,2014-04-01,19941
20672,2014-05-01,20526
20672,2014-06-01,19994
20672,2014-07-01,19774
20672,2014-08-01,18250
20672,2014-09-01,19094
20672,2014-10-01,24718
20672,2014-11-01,20558
20672,2014-12-01,19273
20672,2015-01-01,18674
20672,2015-02-01,17584
20672,2015-03-01,21033
20672,2015-04-01,18962
20672,2015-05-01,18600
20672,2015-06-01,19041
20672,2015-07-01,18211
20672,2015-08-01,17887
20672,2015-09-01,18136
20672,2015-10-01,14696
20672,2015-11-01,16819
20672,2015-12-01,16270
20672,2016-01-01,15119
20672,2016-02-01,16203
20672,2016-03-01,17278
20672,2016-04-01,16531
20672,2016-05-01,17284
20672,2016-06-01,18183
20672,2016-07-01,16667
20672,2016-08-01,17970
20672,2016-09-01,14248
20672,2016-10-01,16134
20672,2016-11-01,16147
20672,2016-12-01,15252
20672,2017-01-01,16969
20672,2017-02-01,16926
20672,2017-03-01,19304
20672,2017-04-01,17134
20672,2017-05-01,21142
20672,2017-06-01,20341
20672,2017-07-01,18508
20672,2017-08-01,20183
20672,2017-09-01,18166
20672,2017-10-01,19504
20672,2017-11-01,19025
20672,2017-12-01,19078
20672,2018-01-01,20722
20672,2018-02-01,19684
20672,2018-03-01,21110
20672,2018-04-01,21103
20672,2018-05-01,22879
20672,2018-06-01,22032
20672,2018-07-01,22095
20672,2018-08-01,23610
20672,2018-09-01,20745
20672,2018-10-01,23815
20672,2018-11-01,22722
20672,2018-12-01,22437
20672,2019-01-01,25453
20672,2019-02-01,25376
20672,2019-03-01,24196
20672,2019-04-01,25910
20672,2019-05-01,27173
20672,2019-06-01,25588
20672,2019-07-01,28436
20672,2019-08-01,27869
20672,2019-09-01,27974
20672,2019-10-01,31273
20672,2019-11-01,27887
20672,2019-12-01,30360
20672,2020-01-01,30062
20672,2020-02-01,29058
20672,2020-03-01,31238
20672,2020-04-01,29375
20672,2020-05-01,26285
20672,2020-06-01,30236
20672,2020-07-01,29848
20672,2020-08-01,30863
20672,2020-09-01,32867
20672,2020-10-01,34214
20672,2020-11-01,33412
20672,2020-12-01,31301
20672,2021-01-01,24301
20672,2021-02-01,26058
20672,2021-03-01,31553
20672,2021-04-01,34478
20672,2021-05-01,36237
20672,2021-06-01,36566
20672,2021-07-01,36002
20672,2021-08-01,38325
20672,2021-09-01,36892
20672,2021-10-01,33670
20672,2021-11-01,32606
20672,2021-12-01,29374
20672,2022-01-01,27167
20672,2022-02-01,24792
20672,2022-03-01,30494
20672,2022-04-01,36316
20672,2022-05-01,33614
20672,2022-06-01,30556
20672,2022-07-01,30795
20672,2022-08-01,33691
20672,2022-09-01,32004
20672,2022-10-01,38620
20672,2022-11-01,32064
20672,2022-12-01,28684
20672,2023-01-01,34279
20672,2023-02-01,27492
20672,2023-03-01,29158
20672,2023-04-01,26062
20672,2023-05-01,29922
20672,2023-06-01,27229
20672,2023-07-01,27460
20672,2023-08-01,33247
20672,2023-09-01,33385
20672,2023-10-01,33816
20672,2023-11-01,33150
20672,2023-12-01,29348
20672,2024-01-01,39127
20672,2024-02-01,35998
20672,2024-03-01,34616
20672,2024-04-01,37875
20672,2024-05-01,37005
20672,2024-06-01,35034
20672,2024-07-01,40474
20672,2024-08-01,40693
20672,2024-09-01,39214
20672,2024-10-01,40915
20672,2024-11-01,35930
20672,2024-12-01,34429
20672,2025-01-01,41997
20672,2025-02-01,38397
20672,2025-03-01,38964
20672,2025-04-01,41933
20672,2025-05-01,35781
20672,2025-06-01,35440
20672,2025-07-01,40779
20672,2025-08-01,39933
20672,2025-09-01,44859
20672,2025-10-01,46513
20672,2025-11-01,38143
20672,2025-12-01,39975
20672,2026-01-01,44329
20672,2026-02-01,41152
20672,2026-03-01,48478
20672,2026-04-01,43801
20672,2026-05-01,40095
20672,2026-06-01,40841
20673,2011-03-01,8514.037109469024
20673,2011-04-01,8880.680927885001
20673,2011-05-01,8509.575333926958
20673,2011-06-01,8545.85102837922
20673,2011-07-01,8794.532396842897
20673,2011-08-01,8372.081396069992
20673,2011-09-01,8989.845000001782
20673,2011-10-01,8668.891560351352
20673,2011-11-01,8529.373670522009
20673,2011-12-01,7568.1632477156545
20673,2012-01-01,7180.682000421448
20673,2012-02-01,7890.06186086418
20673,2012-03-01,7560.346956312109
20673,2012-04-01,7259.345859522966
20673,2012-05-01,7299.265562019413
20673,2012-06-01,9176.423282580472
20673,2012-07-01,8481.863673489244
20673,2012-08-01,8614.922379223182
20673,2012-09-01,7315.470739974777
20673,2012-10-01,7623.703351338466
20673,2012-11-01,7265.284496833906
20673,2012-12-01,7614.282949703136
20673,2013-01-01,7320.782750742646
20673,2013-02-01,7770.595974422164
20673,2013-03-01,7799.466277440678
20673,2013-04-01,7326.902766426507
20673,2013-05-01,7662.843452157014
20673,2013-06-01,7835.31056976709
20673,2013-07-01,7562.215348551341
20673,2013-08-01,7943.096580746004
20673,2013-09-01,7665.042872189767
20673,2013-10-01,7659.57783093292
20673,2013-11-01,7863.40631898955
20673,2013-12-01,8192.648780043304
20673,2014-01-01,7997.769054218076
20673,2014-02-01,7590.784046311971
20673,2014-03-01,7873.818712950711
20673,2014-04-01,8118.412137910467
20673,2014-05-01,7945.238484291979
20673,2014-06-01,7580.087841365277
20673,2014-07-01,7598.44530840987
20673,2014-08-01,7714.281634538446
20673,2014-09-01,8071.035562445118
20673,2014-10-01,7698.859731965091
20673,2014-11-01,7826.6277894420355
20673,2014-12-01,8343.257243489894
20673,2015-01-01,7786.377388297807
20673,2015-02-01,7295.853479974411
20673,2015-03-01,7051.548732897548
20673,2015-04-01,7175.665991029853
20673,2015-05-01,7137.2838231608175
20673,2015-06-01,6936.368437284636
20673,2015-07-01,6633.848523888515
20673,2015-08-01,6525.3374689775555
20673,2015-09-01,6186.6690761916925
20673,2015-10-01,5961.195176592989
20673,2015-11-01,5834.849201045231
20673,2015-12-01,5637.827572634418
20673,2016-01-01,6017.5546679733425
20673,2016-02-01,6417.052231545637
20673,2016-03-01,5811.479764434314
20673,2016-04-01,5648.935497869682
20673,2016-05-01,5738.517066478068
20673,2016-06-01,5837.634173639359
20673,2016-07-01,6289.152182124757
20673,2016-08-01,5510.507523847037
20673,2016-09-01,5927.730595111555
20673,2016-10-01,6438.399627365461
20673,2016-11-01,6296.823516903342
20673,2016-12-01,5914.480033627938
20673,2017-01-01,6215.575388440241
20673,2017-02-01,6898.487583891936
20673,2017-03-01,6997.687616281822
20673,2017-04-01,7385.906945197375
20673,2017-05-01,7054.196832723739
20673,2017-06-01,7278.288982906363
20673,2017-07-01,7517.077162900908
20673,2017-08-01,7332.984777608973
20673,2017-09-01,7606.696315501119
20673,2017-10-01,7773.447798168455
20673,2017-11-01,7862.581514419822
20673,2017-12-01,8024.442176647995
20673,2018-01-01,8146.4108904686955
20673,2018-02-01,8323.747589924254
20673,2018-03-01,8963.45800156352
20673,2018-04-01,8500.396481949987
20673,2018-05-01,8592.309921732209
20673,2018-06-01,7694.653019458634
20673,2018-07-01,8095.759852908478
20673,2018-08-01,8582.552544062637
20673,2018-09-01,8942.01269508444
20673,2018-10-01,8737.346615591396
20673,2018-11-01,9181.34234250344
20673,2018-12-01,9148.8599137796209
20673,2019-01-01,9485.048155934759
20673,2019-02-01,9523.480520680427
20673,2019-03-01,9767.293093909175
20673,2019-04-01,9981.466553951357
20673,2019-05-01,10231.151290213269
20673,2019-06-01,10142.587621432025
20673,2019-07-01,10376.75140536109
20673,2019-08-01,10547.445492419418
20673,2019-09-01,10332.110412982729
20673,2019-10-01,10499.588059264757
20673,2019-11-01,10850.685687228794
20673,2019-12-01,11182.019889215531
20673,2020-01-01,11346.000366831475
20673,2020-02-01,11346.338051399449
20673,2020-03-01,8369.25672030635
20673,2020-04-01,5166.528795671016
20673,2020-05-01,7230.555974766056
20673,2020-06-01,9085.745748934649
20673,2020-07-01,9843.487066397147
20673,2020-08-01,10755.760571100025
20673,2020-09-01,11674.969866044654
20673,2020-10-01,12058.880383240392
20673,2020-11-01,12504.920780806275
20673,2020-12-01,12526.568637811175
20673,2021-01-01,11274.694764372314
20673,2021-02-01,12635.503666679882
20673,2021-03-01,10418.49086966834
20673,2021-04-01,11937.06123590461
20673,2021-05-01,12221.251271917978
20673,2021-06-01,12515.855727488892
20673,2021-07-01,12693.478418117576
20673,2021-08-01,12691.362454715485
20673,2021-09-01,12002.421363146423
20673,2021-10-01,11781.839239993242
20673,2021-11-01,11254.326294681065
20673,2021-12-01,10501.24434641333
20673,2022-01-01,11051.751128059299
20673,2022-02-01,11441.85967511395
20673,2022-03-01,11836.899475202637
20673,2022-04-01,11767.036624473361
20673,2022-05-01,12243.424988623568
20673,2022-06-01,11675.266304223995
20673,2022-07-01,10741.99904293292
20673,2022-08-01,11454.198581788094
20673,2022-09-01,11767.970792155953
20673,2022-10-01,11481.34934442208
20673,2022-11-01,11424.53409009577
20673,2022-12-01,10640.979031284289
20673,2023-01-01,11783.817641959937
20673,2023-02-01,11875.950352780867
20673,2023-03-01,12491.239323536667
20673,2023-04-01,12252.682514530043
20673,2023-05-01,12661.44361370541
20673,2023-06-01,12853.779665596085
20673,2023-07-01,13045.263056283473
20673,2023-08-01,13488.345001833719
20673,2023-09-01,13263.055366410916
20673,2023-10-01,13569.719415476191
20673,2023-11-01,14802.52118774631
20673,2023-12-01,15811.035251366633
20673,2024-01-01,16629.36477984627
20673,2024-02-01,16699.249070293576
20673,2024-03-01,16760.405482634673
20673,2024-04-01,17546.504403263887
20673,2024-05-01,17422.52646356544
20673,2024-06-01,17570.009112346794
20673,2024-07-01,17988.792486676582
20673,2024-08-01,17786.658805469284
20673,2024-09-01,17755.82388692117
20673,2024-10-01,18064.067674492097
20673,2024-11-01,17946.509385624548
20673,2024-12-01,17552.658830608478
20673,2025-01-01,17072.257256767567
20673,2025-02-01,17136.0541353498
20673,2025-03-01,17156.03841447715
20673,2025-04-01,17295.48343495131
20673,2025-05-01,18001.670423991633
20673,2025-06-01,17901.205064543723
20673,2025-07-01,18284.951453187117
20673,2025-08-01,18411.209893501265
20673,2025-09-01,19636.792715113657
20673,2025-10-01,19835.05424389316
20673,2025-11-01,19308.464688667857
20673,2025-12-01,21437.440386886738
20673,2026-01-01,20778.99759074799
20673,2026-02-01,20546.09998815147
20673,2026-03-01,22833.41628248268
20673,2026-04-01,22070.34283529087
20673,2026-05-01,21239.910963508348
20673,2026-06-01,21041.307833267914
20674,2011-03-01,789.6097324326212
20674,2011-04-01,747.1304650520076
20674,2011-05-01,666.7905586569327
20674,2011-06-01,716.5564143133546
20674,2011-07-01,723.372306270305
20674,2011-08-01,709.1288555550221
20674,2011-09-01,704.4305813885649
20674,2011-10-01,717.6768825920243
20674,2011-11-01,749.057537106624
20674,2011-12-01,759.6831570318541
20674,2012-01-01,716.1382427096773
20674,2012-02-01,792.5558091219136
20674,2012-03-01,750.8987143744729
20674,2012-04-01,782.1533462000407
20674,2012-05-01,803.0800013922124
20674,2012-06-01,797.288402343344
20674,2012-07-01,811.7288452743238
20674,2012-08-01,814.5265039548652
20674,2012-09-01,794.6026136908648
20674,2012-10-01,845.6224790681969
20674,2012-11-01,831.0000610493362
20674,2012-12-01,814.1663669745618
20674,2013-01-01,811.0463198437877
20674,2013-02-01,797.7721909031069
20674,2013-03-01,818.3011622888713
20674,2013-04-01,816.4708412414091
20674,2013-05-01,838.8369294179221
20674,2013-06-01,818.8860421173032
20674,2013-07-01,837.2744883524989
20674,2013-08-01,835.0138631116564
20674,2013-09-01,822.7046965920996
20674,2013-10-01,759.5149543379694
20674,2013-11-01,764.5240466066231
20674,2013-12-01,778.9099026232055
20674,2014-01-01,790.0360445956887
20674,2014-02-01,755.047862344595
20674,2014-03-01,754.7778794898696
20674,2014-04-01,723.9938368691161
20674,2014-05-01,711.4800959900351
20674,2014-06-01,721.6294678663321
20674,2014-07-01,667.5894746112087
20674,2014-08-01,673.5147005681606
20674,2014-09-01,700.449754447899
20674,2014-10-01,689.143133012416
20674,2014-11-01,639.5842413489588
20674,2014-12-01,663.3314342830938
20674,2015-01-01,623.3620951477053
20674,2015-02-01,622.8804623081227
20674,2015-03-01,602.6862250115038
20674,2015-04-01,616.1606296186073
20674,2015-05-01,598.0530254519018
20674,2015-06-01,590.226628262024
20674,2015-07-01,544.4848995432227
20674,2015-08-01,530.4082003800795
20674,2015-09-01,529.4239589726786
20674,2015-10-01,531.19075881205
20674,2015-11-01,541.1556561818034
20674,2015-12-01,493.30135666980306
20674,2016-01-01,492.27960192001336
20674,2016-02-01,558.8026125389426
20674,2016-03-01,490.1204947153955
20674,2016-04-01,441.6849469260632
20674,2016-05-01,460.2652704387112
20674,2016-06-01,455.1668011948217
20674,2016-07-01,476.32124670595374
20674,2016-08-01,474.8809777342275
20674,2016-09-01,446.5783593351015
20674,2016-10-01,443.25071690981815
20674,2016-11-01,435.2020732414499
20674,2016-12-01,437.95488291132864
20674,2017-01-01,448.89733393851475
20674,2017-02-01,424.85376404135036
20674,2017-03-01,465.0972806322986
20674,2017-04-01,463.32475285354053
20674,2017-05-01,459.9244806117058
20674,2017-06-01,466.7396258028007
20674,2017-07-01,478.6396371928307
20674,2017-08-01,465.43051742266107
20674,2017-09-01,469.68110609924236
20674,2017-10-01,473.4291753333313
20674,2017-11-01,484.17169719708244
20674,2017-12-01,494.86240992689847
20674,2018-01-01,495.2394585280255
20674,2018-02-01,481.99658284972094
20674,2018-03-01,453.2197201738709
20674,2018-04-01,453.9331081935251
20674,2018-05-01,463.6970971234927
20674,2018-06-01,458.6509914621734
20674,2018-07-01,461.2966057754721
20674,2018-08-01,530.311261869064
20674,2018-09-01,504.57701464187204
20674,2018-10-01,487.3638379252032
20674,2018-11-01,517.1428125145778
20674,2018-12-01,525.9621976515912
20674,2019-01-01,543.6451159381527
20674,2019-02-01,531.9784962876441
20674,2019-03-01,542.396144667057
20674,2019-04-01,541.0731944535338
20674,2019-05-01,547.6791793026398
20674,2019-06-01,543.5758089260081
20674,2019-07-01,555.5638617894579
20674,2019-08-01,534.6973331847781
20674,2019-09-01,529.359472878679
20674,2019-10-01,547.900570713405
20674,2019-11-01,505.95656515549985
20674,2019-12-01,551.7914465779739
20674,2020-01-01,544.5528269369141
20674,2020-02-01,568.8570891506646
20674,2020-03-01,383.6355896923933
20674,2020-04-01,370.43098221051434
20674,2020-05-01,487.14390497779107
20674,2020-06-01,663.5034133616131
20674,2020-07-01,621.3004778725324
20674,2020-08-01,708.8621638580204
20674,2020-09-01,703.8685267322896
20674,2020-10-01,760.602498537307
20674,2020-11-01,703.9564905168677
20674,2020-12-01,671.590052234653
20674,2021-01-01,666.991206552312
20674,2021-02-01,736.0057475660269
20674,2021-03-01,723.8799617086248
20674,2021-04-01,756.1822372323911
20674,2021-05-01,780.4727805069122
20674,2021-06-01,837.1726190664805
20674,2021-07-01,888.9620404975338
20674,2021-08-01,869.1524583321246
20674,2021-09-01,922.3681245114067
20674,2021-10-01,960.85382930089
20674,2021-11-01,1072.5267261472598
20674,2021-12-01,988.3264038616335
20674,2022-01-01,1047.7059707019741
20674,2022-02-01,1291.0302819507376
20674,2022-03-01,1302.732557687226
20674,2022-04-01,1236.002654794982
20674,2022-05-01,1102.3218562061413
20674,2022-06-01,1021.0201979979539
20674,2022-07-01,1019.9063935116548
20674,2022-08-01,1091.9250569833546
20674,2022-09-01,1075.016873118001
20674,2022-10-01,1076.7460166069102
20674,2022-11-01,1119.174860127642
20674,2022-12-01,1180.558557755409
20674,2023-01-01,1015.830168800939
20674,2023-02-01,1027.3494856350007
20674,2023-03-01,1003.0986597468847
20674,2023-04-01,1000.6380572677832
20674,2023-05-01,983.8789401603439
20674,2023-06-01,929.3583489050762
20674,2023-07-01,945.4766092645054
20674,2023-08-01,996.4173502662592
20674,2023-09-01,1000.2882911708989
20674,2023-10-01,988.1307680161709
20674,2023-11-01,1095.6414833522747
20674,2023-12-01,1080.4708681046907
20674,2024-01-01,1236.3793190502631
20674,2024-02-01,1198.2459721355926
20674,2024-03-01,1185.4337869155067
20674,2024-04-01,1186.6055970319026
20674,2024-05-01,1281.1509594755048
20674,2024-06-01,1336.6056284706212
20674,2024-07-01,1340.5596835388162
20674,2024-08-01,1308.7672275417915
20674,2024-09-01,1278.1794461703764
20674,2024-10-01,1286.2862892510468
20674,2024-11-01,1228.4026978507934
20674,2024-12-01,1293.9962342491233
20674,2025-01-01,1287.9609209492542
20674,2025-02-01,1268.3178888515565
20674,2025-03-01,1293.0331139394839
20674,2025-04-01,1354.9597130494376
20674,2025-05-01,1338.318385478882
20674,2025-06-01,1323.1612489995784
20674,2025-07-01,1045.007891035207
20674,2025-08-01,994.4661349197228
20674,2025-09-01,1065.7495042192404
20674,2025-10-01,1111.2794149729848
20674,2025-11-01,1047.7889293391295
20674,2025-12-01,1086.8676107292827
20674,2026-01-01,1133.5642969451922
20674,2026-02-01,1158.944972579473
20674,2026-03-01,1177.9730579848178
20674,2026-04-01,1185.7599544643328
20674,2026-05-01,1234.3932832335636
20674,2026-06-01,1355.2783403622182
20679,2011-03-01,12718.21599407975
20679,2011-04-01,13496.068780422202
20679,2011-05-01,12806.56709347355
20679,2011-06-01,12752.187962520147
20679,2011-07-01,12370.933107061575
20679,2011-08-01,12239.26644695078
20679,2011-09-01,13300.395659943439
20679,2011-10-01,14044.253180623427
20679,2011-11-01,13203.188672046872
20679,2011-12-01,12648.053108610029
20679,2012-01-01,12646.067423810618
20679,2012-02-01,12430.287573284157
20679,2012-03-01,12496.15067795066
20679,2012-04-01,12758.140934877874
20679,2012-05-01,12957.844268014534
20679,2012-06-01,14049.098258053235
20679,2012-07-01,13481.424795626106
20679,2012-08-01,13601.82491507826
20679,2012-09-01,14190.096040942406
20679,2012-10-01,14315.35660194551
20679,2012-11-01,14053.112113671988
20679,2012-12-01,14427.02311491333
20679,2013-01-01,14591.55490366366
20679,2013-02-01,14527.082832911741
20679,2013-03-01,14590.76390792423
20679,2013-04-01,14650.841493808191
20679,2013-05-01,15197.304823981814
20679,2013-06-01,15238.097886231186
20679,2013-07-01,15778.471002970495
20679,2013-08-01,16146.396380354743
20679,2013-09-01,16082.980964106284
20679,2013-10-01,16342.866984493934
20679,2013-11-01,16522.535088403733
20679,2013-12-01,17126.462631188213
20679,2014-01-01,16864.76056093089
20679,2014-02-01,17792.50043580267
20679,2014-03-01,17872.96861854078
20679,2014-04-01,17851.055025405698
20679,2014-05-01,17386.7965423102
20679,2014-06-01,17780.597525277793
20679,2014-07-01,17600.398587895295
20679,2014-08-01,17244.448510820665
20679,2014-09-01,15898.202222939331
20679,2014-10-01,16077.58558828485
20679,2014-11-01,16114.134751669224
20679,2014-12-01,16615.66366047009
20679,2015-01-01,16885.685561381255
20679,2015-02-01,16446.171276060966
20679,2015-03-01,16733.659775582557
20679,2015-04-01,16681.724144824315
20679,2015-05-01,16079.068070564746
20679,2015-06-01,15662.06821183436
20679,2015-07-01,14926.636305925542
20679,2015-08-01,15418.580179874647
20679,2015-09-01,15518.569928320556
20679,2015-10-01,15488.065736402448
20679,2015-11-01,15447.45756879669
20679,2015-12-01,15449.155184227671
20679,2016-01-01,14968.42672438448
20679,2016-02-01,15618.877790360215
20679,2016-03-01,14636.228868084774
20679,2016-04-01,14721.820273463585
20679,2016-05-01,15065.293774376722
20679,2016-06-01,15045.140896414863
20679,2016-07-01,14628.93763275047
20679,2016-08-01,15241.651643348276
20679,2016-09-01,14968.606447774677
20679,2016-10-01,15335.528796279546
20679,2016-11-01,15328.025711580163
20679,2016-12-01,14797.511474566878
20679,2017-01-01,14824.609144565415
20679,2017-02-01,13394.397341561986
20679,2017-03-01,15471.074379485222
20679,2017-04-01,15326.641968655002
20679,2017-05-01,16343.194382632091
20679,2017-06-01,15000.51669692243
20679,2017-07-01,15853.438306412458
20679,2017-08-01,15856.22721412644
20679,2017-09-01,16337.569577460426
20679,2017-10-01,16533.491603222457
20679,2017-11-01,16820.262566288522
20679,2017-12-01,16794.21769050664
20679,2018-01-01,17081.143974273276
20679,2018-02-01,16550.92632763034
20679,2018-03-01,16427.062959403855
20679,2018-04-01,15934.430871136863
20679,2018-05-01,14760.167019733733
20679,2018-06-01,15376.341174511097
20679,2018-07-01,16236.899926742337
20679,2018-08-01,15206.110389944552
20679,2018-09-01,15188.652247687643
20679,2018-10-01,15550.808122147011
20679,2018-11-01,15785.101677869956
20679,2018-12-01,15485.139372586338
20679,2019-01-01,15590.251267727008
20679,2019-02-01,16115.091212300296
20679,2019-03-01,16075.377611623608
20679,2019-04-01,16377.13641794357
20679,2019-05-01,16755.75251040764
20679,2019-06-01,17093.771917416438
20679,2019-07-01,18313.06354553172
20679,2019-08-01,17126.556818263853
20679,2019-09-01,16613.556096711407
20679,2019-10-01,16716.477629401586
20679,2019-11-01,16668.22243777127
20679,2019-12-01,17070.154690572464
20679,2020-01-01,17222.91091821048
20679,2020-02-01,17481.248184851764
20679,2020-03-01,18035.418030882764
20679,2020-04-01,18651.837189421964
20679,2020-05-01,15092.096318468717
20679,2020-06-01,14938.757624623835
20679,2020-07-01,12508.873318701515
20679,2020-08-01,12987.163310133741
20679,2020-09-01,13999.67571780309
20679,2020-10-01,13819.882385032266
20679,2020-11-01,13598.628468225865
20679,2020-12-01,14574.56616031937
20679,2021-01-01,15338.358900402656
20679,2021-02-01,15363.830912931644
20679,2021-03-01,16433.28013249021
20679,2021-04-01,16648.256066938367
20679,2021-05-01,16999.31091895414
20679,2021-06-01,17633.753499057133
20679,2021-07-01,18251.411936192206
20679,2021-08-01,19262.684678798756
20679,2021-09-01,20476.676998448485
20679,2021-10-01,21257.49087472949
20679,2021-11-01,22538.32626692265
20679,2021-12-01,24257.26293108009
20679,2022-01-01,24030.073762931097
20679,2022-02-01,23149.152653383167
20679,2022-03-01,28171.0785864164
20679,2022-04-01,26717.342661088063
20679,2022-05-01,27145.802527616877
20679,2022-06-01,28499.87670725275
20679,2022-07-01,28914.387595308446
20679,2022-08-01,30193.52840421897
20679,2022-09-01,31261.133174975963
20679,2022-10-01,30929.784517351607
20679,2022-11-01,30382.148970467977
20679,2022-12-01,30560.48428774888
20679,2023-01-01,29879.842806086977
20679,2023-02-01,30558.56458483995
20679,2023-03-01,29613.225426699257
20679,2023-04-01,30214.767049343405
20679,2023-05-01,30270.533257780684
20679,2023-06-01,30548.472120289065
20679,2023-07-01,29325.41962226456
20679,2023-08-01,29556.469264728097
20679,2023-09-01,29874.149036946525
20679,2023-10-01,30120.580951104257
20679,2023-11-01,32097.41146947549
20679,2023-12-01,29485.99091746084
20679,2024-01-01,29461.096077774437
20679,2024-02-01,31038.589654136955
20679,2024-03-01,29459.86680496007
20679,2024-04-01,29850.530530727116
20679,2024-05-01,29886.588310226995
20679,2024-06-01,29719.389861504773
20679,2024-07-01,30298.713067801033
20679,2024-08-01,31330.726390706594
20679,2024-09-01,29716.711786556752
20679,2024-10-01,30568.165588185588
20679,2024-11-01,31044.934922012297
20679,2024-12-01,30733.32451030697
20679,2025-01-01,31620.226827857703
20679,2025-02-01,32396.050533450638
20679,2025-03-01,34552.44952789481
20679,2025-04-01,32633.826925088786
20679,2025-05-01,32574.377373426887
20679,2025-06-01,33376.530006856265
20679,2025-07-01,34438.22946473114
20679,2025-08-01,33459.44112880258
20679,2025-09-01,34035.050548005696
20679,2025-10-01,33804.91418754932
20679,2025-11-01,34530.46254105345
20679,2025-12-01,36604.05839532289
20679,2026-01-01,36598.88171999434
20679,2026-02-01,35855.261528176525
20679,2026-03-01,37540.57487592275
20679,2026-04-01,38543.63941641404
20679,2026-05-01,39344.43493667067
20679,2026-06-01,39138.29871023293
20680,2011-03-01,2294.505159812384
20680,2011-04-01,1509.935647718913
20680,2011-05-01,1630.2807353618753
20680,2011-06-01,1743.0444473706086
20680,2011-07-01,1788.210828058014
20680,2011-08-01,1864.1891807335894
20680,2011-09-01,1907.0256177259794
20680,2011-10-01,1743.1414326534357
20680,2011-11-01,2052.073177075238
20680,2011-12-01,2214.721598218105
20680,2012-01-01,2096.6016965099525
20680,2012-02-01,2053.2266198856773
20680,2012-03-01,2061.614163564755
20680,2012-04-01,1888.57598519214
20680,2012-05-01,1905.8784224373467
20680,2012-06-01,1880.9589914626345
20680,2012-07-01,1893.546495687652
20680,2012-08-01,1768.1193964840277
20680,2012-09-01,1752.5242768343153
20680,2012-10-01,2007.4739269522788
20680,2012-11-01,2056.639301126084
20680,2012-12-01,2018.9788815225313
20680,2013-01-01,1972.488054215298
20680,2013-02-01,1925.1388914321044
20680,2013-03-01,1992.6817736624446
20680,2013-04-01,2159.985094835668
20680,2013-05-01,2273.608393080689
20680,2013-06-01,2139.605391547182
20680,2013-07-01,2149.2639801959426
20680,2013-08-01,2335.709425711717
20680,2013-09-01,2474.090360386903
20680,2013-10-01,2430.262550099948
20680,2013-11-01,2372.0301853964415
20680,2013-12-01,2450.4693565217567
20680,2014-01-01,2448.3680036155192
20680,2014-02-01,2555.1760668340758
20680,2014-03-01,2460.797964419419
20680,2014-04-01,2648.1439110423867
20680,2014-05-01,2449.22115118335
20680,2014-06-01,2495.0802787754105
20680,2014-07-01,2494.05969921854
20680,2014-08-01,2513.0234761489533
20680,2014-09-01,2411.426423821958
20680,2014-10-01,2339.3096198918265
20680,2014-11-01,2440.905208248309
20680,2014-12-01,2609.4930308188727
20680,2015-01-01,2666.0242703388603
20680,2015-02-01,2669.7774078565226
20680,2015-03-01,2665.0770296832766
20680,2015-04-01,2602.8047803447475
20680,2015-05-01,2527.7693236980053
20680,2015-06-01,2803.332363573502
20680,2015-07-01,2686.480071719242
20680,2015-08-01,2986.4273498382104
20680,2015-09-01,2629.5657155055424
20680,2015-10-01,2541.437870766644
20680,2015-11-01,2453.8566984574786
20680,2015-12-01,2376.131327500112
20680,2016-01-01,2425.510037382306
20680,2016-02-01,2434.587620877817
20680,2016-03-01,2467.818053464936
20680,2016-04-01,2386.8758411300882
20680,2016-05-01,2484.61923185459
20680,2016-06-01,2473.839934848418
20680,2016-07-01,2442.1227447564606
20680,2016-08-01,2372.3591375373453
20680,2016-09-01,2322.3792097850373
20680,2016-10-01,2435.041600314921
20680,2016-11-01,2416.882826342511
20680,2016-12-01,2349.810863019802
20680,2017-01-01,2410.7073133123963
20680,2017-02-01,2227.5875095963906
20680,2017-03-01,2427.413297852435
20680,2017-04-01,2697.72501683619
20680,2017-05-01,4461.260271530549
20680,2017-06-01,3571.491592779516
20680,2017-07-01,3565.4403651345347
20680,2017-08-01,3359.997600695481
20680,2017-09-01,3360.167399513112
20680,2017-10-01,3412.829307113421
20680,2017-11-01,3390.435418183488
20680,2017-12-01,3407.301789463441
20680,2018-01-01,3407.388997135717
20680,2018-02-01,3437.53387272732
20680,2018-03-01,3506.853638100448
20680,2018-04-01,3541.2828789855826
20680,2018-05-01,3637.35367936976
20680,2018-06-01,3742.2952425402295
20680,2018-07-01,3944.7510992008015
20680,2018-08-01,4076.825489490962
20680,2018-09-01,4445.865806107859
20680,2018-10-01,4240.260721248827
20680,2018-11-01,4592.794944952487
20680,2018-12-01,4508.658185544223
20680,2019-01-01,4380.220021710672
20680,2019-02-01,4370.660143559706
20680,2019-03-01,4619.779563602049
20680,2019-04-01,4650.4799724144705
20680,2019-05-01,4851.924095933003
20680,2019-06-01,5079.37464550516
20680,2019-07-01,5167.729359800569
20680,2019-08-01,5203.713948611232
20680,2019-09-01,5087.675087352372
20680,2019-10-01,5132.934199109577
20680,2019-11-01,4835.479999691769
20680,2019-12-01,4992.554953506483
20680,2020-01-01,4899.225443231765
20680,2020-02-01,5171.899863773775
20680,2020-03-01,5003.150758998017
20680,2020-04-01,5722.833654944235
20680,2020-05-01,4971.842717902081
20680,2020-06-01,4376.242273356331
20680,2020-07-01,3846.4751038973027
20680,2020-08-01,3587.3389682700067
20680,2020-09-01,3782.6029286106345
20680,2020-10-01,4008.331294950004
20680,2020-11-01,4189.799309512939
20680,2020-12-01,4223.659959720217
20680,2021-01-01,4517.7767779759415
20680,2021-02-01,4769.506806429593
20680,2021-03-01,4825.452620969066
20680,2021-04-01,4943.870492659751
20680,2021-05-01,4860.511966614639
20680,2021-06-01,5191.320689816466
20680,2021-07-01,5314.230741099078
20680,2021-08-01,5854.629239670312
20680,2021-09-01,6140.859389681427
20680,2021-10-01,6310.588731243332
20680,2021-11-01,6697.715302572428
20680,2021-12-01,6883.848238650036
20680,2022-01-01,7008.674378419393
20680,2022-02-01,6912.887283337635
20680,2022-03-01,7879.317622828433
20680,2022-04-01,7677.98801623118
20680,2022-05-01,7865.458126023946
20680,2022-06-01,8235.166088396085
20680,2022-07-01,8685.062698261298
20680,2022-08-01,8717.192602721238
20680,2022-09-01,9201.779475907148
20680,2022-10-01,9191.3692281919175
20680,2022-11-01,9117.921429447724
20680,2022-12-01,9263.590267512693
20680,2023-01-01,9404.475637179325
20680,2023-02-01,9439.602121699754
20680,2023-03-01,9630.919623481026
20680,2023-04-01,9855.819272605462
20680,2023-05-01,10366.967527259429
20680,2023-06-01,10683.437358524918
20680,2023-07-01,10678.798262088776
20680,2023-08-01,11111.207806239316
20680,2023-09-01,13170.062632532874
20680,2023-10-01,12070.397971968172
20680,2023-11-01,12585.378841731952
20680,2023-12-01,12337.651659997216
20680,2024-01-01,12626.061567964054
20680,2024-02-01,12874.452411695907
20680,2024-03-01,12277.473828938459
20680,2024-04-01,13183.974414692777
20680,2024-05-01,13057.26777120803
20680,2024-06-01,13330.402690715497
20680,2024-07-01,13416.683453299698
20680,2024-08-01,13311.892708088948
20680,2024-09-01,12915.636652805999
20680,2024-10-01,13252.73722310546
20680,2024-11-01,13020.774340466334
20680,2024-12-01,13858.381161942403
20680,2025-01-01,14013.300419142795
20680,2025-02-01,14089.619101905248
20680,2025-03-01,14393.145149519349
20680,2025-04-01,14603.646260831183
20680,2025-05-01,15188.485595626827
20680,2025-06-01,15182.583383624886
20680,2025-07-01,15805.227871375379
20680,2025-08-01,16315.147924580053
20680,2025-09-01,16510.958009721806
20680,2025-10-01,17945.178902383497
20680,2025-11-01,17122.541539177735
20680,2025-12-01,17562.248591751195
20680,2026-01-01,17883.303252148697
20680,2026-02-01,17851.469633686254
20680,2026-03-01,17908.185769002954
20680,2026-04-01,17671.57759084656
20680,2026-05-01,17850.620397190694
20680,2026-06-01,18061.978455936667
20681,2011-03-01,31628.002649024696
20681,2011-04-01,30610.571309947598
20681,2011-05-01,32249.090623680488
20681,2011-06-01,33756.178831620724
20681,2011-07-01,34010.33196555715
20681,2011-08-01,34603.907941800484
20681,2011-09-01,35929.13742120017
20681,2011-10-01,35716.942003812896
20681,2011-11-01,35825.28943541216
20681,2011-12-01,36484.05625790233
20681,2012-01-01,35950.16759020573
20681,2012-02-01,37596.75989415614
20681,2012-03-01,37390.44593473426
20681,2012-04-01,37712.09965261031
20681,2012-05-01,38339.06037971077
20681,2012-06-01,35239.022054485686
20681,2012-07-01,35862.542523141135
20681,2012-08-01,32949.105292358116
20681,2012-09-01,39486.84249512901
20681,2012-10-01,42819.76990246035
20681,2012-11-01,41613.6307194703
20681,2012-12-01,42494.16574724271
20681,2013-01-01,43503.376170533724
20681,2013-02-01,43648.865943757446
20681,2013-03-01,43179.795718590176
20681,2013-04-01,44704.72164008329
20681,2013-05-01,45202.101118917126
20681,2013-06-01,44560.078283862174
20681,2013-07-01,47159.84345529439
20681,2013-08-01,46084.112372291274
20681,2013-09-01,45504.99805213897
20681,2013-10-01,46175.6915383878
20681,2013-11-01,46415.25498900004
20681,2013-12-01,50133.86886571351
20681,2014-01-01,49289.61951464264
20681,2014-02-01,50360.18282925937
20681,2014-03-01,51307.033100151464
20681,2014-04-01,52177.10106855184
20681,2014-05-01,51644.56381472233
20681,2014-06-01,51743.05134667334
20681,2014-07-01,53995.52584106471
20681,2014-08-01,53888.69265141359
20681,2014-09-01,55411.97314907227
20681,2014-10-01,54224.337037769736
20681,2014-11-01,50611.490146487915
20681,2014-12-01,55930.99734678781
20681,2015-01-01,56506.37829597032
20681,2015-02-01,53924.08698827428
20681,2015-03-01,55470.80743019831
20681,2015-04-01,55201.87997476664
20681,2015-05-01,56537.841027069466
20681,2015-06-01,55783.60221844428
20681,2015-07-01,54037.32191799259
20681,2015-08-01,54917.68543262714
20681,2015-09-01,54991.63741231695
20681,2015-10-01,56003.61784231961
20681,2015-11-01,55375.399079412615
20681,2015-12-01,55368.6561662253
20681,2016-01-01,54738.063046228985
20681,2016-02-01,58943.10566444482
20681,2016-03-01,55910.170406463905
20681,2016-04-01,55630.17304573442
20681,2016-05-01,56770.34117611103
20681,2016-06-01,57763.72116409906
20681,2016-07-01,58114.83077028083
20681,2016-08-01,59038.06436727772
20681,2016-09-01,58865.835944344035
20681,2016-10-01,59917.29511060043
20681,2016-11-01,61189.57872091687
20681,2016-12-01,59131.64451631188
20681,2017-01-01,59600.1327744592
20681,2017-02-01,58155.69393194031
20681,2017-03-01,65112.656970575044
20681,2017-04-01,62878.10763491244
20681,2017-05-01,63936.98464747653
20681,2017-06-01,65236.54583822847
20681,2017-07-01,66224.28298472086
20681,2017-08-01,64107.45917262368
20681,2017-09-01,65679.41462752897
20681,2017-10-01,66830.98838202086
20681,2017-11-01,67721.46143277969
20681,2017-12-01,67938.48004899311
20681,2018-01-01,71094.39966289663
20681,2018-02-01,69915.72240324621
20681,2018-03-01,72100.56024476382
20681,2018-04-01,70351.13608369934
20681,2018-05-01,72268.74351822668
20681,2018-06-01,72282.0074854152
20681,2018-07-01,72151.2281272083
20681,2018-08-01,77687.92119634913
20681,2018-09-01,75712.90692224298
20681,2018-10-01,76345.91581263267
20681,2018-11-01,84817.64050768876
20681,2018-12-01,81920.66261117267
20681,2019-01-01,82271.57698955789
20681,2019-02-01,83040.76165590383
20681,2019-03-01,83662.50305917526
20681,2019-04-01,86665.91774892525
20681,2019-05-01,87013.38805918112
20681,2019-06-01,87969.09509942621
20681,2019-07-01,91523.1298455543
20681,2019-08-01,90954.93849497948
20681,2019-09-01,90750.54388188322
20681,2019-10-01,91047.72224248576
20681,2019-11-01,91875.52762533486
20681,2019-12-01,100676.36087827783
20681,2020-01-01,98398.0497383051
20681,2020-02-01,100233.21181420915
20681,2020-03-01,84264.4967171784
20681,2020-04-01,68283.90384319669
20681,2020-05-01,74413.15084095494
20681,2020-06-01,83271.32581448712
20681,2020-07-01,87327.6986323657
20681,2020-08-01,92886.49263353198
20681,2020-09-01,98122.97397254738
20681,2020-10-01,101736.88167406622
20681,2020-11-01,103748.02313370067
20681,2020-12-01,102770.15294956596
20681,2021-01-01,103175.62092234699
20681,2021-02-01,106312.93772628598
20681,2021-03-01,102468.02721158779
20681,2021-04-01,110250.04344291128
20681,2021-05-01,116726.11419809858
20681,2021-06-01,121188.09372688299
20681,2021-07-01,124749.65311574345
20681,2021-08-01,129738.59477785305
20681,2021-09-01,132835.19547448363
20681,2021-10-01,135539.02344239128
20681,2021-11-01,143059.1202472585
20681,2021-12-01,136510.40420606057
20681,2022-01-01,141632.03559371346
20681,2022-02-01,144894.00185522294
20681,2022-03-01,163028.0195144118
20681,2022-04-01,163904.1048316816
20681,2022-05-01,165564.01732075005
20681,2022-06-01,166096.2163700036
20681,2022-07-01,169028.21546697812
20681,2022-08-01,169327.74951920778
20681,2022-09-01,174923.29815102668
20681,2022-10-01,176230.0162736307
20681,2022-11-01,154218.23679870105
20681,2022-12-01,154026.0998325964
20681,2023-01-01,155514.9886410475
20681,2023-02-01,155981.86540374337
20681,2023-03-01,160902.51477490066
20681,2023-04-01,162512.0853528569
20681,2023-05-01,163532.6304185496
20681,2023-06-01,165783.93071730062
20681,2023-07-01,167665.29459962787
20681,2023-08-01,168714.82055807923
20681,2023-09-01,169134.92706603298
20681,2023-10-01,170148.17124660918
20681,2023-11-01,172634.9259770596
20681,2023-12-01,174480.95860362987
20681,2024-01-01,181906.7662167402
20681,2024-02-01,181016.7175025499
20681,2024-03-01,179813.14951176895
20681,2024-04-01,175709.59772632917
20681,2024-05-01,185944.94671804595
20681,2024-06-01,187784.704064497
20681,2024-07-01,191691.3655874468
20681,2024-08-01,187797.12868994856
20681,2024-09-01,189797.13370016837
20681,2024-10-01,190648.17338114453
20681,2024-11-01,190941.4603618391
20681,2024-12-01,195512.909680091
20681,2025-01-01,195302.0512198715
20681,2025-02-01,202428.431656731
20681,2025-03-01,206322.38428818522
20681,2025-04-01,208127.87950543794
20681,2025-05-01,203240.77872954946
20681,2025-06-01,209423.71195879136
20681,2025-07-01,208016.8595703047
20681,2025-08-01,216413.66359586894
20681,2025-09-01,211916.8596842301
20681,2025-10-01,215928.4613712738
20681,2025-11-01,217159.4969074291
20681,2025-12-01,219243.8655870975
20681,2026-01-01,222221.19216027658
20681,2026-02-01,216547.787293906
20681,2026-03-01,221494.6745488529
20681,2026-04-01,224248.6893193485
20681,2026-05-01,226034.45655810914
20681,2026-06-01,225399.1007797464
20682,2011-03-01,46267.51696594733
20682,2011-04-01,45994.26998803389
20682,2011-05-01,46416.80538126328
20682,2011-06-01,48823.40686153825
20682,2011-07-01,48126.63353186772
20682,2011-08-01,48835.322497122266
20682,2011-09-01,51920.16659111391
20682,2011-10-01,51407.80780376602
20682,2011-11-01,50928.01606907266
20682,2011-12-01,51134.057179752424
20682,2012-01-01,50767.672240346175
20682,2012-02-01,51904.21073250029
20682,2012-03-01,51729.318046222244
20682,2012-04-01,52187.835247622745
20682,2012-05-01,52870.93088366453
20682,2012-06-01,52123.923435798744
20682,2012-07-01,50920.51482574472
20682,2012-08-01,48421.663193195665
20682,2012-09-01,56114.35932026606
20682,2012-10-01,58547.01538575442
20682,2012-11-01,57578.067488985595
20682,2012-12-01,58689.67430157728
20682,2013-01-01,60141.079186480354
20682,2013-02-01,60063.65500912367
20682,2013-03-01,59564.12968155419
20682,2013-04-01,61509.58041958158
20682,2013-05-01,62507.76064124454
20682,2013-06-01,62770.03094667868
20682,2013-07-01,64605.21581223441
20682,2013-08-01,64970.79504783738
20682,2013-09-01,64351.94218095554
20682,2013-10-01,64346.88091952695
20682,2013-11-01,65112.065386167626
20682,2013-12-01,69396.51088074478
20682,2014-01-01,69068.90270288465
20682,2014-02-01,70654.14059522688
20682,2014-03-01,71621.65515053799
20682,2014-04-01,72669.52490615373
20682,2014-05-01,71481.41866255713
20682,2014-06-01,72522.11668260273
20682,2014-07-01,73636.99674130253
20682,2014-08-01,73828.75018934603
20682,2014-09-01,74086.43975562647
20682,2014-10-01,72500.3714977
20682,2014-11-01,69034.04404882755
20682,2014-12-01,74954.08800432259
20682,2015-01-01,76930.75884253236
20682,2015-02-01,72947.09767604285
20682,2015-03-01,74453.41815649297
20682,2015-04-01,74402.46819239289
20682,2015-05-01,75041.73234319556
20682,2015-06-01,74551.6401678348
20682,2015-07-01,71424.65390610411
20682,2015-08-01,73086.13627150105
20682,2015-09-01,73305.28983978393
20682,2015-10-01,74363.19666575747
20682,2015-11-01,73219.69535231128
20682,2015-12-01,72998.29069787377
20682,2016-01-01,73064.77955634479
20682,2016-02-01,76606.47178493584
20682,2016-03-01,72369.81096374424
20682,2016-04-01,73130.23079441184
20682,2016-05-01,74124.1594046443
20682,2016-06-01,75335.82904742808
20682,2016-07-01,75217.5166500102
20682,2016-08-01,75976.31295929741
20682,2016-09-01,76509.26208361152
20682,2016-10-01,78053.62167543548
20682,2016-11-01,78975.25857751277
20682,2016-12-01,76512.94174294294
20682,2017-01-01,77750.80704738392
20682,2017-02-01,73294.21564293653
20682,2017-03-01,82475.10868790057
20682,2017-04-01,80994.6590331284
20682,2017-05-01,84579.47619610518
20682,2017-06-01,84055.76613593393
20682,2017-07-01,85668.28062482196
20682,2017-08-01,82554.59818586754
20682,2017-09-01,85681.64095009342
20682,2017-10-01,86910.40343905272
20682,2017-11-01,87927.27905862546
20682,2017-12-01,88064.90905715461
20682,2018-01-01,92475.7321706778
20682,2018-02-01,89705.44874210386
20682,2018-03-01,91645.26931452253
20682,2018-04-01,89919.85650600141
20682,2018-05-01,90363.2293625949
20682,2018-06-01,91815.83899825146
20682,2018-07-01,92400.48534602052
20682,2018-08-01,96302.3434219946
20682,2018-09-01,95297.07819930982
20682,2018-10-01,96154.0898057271
20682,2018-11-01,105202.42084780699
20682,2018-12-01,101942.61938612159
20682,2019-01-01,102885.84144240979
20682,2019-02-01,103297.65235667866
20682,2019-03-01,103919.52389498024
20682,2019-04-01,107988.66938164657
20682,2019-05-01,108598.1854927442
20682,2019-06-01,110323.14355736578
20682,2019-07-01,115243.51486105338
20682,2019-08-01,112859.45557070608
20682,2019-09-01,112188.85920922497
20682,2019-10-01,112903.1310568766
20682,2019-11-01,113287.72776190245
20682,2019-12-01,123061.27970009748
20682,2020-01-01,121108.85063132895
20682,2020-02-01,122671.98147683412
20682,2020-03-01,107110.76569967633
20682,2020-04-01,93078.96916939033
20682,2020-05-01,94542.57622232367
20682,2020-06-01,102727.78197558974
20682,2020-07-01,104095.27380948215
20682,2020-08-01,109310.61281611028
20682,2020-09-01,115723.50415341074
20682,2020-10-01,119678.29020125943
20682,2020-11-01,121498.13265857848
20682,2020-12-01,122182.33801646193
20682,2021-01-01,122844.40300709086
20682,2021-02-01,126011.6593986031
20682,2021-03-01,123526.22322275702
20682,2021-04-01,132082.31705678572
20682,2021-05-01,138480.0970179729
20682,2021-06-01,144042.33304297755
20682,2021-07-01,149012.29828018488
20682,2021-08-01,155049.55723216393
20682,2021-09-01,158906.23262599966
20682,2021-10-01,163067.9636667766
20682,2021-11-01,171979.6295862704
20682,2021-12-01,167602.09987482292
20682,2022-01-01,171946.26297677768
20682,2022-02-01,174939.5670354243
20682,2022-03-01,198847.35496484576
20682,2022-04-01,198880.31990464104
20682,2022-05-01,200822.08744817902
20682,2022-06-01,202786.0920437453
20682,2022-07-01,207420.8197434264
20682,2022-08-01,208230.95242620102
20682,2022-09-01,215352.238293488
20682,2022-10-01,216524.06007183238
20682,2022-11-01,193022.1463467348
20682,2022-12-01,193813.15044512274
20682,2023-01-01,194083.15181888215
20682,2023-02-01,196199.96156662746
20682,2023-03-01,200607.08122737348
20682,2023-04-01,203123.3665115954
20682,2023-05-01,204401.28770485433
20682,2023-06-01,207331.7376651909
20682,2023-07-01,208320.55315165388
20682,2023-08-01,209003.60414825892
20682,2023-09-01,212188.74834179945
20682,2023-10-01,212312.54957118124
20682,2023-11-01,216465.5755920484
20682,2023-12-01,216137.0274863043
20682,2024-01-01,222545.9378355723
20682,2024-02-01,224808.20421270106
20682,2024-03-01,222195.75912230273
20682,2024-04-01,219981.00706991582
20682,2024-05-01,229413.1113016376
20682,2024-06-01,231251.0315092728
20682,2024-07-01,236304.0919711143
20682,2024-08-01,231912.7631658392
20682,2024-09-01,231934.54997803047
20682,2024-10-01,234403.1434769722
20682,2024-11-01,234476.70262455882
20682,2024-12-01,240468.40250141398
20682,2025-01-01,239451.85757864956
20682,2025-02-01,249036.72981510722
20682,2025-03-01,255804.93843078043
20682,2025-04-01,255921.45940716457
20682,2025-05-01,252047.90035268496
20682,2025-06-01,258109.72964965305
20682,2025-07-01,259176.81734933454
20682,2025-08-01,265016.7648520309
20682,2025-09-01,262744.453569022
20682,2025-10-01,267791.6963962751
20682,2025-11-01,268027.30864680535
20682,2025-12-01,273390.1941157487
20682,2026-01-01,275383.3337763231
20682,2026-02-01,270092.9776131034
20682,2026-03-01,278305.1623533621
20682,2026-04-01,280813.6844988316
20682,2026-05-01,284176.27870091714
20682,2026-06-01,283227.35035069514
20676,2011-03-01,331
20676,2011-04-01,416
20676,2011-05-01,701
20676,2011-06-01,617
20676,2011-07-01,588
20676,2011-08-01,323
20676,2011-09-01,170
20676,2011-10-01,126
20676,2011-11-01,148
20676,2011-12-01,155
20676,2012-01-01,117
20676,2012-02-01,101
20676,2012-03-01,117
20676,2012-04-01,81
20676,2012-05-01,120
20676,2012-06-01,151
20676,2012-07-01,88
20676,2012-08-01,101
20676,2012-09-01,50
20676,2012-10-01,66
20676,2012-11-01,48
20676,2012-12-01,62
20676,2013-01-01,50
20676,2013-02-01,32
20676,2013-03-01,40
20676,2013-04-01,49
20676,2013-05-01,53
20676,2013-06-01,71
20676,2013-07-01,72
20676,2013-08-01,67
20676,2013-09-01,61
20676,2013-10-01,64
20676,2013-11-01,67
20676,2013-12-01,77
20676,2014-01-01,65
20676,2014-02-01,50
20676,2014-03-01,40
20676,2014-04-01,68
20676,2014-05-01,59
20676,2014-06-01,53
20676,2014-07-01,47
20676,2014-08-01,47
20676,2014-09-01,51
20676,2014-10-01,57
20676,2014-11-01,59
20676,2014-12-01,75
20676,2015-01-01,44
20676,2015-02-01,45
20676,2015-03-01,104
20676,2015-04-01,108
20676,2015-05-01,92
20676,2015-06-01,110
20676,2015-07-01,118
20676,2015-08-01,95
20676,2015-09-01,95
20676,2015-10-01,88
20676,2015-11-01,103
20676,2015-12-01,117
20676,2016-01-01,85
20676,2016-02-01,88
20676,2016-03-01,102
20676,2016-04-01,67
20676,2016-05-01,42
20676,2016-06-01,40
20676,2016-07-01,31
20676,2016-08-01,31
20676,2016-09-01,37
20676,2016-10-01,34
20676,2016-11-01,36
20676,2016-12-01,38
20676,2017-01-01,25
20676,2017-02-01,23
20676,2017-03-01,33
20676,2017-04-01,24
20676,2017-05-01,29
20676,2017-06-01,24
20676,2017-07-01,28
20676,2017-08-01,29
20676,2017-09-01,28
20676,2017-10-01,27
20676,2017-11-01,33
20676,2017-12-01,39
20676,2018-01-01,29
20676,2018-02-01,21
20676,2018-03-01,34
20676,2018-04-01,32
20676,2018-05-01,29
20676,2018-06-01,29
20676,2018-07-01,34
20676,2018-08-01,41
20676,2018-09-01,38
20676,2018-10-01,52
20676,2018-11-01,49
20676,2018-12-01,53
20676,2019-01-01,45
20676,2019-02-01,43
20676,2019-03-01,47
20676,2019-04-01,55
20676,2019-05-01,56
20676,2019-06-01,51
20676,2019-07-01,67
20676,2019-08-01,24
20676,2019-09-01,7
20676,2019-10-01,7
20676,2019-11-01,4
20676,2019-12-01,6
20676,2020-01-01,6
20676,2020-02-01,9
20676,2020-03-01,7
20676,2020-04-01,2
20676,2020-05-01,2
20676,2020-06-01,5
20676,2020-07-01,4
20676,2020-08-01,4
20676,2020-09-01,2
20676,2020-10-01,4
20676,2020-11-01,4
20676,2020-12-01,5
20676,2021-01-01,4
20676,2021-02-01,5
20676,2021-03-01,4
20676,2021-04-01,4
20676,2021-05-01,6
20676,2021-06-01,6
20676,2021-07-01,5
20676,2021-08-01,8
20676,2021-09-01,7
20676,2021-10-01,6
20676,2021-11-01,4
20676,2021-12-01,4
20676,2022-01-01,3
20676,2022-02-01,4
20676,2022-03-01,9
20676,2022-04-01,9
20676,2022-05-01,21
20676,2022-06-01,1
20676,2022-07-01,8
20676,2022-08-01,1
20676,2022-09-01,0
20676,2022-10-01,1
20676,2022-11-01,1
20676,2022-12-01,1
20676,2023-01-01,1
20676,2023-02-01,1
20676,2023-03-01,0
20676,2023-04-01,1
20676,2023-05-01,1
20676,2023-06-01,1
20676,2023-07-01,0
20676,2023-08-01,0
20676,2023-09-01,4
20676,2023-10-01,2
20676,2023-11-01,0
20676,2023-12-01,0
20676,2024-01-01,1
20676,2024-02-01,0
20676,2024-03-01,1
20676,2024-04-01,1
20676,2024-05-01,1
20676,2024-06-01,0
20676,2024-07-01,1
20676,2024-08-01,0
20676,2024-09-01,0
20676,2024-10-01,0
20676,2024-11-01,0
20676,2024-12-01,0
20676,2025-01-01,0
20676,2025-02-01,1
20676,2025-03-01,1
20676,2025-04-01,0
20676,2025-05-01,0
20676,2025-06-01,0
20676,2025-07-01,0
20676,2025-08-01,0
20676,2025-09-01,0
20676,2025-10-01,0
20676,2025-11-01,0
20676,2025-12-01,0
20676,2026-01-01,0
20676,2026-02-01,1
20676,2026-03-01,0
20676,2026-04-01,0
20676,2026-05-01,0
20676,2026-06-01,0
20677,2011-03-01,12
20677,2011-04-01,2
20677,2011-05-01,4
20677,2011-06-01,9
20677,2011-07-01,8
20677,2011-08-01,11
20677,2011-09-01,7
20677,2011-10-01,8
20677,2011-11-01,7
20677,2011-12-01,8
20677,2012-01-01,2
20677,2012-02-01,2
20677,2012-03-01,4
20677,2012-04-01,3
20677,2012-05-01,7
20677,2012-06-01,12
20677,2012-07-01,7
20677,2012-08-01,4
20677,2012-09-01,3
20677,2012-10-01,3
20677,2012-11-01,1
20677,2012-12-01,10
20677,2013-01-01,4
20677,2013-02-01,4
20677,2013-03-01,4
20677,2013-04-01,5
20677,2013-05-01,4
20677,2013-06-01,4
20677,2013-07-01,3
20677,2013-08-01,2
20677,2013-09-01,8
20677,2013-10-01,17
20677,2013-11-01,16
20677,2013-12-01,3
20677,2014-01-01,1
20677,2014-02-01,0
20677,2014-03-01,12
20677,2014-04-01,3
20677,2014-05-01,14
20677,2014-06-01,1
20677,2014-07-01,1
20677,2014-08-01,4
20677,2014-09-01,2
20677,2014-10-01,58
20677,2014-11-01,2
20677,2014-12-01,2
20677,2015-01-01,2
20677,2015-02-01,15
20677,2015-03-01,0
20677,2015-04-01,0
20677,2015-05-01,20
20677,2015-06-01,9
20677,2015-07-01,2
20677,2015-08-01,0
20677,2015-09-01,1
20677,2015-10-01,3
20677,2015-11-01,1
20677,2015-12-01,1
20677,2016-01-01,0
20677,2016-02-01,0
20677,2016-03-01,1
20677,2016-04-01,0
20677,2016-05-01,2
20677,2016-06-01,2
20677,2016-07-01,1
20677,2016-08-01,2
20677,2016-09-01,3
20677,2016-10-01,1
20677,2016-11-01,5
20677,2016-12-01,0
20677,2017-01-01,10
20677,2017-02-01,0
20677,2017-03-01,10
20677,2017-04-01,5
20677,2017-05-01,0
20677,2017-06-01,0
20677,2017-07-01,5
20677,2017-08-01,14
20677,2017-09-01,9
20677,2017-10-01,6
20677,2017-11-01,6
20677,2017-12-01,3
20677,2018-01-01,3
20677,2018-02-01,4
20677,2018-03-01,6
20677,2018-04-01,5
20677,2018-05-01,1
20677,2018-06-01,0
20677,2018-07-01,3
20677,2018-08-01,0
20677,2018-09-01,8
20677,2018-10-01,4
20677,2018-11-01,2
20677,2018-12-01,10
20677,2019-01-01,2
20677,2019-02-01,0
20677,2019-03-01,20
20677,2019-04-01,0
20677,2019-05-01,3
20677,2019-06-01,4
20677,2019-07-01,6
20677,2019-08-01,13
20677,2019-09-01,4
20677,2019-10-01,6
20677,2019-11-01,2
20677,2019-12-01,8
20677,2020-01-01,1
20677,2020-02-01,5
20677,2020-03-01,2
20677,2020-04-01,2
20677,2020-05-01,0
20677,2020-06-01,1
20677,2020-07-01,10
20677,2020-08-01,2
20677,2020-09-01,0
20677,2020-10-01,3
20677,2020-11-01,1
20677,2020-12-01,32
20677,2021-01-01,1
20677,2021-02-01,6
20677,2021-03-01,10
20677,2021-04-01,10
20677,2021-05-01,13
20677,2021-06-01,14
20677,2021-07-01,62
20677,2021-08-01,4
20677,2021-09-01,68
20677,2021-10-01,4
20677,2021-11-01,19
20677,2021-12-01,41
20677,2022-01-01,1
20677,2022-02-01,3
20677,2022-03-01,21
20677,2022-04-01,35
20677,2022-05-01,8
20677,2022-06-01,10
20677,2022-07-01,1
20677,2022-08-01,63
20677,2022-09-01,30
20677,2022-10-01,33
20677,2022-11-01,18
20677,2022-12-01,78
20677,2023-01-01,57
20677,2023-02-01,2
20677,2023-03-01,3
20677,2023-04-01,25
20677,2023-05-01,20
20677,2023-06-01,3
20677,2023-07-01,0
20677,2023-08-01,68
20677,2023-09-01,47
20677,2023-10-01,19
20677,2023-11-01,8
20677,2023-12-01,25
20677,2024-01-01,16
20677,2024-02-01,0
20677,2024-03-01,25
20677,2024-04-01,33
20677,2024-05-01,30
20677,2024-06-01,12
20677,2024-07-01,67
20677,2024-08-01,40
20677,2024-09-01,29
20677,2024-10-01,19
20677,2024-11-01,20
20677,2024-12-01,3
20677,2025-01-01,0
20677,2025-02-01,20
20677,2025-03-01,8
20677,2025-04-01,0
20677,2025-05-01,22
20677,2025-06-01,17
20677,2025-07-01,27
20677,2025-08-01,1
20677,2025-09-01,17
20677,2025-10-01,17
20677,2025-11-01,3
20677,2025-12-01,26
20677,2026-01-01,28
20677,2026-02-01,6
20677,2026-03-01,0
20677,2026-04-01,1
20677,2026-05-01,1
20677,2026-06-01,0
20678,2011-03-01,343
20678,2011-04-01,418
20678,2011-05-01,706
20678,2011-06-01,625
20678,2011-07-01,595
20678,2011-08-01,334
20678,2011-09-01,178
20678,2011-10-01,134
20678,2011-11-01,155
20678,2011-12-01,163
20678,2012-01-01,119
20678,2012-02-01,103
20678,2012-03-01,121
20678,2012-04-01,85
20678,2012-05-01,126
20678,2012-06-01,163
20678,2012-07-01,95
20678,2012-08-01,105
20678,2012-09-01,54
20678,2012-10-01,69
20678,2012-11-01,50
20678,2012-12-01,72
20678,2013-01-01,55
20678,2013-02-01,36
20678,2013-03-01,44
20678,2013-04-01,54
20678,2013-05-01,57
20678,2013-06-01,75
20678,2013-07-01,74
20678,2013-08-01,69
20678,2013-09-01,69
20678,2013-10-01,81
20678,2013-11-01,84
20678,2013-12-01,80
20678,2014-01-01,66
20678,2014-02-01,50
20678,2014-03-01,53
20678,2014-04-01,70
20678,2014-05-01,73
20678,2014-06-01,54
20678,2014-07-01,49
20678,2014-08-01,51
20678,2014-09-01,53
20678,2014-10-01,115
20678,2014-11-01,61
20678,2014-12-01,76
20678,2015-01-01,46
20678,2015-02-01,60
20678,2015-03-01,104
20678,2015-04-01,108
20678,2015-05-01,112
20678,2015-06-01,119
20678,2015-07-01,120
20678,2015-08-01,95
20678,2015-09-01,96
20678,2015-10-01,91
20678,2015-11-01,105
20678,2015-12-01,118
20678,2016-01-01,85
20678,2016-02-01,89
20678,2016-03-01,103
20678,2016-04-01,67
20678,2016-05-01,44
20678,2016-06-01,42
20678,2016-07-01,32
20678,2016-08-01,33
20678,2016-09-01,41
20678,2016-10-01,35
20678,2016-11-01,41
20678,2016-12-01,39
20678,2017-01-01,36
20678,2017-02-01,23
20678,2017-03-01,42
20678,2017-04-01,29
20678,2017-05-01,30
20678,2017-06-01,25
20678,2017-07-01,33
20678,2017-08-01,43
20678,2017-09-01,37
20678,2017-10-01,33
20678,2017-11-01,39
20678,2017-12-01,42
20678,2018-01-01,32
20678,2018-02-01,25
20678,2018-03-01,40
20678,2018-04-01,37
20678,2018-05-01,30
20678,2018-06-01,29
20678,2018-07-01,37
20678,2018-08-01,41
20678,2018-09-01,46
20678,2018-10-01,56
20678,2018-11-01,51
20678,2018-12-01,63
20678,2019-01-01,46
20678,2019-02-01,43
20678,2019-03-01,67
20678,2019-04-01,55
20678,2019-05-01,59
20678,2019-06-01,55
20678,2019-07-01,72
20678,2019-08-01,37
20678,2019-09-01,11
20678,2019-10-01,13
20678,2019-11-01,5
20678,2019-12-01,13
20678,2020-01-01,7
20678,2020-02-01,14
20678,2020-03-01,9
20678,2020-04-01,4
20678,2020-05-01,2
20678,2020-06-01,6
20678,2020-07-01,14
20678,2020-08-01,6
20678,2020-09-01,2
20678,2020-10-01,7
20678,2020-11-01,5
20678,2020-12-01,37
20678,2021-01-01,5
20678,2021-02-01,10
20678,2021-03-01,14
20678,2021-04-01,15
20678,2021-05-01,19
20678,2021-06-01,20
20678,2021-07-01,68
20678,2021-08-01,12
20678,2021-09-01,76
20678,2021-10-01,10
20678,2021-11-01,23
20678,2021-12-01,44
20678,2022-01-01,4
20678,2022-02-01,7
20678,2022-03-01,31
20678,2022-04-01,44
20678,2022-05-01,30
20678,2022-06-01,11
20678,2022-07-01,8
20678,2022-08-01,64
20678,2022-09-01,31
20678,2022-10-01,34
20678,2022-11-01,19
20678,2022-12-01,78
20678,2023-01-01,58
20678,2023-02-01,2
20678,2023-03-01,3
20678,2023-04-01,26
20678,2023-05-01,21
20678,2023-06-01,3
20678,2023-07-01,0
20678,2023-08-01,69
20678,2023-09-01,51
20678,2023-10-01,21
20678,2023-11-01,8
20678,2023-12-01,25
20678,2024-01-01,17
20678,2024-02-01,0
20678,2024-03-01,26
20678,2024-04-01,34
20678,2024-05-01,31
20678,2024-06-01,12
20678,2024-07-01,68
20678,2024-08-01,40
20678,2024-09-01,29
20678,2024-10-01,19
20678,2024-11-01,20
20678,2024-12-01,3
20678,2025-01-01,0
20678,2025-02-01,21
20678,2025-03-01,9
20678,2025-04-01,0
20678,2025-05-01,22
20678,2025-06-01,17
20678,2025-07-01,27
20678,2025-08-01,1
20678,2025-09-01,17
20678,2025-10-01,17
20678,2025-11-01,3
20678,2025-12-01,26
20678,2026-01-01,28
20678,2026-02-01,6
20678,2026-03-01,0
20678,2026-04-01,1
20678,2026-05-01,1
20678,2026-06-01,0
20683,2011-03-01,299.4227803969584
20683,2011-04-01,305.9287051131504
20683,2011-05-01,308.5504330485368
20683,2011-06-01,305.3148873311903
20683,2011-07-01,298.42173858677484
20683,2011-08-01,289.0803676680058
20683,2011-09-01,297.05469198395986
20683,2011-10-01,300.76452278327264
20683,2011-11-01,305.25527903829834
20683,2011-12-01,296.69872785820075
20683,2012-01-01,291.2737470423463
20683,2012-02-01,292.61544894752603
20683,2012-03-01,292.36839660159484
20683,2012-04-01,286.078142573724
20683,2012-05-01,304.19798755458993
20683,2012-06-01,303.89413584916633
20683,2012-07-01,298.2435088216303
20683,2012-08-01,312.8460912098982
20683,2012-09-01,301.7968475894813
20683,2012-10-01,306.58706042215846
20683,2012-11-01,297.1181782601775
20683,2012-12-01,288.0805183476024
20683,2013-01-01,298.99523848056543
20683,2013-02-01,289.5337197222532
20683,2013-03-01,278.9781141129893
20683,2013-04-01,267.9433005723428
20683,2013-05-01,259.76216426298834
20683,2013-06-01,255.0172599658227
20683,2013-07-01,247.50947489742268
20683,2013-08-01,250.3239587685091
20683,2013-09-01,226.17238520627282
20683,2013-10-01,229.1587857872755
20683,2013-11-01,238.33064342727096
20683,2013-12-01,242.19441939446102
20683,2014-01-01,231.33753555170017
20683,2014-02-01,237.4788388870077
20683,2014-03-01,236.84472229733868
20683,2014-04-01,243.65952457109054
20683,2014-05-01,233.7637563153641
20683,2014-06-01,256.2997407028796
20683,2014-07-01,231.59529417920558
20683,2014-08-01,217.13449197569537
20683,2014-09-01,221.18682436173904
20683,2014-10-01,212.75141208366358
20683,2014-11-01,197.60942322427027
20683,2014-12-01,185.23254105436683
20683,2015-01-01,191.6119242913686
20683,2015-02-01,181.74181403933628
20683,2015-03-01,183.88462258775075
20683,2015-04-01,181.4955824890981
20683,2015-05-01,178.82495856542965
20683,2015-06-01,176.0144601096457
20683,2015-07-01,170.3529860613991
20683,2015-08-01,163.81802615620768
20683,2015-09-01,165.462104649768
20683,2015-10-01,153.53700318477797
20683,2015-11-01,151.59504922799545
20683,2015-12-01,149.33027083616767
20683,2016-01-01,140.04595179652858
20683,2016-02-01,136.36755947102375
20683,2016-03-01,121.47369543606284
20683,2016-04-01,117.59719661461659
20683,2016-05-01,112.57579455797901
20683,2016-06-01,104.96410052894512
20683,2016-07-01,105.40520064745813
20683,2016-08-01,104.54136564179612
20683,2016-09-01,94.44463511056794
20683,2016-10-01,98.44489881796729
20683,2016-11-01,97.87834915303277
20683,2016-12-01,91.9039783791591
20683,2017-01-01,85.34074418325224
20683,2017-02-01,81.4642649697911
20683,2017-03-01,83.43286721731214
20683,2017-04-01,78.49606179499638
20683,2017-05-01,78.19892051245924
20683,2017-06-01,79.07529241897224
20683,2017-07-01,77.03030032779856
20683,2017-08-01,76.48905324608323
20683,2017-09-01,79.77779142010174
20683,2017-10-01,81.11111228166996
20683,2017-11-01,79.09919404903266
20683,2017-12-01,81.26659237726541
20683,2018-01-01,84.94392643084062
20683,2018-02-01,86.01260024085325
20683,2018-03-01,89.78849319595122
20683,2018-04-01,85.52964217935533
20683,2018-05-01,79.86227441610005
20683,2018-06-01,78.69620559364972
20683,2018-07-01,76.28619629845257
20683,2018-08-01,74.58796793004528
20683,2018-09-01,73.28744607972412
20683,2018-10-01,73.04176633533707
20683,2018-11-01,73.27483460436666
20683,2018-12-01,68.43548764042708
20683,2019-01-01,68.52260342716066
20683,2019-02-01,67.37174309545782
20683,2019-03-01,69.43965518922143
20683,2019-04-01,67.56859136067547
20683,2019-05-01,72.30755756756179
20683,2019-06-01,65.41712882481056
20683,2019-07-01,69.58419234968147
20683,2019-08-01,66.08034935087262
20683,2019-09-01,61.803757067535585
20683,2019-10-01,61.88012501161776
20683,2019-11-01,59.640940843494775
20683,2019-12-01,64.57279021172496
20683,2020-01-01,64.04987878032412
20683,2020-02-01,69.4027698345499
20683,2020-03-01,56.36553024600152
20683,2020-04-01,45.24620497332023
20683,2020-05-01,40.06171092088226
20683,2020-06-01,42.15785420612489
20683,2020-07-01,42.08160921804069
20683,2020-08-01,41.651134731744435
20683,2020-09-01,42.81302466079437
20683,2020-10-01,43.505454608927366
20683,2020-11-01,37.51412042152791
20683,2020-12-01,43.38524115785083
20683,2021-01-01,42.8281946346361
20683,2021-02-01,48.31714750149366
20683,2021-03-01,43.693906396656274
20683,2021-04-01,48.463757473498866
20683,2021-05-01,51.08622917808317
20683,2021-06-01,54.832204179604034
20683,2021-07-01,54.26209438239034
20683,2021-08-01,57.81342551213039
20683,2021-09-01,57.237514517556605
20683,2021-10-01,56.72089898488151
20683,2021-11-01,57.575110887462316
20683,2021-12-01,61.73688197430954
20683,2022-01-01,64.48562374445223
20683,2022-02-01,65.68700681544125
20683,2022-03-01,71.58964741504704
20683,2022-04-01,72.3033322645614
20683,2022-05-01,75.1475722950918
20683,2022-06-01,75.94022551061647
20683,2022-07-01,73.80343591994507
20683,2022-08-01,73.29083577357335
20683,2022-09-01,72.38852102231156
20683,2022-10-01,73.73849289002625
20683,2022-11-01,57.680387682476656
20683,2022-12-01,52.59245811379502
20683,2023-01-01,49.92654495001384
20683,2023-02-01,47.67165376214173
20683,2023-03-01,37.29361052415272
20683,2023-04-01,36.51983926916337
20683,2023-05-01,33.34486838373523
20683,2023-06-01,31.94856635926602
20683,2023-07-01,25.068886344715555
20683,2023-08-01,27.341563616357696
20683,2023-09-01,32.15349471536962
20683,2023-10-01,29.427730360934582
20683,2023-11-01,29.850203033948112
20683,2023-12-01,29.064374785653396
20683,2024-01-01,36.12439441816821
20683,2024-02-01,32.09034313037221
20683,2024-03-01,28.532778531419286
20683,2024-04-01,27.271889442986488
20683,2024-05-01,23.783507761894572
20683,2024-06-01,26.131708503210398
20683,2024-07-01,27.753013284673216
20683,2024-08-01,28.873335602913336
20683,2024-09-01,22.567618212215727
20683,2024-10-01,25.801627068335602
20683,2024-11-01,22.876782984088916
20683,2024-12-01,23.93584189282574
20683,2025-01-01,23.567924508891913
20683,2025-02-01,24.461591539438395
20683,2025-03-01,24.758006479629667
20683,2025-04-01,24.047425684192348
20683,2025-05-01,23.963875452557012
20683,2025-06-01,25.14258393954027
20683,2025-07-01,21.391806830010758
20683,2025-08-01,18.923239554437373
20683,2025-09-01,18.75060710034936
20683,2025-10-01,19.043794083504164
20683,2025-11-01,21.449792604393515
20683,2025-12-01,20.317986257422913
20683,2026-01-01,6.717354740242542
20683,2026-02-01,4.742439137052818
20683,2026-03-01,4.834658444359658
20683,2026-04-01,3.0247461080305236
20683,2026-05-01,2.9666609840007463
20683,2026-06-01,2.9370597807890233
20667,2011-03-01,1503.8508097466085
20667,2011-04-01,1674.8874498809676
20667,2011-05-01,1834.0548787518194
20667,2011-06-01,1869.8217397252074
20667,2011-07-01,1943.21801890243
20667,2011-08-01,1842.0650797303454
20667,2011-09-01,1843.7518731640664
20667,2011-10-01,1994.5386712654347
20667,2011-11-01,2013.6274109558067
20667,2011-12-01,2052.8275821868983
20667,2012-01-01,2018.624172496495
20667,2012-02-01,1987.8051521158939
20667,2012-03-01,2267.5077553425435
20667,2012-04-01,2326.065261050314
20667,2012-05-01,2490.6297324740076
20667,2012-06-01,2658.0365034828815
20667,2012-07-01,2716.4725198532856
20667,2012-08-01,2813.203553459715
20667,2012-09-01,2756.937718011784
20667,2012-10-01,2776.9537812064377
20667,2012-11-01,2708.527849702806
20667,2012-12-01,2752.6516836056435
20667,2013-01-01,2660.2726781960973
20667,2013-02-01,2631.042242487357
20667,2013-03-01,2648.2011984924948
20667,2013-04-01,2572.5940605955966
20667,2013-05-01,2821.1520217943666
20667,2013-06-01,2571.0231037925705
20667,2013-07-01,2368.9063179159457
20667,2013-08-01,2435.3538191962066
20667,2013-09-01,2400.12681773598
20667,2013-10-01,2431.9290150968413
20667,2013-11-01,2560.5253884453264
20667,2013-12-01,2512.694365158907
20667,2014-01-01,2480.708699401833
20667,2014-02-01,2448.7036081962888
20667,2014-03-01,2385.2329126150694
20667,2014-04-01,2660.2008962440727
20667,2014-05-01,2492.4840100642477
20667,2014-06-01,2383.560028614811
20667,2014-07-01,2567.9589803945264
20667,2014-08-01,2561.814244435582
20667,2014-09-01,2614.2929484955557
20667,2014-10-01,2514.9869661281027
20667,2014-11-01,2507.734626912861
20667,2014-12-01,2648.7264426095094
20667,2015-01-01,2881.954401870425
20667,2015-02-01,3033.0034208020943
20667,2015-03-01,3421.096925979931
20667,2015-04-01,3694.986765198067
20667,2015-05-01,3178.4363897253406
20667,2015-06-01,3155.577023218052
20667,2015-07-01,3344.8824985287242
20667,2015-08-01,3406.3401217988117
20667,2015-09-01,3479.481585743669
20667,2015-10-01,3122.517061425674
20667,2015-11-01,3322.772079327445
20667,2015-12-01,3176.7896074226114
20667,2016-01-01,3309.2625483621882
20667,2016-02-01,2754.962109074979
20667,2016-03-01,2543.3297194365887
20667,2016-04-01,2370.344765287293
20667,2016-05-01,2351.6962007937054
20667,2016-06-01,2401.826552512445
20667,2016-07-01,2385.8997607268016
20667,2016-08-01,2327.2169307055374
20667,2016-09-01,2170.025822876551
20667,2016-10-01,2410.9493872772578
20667,2016-11-01,2190.5591576162938
20667,2016-12-01,2152.8880648698555
20667,2017-01-01,2132.6571402626623
20667,2017-02-01,2104.129777264925
20667,2017-03-01,2121.693429030198
20667,2017-04-01,2057.1694869471235
20667,2017-05-01,2027.607986402697
20667,2017-06-01,1878.8648148239033
20667,2017-07-01,1746.693366680172
20667,2017-08-01,1707.2474176342748
20667,2017-09-01,1781.4040230820099
20667,2017-10-01,1894.1808549819082
20667,2017-11-01,1941.9268506987307
20667,2017-12-01,2019.1016315599538
20667,2018-01-01,2053.674264772781
20667,2018-02-01,2028.95410562664
20667,2018-03-01,2010.294439799743
20667,2018-04-01,2041.8698149407917
20667,2018-05-01,2106.259111995897
20667,2018-06-01,2254.1782373788865
20667,2018-07-01,2420.72544325815
20667,2018-08-01,2397.9021574045987
20667,2018-09-01,2369.8669083914424
20667,2018-10-01,2408.325966642539
20667,2018-11-01,2345.8516044635066
20667,2018-12-01,2333.1042309175605
20667,2019-01-01,2444.2963999767694
20667,2019-02-01,2516.6712712436242
20667,2019-03-01,2605.57332215401
20667,2019-04-01,2739.6440282032854
20667,2019-05-01,3005.5161008099394
20667,2019-06-01,3121.6499542896513
20667,2019-07-01,3344.195124415542
20667,2019-08-01,3405.354594622908
20667,2019-09-01,3575.0286857012316
20667,2019-10-01,3239.950171673479
20667,2019-11-01,3125.009848445835
20667,2019-12-01,3386.8499796214605
20667,2020-01-01,3397.3853739115502
20667,2020-02-01,3436.1542618249127
20667,2020-03-01,5207.666174305543
20667,2020-04-01,9152.569844053267
20667,2020-05-01,9454.109711024219
20667,2020-06-01,6666.369395799357
20667,2020-07-01,4802.471463399903
20667,2020-08-01,4103.731549719777
20667,2020-09-01,3705.9974629887342
20667,2020-10-01,3587.775748828904
20667,2020-11-01,3575.147326834505
20667,2020-12-01,3442.041881933102
20667,2021-01-01,3706.302316297609
20667,2021-02-01,3741.8649461568302
20667,2021-03-01,3812.796678639077
20667,2021-04-01,4165.16094233813
20667,2021-05-01,3810.8978231372016
20667,2021-06-01,3792.624207174473
20667,2021-07-01,4055.0623574704955
20667,2021-08-01,4170.259542649482
20667,2021-09-01,4726.784930675179
20667,2021-10-01,4727.133873575969
20667,2021-11-01,4958.375752964618
20667,2021-12-01,5150.649155567761
20667,2022-01-01,4799.85043104548
20667,2022-02-01,5288.271018979941
20667,2022-03-01,5555.423886764775
20667,2022-04-01,5612.198662907426
20667,2022-05-01,5485.113637895917
20667,2022-06-01,5474.606967536852
20667,2022-07-01,5606.3151827535685
20667,2022-08-01,5544.064311962004
20667,2022-09-01,6335.798021572496
20667,2022-10-01,6746.754090256576
20667,2022-11-01,6910.963539659178
20667,2022-12-01,6713.5746898671305
20667,2023-01-01,6859.256031875996
20667,2023-02-01,6905.03255895818
20667,2023-03-01,7063.1136611810025
20667,2023-04-01,7031.328222556666
20667,2023-05-01,6798.066351956693
20667,2023-06-01,6428.530591588372
20667,2023-07-01,7191.769113901186
20667,2023-08-01,6976.896320019992
20667,2023-09-01,6622.0648281346475
20667,2023-10-01,6161.73606360521
20667,2023-11-01,5908.796315067696
20667,2023-12-01,5909.510894739342
20667,2024-01-01,5896.38387359583
20667,2024-02-01,5558.826595766147
20667,2024-03-01,4875.744562795476
20667,2024-04-01,4952.4305895942925
20667,2024-05-01,4834.083909606628
20667,2024-06-01,4859.071270145729
20667,2024-07-01,5153.036213213837
20667,2024-08-01,4768.945387113427
20667,2024-09-01,4357.412668014467
20667,2024-10-01,4051.406685050626
20667,2024-11-01,4201.673951830886
20667,2024-12-01,4737.049165078325
20667,2025-01-01,4454.76620884183
20667,2025-02-01,4295.51253156208
20667,2025-03-01,4399.894501585698
20667,2025-04-01,4568.030606082708
20667,2025-05-01,4675.940843262341
20667,2025-06-01,4500.425688479546
20667,2025-07-01,4256.03278282305
20667,2025-08-01,4196.403457287759
20667,2025-09-01,4241.440142775791
20667,2025-10-01,4367.418764084122
20667,2025-11-01,4277.540287939692
20667,2025-12-01,4280.993397753076
20667,2026-01-01,4011.2414365388545
20667,2026-02-01,4275.212702371042
20667,2026-03-01,4356.819056427488
20667,2026-04-01,4388.814151261994
20667,2026-05-01,4502.135680093625
20667,2026-06-01,4731.088485561327
20684,2011-03-01,1911.24967193333
20684,2011-04-01,1801.9288225869611
20684,2011-05-01,1785.5812310039666
20684,2011-06-01,1894.1053187773953
20684,2011-07-01,1830.8921557345975
20684,2011-08-01,1614.5641986251808
20684,2011-09-01,1557.168930057382
20684,2011-10-01,1695.6580347256597
20684,2011-11-01,1697.7663085368026
20684,2011-12-01,1826.5601072588433
20684,2012-01-01,1844.275469069202
20684,2012-02-01,2132.2104577642017
20684,2012-03-01,1757.6669600804544
20684,2012-04-01,1851.7091564505795
20684,2012-05-01,1708.2115622967767
20684,2012-06-01,1610.0187599260112
20684,2012-07-01,1620.2444214792042
20684,2012-08-01,1698.628058691164
20684,2012-09-01,1691.1589025819335
20684,2012-10-01,1727.0882032220466
20684,2012-11-01,1639.1177727106733
20684,2012-12-01,1632.0385727131386
20684,2013-01-01,1740.3997609563464
20684,2013-02-01,1791.1158354679303
20684,2013-03-01,2060.0439122387097
20684,2013-04-01,2138.2353129929747
20684,2013-05-01,2359.562315090064
20684,2013-06-01,2257.616731969191
20684,2013-07-01,2220.7454159200083
20684,2013-08-01,2423.9201457494546
20684,2013-09-01,2356.7324537067384
20684,2013-10-01,2352.5215460017002
20684,2013-11-01,2642.0882514996397
20684,2013-12-01,2850.3782660316965
20684,2014-01-01,2917.6195159470617
20684,2014-02-01,2969.769741751589
20684,2014-03-01,2710.008062253014
20684,2014-04-01,2678.368442738502
20684,2014-05-01,2690.421573592585
20684,2014-06-01,2609.9744540679417
20684,2014-07-01,2818.705552223789
20684,2014-08-01,2721.7910329450146
20684,2014-09-01,3096.2850808696317
20684,2014-10-01,3184.716631359605
20684,2014-11-01,2872.9353286044256
20684,2014-12-01,2558.6204058364424
20684,2015-01-01,1599.0642445152166
20684,2015-02-01,1608.5939925388507
20684,2015-03-01,1706.4670268357934
20684,2015-04-01,1816.0960666131562
20684,2015-05-01,1730.1695787037024
20684,2015-06-01,1724.6682186091953
20684,2015-07-01,2313.6660805425167
20684,2015-08-01,1739.0971353172783
20684,2015-09-01,1815.3187247671751
20684,2015-10-01,1696.8934630345532
20684,2015-11-01,1751.5109127196388
20684,2015-12-01,2276.4057380641666
20684,2016-01-01,1706.6370706947866
20684,2016-02-01,1824.4772099815928
20684,2016-03-01,1389.8622180552131
20684,2016-04-01,1501.2061795605694
20684,2016-05-01,1775.930043902747
20684,2016-06-01,1873.6179970158757
20684,2016-07-01,1893.3179428321484
20684,2016-08-01,1912.7887043879336
20684,2016-09-01,1532.306289353737
20684,2016-10-01,1548.713136626824
20684,2016-11-01,1726.101382361252
20684,2016-12-01,2062.542703734002
20684,2017-01-01,1739.6256905582195
20684,2017-02-01,1354.3162482103053
20684,2017-03-01,1580.560020339857
20684,2017-04-01,1587.0521264584465
20684,2017-05-01,1495.5127920154366
20684,2017-06-01,1763.6444305631194
20684,2017-07-01,1717.7650094436103
20684,2017-08-01,1566.9816657703093
20684,2017-09-01,1768.6579359136988
20684,2017-10-01,1735.86836072264
20684,2017-11-01,1575.9630006536688
20684,2017-12-01,1646.8939535882214
20684,2018-01-01,1697.1515915745877
20684,2018-02-01,1633.7200516374905
20684,2018-03-01,1829.281741470721
20684,2018-04-01,1718.40823367106
20684,2018-05-01,1858.0311912036836
20684,2018-06-01,1990.958177183183
20684,2018-07-01,2001.948563895228
20684,2018-08-01,2202.259843236
20684,2018-09-01,2146.317742531913
20684,2018-10-01,2381.07569556152
20684,2018-11-01,2539.2664226142297
20684,2018-12-01,2344.6465520114093
20684,2019-01-01,2324.9866654118655
20684,2019-02-01,2468.9811007558114
20684,2019-03-01,2678.7927587749436
20684,2019-04-01,2718.8699201014224
20684,2019-05-01,2697.4688921708685
20684,2019-06-01,2436.43883877835
20684,2019-07-01,2391.8345604292003
20684,2019-08-01,2552.5938415449896
20684,2019-09-01,2536.5344733898423
20684,2019-10-01,2297.092059363576
20684,2019-11-01,2359.33118132757
20684,2019-12-01,2631.6736960602248
20684,2020-01-01,2506.5671737469615
20684,2020-02-01,2848.777901908108
20684,2020-03-01,2461.5106699033986
20684,2020-04-01,2647.795442404795
20684,2020-05-01,2608.4702883080904
20684,2020-06-01,2356.602179524657
20684,2020-07-01,2256.511370060122
20684,2020-08-01,2511.822230391408
20684,2020-09-01,2488.650327184997
20684,2020-10-01,2472.2646245167175
20684,2020-11-01,2232.4868371965404
20684,2020-12-01,2346.5171808544155
20684,2021-01-01,2167.021176081566
20684,2021-02-01,2138.942504895825
20684,2021-03-01,1938.3470381592704
20684,2021-04-01,1922.2089557098675
20684,2021-05-01,2099.4429327335934
20684,2021-06-01,2244.5218218020764
20684,2021-07-01,2264.254953955798
20684,2021-08-01,2235.0798516559275
20684,2021-09-01,2302.4778497526613
20684,2021-10-01,2518.8829029591157
20684,2021-11-01,2722.832706221391
20684,2021-12-01,2666.6848530774896
20684,2022-01-01,2531.0686896275643
20684,2022-02-01,2537.7547437454077
20684,2022-03-01,2838.06725497079
20684,2022-04-01,3386.3636576450554
20684,2022-05-01,2580.452094894826
20684,2022-06-01,2734.4818920197977
20684,2022-07-01,2630.7279788749715
20684,2022-08-01,2566.5802994523096
20684,2022-09-01,3399.993355003227
20684,2022-10-01,2739.0122289489786
20684,2022-11-01,2820.5762070427795
20684,2022-12-01,2666.0897004781573
20684,2023-01-01,2944.261684602514
20684,2023-02-01,3360.1135481069136
20684,2023-03-01,3188.076499949726
20684,2023-04-01,3454.976459410037
20684,2023-05-01,3400.6939998660628
20684,2023-06-01,2879.4274371914903
20684,2023-07-01,3441.183597537563
20684,2023-08-01,3129.012862786687
20684,2023-09-01,3106.5104620068605
20684,2023-10-01,4057.052458694843
20684,2023-11-01,3214.1989023939973
20684,2023-12-01,3086.6885877153554
20684,2024-01-01,3628.097407262145
20684,2024-02-01,3140.3832516569382
20684,2024-03-01,3267.4666887832523
20684,2024-04-01,3309.6973920878727
20684,2024-05-01,3590.4852672239654
20684,2024-06-01,3640.5465257018636
20684,2024-07-01,3653.873899798133
20684,2024-08-01,3701.08137660736
20684,2024-09-01,3506.951462479917
20684,2024-10-01,3537.2546811528555
20684,2024-11-01,3260.5267497721234
20684,2024-12-01,3595.8287242058364
20684,2025-01-01,3695.822291668756
20684,2025-02-01,3338.9718043475364
20684,2025-03-01,3320.681686879281
20684,2025-04-01,3446.0864502713553
20684,2025-05-01,3546.6774070463584
20684,2025-06-01,3480.0509404102754
20684,2025-07-01,2806.3367402965646
20684,2025-08-01,3523.519553382015
20684,2025-09-01,4027.214639720044
20684,2025-10-01,2985.2860741322897
20684,2025-11-01,3550.139168603475
20684,2025-12-01,3632.3602834902467
20684,2026-01-01,3407.997742671437
20684,2026-02-01,3663.0016473090222
20684,2026-03-01,3774.8136422906373
20684,2026-04-01,3552.304641091751
20684,2026-05-01,3257.5749587758723
20684,2026-06-01,3712.097221132352
20663,2011-03-01,26586.490679846826
20663,2011-04-01,26430.472167478372
20663,2011-05-01,26206.742530532607
20663,2011-06-01,27268.298733074407
20663,2011-07-01,27892.444992430595
20663,2011-08-01,26813.123573328736
20663,2011-09-01,28408.307973979976
20663,2011-10-01,26904.543972243482
20663,2011-11-01,29120.946717080154
20663,2011-12-01,27471.955568481455
20663,2012-01-01,26343.113153759165
20663,2012-02-01,26832.33671048045
20663,2012-03-01,26632.835708541334
20663,2012-04-01,27057.629673415806
20663,2012-05-01,28538.488861610895
20663,2012-06-01,30263.21743899107
20663,2012-07-01,28417.348703837317
20663,2012-08-01,28577.077643805562
20663,2012-09-01,26158.840361195675
20663,2012-10-01,28737.686245104753
20663,2012-11-01,27505.584556589267
20663,2012-12-01,28101.446773003987
20663,2013-01-01,29837.052570730695
20663,2013-02-01,29369.879538436413
20663,2013-03-01,30612.72759659884
20663,2013-04-01,30776.907734766333
20663,2013-05-01,30935.54254597584
20663,2013-06-01,30527.615430193324
20663,2013-07-01,30293.118253638615
20663,2013-08-01,31506.71925564515
20663,2013-09-01,30190.63508897656
20663,2013-10-01,29518.160559427695
20663,2013-11-01,30330.900497723425
20663,2013-12-01,31120.732198888254
20663,2014-01-01,31883.078393340395
20663,2014-02-01,33414.29598185333
20663,2014-03-01,31134.17724729117
20663,2014-04-01,31469.80971188555
20663,2014-05-01,31040.834880741866
20663,2014-06-01,30732.041218596656
20663,2014-07-01,30526.412712334797
20663,2014-08-01,29122.616120863004
20663,2014-09-01,31496.187273514253
20663,2014-10-01,35301.859977641354
20663,2014-11-01,32835.19892350554
20663,2014-12-01,32028.01094577639
20663,2015-01-01,30370.425583717155
20663,2015-02-01,27882.531552585133
20663,2015-03-01,29660.085248927986
20663,2015-04-01,29080.163204086944
20663,2015-05-01,27780.671318125216
20663,2015-06-01,27574.938283035026
20663,2015-07-01,27692.85628723329
20663,2015-08-01,26737.33645764344
20663,2015-09-01,27302.98258158844
20663,2015-10-01,23019.114294979892
20663,2015-11-01,25752.070804056468
20663,2015-12-01,25745.288502498963
20663,2016-01-01,24748.146509497255
20663,2016-02-01,25473.987723830083
20663,2016-03-01,24322.501805912394
20663,2016-04-01,24468.263982003737
20663,2016-05-01,24431.497487030865
20663,2016-06-01,25479.185025641927
20663,2016-07-01,25923.938144298954
20663,2016-08-01,25133.058491784977
20663,2016-09-01,22635.67224069793
20663,2016-10-01,24955.668274900963
20663,2016-11-01,25283.669255525332
20663,2016-12-01,24677.450646633915
20663,2017-01-01,25729.63119402202
20663,2017-02-01,26049.838421452503
20663,2017-03-01,27367.78864271333
20663,2017-04-01,27813.203871895555
20663,2017-05-01,28713.211803951683
20663,2017-06-01,29196.998133371115
20663,2017-07-01,29061.505168550124
20663,2017-08-01,28504.383956245943
20663,2017-09-01,29019.40611555503
20663,2017-10-01,29146.8122514167
20663,2017-11-01,29564.808661452375
20663,2017-12-01,30988.681290369143
20663,2018-01-01,31041.853843071985
20663,2018-02-01,31156.908476586337
20663,2018-03-01,32240.398597629297
20663,2018-04-01,31664.84725909699
20663,2018-05-01,32983.03962392013
20663,2018-06-01,31964.005751221794
20663,2018-07-01,32785.3755504738
20663,2018-08-01,33742.50183988581
20663,2018-09-01,33886.44295342586
20663,2018-10-01,34416.400773976675
20663,2018-11-01,35555.07966613306
20663,2018-12-01,37197.4839307271
20663,2019-01-01,37469.10107501484
20663,2019-02-01,37979.46249613947
20663,2019-03-01,38565.836699166335
20663,2019-04-01,39040.966424895305
20663,2019-05-01,39066.43752238922
20663,2019-06-01,40283.262610003774
20663,2019-07-01,41215.61441880571
20663,2019-08-01,40815.41215869611
20663,2019-09-01,41014.0151597604
20663,2019-10-01,41490.346229350725
20663,2019-11-01,41859.95102693677
20663,2019-12-01,46732.03731715192
20663,2020-01-01,43513.677031656734
20663,2020-02-01,46997.44163654323
20663,2020-03-01,41453.185231187825
20663,2020-04-01,38341.66926504435
20663,2020-05-01,36729.045413526444
20663,2020-06-01,42352.845433235976
20663,2020-07-01,42094.12617171239
20663,2020-08-01,44934.39088837214
20663,2020-09-01,46475.51709316289
20663,2020-10-01,48357.7662974177
20663,2020-11-01,48870.70991034294
20663,2020-12-01,48686.34775104225
20663,2021-01-01,38890.18291012325
20663,2021-02-01,43693.61203879197
20663,2021-03-01,43055.65623767189
20663,2021-04-01,49891.84081089975
20663,2021-05-01,50667.71990212718
20663,2021-06-01,52322.50948268235
20663,2021-07-01,52636.38879965653
20663,2021-08-01,52147.89285747986
20663,2021-09-01,51205.60316622843
20663,2021-10-01,49146.19479444283
20663,2021-11-01,47711.30954909483
20663,2021-12-01,44882.726000339455
20663,2022-01-01,41030.64728042651
20663,2022-02-01,40400.17909455696
20663,2022-03-01,46413.41163121818
20663,2022-04-01,54600.50603682983
20663,2022-05-01,47959.008002942006
20663,2022-06-01,46904.08767881333
20663,2022-07-01,46782.54825675504
20663,2022-08-01,46216.41356129882
20663,2022-09-01,46723.348818566854
20663,2022-10-01,54295.81829670431
20663,2022-11-01,47788.248970403176
20663,2022-12-01,46360.60401399404
20663,2023-01-01,47564.92634289906
20663,2023-02-01,45372.328821066985
20663,2023-03-01,43902.00785350869
20663,2023-04-01,44684.4448213175
20663,2023-05-01,45736.79307691839
20663,2023-06-01,44958.913149620865
20663,2023-07-01,46716.84709982301
20663,2023-08-01,48097.08885005715
20663,2023-09-01,50386.15221312828
20663,2023-10-01,51394.7128854404
20663,2023-11-01,53026.18657296452
20663,2023-12-01,54420.417181358054
20663,2024-01-01,57089.43935773006
20663,2024-02-01,59662.56368494735
20663,2024-03-01,56648.78193927012
20663,2024-04-01,56908.23066354198
20663,2024-05-01,59611.087723676734
20663,2024-06-01,61167.87054805019
20663,2024-07-01,62375.06233002169
20663,2024-08-01,62020.70244464116
20663,2024-09-01,59537.999791590395
20663,2024-10-01,59269.37753102806
20663,2024-11-01,60199.48901127927
20663,2024-12-01,60523.12979648888
20663,2025-01-01,60418.59975996997
20663,2025-02-01,59817.8231180166
20663,2025-03-01,62817.57688548432
20663,2025-04-01,63077.597613957456
20663,2025-05-01,59867.377647765075
20663,2025-06-01,61582.73736322895
20663,2025-07-01,61840.24474613554
20663,2025-08-01,62770.9777235336
20663,2025-09-01,65817.65483630598
20663,2025-10-01,65944.35759491882
20663,2025-11-01,64204.15090286121
20663,2025-12-01,68041.07314987578
20663,2026-01-01,67770.97307922457
20663,2026-02-01,69563.31360311275
20663,2026-03-01,71653.9829932586
20663,2026-04-01,70560.32102593513
20663,2026-05-01,69283.29233381922
20663,2026-06-01,69042.1273927942
20664,2011-03-01,54746.833514559024
20664,2011-04-01,54004.03581535567
20664,2011-05-01,56285.27885683583
20664,2011-06-01,59444.94260056216
20664,2011-07-01,59467.63327153073
20664,2011-08-01,60353.956508874726
20664,2011-09-01,61639.64017698109
20664,2011-10-01,61384.71723861521
20664,2011-11-01,61141.73232387888
20664,2011-12-01,61791.18347321354
20664,2012-01-01,60857.477225247036
20664,2012-02-01,62918.17984060182
20664,2012-03-01,62602.10977677622
20664,2012-04-01,62617.62825320467
20664,2012-05-01,63755.5723500304
20664,2012-06-01,62166.9407581805
20664,2012-07-01,62564.15319824599
20664,2012-08-01,58616.5778213192
20664,2012-09-01,65212.89770658616
20664,2012-10-01,68622.87764975916
20664,2012-11-01,67375.46067215934
20664,2012-12-01,68487.67482887385
20664,2013-01-01,69558.5003425107
20664,2013-02-01,69222.50800858135
20664,2013-03-01,68122.4877212807
20664,2013-04-01,71057.147414686915
20664,2013-05-01,71350.32415774076
20664,2013-06-01,71773.5018092917
20664,2013-07-01,74952.343245151
20664,2013-08-01,73576.7429749568
20664,2013-09-01,72256.92422178839
20664,2013-10-01,72693.1696684077
20664,2013-11-01,73325.57675952674
20664,2013-12-01,78640.68361402341
20664,2014-01-01,76699.75836415928
20664,2014-02-01,77312.64695164603
20664,2014-03-01,79504.22426276343
20664,2014-04-01,80349.78602222665
20664,2014-05-01,79764.92720012942
20664,2014-06-01,80750.91620233629
20664,2014-07-01,82739.48095584563
20664,2014-08-01,82289.28562970369
20664,2014-09-01,84356.61272242045
20664,2014-10-01,81479.60679702654
20664,2014-11-01,77567.28616281938
20664,2014-12-01,85570.73756306716
20664,2015-01-01,86610.05263945466
20664,2015-02-01,82353.70776849083
20664,2015-03-01,85743.0574504352
20664,2015-04-01,85866.11032970167
20664,2015-05-01,87149.16703529458
20664,2015-06-01,87399.9149430001
20664,2015-07-01,84868.16207409273
20664,2015-08-01,85920.5921072044
20664,2015-09-01,86656.7652878881
20664,2015-10-01,87104.84354589252
20664,2015-11-01,85839.3021429089
20664,2015-12-01,85544.59959210994
20664,2016-01-01,84631.03214063366
20664,2016-02-01,88701.7365127546
20664,2016-03-01,85832.5155744362
20664,2016-04-01,86212.01422988453
20664,2016-05-01,87247.38590614172
20664,2016-06-01,87522.92185816912
20664,2016-07-01,88380.27225172742
20664,2016-08-01,89259.14793601529
20664,2016-09-01,89215.70362994535
20664,2016-10-01,90705.4590428539
20664,2016-11-01,91196.66415415292
20664,2016-12-01,89756.15227358452
20664,2017-01-01,90243.06181655852
20664,2017-02-01,84173.57774870963
20664,2017-03-01,97448.82435770916
20664,2017-04-01,92993.37167962322
20664,2017-05-01,94811.73804696374
20664,2017-06-01,95712.62450323669
20664,2017-07-01,96769.4729635789
20664,2017-08-01,93989.39363249436
20664,2017-09-01,96614.8573441864
20664,2017-10-01,97549.07921344393
20664,2017-11-01,98633.1406738999
20664,2017-12-01,99144.52558500877
20664,2018-01-01,102943.25507349124
20664,2018-02-01,100324.04076178271
20664,2018-03-01,102463.56070033713
20664,2018-04-01,100707.21888297322
20664,2018-05-01,102215.73783605505
20664,2018-06-01,103594.62725753228
20664,2018-07-01,102941.32471987444
20664,2018-08-01,107175.32249978489
20664,2018-09-01,105481.45058515029
20664,2018-10-01,106667.70820882253
20664,2018-11-01,115924.91947730895
20664,2018-12-01,112838.49573272842
20664,2019-01-01,113899.99541504202
20664,2019-02-01,113675.6846879739
20664,2019-03-01,114998.21917572943
20664,2019-04-01,118417.02753772298
20664,2019-05-01,118878.07964183124
20664,2019-06-01,120673.5045447691
20664,2019-07-01,124419.31456278074
20664,2019-08-01,123265.67537325033
20664,2019-09-01,121743.08297745812
20664,2019-10-01,121706.73723359348
20664,2019-11-01,123193.70087494573
20664,2019-12-01,132684.90740023655
20664,2020-01-01,130251.64989614634
20664,2020-02-01,132657.94168887855
20664,2020-03-01,114310.46007731243
20664,2020-04-01,93123.39647800663
20664,2020-05-01,96754.10951378035
20664,2020-06-01,105815.89976998258
20664,2020-07-01,110417.08401163612
20664,2020-08-01,116430.71065492887
20664,2020-09-01,123000.58276157817
20664,2020-10-01,127179.10905072083
20664,2020-11-01,129116.38267910722
20664,2020-12-01,128840.3868245201
20664,2021-01-01,130070.20667247713
20664,2021-02-01,133277.89524881486
20664,2021-03-01,129656.63614742333
20664,2021-04-01,136909.99069787216
20664,2021-05-01,143643.35480232892
20664,2021-06-01,149498.4160999616
20664,2021-07-01,153326.06563809313
20664,2021-08-01,159024.79923705204
20664,2021-09-01,162823.33933020712
20664,2021-10-01,166936.0788395985
20664,2021-11-01,176584.69639424686
20664,2021-12-01,168933.78620444398
20664,2022-01-01,174498.2959234253
20664,2022-02-01,175916.0411603909
20664,2022-03-01,199359.8234228382
20664,2022-04-01,199929.74913168763
20664,2022-05-01,200701.15948220473
20664,2022-06-01,202017.15611854763
20664,2022-07-01,206066.52192169026
20664,2022-08-01,206264.61502637086
20664,2022-09-01,211429.38209487114
20664,2022-10-01,213276.35618856148
20664,2022-11-01,191284.56545797194
20664,2022-12-01,191768.83496308228
20664,2023-01-01,193018.52180212544
20664,2023-02-01,193551.64565596115
20664,2023-03-01,198718.011681585
20664,2023-04-01,200815.21326441437
20664,2023-05-01,203650.95244994492
20664,2023-06-01,205195.49507099335
20664,2023-07-01,206590.11481874165
20664,2023-08-01,206594.9096166389
20664,2023-09-01,208849.33887105295
20664,2023-10-01,209496.3925436192
20664,2023-11-01,212042.26812817075
20664,2023-12-01,214633.22778102176
20664,2024-01-01,223337.64732440654
20664,2024-02-01,221174.81599570683
20664,2024-03-01,219101.64556422422
20664,2024-04-01,215854.07064395287
20664,2024-05-01,225941.2166720794
20664,2024-06-01,228126.3163893999
20664,2024-07-01,233469.12741662477
20664,2024-08-01,229836.08045462292
20664,2024-09-01,230818.57666945222
20664,2024-10-01,231819.40008854264
20664,2024-11-01,233649.76258982017
20664,2024-12-01,238860.95647672805
20664,2025-01-01,240151.70199908217
20664,2025-02-01,246640.19656399376
20664,2025-03-01,252303.79516118727
20664,2025-04-01,253941.49043707314
20664,2025-05-01,249757.46300831388
20664,2025-06-01,255434.4826881997
20664,2025-07-01,254037.39916756484
20664,2025-08-01,262881.07948633574
20664,2025-09-01,258631.20667998565
20664,2025-10-01,262586.53353749856
20664,2025-11-01,263314.9072941599
20664,2025-12-01,266679.81956492615
20664,2026-01-01,272361.80972078803
20664,2026-02-01,262791.1557316688
20664,2026-03-01,269224.0386600919
20664,2026-04-01,271667.0154850878
20664,2026-05-01,273845.69578769075
20664,2026-06-01,273260.3169427923
20662,2011-03-01,81392.55578570577
20662,2011-04-01,80383.65932229326
20662,2011-05-01,82287.19616700917
20662,2011-06-01,86105.67575258929
20662,2011-07-01,87079.327084285
20662,2011-08-01,88726.38415694308
20662,2011-09-01,90812.94889766954
20662,2011-10-01,88932.31728773055
20662,2011-11-01,90117.57046341345
20662,2011-12-01,88306.43571838543
20662,2012-01-01,87007.88367909896
20662,2012-02-01,89299.5428123488
20662,2012-03-01,89111.76893415782
20662,2012-04-01,89894.79036416211
20662,2012-05-01,92056.20168413145
20662,2012-06-01,91835.96990993015
20662,2012-07-01,90768.11391835257
20662,2012-08-01,88970.91357363138
20662,2012-09-01,91659.31466981529
20662,2012-10-01,98061.23308183148
20662,2012-11-01,94751.58169660551
20662,2012-12-01,95604.59677629592
20662,2013-01-01,99129.82265437243
20662,2013-02-01,98302.52966376545
20662,2013-03-01,98603.86984134858
20662,2013-04-01,101833.63976914402
20662,2013-05-01,102206.02748944407
20662,2013-06-01,101658.31449606593
20662,2013-07-01,104732.19002764075
20662,2013-08-01,106799.98332082761
20662,2013-09-01,103026.93859101096
20662,2013-10-01,103365.77000484447
20662,2013-11-01,103472.10880820872
20662,2013-12-01,109090.23076596046
20662,2014-01-01,108408.21521805838
20662,2014-02-01,110481.47870183631
20662,2014-03-01,110664.20508123096
20662,2014-04-01,111880.66072231285
20662,2014-05-01,110454.61503343905
20662,2014-06-01,110989.32809353924
20662,2014-07-01,112923.99972237556
20662,2014-08-01,112639.37597563158
20662,2014-09-01,116168.35821123245
20662,2014-10-01,117730.45513473437
20662,2014-11-01,110148.50253379205
20662,2014-12-01,116378.0470649448
20662,2015-01-01,116489.5758642664
20662,2015-02-01,110407.22388540026
20662,2015-03-01,115555.3780363524
20662,2015-04-01,114740.47577799005
20662,2015-05-01,114669.43533980161
20662,2015-06-01,114521.81491864278
20662,2015-07-01,112167.71591011173
20662,2015-08-01,113343.89298998275
20662,2015-09-01,114403.0749825782
20662,2015-10-01,110795.58633075416
20662,2015-11-01,111431.32356240704
20662,2015-12-01,110886.43615288158
20662,2016-01-01,109044.35180520464
20662,2016-02-01,114567.1634029831
20662,2016-03-01,110274.4290485734
20662,2016-04-01,110181.5423857448
20662,2016-05-01,111430.12565052166
20662,2016-06-01,112706.29487389085
20662,2016-07-01,114015.57515438565
20662,2016-08-01,114517.41044277832
20662,2016-09-01,112419.11002814039
20662,2016-10-01,116378.7764552832
20662,2016-11-01,116166.57015329199
20662,2016-12-01,114177.23289129627
20662,2017-01-01,115580.77240045884
20662,2017-02-01,110684.6990854011
20662,2017-03-01,125034.04651176845
20662,2017-04-01,120637.70143516666
20662,2017-05-01,123205.38390999098
20662,2017-06-01,124941.07570974139
20662,2017-07-01,125460.4624425948
20662,2017-08-01,122702.65792813132
20662,2017-09-01,125674.05236100711
20662,2017-10-01,127229.38264450624
20662,2017-11-01,127514.88177822961
20662,2017-12-01,130228.00680817892
20662,2018-01-01,133610.63944943424
20662,2018-02-01,132418.12246057775
20662,2018-03-01,135009.6884664949
20662,2018-04-01,132354.46554664907
20662,2018-05-01,134996.47314563935
20662,2018-06-01,135176.4053535372
20662,2018-07-01,135657.16850404508
20662,2018-08-01,141051.34517225716
20662,2018-09-01,139475.4055924133
20662,2018-10-01,141274.42909869776
20662,2018-11-01,150580.37860621378
20662,2018-12-01,149703.17968103068
20662,2019-01-01,151446.6237024023
20662,2019-02-01,152363.1447757829
20662,2019-03-01,154544.6154394452
20662,2019-04-01,156729.5790204471
20662,2019-05-01,158011.09214865026
20662,2019-06-01,160692.03886903208
20662,2019-07-01,165161.49229961023
20662,2019-08-01,164216.88875591537
20662,2019-09-01,163247.52238518526
20662,2019-10-01,163878.5316815287
20662,2019-11-01,163879.65686553973
20662,2019-12-01,179238.23639334345
20662,2020-01-01,174583.57031272023
20662,2020-02-01,180882.72260746593
20662,2020-03-01,156461.98760074162
20662,2020-04-01,130786.3900010491
20662,2020-05-01,133384.18965431835
20662,2020-06-01,147977.65135110187
20662,2020-07-01,152473.63032342403
20662,2020-08-01,161366.15578225662
20662,2020-09-01,169932.9808178364
20662,2020-10-01,176109.49335115464
20662,2020-11-01,176604.0903799606
20662,2020-12-01,176403.10322714952
20662,2021-01-01,169879.13628771543
20662,2021-02-01,178693.40082274424
20662,2021-03-01,173018.83150738565
20662,2021-04-01,186200.87215395045
20662,2021-05-01,194427.7929418953
20662,2021-06-01,201397.12026471944
20662,2021-07-01,205695.21300691168
20662,2021-08-01,211599.23384256518
20662,2021-09-01,214019.64328849487
20662,2021-10-01,215889.64597808
20662,2021-11-01,223428.05157516248
20662,2021-12-01,213923.2643442231
20662,2022-01-01,216940.67184877978
20662,2022-02-01,217934.37066688717
20662,2022-03-01,247525.34270275204
20662,2022-04-01,252458.26391928125
20662,2022-05-01,248243.49753030224
20662,2022-06-01,248409.31617841555
20662,2022-07-01,252561.71730315703
20662,2022-08-01,251399.13190016244
20662,2022-09-01,258305.24108421273
20662,2022-10-01,267063.69214430155
20662,2022-11-01,238562.04950729135
20662,2022-12-01,237597.8248028808
20662,2023-01-01,241154.96274168225
20662,2023-02-01,242046.75844337765
20662,2023-03-01,243553.70453031018
20662,2023-04-01,244157.91671171336
20662,2023-05-01,248669.64667110768
20662,2023-06-01,250290.727114102
20662,2023-07-01,252751.2087785066
20662,2023-08-01,253957.93964586285
20662,2023-09-01,258610.91644545263
20662,2023-10-01,260059.1854432722
20662,2023-11-01,264597.63795978803
20662,2023-12-01,269285.8767648657
20662,2024-01-01,280432.8361181961
20662,2024-02-01,284499.9592448792
20662,2024-03-01,277655.95343794796
20662,2024-04-01,270487.69459320966
20662,2024-05-01,285622.90402811376
20662,2024-06-01,289064.5885317756
20662,2024-07-01,294478.87450356147
20662,2024-08-01,291258.17074101925
20662,2024-09-01,291381.6633734549
20662,2024-10-01,290742.1673622498
20662,2024-11-01,293767.3224996279
20662,2024-12-01,300040.5291045232
20662,2025-01-01,301023.80972491327
20662,2025-02-01,308542.5004987553
20662,2025-03-01,318014.04785494134
20662,2025-04-01,315712.73639894335
20662,2025-05-01,308578.0165239843
20662,2025-06-01,317531.3094819947
20662,2025-07-01,314723.38813447056
20662,2025-08-01,324804.08675819123
20662,2025-09-01,323850.34646569926
20662,2025-10-01,327554.52636057476
20662,2025-11-01,327049.04199959926
20662,2025-12-01,333447.22259400244
20662,2026-01-01,339515.2534101689
20662,2026-02-01,336073.3099502601
20662,2026-03-01,342655.2822247025
20662,2026-04-01,341820.04850122036
20662,2026-05-01,342190.73562580417
20662,2026-06-01,341904.1078262934
20687,2011-03-01,974.366147927314
20687,2011-04-01,961.6242468655155
20687,2011-05-01,990.0902332276489
20687,2011-06-01,872.3290310666519
20687,2011-07-01,399.1887141813568
20687,2011-08-01,646.2928944078556
20687,2011-09-01,718.2007557299066
20687,2011-10-01,679.6431133671502
20687,2011-11-01,846.1607949368915
20687,2011-12-01,950.4962061957992
20687,2012-01-01,808.3609897957709
20687,2012-02-01,539.5867124669311
20687,2012-03-01,602.3448000525563
20687,2012-04-01,690.8027971141515
20687,2012-05-01,565.0474188594702
20687,2012-06-01,593.0415293537176
20687,2012-07-01,794.7078593744471
20687,2012-08-01,780.9150075533332
20687,2012-09-01,941.0303464821927
20687,2012-10-01,2021.3825013569156
20687,2012-11-01,1023.0498125255393
20687,2012-12-01,1033.3916538285175
20687,2013-01-01,968.7863511596141
20687,2013-02-01,1596.9826839069951
20687,2013-03-01,1042.8994953083445
20687,2013-04-01,546.0575305319506
20687,2013-05-01,1261.5241237767855
20687,2013-06-01,3903.912528891338
20687,2013-07-01,1478.7858090464624
20687,2013-08-01,1548.0510648716338
20687,2013-09-01,2037.592068113233
20687,2013-10-01,1080.4298224528754
20687,2013-11-01,2001.8306157598024
20687,2013-12-01,3883.353084279298
20687,2014-01-01,2425.6039462530553
20687,2014-02-01,2201.4543593272856
20687,2014-03-01,1167.07583189156
20687,2014-04-01,1005.6426462752262
20687,2014-05-01,1649.4771403235723
20687,2014-06-01,1487.6539580931424
20687,2014-07-01,695.2786497011208
20687,2014-08-01,664.7321725546776
20687,2014-09-01,622.0736428843874
20687,2014-10-01,386.7901282251331
20687,2014-11-01,1402.3102285062148
20687,2014-12-01,639.381048281013
20687,2015-01-01,1420.3381295946563
20687,2015-02-01,574.0517515189338
20687,2015-03-01,1549.3191124895525
20687,2015-04-01,3392.024878664042
20687,2015-05-01,965.420679736951
20687,2015-06-01,752.97056232962575
20687,2015-07-01,1446.1256848714236
20687,2015-08-01,1104.143554415584
20687,2015-09-01,3421.9008556805356
20687,2015-10-01,1269.9162489459402
20687,2015-11-01,691.1475312674976
20687,2015-12-01,645.9442159738023
20687,2016-01-01,791.3329834871131
20687,2016-02-01,1107.6029875877332
20687,2016-03-01,1920.039560840046
20687,2016-04-01,1775.2189435529745
20687,2016-05-01,1592.13579099164
20687,2016-06-01,1189.04387077748
20687,2016-07-01,2597.5578970829492
20687,2016-08-01,1635.8622229019377
20687,2016-09-01,984.7108342277494
20687,2016-10-01,1775.1057883398075
20687,2016-11-01,1257.280295983152
20687,2016-12-01,853.108162332821
20687,2017-01-01,703.6914067373884
20687,2017-02-01,1136.3559250116698
20687,2017-03-01,1130.914239381851
20687,2017-04-01,1829.9297822545138
20687,2017-05-01,1625.5398556430866
20687,2017-06-01,1922.6422606642188
20687,2017-07-01,1505.6214024714607
20687,2017-08-01,1515.0002520920184
20687,2017-09-01,1860.6742664782641
20687,2017-10-01,2165.8704513193193
20687,2017-11-01,1432.4972738729607
20687,2017-12-01,3111.292432846568
20687,2018-01-01,1958.6281142305395
20687,2018-02-01,1586.6613029021673
20687,2018-03-01,1900.813343325027
20687,2018-04-01,2600.637741450508
20687,2018-05-01,1482.393594881175
20687,2018-06-01,2335.3100372431104
20687,2018-07-01,1371.3772788737049
20687,2018-08-01,5106.040129295883
20687,2018-09-01,593.8233841804788
20687,2018-10-01,1153.976183712235
20687,2018-11-01,1206.1569817515467
20687,2018-12-01,1188.8313736197679
20687,2019-01-01,1764.8032510849932
20687,2019-02-01,1837.527961442201
20687,2019-03-01,1087.280464963591
20687,2019-04-01,1383.4848004403568
20687,2019-05-01,2185.359146285567
20687,2019-06-01,1387.7100140857453
20687,2019-07-01,1914.7511877859567
20687,2019-08-01,1940.4592179832605
20687,2019-09-01,1699.5196637067418
20687,2019-10-01,1997.9902124560654
20687,2019-11-01,2195.8666299672445
20687,2019-12-01,1600.7745134112772
20687,2020-01-01,1385.0500316556536
20687,2020-02-01,1153.8407515463823
20687,2020-03-01,1083.7207865401276
20687,2020-04-01,1576.6213646241938
20687,2020-05-01,1247.18990211953
20687,2020-06-01,1216.991382797126
20687,2020-07-01,2333.052391509582
20687,2020-08-01,1775.745227799968
20687,2020-09-01,2194.046241465696
20687,2020-10-01,1968.713348761714
20687,2020-11-01,2125.7824067011597
20687,2020-12-01,1219.9735026811852
20687,2021-01-01,1451.9164679383543
20687,2021-02-01,3027.2761308680147
20687,2021-03-01,1730.4820083910713
20687,2021-04-01,1392.5826723422974
20687,2021-05-01,1770.6608755594468
20687,2021-06-01,1141.371072794797
20687,2021-07-01,1602.9382991992886
20687,2021-08-01,1713.4808218164326
20687,2021-09-01,2154.9289693265096
20687,2021-10-01,3266.6068849674616
20687,2021-11-01,2826.371253634133
20687,2021-12-01,3220.3147994790675
20687,2022-01-01,3672.738765443913
20687,2022-02-01,2983.185010245251
20687,2022-03-01,2675.7604160264264
20687,2022-04-01,1685.1034128765607
20687,2022-05-01,2745.5682916244837
20687,2022-06-01,4037.873507925923
20687,2022-07-01,3371.433472606934
20687,2022-08-01,2079.4274475448196
20687,2022-09-01,1538.1870131686799
20687,2022-10-01,1424.367151132355
20687,2022-11-01,1058.8285806882936
20687,2022-12-01,1128.1347404538367
20687,2023-01-01,1211.5231982275516
20687,2023-02-01,1031.6635928590547
20687,2023-03-01,1589.4176762780537
20687,2023-04-01,1861.7213203058047
20687,2023-05-01,1083.031148761478
20687,2023-06-01,687.9453707483151
20687,2023-07-01,9600.342586185301
20687,2023-08-01,11737.307401352811
20687,2023-09-01,4398.327862383073
20687,2023-10-01,4539.775043010735
20687,2023-11-01,3733.376185976157
20687,2023-12-01,3756.7453716450955
20687,2024-01-01,3099.8607169701427
20687,2024-02-01,2757.6528390721523
20687,2024-03-01,2902.4281114386636
20687,2024-04-01,2605.5406310226967
20687,2024-05-01,2118.7358380624755
20687,2024-06-01,2447.2393943080856
20687,2024-07-01,2419.870806319082
20687,2024-08-01,3115.610418573808
20687,2024-09-01,2512.0221105126557
20687,2024-10-01,1836.3010692501043
20687,2024-11-01,2093.347118586029
20687,2024-12-01,2172.8808992370896
20687,2025-01-01,2097.4063199030816
20687,2025-02-01,3496.09015805743
20687,2025-03-01,2672.7312033000835
20687,2025-04-01,2649.065255670951
20687,2025-05-01,4503.840341562871
20687,2025-06-01,3733.547897155796
20687,2025-07-01,3740.0130191361964
20687,2025-08-01,5026.912928782827
20687,2025-09-01,5585.877927976899
20687,2025-10-01,4089.154503281817
20687,2025-11-01,4573.502435336046
20687,2025-12-01,6048.435065028793
20687,2026-01-01,5698.8134925318445
20687,2026-02-01,4150.4889942062355
20687,2026-03-01,5308.329464198831
20687,2026-04-01,2573.0283144383448
20687,2026-05-01,3284.230530015521
20687,2026-06-01,3623.8903487155862
20688,2011-03-01,3286.621088165188
20688,2011-04-01,2360.717336198951
20688,2011-05-01,2233.719263935276
20688,2011-06-01,1415.6359987002759
20688,2011-07-01,2514.6416761348955
20688,2011-08-01,2373.8928636425994
20688,2011-09-01,2308.766354024149
20688,2011-10-01,2317.7701879380256
20688,2011-11-01,2192.866753820017
20688,2011-12-01,1959.8800202825537
20688,2012-01-01,2075.155667829777
20688,2012-02-01,1939.3075330710267
20688,2012-03-01,2273.0657402627744
20688,2012-04-01,2389.253575579179
20688,2012-05-01,2240.5934287179484
20688,2012-06-01,1285.827854397989
20688,2012-07-01,2432.270744532446
20688,2012-08-01,3090.5882885807914
20688,2012-09-01,3077.6485657115036
20688,2012-10-01,3015.077755230625
20688,2012-11-01,2578.9209747096183
20688,2012-12-01,2433.685298104843
20688,2013-01-01,2249.773396447044
20688,2013-02-01,2699.8642494268756
20688,2013-03-01,2351.3377082042903
20688,2013-04-01,2579.8516593141053
20688,2013-05-01,2972.2253388818867
20688,2013-06-01,2376.283264797673
20688,2013-07-01,2141.499667976576
20688,2013-08-01,2380.46187348273
20688,2013-09-01,2391.2859246859407
20688,2013-10-01,2574.6062558804165
20688,2013-11-01,2703.752424361054
20688,2013-12-01,2987.974981663659
20688,2014-01-01,3067.3825709202574
20688,2014-02-01,3255.6545096859704
20688,2014-03-01,3377.406911851478
20688,2014-04-01,2955.0619555901694
20688,2014-05-01,3130.532595120336
20688,2014-06-01,3059.1087994767377
20688,2014-07-01,3232.2660830929613
20688,2014-08-01,2597.8210248466453
20688,2014-09-01,2847.79694768184
20688,2014-10-01,2469.413461194244
20688,2014-11-01,2450.9847763390776
20688,2014-12-01,2855.410677724649
20688,2015-01-01,2953.4641875189927
20688,2015-02-01,3076.277761377373
20688,2015-03-01,2647.7753482820217
20688,2015-04-01,2698.86073188006
20688,2015-05-01,2407.817424659362
20688,2015-06-01,3058.263321971058
20688,2015-07-01,3295.103662006882
20688,2015-08-01,2710.6759174851773
20688,2015-09-01,2517.732778340622
20688,2015-10-01,2791.309691211976
20688,2015-11-01,2931.912028997528
20688,2015-12-01,2920.3860785457923
20688,2016-01-01,2523.5275958872608
20688,2016-02-01,2013.622912732494
20688,2016-03-01,2259.4373139278173
20688,2016-04-01,2428.6869360867927
20688,2016-05-01,2660.3903999244044
20688,2016-06-01,2978.586357515702
20688,2016-07-01,2466.754371834145
20688,2016-08-01,1940.4062456784948
20688,2016-09-01,2477.771903149765
20688,2016-10-01,2448.6289462903483
20688,2016-11-01,3588.5619517460204
20688,2016-12-01,4640.812288612308
20688,2017-01-01,3509.1066570358744
20688,2017-02-01,2801.9698965375787
20688,2017-03-01,2676.3497713359984
20688,2017-04-01,2414.2656940595925
20688,2017-05-01,2470.2622427852284
20688,2017-06-01,3760.196475618545
20688,2017-07-01,1948.0388404366693
20688,2017-08-01,1554.038507180662
20688,2017-09-01,2070.0506119694496
20688,2017-10-01,2736.4485564773368
20688,2017-11-01,2363.163013537957
20688,2017-12-01,2519.6850446013746
20688,2018-01-01,2479.279979372746
20688,2018-02-01,2895.8244982412093
20688,2018-03-01,2484.6190634269988
20688,2018-04-01,2711.1753503333966
20688,2018-05-01,2996.9431133773455
20688,2018-06-01,1946.9514271891126
20688,2018-07-01,2174.531437102041
20688,2018-08-01,2402.662640883432
20688,2018-09-01,2136.495393600851
20688,2018-10-01,1952.6515035011257
20688,2018-11-01,1818.9484542962266
20688,2018-12-01,1544.613393368215
20688,2019-01-01,882.0525407019284
20688,2019-02-01,1629.1955271445804
20688,2019-03-01,579.7942245815826
20688,2019-04-01,1286.3445526245878
20688,2019-05-01,857.0967200114517
20688,2019-06-01,2864.4101039524785
20688,2019-07-01,1541.7554721532372
20688,2019-08-01,1760.4130164612018
20688,2019-09-01,2032.1692723221581
20688,2019-10-01,2036.4423044621492
20688,2019-11-01,1933.6831940873662
20688,2019-12-01,1967.1189311963683
20688,2020-01-01,1717.6453934049757
20688,2020-02-01,2035.190494450949
20688,2020-03-01,1834.0034069628318
20688,2020-04-01,2652.7518383786223
20688,2020-05-01,2415.3367823378085
20688,2020-06-01,1957.951700640459
20688,2020-07-01,3180.8792797768774
20688,2020-08-01,1442.2439711273923
20688,2020-09-01,1194.0667578549417
20688,2020-10-01,1048.5444334829065
20688,2020-11-01,1631.566903476304
20688,2020-12-01,1176.9176133975536
20688,2021-01-01,1109.516436927756
20688,2021-02-01,1253.9816853364907
20688,2021-03-01,2047.470672695026
20688,2021-04-01,1777.40160504206
20688,2021-05-01,2352.114218576321
20688,2021-06-01,2626.7622321513
20688,2021-07-01,2530.2733934525436
20688,2021-08-01,3148.0328167866387
20688,2021-09-01,2461.7372965288437
20688,2021-10-01,1797.4544396046442
20688,2021-11-01,1523.267858847619
20688,2021-12-01,1465.0037675032208
20688,2022-01-01,1754.3871952163283
20688,2022-02-01,2182.148636037618
20688,2022-03-01,2045.5741724820089
20688,2022-04-01,1770.3529638445264
20688,2022-05-01,1252.8563440650898
20688,2022-06-01,1517.0076324802424
20688,2022-07-01,1914.9173277164616
20688,2022-08-01,1947.2368651809759
20688,2022-09-01,2478.007106876561
20688,2022-10-01,3057.769544114632
20688,2022-11-01,2850.1349457098463
20688,2022-12-01,2718.4861661813425
20688,2023-01-01,2814.65117894028
20688,2023-02-01,2221.8039305749076
20688,2023-03-01,1811.6948154135318
20688,2023-04-01,1570.6545865508003
20688,2023-05-01,1444.2702696295298
20688,2023-06-01,1367.6401708838655
20688,2023-07-01,2101.0680494359426
20688,2023-08-01,1965.2713919993248
20688,2023-09-01,1778.6505596433956
20688,2023-10-01,2441.2983700991867
20688,2023-11-01,1727.6991234768955
20688,2023-12-01,1981.7807783496135
20688,2024-01-01,1532.366436659628
20688,2024-02-01,979.7896230169501
20688,2024-03-01,1984.7155473488638
20688,2024-04-01,1277.5562845900342
20688,2024-05-01,1350.8590440414418
20688,2024-06-01,2066.1384720667393
20688,2024-07-01,1596.8266540473119
20688,2024-08-01,3166.1763873361188
20688,2024-09-01,2675.8855863007475
20688,2024-10-01,2005.4824313512163
20688,2024-11-01,2226.1791891562243
20688,2024-12-01,2929.32656286784
20688,2025-01-01,2785.489648637602
20688,2025-02-01,2676.9876455293256
20688,2025-03-01,2229.9039339878136
20688,2025-04-01,3600.914622901166
20688,2025-05-01,4360.850425095553
20688,2025-06-01,2120.2186431543537
20688,2025-07-01,1932.5676839129228
20688,2025-08-01,1476.6124592833037
20688,2025-09-01,1586.3771047644213
20688,2025-10-01,1808.2703153478
20688,2025-11-01,2069.0044357303145
20688,2025-12-01,1768.6608256741538
20688,2026-01-01,2401.067980378793
20688,2026-02-01,3527.4880011662995
20688,2026-03-01,2307.7800728133593
20688,2026-04-01,2586.8826010954604
20688,2026-05-01,3149.913548387941
20688,2026-06-01,2779.347634029548
20689,2011-03-01,3850.457797284263
20689,2011-04-01,3345.2787614307454
20689,2011-05-01,3295.8167514486986
20689,2011-06-01,2879.443868752578
20689,2011-07-01,3133.359469101005
20689,2011-08-01,3159.749432180283
20689,2011-09-01,2930.071125252724
20689,2011-10-01,3174.7465778172377
20689,2011-11-01,2987.509056762327
20689,2011-12-01,2870.6898421737365
20689,2012-01-01,2996.6329301477876
20689,2012-02-01,2580.4406102259077
20689,2012-03-01,2712.527607818256
20689,2012-04-01,2802.3302145985
20689,2012-05-01,2588.105179216871
20689,2012-06-01,2397.0452329254845
20689,2012-07-01,3304.9149995807916
20689,2012-08-01,3893.7330924556422
20689,2012-09-01,3899.6016896472906
20689,2012-10-01,4880.358086756083
20689,2012-11-01,3572.1371887364376
20689,2012-12-01,3369.9336592320974
20689,2013-01-01,3206.4922345809086
20689,2013-02-01,4368.874707437996
20689,2013-03-01,3374.8483227243596
20689,2013-04-01,2959.9080365071122
20689,2013-05-01,4087.482520046645
20689,2013-06-01,9044.574674499372
20689,2013-07-01,3379.688612354734
20689,2013-08-01,3614.3946277988066
20689,2013-09-01,4036.1575680077726
20689,2013-10-01,3482.7741479554934
20689,2013-11-01,4728.099714519286
20689,2013-12-01,7000.229570384569
20689,2014-01-01,5592.7804697947
20689,2014-02-01,5635.209285300455
20689,2014-03-01,4285.354733397751
20689,2014-04-01,3668.7797121142353
20689,2014-05-01,4920.320325380314
20689,2014-06-01,5443.053746035718
20689,2014-07-01,4083.231230010423
20689,2014-08-01,3381.318531301537
20689,2014-09-01,3303.0652939745423
20689,2014-10-01,2958.7337254750337
20689,2014-11-01,3981.5669128422164
20689,2014-12-01,3560.349744181853
20689,2015-01-01,4760.0627961074815
20689,2015-02-01,3812.910472618101
20689,2015-03-01,4220.5839962548735
20689,2015-04-01,6772.84427156725
20689,2015-05-01,3460.5354183691484
20689,2015-06-01,4430.137307676356
20689,2015-07-01,4586.616210399436
20689,2015-08-01,3783.93957823473
20689,2015-09-01,5666.623404142054
20689,2015-10-01,4031.9228573508803
20689,2015-11-01,3925.415162022338
20689,2015-12-01,3431.266547516404
20689,2016-01-01,3650.2435104147266
20689,2016-02-01,3143.6971962877105
20689,2016-03-01,4614.294933997754
20689,2016-04-01,4179.98103441679
20689,2016-05-01,4400.967557753743
20689,2016-06-01,4434.664301403518
20689,2016-07-01,4666.171089716962
20689,2016-08-01,3269.582513350448
20689,2016-09-01,3273.067873259791
20689,2016-10-01,4268.984702450792
20689,2016-11-01,5207.457439147011
20689,2016-12-01,5361.689829654494
20689,2017-01-01,4647.716444948591
20689,2017-02-01,3869.2246979086044
20689,2017-03-01,3563.2484344924837
20689,2017-04-01,4775.625619810327
20689,2017-05-01,4237.106015557708
20689,2017-06-01,5787.823052197023
20689,2017-07-01,3417.295475264531
20689,2017-08-01,2788.877691405032
20689,2017-09-01,3848.620542590198
20689,2017-10-01,4817.751256072876
20689,2017-11-01,3991.7970867148233
20689,2017-12-01,5428.881286702797
20689,2018-01-01,4509.636223239738
20689,2018-02-01,4275.178188672047
20689,2018-03-01,4841.638488191187
20689,2018-04-01,5116.811103537311
20689,2018-05-01,4377.421508535352
20689,2018-06-01,4522.778258657011
20689,2018-07-01,3586.8061767828785
20689,2018-08-01,5849.286665827233
20689,2018-09-01,2830.2339641722565
20689,2018-10-01,3120.597626703914
20689,2018-11-01,3093.6950134585118
20689,2018-12-01,2567.787999482773
20689,2019-01-01,2678.495973318881
20689,2019-02-01,3337.487665720655
20689,2019-03-01,1879.0164826121638
20689,2019-04-01,2885.0874768969675
20689,2019-05-01,3303.8601800903307
20689,2019-06-01,4077.00306077805
20689,2019-07-01,3217.5934009217644
20689,2019-08-01,3523.1795883868867
20689,2019-09-01,3667.961871356476
20689,2019-10-01,3751.091576928757
20689,2019-11-01,4069.3747355357636
20689,2019-12-01,3274.190788464221
20689,2020-01-01,2873.4111726719193
20689,2020-02-01,3076.017795236439
20689,2020-03-01,3086.6290715075224
20689,2020-04-01,4051.962378481234
20689,2020-05-01,3599.4063276990255
20689,2020-06-01,2945.48975547332
20689,2020-07-01,5444.8005082033715
20689,2020-08-01,3101.658567805008
20689,2020-09-01,3361.042237083187
20689,2020-10-01,2905.2201113293113
20689,2020-11-01,3616.494624733605
20689,2020-12-01,2325.64882204817
20689,2021-01-01,2566.359111228709
20689,2021-02-01,4113.006367023244
20689,2021-03-01,4014.920493524296
20689,2021-04-01,3135.280584777802
20689,2021-05-01,3906.0117258737814
20689,2021-06-01,3323.5523711819696
20689,2021-07-01,4458.360074065605
20689,2021-08-01,5215.582975225575
20689,2021-09-01,4761.594788860728
20689,2021-10-01,4737.937853799854
20689,2021-11-01,4159.683523402976
20689,2021-12-01,4131.843896696593
20689,2022-01-01,5255.12131788775
20689,2022-02-01,4951.381281579258
20689,2022-03-01,5117.393863347809
20689,2022-04-01,3474.944165874847
20689,2022-05-01,4208.09644147523
20689,2022-06-01,5546.472607984862
20689,2022-07-01,5049.875330625063
20689,2022-08-01,3825.306126230654
20689,2022-09-01,4493.797311765998
20689,2022-10-01,5056.280930658502
20689,2022-11-01,3484.719883231097
20689,2022-12-01,3311.267778477932
20689,2023-01-01,3690.7904718212735
20689,2023-02-01,2985.9719692274325
20689,2023-03-01,3348.8004946753076
20689,2023-04-01,3845.7198469938094
20689,2023-05-01,2399.052757876823
20689,2023-06-01,1840.3870812271625
20689,2023-07-01,10497.181481814257
20689,2023-08-01,10893.528474345965
20689,2023-09-01,5987.397275261066
20689,2023-10-01,6649.942780288641
20689,2023-11-01,5141.629561635756
20689,2023-12-01,5620.238749823161
20689,2024-01-01,4565.805694137993
20689,2024-02-01,3732.484275031825
20689,2024-03-01,5355.581657928094
20689,2024-04-01,3929.6589509604073
20689,2024-05-01,3359.098172918726
20689,2024-06-01,4642.041031399565
20689,2024-07-01,3922.9738579353752
20689,2024-08-01,5871.7903719907235
20689,2024-09-01,5274.707977847538
20689,2024-10-01,3883.0656820561458
20689,2024-11-01,3988.46874466315
20689,2024-12-01,4673.438475449315
20689,2025-01-01,4593.8935497069
20689,2025-02-01,6006.869749405806
20689,2025-03-01,5096.73763352408
20689,2025-04-01,6420.319338202679
20689,2025-05-01,9105.496985413973
20689,2025-06-01,5777.363539051062
20689,2025-07-01,5373.890416468778
20689,2025-08-01,5296.450643985316
20689,2025-09-01,6823.610083231768
20689,2025-10-01,5372.470156232379
20689,2025-11-01,6151.504741500999
20689,2025-12-01,7696.4755108213085
20689,2026-01-01,8157.092774642217
20689,2026-02-01,7329.120534776339
20689,2026-03-01,8097.754619415086
20689,2026-04-01,5335.357882060301
20689,2026-05-01,6985.728672535627
20689,2026-06-01,6504.59915629185
20690,2011-03-01,335
20690,2011-04-01,207
20690,2011-05-01,178
20690,2011-06-01,391
20690,2011-07-01,236
20690,2011-08-01,553
20690,2011-09-01,429
20690,2011-10-01,249
20690,2011-11-01,417
20690,2011-12-01,391
20690,2012-01-01,198
20690,2012-02-01,401
20690,2012-03-01,403
20690,2012-04-01,353
20690,2012-05-01,431
20690,2012-06-01,776
20690,2012-07-01,520
20690,2012-08-01,379
20690,2012-09-01,543
20690,2012-10-01,801
20690,2012-11-01,515
20690,2012-12-01,834
20690,2013-01-01,521
20690,2013-02-01,336
20690,2013-03-01,464
20690,2013-04-01,654
20690,2013-05-01,647
20690,2013-06-01,655
20690,2013-07-01,676
20690,2013-08-01,1195
20690,2013-09-01,619
20690,2013-10-01,1162
20690,2013-11-01,642
20690,2013-12-01,634
20690,2014-01-01,840
20690,2014-02-01,2843
20690,2014-03-01,2470
20690,2014-04-01,1010
20690,2014-05-01,1912
20690,2014-06-01,1263
20690,2014-07-01,1101
20690,2014-08-01,970
20690,2014-09-01,824
20690,2014-10-01,1250
20690,2014-11-01,1487
20690,2014-12-01,2055
20690,2015-01-01,1696
20690,2015-02-01,1266
20690,2015-03-01,875
20690,2015-04-01,757
20690,2015-05-01,920
20690,2015-06-01,1144
20690,2015-07-01,925
20690,2015-08-01,986
20690,2015-09-01,966
20690,2015-10-01,853
20690,2015-11-01,1042
20690,2015-12-01,878
20690,2016-01-01,434
20690,2016-02-01,786
20690,2016-03-01,1223
20690,2016-04-01,1012
20690,2016-05-01,947
20690,2016-06-01,1140
20690,2016-07-01,796
20690,2016-08-01,645
20690,2016-09-01,847
20690,2016-10-01,495
20690,2016-11-01,404
20690,2016-12-01,567
20690,2017-01-01,510
20690,2017-02-01,299
20690,2017-03-01,352
20690,2017-04-01,337
20690,2017-05-01,288
20690,2017-06-01,219
20690,2017-07-01,305
20690,2017-08-01,293
20690,2017-09-01,151
20690,2017-10-01,238
20690,2017-11-01,191
20690,2017-12-01,414
20690,2018-01-01,135
20690,2018-02-01,200
20690,2018-03-01,236
20690,2018-04-01,120
20690,2018-05-01,91
20690,2018-06-01,252
20690,2018-07-01,99
20690,2018-08-01,211
20690,2018-09-01,358
20690,2018-10-01,149
20690,2018-11-01,179
20690,2018-12-01,592
20690,2019-01-01,129
20690,2019-02-01,110
20690,2019-03-01,113
20690,2019-04-01,138
20690,2019-05-01,121
20690,2019-06-01,293
20690,2019-07-01,212
20690,2019-08-01,235
20690,2019-09-01,163
20690,2019-10-01,139
20690,2019-11-01,123
20690,2019-12-01,221
20690,2020-01-01,293
20690,2020-02-01,170
20690,2020-03-01,436
20690,2020-04-01,469
20690,2020-05-01,543
20690,2020-06-01,370
20690,2020-07-01,525
20690,2020-08-01,365
20690,2020-09-01,697
20690,2020-10-01,497
20690,2020-11-01,544
20690,2020-12-01,853
20690,2021-01-01,671
20690,2021-02-01,542
20690,2021-03-01,942
20690,2021-04-01,591
20690,2021-05-01,765
20690,2021-06-01,1236
20690,2021-07-01,983
20690,2021-08-01,1154
20690,2021-09-01,950
20690,2021-10-01,1328
20690,2021-11-01,954
20690,2021-12-01,1590
20690,2022-01-01,652
20690,2022-02-01,872
20690,2022-03-01,1277
20690,2022-04-01,970
20690,2022-05-01,1933
20690,2022-06-01,996
20690,2022-07-01,1096
20690,2022-08-01,1376
20690,2022-09-01,1355
20690,2022-10-01,1369
20690,2022-11-01,1546
20690,2022-12-01,1435
20690,2023-01-01,921
20690,2023-02-01,976
20690,2023-03-01,2002
20690,2023-04-01,1209
20690,2023-05-01,1469
20690,2023-06-01,1543
20690,2023-07-01,1343
20690,2023-08-01,1684
20690,2023-09-01,1909
20690,2023-10-01,1685
20690,2023-11-01,1591
20690,2023-12-01,1865
20690,2024-01-01,1745
20690,2024-02-01,1361
20690,2024-03-01,1420
20690,2024-04-01,1585
20690,2024-05-01,2021
20690,2024-06-01,1774
20690,2024-07-01,1846
20690,2024-08-01,2056
20690,2024-09-01,1940
20690,2024-10-01,1938
20690,2024-11-01,1848
20690,2024-12-01,2156
20690,2025-01-01,1281
20690,2025-02-01,1840
20690,2025-03-01,2061
20690,2025-04-01,2377
20690,2025-05-01,2554
20690,2025-06-01,2657
20690,2025-07-01,2251
20690,2025-08-01,2208
20690,2025-09-01,2348
20690,2025-10-01,2444
20690,2025-11-01,2219
20690,2025-12-01,2873
20690,2026-01-01,1879
20690,2026-02-01,1814
20690,2026-03-01,2492
20690,2026-04-01,2859
20690,2026-05-01,2849
20690,2026-06-01,2751
20691,2011-03-01,1498.2355438285667
20691,2011-04-01,1517.033655584591
20691,2011-05-01,1613.3473385124623
20691,2011-06-01,1577.3289291937774
20691,2011-07-01,1651.7979789127096
20691,2011-08-01,1394.6771905830544
20691,2011-09-01,1489.421833549498
20691,2011-10-01,1463.5617164661971
20691,2011-11-01,1512.1112759558273
20691,2011-12-01,1470.4121052716969
20691,2012-01-01,1731.962411718315
20691,2012-02-01,1755.8353637972987
20691,2012-03-01,1682.9162976272662
20691,2012-04-01,1775.7293429421866
20691,2012-05-01,1641.8564214200808
20691,2012-06-01,1821.0483115291445
20691,2012-07-01,1642.4497340422106
20691,2012-08-01,1662.402557556241
20691,2012-09-01,1537.3831545778037
20691,2012-10-01,1716.6083104545305
20691,2012-11-01,1658.4516339755496
20691,2012-12-01,1393.0457386376936
20691,2013-01-01,1510.8618532851249
20691,2013-02-01,1709.0058602381466
20691,2013-03-01,1572.7563192658247
20691,2013-04-01,1564.132857723911
20691,2013-05-01,2070.18098007087
20691,2013-06-01,1672.6205664384229
20691,2013-07-01,1746.2321374004816
20691,2013-08-01,1941.8162302660417
20691,2013-09-01,1910.549653125301
20691,2013-10-01,1673.2923311320205
20691,2013-11-01,1536.7957743851036
20691,2013-12-01,1814.9642044392328
20691,2014-01-01,1712.7104656543383
20691,2014-02-01,1765.8294101609742
20691,2014-03-01,1755.5363772644055
20691,2014-04-01,1610.3745215093165
20691,2014-05-01,1439.0841154970615
20691,2014-06-01,1236.8316940744273
20691,2014-07-01,1304.8027981539062
20691,2014-08-01,1405.0136263157858
20691,2014-09-01,1814.2850417622878
20691,2014-10-01,1588.6967032468217
20691,2014-11-01,1561.7830301006054
20691,2014-12-01,1540.1425833981416
20691,2015-01-01,1859.5223741813343
20691,2015-02-01,1161.9301577516912
20691,2015-03-01,1013.9716916866369
20691,2015-04-01,1145.7954272405327
20691,2015-05-01,1085.7561287518454
20691,2015-06-01,1143.890083572403
20691,2015-07-01,996.6577017595041
20691,2015-08-01,1102.4605191491607
20691,2015-09-01,994.0500077769857
20691,2015-10-01,959.9425196867809
20691,2015-11-01,992.8371122527802
20691,2015-12-01,932.4307065900766
20691,2016-01-01,1032.782815184746
20691,2016-02-01,866.1396896716112
20691,2016-03-01,785.9142579232305
20691,2016-04-01,1123.1919091940729
20691,2016-05-01,1102.1314474859996
20691,2016-06-01,1406.4166779346995
20691,2016-07-01,1108.6315239637163
20691,2016-08-01,693.6810712701025
20691,2016-09-01,815.168509025342
20691,2016-10-01,750.1252814038273
20691,2016-11-01,748.0054001180911
20691,2016-12-01,550.31095988499
20691,2017-01-01,608.5362600004217
20691,2017-02-01,692.4067211739522
20691,2017-03-01,654.9129107195694
20691,2017-04-01,511.96631851956073
20691,2017-05-01,533.6845031234462
20691,2017-06-01,575.4130377916551
20691,2017-07-01,467.16820174026844
20691,2017-08-01,531.4036379933357
20691,2017-09-01,473.5960056559687
20691,2017-10-01,464.4380639898328
20691,2017-11-01,477.3535632528494
20691,2017-12-01,466.2506420561776
20691,2018-01-01,396.182634121753
20691,2018-02-01,440.0345037775523
20691,2018-03-01,446.21902576627025
20691,2018-04-01,398.37325314654487
20691,2018-05-01,395.2832971467603
20691,2018-06-01,318.8588944679943
20691,2018-07-01,920.5207908740427
20691,2018-08-01,556.2024089644545
20691,2018-09-01,531.7694383956231
20691,2018-10-01,475.33824300691725
20691,2018-11-01,446.55781477202163
20691,2018-12-01,499.6133789577012
20691,2019-01-01,364.28651498563414
20691,2019-02-01,527.7312695079811
20691,2019-03-01,381.8016408277527
20691,2019-04-01,443.1869536988182
20691,2019-05-01,398.8643839343887
20691,2019-06-01,495.1816963129823
20691,2019-07-01,547.2582831378921
20691,2019-08-01,485.8310442276989
20691,2019-09-01,513.3061579412296
20691,2019-10-01,544.4324240800174
20691,2019-11-01,472.9996102755116
20691,2019-12-01,483.90695072962706
20691,2020-01-01,494.03059407500797
20691,2020-02-01,390.3450055884051
20691,2020-03-01,801.6119786023291
20691,2020-04-01,735.6688451000823
20691,2020-05-01,840.371425712727
20691,2020-06-01,536.5527695908635
20691,2020-07-01,549.234814415863
20691,2020-08-01,396.4004978197087
20691,2020-09-01,366.75005886632675
20691,2020-10-01,330.60453190749433
20691,2020-11-01,318.6848886900024
20691,2020-12-01,523.1208388943693
20691,2021-01-01,584.6041567664707
20691,2021-02-01,352.7480648299468
20691,2021-03-01,455.91107702133723
20691,2021-04-01,333.7182585525671
20691,2021-05-01,347.18875931021756
20691,2021-06-01,367.9043131987947
20691,2021-07-01,308.0539101291316
20691,2021-08-01,460.4424751222378
20691,2021-09-01,461.19260682581097
20691,2021-10-01,343.34448248376157
20691,2021-11-01,597.7328467399699
20691,2021-12-01,541.3661983218632
20691,2022-01-01,706.8615156536998
20691,2022-02-01,615.2189120520329
20691,2022-03-01,552.4944578348227
20691,2022-04-01,649.3684557832973
20691,2022-05-01,594.5157287891195
20691,2022-06-01,636.1876007375857
20691,2022-07-01,631.2676092943608
20691,2022-08-01,726.9322742343466
20691,2022-09-01,931.8323772309581
20691,2022-10-01,1007.4925979119241
20691,2022-11-01,922.1823765567492
20691,2022-12-01,750.1131835136623
20691,2023-01-01,808.9762034858896
20691,2023-02-01,836.7375610801973
20691,2023-03-01,918.2363250156013
20691,2023-04-01,952.4404613889999
20691,2023-05-01,1007.8901840894986
20691,2023-06-01,948.1301368763269
20691,2023-07-01,961.0279035411128
20691,2023-08-01,846.6414678854527
20691,2023-09-01,925.4631176951755
20691,2023-10-01,897.8778417963919
20691,2023-11-01,854.6082530722182
20691,2023-12-01,916.4294048004178
20691,2024-01-01,818.672526515423
20691,2024-02-01,983.6840752722075
20691,2024-03-01,902.154455885218
20691,2024-04-01,913.7018158688136
20691,2024-05-01,1213.499923647534
20691,2024-06-01,1203.9436528214962
20691,2024-07-01,875.4233892038811
20691,2024-08-01,926.7382600886366
20691,2024-09-01,850.8078214281218
20691,2024-10-01,769.5148771067672
20691,2024-11-01,760.7171387951903
20691,2024-12-01,819.1917168021494
20691,2025-01-01,781.0221937398029
20691,2025-02-01,922.6717712083508
20691,2025-03-01,740.6485733465917
20691,2025-04-01,838.7937711481485
20691,2025-05-01,895.6992556613691
20691,2025-06-01,782.7099635492717
20691,2025-07-01,942.7815317597322
20691,2025-08-01,1024.5578936562476
20691,2025-09-01,862.3029532848766
20691,2025-10-01,985.0443973968884
20691,2025-11-01,977.9252180822072
20691,2025-12-01,783.3663821948015
20691,2026-01-01,796.4137011459358
20691,2026-02-01,876.2955753584123
20691,2026-03-01,1054.9461968831695
20691,2026-04-01,1113.5742083763648
20691,2026-05-01,944.9494815108641
20691,2026-06-01,1023.5579852541595
20692,2011-03-01,1847.951800871563
20692,2011-04-01,1790.0555336509103
20692,2011-05-01,1744.449103921507
20692,2011-06-01,1879.2344429614811
20692,2011-07-01,1912.192591707722
20692,2011-08-01,1963.1467576506718
20692,2011-09-01,1912.611391196935
20692,2011-10-01,1702.198613383519
20692,2011-11-01,1918.0989461395047
20692,2011-12-01,1760.6037983757326
20692,2012-01-01,1976.6088741120232
20692,2012-02-01,2215.9622716657054
20692,2012-03-01,2047.655540205538
20692,2012-04-01,2348.8557989392184
20692,2012-05-01,2024.2072735346549
20692,2012-06-01,2400.6189795227774
20692,2012-07-01,2262.676355113992
20692,2012-08-01,2036.0067335994531
20692,2012-09-01,2110.845022860665
20692,2012-10-01,2488.574508663976
20692,2012-11-01,2167.20504337234
20692,2012-12-01,2169.448517171533
20692,2013-01-01,2103.2384808897764
20692,2013-02-01,2096.0884008311264
20692,2013-03-01,2049.1613226812833
20692,2013-04-01,2325.6756937946757
20692,2013-05-01,2660.015298737711
20692,2013-06-01,2203.7774217661595
20692,2013-07-01,2475.580470268855
20692,2013-08-01,3110.326656217613
20692,2013-09-01,2565.4213521586344
20692,2013-10-01,2768.442539294621
20692,2013-11-01,2188.319204150662
20692,2013-12-01,2426.8076784326354
20692,2014-01-01,2647.833761649733
20692,2014-02-01,4881.200280114922
20692,2014-03-01,4337.857688776777
20692,2014-04-01,2746.823570018605
20692,2014-05-01,3349.920637477525
20692,2014-06-01,2392.0595166891612
20692,2014-07-01,2401.0270950123945
20692,2014-08-01,2360.04704899147
20692,2014-09-01,2564.7531771939584
20692,2014-10-01,2711.466174835632
20692,2014-11-01,3062.7888701527204
20692,2014-12-01,3225.892993421731
20692,2015-01-01,3730.4903984193757
20692,2015-02-01,2677.7281072970027
20692,2015-03-01,1876.1274966734754
20692,2015-04-01,2055.48345238618
20692,2015-05-01,2066.7689187821616
20692,2015-06-01,2134.873624760959
20692,2015-07-01,1890.9004562485677
20692,2015-08-01,2133.722774399315
20692,2015-09-01,1811.15942565689
20692,2015-10-01,1767.8969604146707
20692,2015-11-01,2058.560103982059
20692,2015-12-01,1677.924010576912
20692,2016-01-01,1512.500272697942
20692,2016-02-01,1838.6805124779241
20692,2016-03-01,1934.3825018425603
20692,2016-04-01,2212.5055290117607
20692,2016-05-01,2136.524154165731
20692,2016-06-01,2324.242932583515
20692,2016-07-01,1897.1407087849896
20692,2016-08-01,1313.955222720178
20692,2016-09-01,1628.683888315456
20692,2016-10-01,1293.7390288848674
20692,2016-11-01,1182.80645284581
20692,2016-12-01,1001.4203028304431
20692,2017-01-01,1186.9949098679724
20692,2017-02-01,1038.2168095206944
20692,2017-03-01,989.4929073717208
20692,2017-04-01,939.4565642022993
20692,2017-05-01,821.6056839541716
20692,2017-06-01,740.0144014839285
20692,2017-07-01,783.1419898234444
20692,2017-08-01,807.7961511542411
20692,2017-09-01,585.7377363761451
20692,2017-10-01,714.2850961268232
20692,2017-11-01,690.0715449563963
20692,2017-12-01,797.5671382710651
20692,2018-01-01,538.0834590272849
20692,2018-02-01,681.6132865657694
20692,2018-03-01,679.0621725461135
20692,2018-04-01,556.519781447984
20692,2018-05-01,497.5201493696707
20692,2018-06-01,517.6002167771976
20692,2018-07-01,1026.6410384190856
20692,2018-08-01,739.0944804924061
20692,2018-09-01,871.4171970468177
20692,2018-10-01,641.0943557323696
20692,2018-11-01,647.6845858909571
20692,2018-12-01,1018.9307535288233
20692,2019-01-01,513.3400213437371
20692,2019-02-01,641.8688355553769
20692,2019-03-01,491.9086891935006
20692,2019-04-01,617.796966636355
20692,2019-05-01,529.4702735305596
20692,2019-06-01,738.3992029051018
20692,2019-07-01,752.5032680081241
20692,2019-08-01,693.9676652184312
20692,2019-09-01,672.5503280064617
20692,2019-10-01,691.3442763543736
20692,2019-11-01,621.4349963245144
20692,2019-12-01,692.8223484945427
20692,2020-01-01,842.9400242407881
20692,2020-02-01,602.3110385863775
20692,2020-03-01,1225.1846508226936
20692,2020-04-01,1286.5664314475387
20692,2020-05-01,1441.1805981570503
20692,2020-06-01,849.5083375096149
20692,2020-07-01,1040.035902860066
20692,2020-08-01,757.4007498826192
20692,2020-09-01,948.7141802040895
20692,2020-10-01,808.932949680592
20692,2020-11-01,887.3218786770215
20692,2020-12-01,1212.4492300263978
20692,2021-01-01,1422.803465375828
20692,2021-02-01,1056.4612089056845
20692,2021-03-01,1290.294488354125
20692,2021-04-01,1046.174058334145
20692,2021-05-01,1182.795957317657
20692,2021-06-01,1414.8101388040138
20692,2021-07-01,1273.0046418659952
20692,2021-08-01,1623.4641376995137
20692,2021-09-01,1293.1977415179815
20692,2021-10-01,1678.0053511038252
20692,2021-11-01,1600.0092296654684
20692,2021-12-01,1819.0946448373072
20692,2022-01-01,1564.974591979999
20692,2022-02-01,1666.8915938257592
20692,2022-03-01,1779.504386074442
20692,2022-04-01,1723.2169752757363
20692,2022-05-01,2568.758383477922
20692,2022-06-01,1477.7581845480315
20692,2022-07-01,1731.495377114395
20692,2022-08-01,2002.2584680322673
20692,2022-09-01,2226.1887931665783
20692,2022-10-01,2471.435352090183
20692,2022-11-01,2541.517038499652
20692,2022-12-01,1891.2617659102689
20692,2023-01-01,1986.462764412463
20692,2023-02-01,2133.2300433678565
20692,2023-03-01,2686.6280407981358
20692,2023-04-01,2382.7745549840856
20692,2023-05-01,2355.7435810546717
20692,2023-06-01,2305.988654808388
20692,2023-07-01,2362.849919919975
20692,2023-08-01,2400.377138394332
20692,2023-09-01,2623.3466156517256
20692,2023-10-01,2588.0418293042294
20692,2023-11-01,2512.1700062710756
20692,2023-12-01,2471.782339575457
20692,2024-01-01,2938.44543729528
20692,2024-02-01,2830.25821776073
20692,2024-03-01,2274.546178988897
20692,2024-04-01,2599.7318212517616
20692,2024-05-01,3165.5323277945167
20692,2024-06-01,2753.658343142556
20692,2024-07-01,2680.171833871183
20692,2024-08-01,2878.8111846762718
20692,2024-09-01,2773.368700911199
20692,2024-10-01,2574.9613771766676
20692,2024-11-01,2752.9215609644
20692,2024-12-01,2818.1914132656248
20692,2025-01-01,2477.062409807131
20692,2025-02-01,3165.779837186924
20692,2025-03-01,2883.797387669062
20692,2025-04-01,3334.7253755370307
20692,2025-05-01,3221.8233585438315
20692,2025-06-01,3273.884608608133
20692,2025-07-01,3164.8489505058446
20692,2025-08-01,3163.3928749531487
20692,2025-09-01,2995.347301905874
20692,2025-10-01,3155.300591372948
20692,2025-11-01,3215.4335709642387
20692,2025-12-01,3153.1392876253426
20692,2026-01-01,3281.765565529778
20692,2026-02-01,3273.672176660136
20692,2026-03-01,3432.2542362340255
20692,2026-04-01,4209.1031248259105
20692,2026-05-01,3588.3702822927203
20692,2026-06-01,3476.2330063740633
20693,2011-03-01,50
20693,2011-04-01,92
20693,2011-05-01,187
20693,2011-06-01,252
20693,2011-07-01,388
20693,2011-08-01,225
20693,2011-09-01,199
20693,2011-10-01,336
20693,2011-11-01,360
20693,2011-12-01,568
20693,2012-01-01,484
20693,2012-02-01,426
20693,2012-03-01,322
20693,2012-04-01,540
20693,2012-05-01,306
20693,2012-06-01,818
20693,2012-07-01,1295
20693,2012-08-01,2489
20693,2012-09-01,1530
20693,2012-10-01,1894
20693,2012-11-01,926
20693,2012-12-01,1209
20693,2013-01-01,832
20693,2013-02-01,1011
20693,2013-03-01,1745
20693,2013-04-01,2010
20693,2013-05-01,1127
20693,2013-06-01,689
20693,2013-07-01,553
20693,2013-08-01,329
20693,2013-09-01,782
20693,2013-10-01,607
20693,2013-11-01,374
20693,2013-12-01,995
20693,2014-01-01,821
20693,2014-02-01,246
20693,2014-03-01,132
20693,2014-04-01,87
20693,2014-05-01,73
20693,2014-06-01,213
20693,2014-07-01,889
20693,2014-08-01,690
20693,2014-09-01,886
20693,2014-10-01,1017
20693,2014-11-01,271
20693,2014-12-01,418
20693,2015-01-01,189
20693,2015-02-01,134
20693,2015-03-01,33
20693,2015-04-01,71
20693,2015-05-01,105
20693,2015-06-01,152
20693,2015-07-01,88
20693,2015-08-01,196
20693,2015-09-01,73
20693,2015-10-01,1291
20693,2015-11-01,327
20693,2015-12-01,978
20693,2016-01-01,511
20693,2016-02-01,385
20693,2016-03-01,121
20693,2016-04-01,393
20693,2016-05-01,290
20693,2016-06-01,629
20693,2016-07-01,2666
20693,2016-08-01,1828
20693,2016-09-01,1078
20693,2016-10-01,1037
20693,2016-11-01,513
20693,2016-12-01,709
20693,2017-01-01,534
20693,2017-02-01,462
20693,2017-03-01,566
20693,2017-04-01,265
20693,2017-05-01,331
20693,2017-06-01,403
20693,2017-07-01,311
20693,2017-08-01,194
20693,2017-09-01,206
20693,2017-10-01,422
20693,2017-11-01,388
20693,2017-12-01,431
20693,2018-01-01,303
20693,2018-02-01,89
20693,2018-03-01,298
20693,2018-04-01,95
20693,2018-05-01,168
20693,2018-06-01,381
20693,2018-07-01,219
20693,2018-08-01,225
20693,2018-09-01,77
20693,2018-10-01,93
20693,2018-11-01,123
20693,2018-12-01,378
20693,2019-01-01,57
20693,2019-02-01,13
20693,2019-03-01,5
20693,2019-04-01,23
20693,2019-05-01,91
20693,2019-06-01,3
20693,2019-07-01,8
20693,2019-08-01,17
20693,2019-09-01,27
20693,2019-10-01,20
20693,2019-11-01,36
20693,2019-12-01,23
20693,2020-01-01,10
20693,2020-02-01,11
20693,2020-03-01,21
20693,2020-04-01,132
20693,2020-05-01,635
20693,2020-06-01,562
20693,2020-07-01,307
20693,2020-08-01,114
20693,2020-09-01,165
20693,2020-10-01,256
20693,2020-11-01,843
20693,2020-12-01,1479
20693,2021-01-01,34
20693,2021-02-01,15
20693,2021-03-01,50
20693,2021-04-01,45
20693,2021-05-01,54
20693,2021-06-01,140
20693,2021-07-01,48
20693,2021-08-01,42
20693,2021-09-01,133
20693,2021-10-01,18
20693,2021-11-01,32
20693,2021-12-01,29
20693,2022-01-01,14
20693,2022-02-01,159
20693,2022-03-01,46
20693,2022-04-01,77
20693,2022-05-01,80
20693,2022-06-01,85
20693,2022-07-01,91
20693,2022-08-01,112
20693,2022-09-01,167
20693,2022-10-01,321
20693,2022-11-01,274
20693,2022-12-01,248
20693,2023-01-01,157
20693,2023-02-01,104
20693,2023-03-01,151
20693,2023-04-01,115
20693,2023-05-01,191
20693,2023-06-01,247
20693,2023-07-01,543
20693,2023-08-01,510
20693,2023-09-01,583
20693,2023-10-01,297
20693,2023-11-01,319
20693,2023-12-01,315
20693,2024-01-01,267
20693,2024-02-01,271
20693,2024-03-01,656
20693,2024-04-01,484
20693,2024-05-01,462
20693,2024-06-01,342
20693,2024-07-01,869
20693,2024-08-01,1142
20693,2024-09-01,772
20693,2024-10-01,423
20693,2024-11-01,377
20693,2024-12-01,506
20693,2025-01-01,271
20693,2025-02-01,258
20693,2025-03-01,197
20693,2025-04-01,404
20693,2025-05-01,212
20693,2025-06-01,207
20693,2025-07-01,332
20693,2025-08-01,259
20693,2025-09-01,295
20693,2025-10-01,1033
20693,2025-11-01,442
20693,2025-12-01,1543
20693,2026-01-01,284
20693,2026-02-01,229
20693,2026-03-01,290
20693,2026-04-01,133
20693,2026-05-01,194
20693,2026-06-01,210
20694,2011-03-01,7245.960969108826
20694,2011-04-01,6684.36974270205
20694,2011-05-01,8105.078926586081
20694,2011-06-01,8881.937497209243
20694,2011-07-01,10926.425667151878
20694,2011-08-01,9498.16131121267
20694,2011-09-01,9827.203480773245
20694,2011-10-01,9583.952014728491
20694,2011-11-01,12321.968646763968
20694,2011-12-01,8485.543019292158
20694,2012-01-01,7280.520909030215
20694,2012-02-01,8876.179076852697
20694,2012-03-01,7530.197849914199
20694,2012-04-01,9642.965254595965
20694,2012-05-01,8202.317896774344
20694,2012-06-01,7367.098296977932
20694,2012-07-01,11716.221405832905
20694,2012-08-01,9698.95112872894
20694,2012-09-01,10650.584405513968
20694,2012-10-01,10375.61665719089
20694,2012-11-01,10866.71462581274
20694,2012-12-01,14899.939426465648
20694,2013-01-01,12449.22900789378
20694,2013-02-01,10912.843114843727
20694,2013-03-01,11812.80335645955
20694,2013-04-01,13682.529428139791
20694,2013-05-01,17983.4816652928
20694,2013-06-01,13984.104691559936
20694,2013-07-01,10689.169696998917
20694,2013-08-01,13936.993196783931
20694,2013-09-01,13216.998438061022
20694,2013-10-01,13099.124443835975
20694,2013-11-01,12708.530821260427
20694,2013-12-01,14255.63141249142
20694,2014-01-01,19355.28883854804
20694,2014-02-01,16333.652260153558
20694,2014-03-01,16307.96462331617
20694,2014-04-01,13440.718450471464
20694,2014-05-01,8106.641455203671
20694,2014-06-01,12564.906964593574
20694,2014-07-01,12240.364012708205
20694,2014-08-01,14698.787429431706
20694,2014-09-01,13356.818999152309
20694,2014-10-01,12645.936851404584
20694,2014-11-01,11013.644508812557
20694,2014-12-01,10196.675244678601
20694,2015-01-01,10049.145355837407
20694,2015-02-01,10400.85913468692
20694,2015-03-01,12895.988787917462
20694,2015-04-01,8967.94150740059
20694,2015-05-01,11424.254120020065
20694,2015-06-01,11450.299109435035
20694,2015-07-01,7902.8575005724015
20694,2015-08-01,8339.224820052774
20694,2015-09-01,8348.200132176495
20694,2015-10-01,11171.898660701532
20694,2015-11-01,8928.73725416327
20694,2015-12-01,7414.08237149796
20694,2016-01-01,7000.270049420955
20694,2016-02-01,5756.3999063138745
20694,2016-03-01,5088.284659945709
20694,2016-04-01,5717.75475386447
20694,2016-05-01,4502.4152697709305
20694,2016-06-01,5387.0363523941905
20694,2016-07-01,4397.833692081938
20694,2016-08-01,3716.256699149335
20694,2016-09-01,6263.422918026908
20694,2016-10-01,4407.82439213468
20694,2016-11-01,4468.602962559716
20694,2016-12-01,3829.056606972705
20694,2017-01-01,3775.0736897193187
20694,2017-02-01,4728.065104169753
20694,2017-03-01,3889.945132690145
20694,2017-04-01,6235.347640455894
20694,2017-05-01,4235.457559626741
20694,2017-06-01,3741.1590452244654
20694,2017-07-01,4959.143848408297
20694,2017-08-01,3003.4162984931727
20694,2017-09-01,3825.5683498479825
20694,2017-10-01,3510.0620219056063
20694,2017-11-01,3527.506745163715
20694,2017-12-01,3866.2851589278544
20694,2018-01-01,3207.6493531515925
20694,2018-02-01,3047.4972677415712
20694,2018-03-01,3017.3128672342687
20694,2018-04-01,3951.335746743682
20694,2018-05-01,5599.067694589741
20694,2018-06-01,3006.0375661291337
20694,2018-07-01,3675.520034818469
20694,2018-08-01,3624.5097953513314
20694,2018-09-01,3362.45695198714
20694,2018-10-01,2681.586956246699
20694,2018-11-01,4335.6165121564345
20694,2018-12-01,5771.531119067733
20694,2019-01-01,6060.766628678652
20694,2019-02-01,4213.400826177579
20694,2019-03-01,4875.338374227426
20694,2019-04-01,1879.7948010875525
20694,2019-05-01,2890.1878050241803
20694,2019-06-01,2814.0756530555645
20694,2019-07-01,2287.0036108675845
20694,2019-08-01,2925.8863161165978
20694,2019-09-01,2574.612711647958
20694,2019-10-01,2762.8309875132695
20694,2019-11-01,3758.117949734842
20694,2019-12-01,2107.353215655623
20694,2020-01-01,1743.0914511044173
20694,2020-02-01,2093.188582086339
20694,2020-03-01,1845.0428321659956
20694,2020-04-01,5268.427072384104
20694,2020-05-01,5983.468647571191
20694,2020-06-01,5261.207002426447
20694,2020-07-01,4177.82735702236
20694,2020-08-01,4054.5458065899115
20694,2020-09-01,2852.297610915435
20694,2020-10-01,2451.761495142752
20694,2020-11-01,1923.3650773954714
20694,2020-12-01,2293.157804276325
20694,2021-01-01,2110.6309297604216
20694,2021-02-01,2670.485063860938
20694,2021-03-01,2665.8213470964424
20694,2021-04-01,2853.7944469699974
20694,2021-05-01,2774.645555345932
20694,2021-06-01,2420.123305463258
20694,2021-07-01,2813.212185183429
20694,2021-08-01,2482.1998608281356
20694,2021-09-01,4711.023852647108
20694,2021-10-01,2311.548230874019
20694,2021-11-01,2283.0079903432547
20694,2021-12-01,1951.972472119022
20694,2022-01-01,2514.5436515608217
20694,2022-02-01,3959.8669878909664
20694,2022-03-01,3797.781429182074
20694,2022-04-01,4621.873321009263
20694,2022-05-01,6861.571269216189
20694,2022-06-01,3920.8540441423843
20694,2022-07-01,3862.239822383573
20694,2022-08-01,4967.0149294316325
20694,2022-09-01,4393.843698468401
20694,2022-10-01,5580.325125965589
20694,2022-11-01,6527.193472535423
20694,2022-12-01,5289.602998289707
20694,2023-01-01,6206.586487532284
20694,2023-02-01,3913.1364304222366
20694,2023-03-01,4525.923793275828
20694,2023-04-01,3330.464088389216
20694,2023-05-01,3995.577368750933
20694,2023-06-01,5213.661248757203
20694,2023-07-01,4983.120471897821
20694,2023-08-01,3968.707773126018
20694,2023-09-01,5454.583073112718
20694,2023-10-01,5217.880970463623
20694,2023-11-01,4681.319225011871
20694,2023-12-01,4459.795451346048
20694,2024-01-01,6376.79161666104
20694,2024-02-01,3348.1853362034312
20694,2024-03-01,5330.89073847868
20694,2024-04-01,4983.464420005514
20694,2024-05-01,5567.433015925439
20694,2024-06-01,5730.240915427246
20694,2024-07-01,4207.248528779305
20694,2024-08-01,5852.339880614826
20694,2024-09-01,4852.217251950084
20694,2024-10-01,9389.757672735675
20694,2024-11-01,5345.47832076709
20694,2024-12-01,5220.576881428289
20694,2025-01-01,5734.417823182756
20694,2025-02-01,7128.56925654801
20694,2025-03-01,3263.203489156449
20694,2025-04-01,8661.943247985324
20694,2025-05-01,6028.263637541187
20694,2025-06-01,5576.463123596952
20694,2025-07-01,9971.60079508444
20694,2025-08-01,7088.302255500592
20694,2025-09-01,8903.184834883416
20694,2025-10-01,7303.925658745127
20694,2025-11-01,7993.641592693422
20694,2025-12-01,8917.658844863274
20694,2026-01-01,6985.846524808176
20694,2026-02-01,7077.625814170568
20694,2026-03-01,7528.7338952214195
20694,2026-04-01,7612.301004106025
20694,2026-05-01,5814.192526859905
20694,2026-06-01,7009.823992884472
20695,2011-03-01,156
20695,2011-04-01,115
20695,2011-05-01,156
20695,2011-06-01,112
20695,2011-07-01,188
20695,2011-08-01,155
20695,2011-09-01,249
20695,2011-10-01,501
20695,2011-11-01,186
20695,2011-12-01,153
20695,2012-01-01,71
20695,2012-02-01,79
20695,2012-03-01,258
20695,2012-04-01,302
20695,2012-05-01,105
20695,2012-06-01,158
20695,2012-07-01,331
20695,2012-08-01,149
20695,2012-09-01,155
20695,2012-10-01,227
20695,2012-11-01,204
20695,2012-12-01,204
20695,2013-01-01,134
20695,2013-02-01,125
20695,2013-03-01,221
20695,2013-04-01,277
20695,2013-05-01,157
20695,2013-06-01,176
20695,2013-07-01,184
20695,2013-08-01,179
20695,2013-09-01,323
20695,2013-10-01,439
20695,2013-11-01,518
20695,2013-12-01,508
20695,2014-01-01,441
20695,2014-02-01,225
20695,2014-03-01,439
20695,2014-04-01,212
20695,2014-05-01,254
20695,2014-06-01,130
20695,2014-07-01,226
20695,2014-08-01,394
20695,2014-09-01,526
20695,2014-10-01,624
20695,2014-11-01,219
20695,2014-12-01,553
20695,2015-01-01,294
20695,2015-02-01,295
20695,2015-03-01,309
20695,2015-04-01,305
20695,2015-05-01,484
20695,2015-06-01,533
20695,2015-07-01,264
20695,2015-08-01,399
20695,2015-09-01,395
20695,2015-10-01,289
20695,2015-11-01,356
20695,2015-12-01,752
20695,2016-01-01,358
20695,2016-02-01,306
20695,2016-03-01,383
20695,2016-04-01,291
20695,2016-05-01,274
20695,2016-06-01,354
20695,2016-07-01,382
20695,2016-08-01,343
20695,2016-09-01,348
20695,2016-10-01,384
20695,2016-11-01,408
20695,2016-12-01,475
20695,2017-01-01,309
20695,2017-02-01,258
20695,2017-03-01,248
20695,2017-04-01,358
20695,2017-05-01,259
20695,2017-06-01,221
20695,2017-07-01,246
20695,2017-08-01,379
20695,2017-09-01,150
20695,2017-10-01,264
20695,2017-11-01,306
20695,2017-12-01,293
20695,2018-01-01,210
20695,2018-02-01,123
20695,2018-03-01,241
20695,2018-04-01,145
20695,2018-05-01,242
20695,2018-06-01,151
20695,2018-07-01,175
20695,2018-08-01,233
20695,2018-09-01,291
20695,2018-10-01,315
20695,2018-11-01,252
20695,2018-12-01,412
20695,2019-01-01,557
20695,2019-02-01,244
20695,2019-03-01,157
20695,2019-04-01,161
20695,2019-05-01,268
20695,2019-06-01,220
20695,2019-07-01,204
20695,2019-08-01,232
20695,2019-09-01,209
20695,2019-10-01,263
20695,2019-11-01,300
20695,2019-12-01,634
20695,2020-01-01,173
20695,2020-02-01,102
20695,2020-03-01,196
20695,2020-04-01,224
20695,2020-05-01,240
20695,2020-06-01,156
20695,2020-07-01,173
20695,2020-08-01,141
20695,2020-09-01,107
20695,2020-10-01,131
20695,2020-11-01,196
20695,2020-12-01,327
20695,2021-01-01,149
20695,2021-02-01,206
20695,2021-03-01,255
20695,2021-04-01,437
20695,2021-05-01,140
20695,2021-06-01,146
20695,2021-07-01,207
20695,2021-08-01,574
20695,2021-09-01,326
20695,2021-10-01,194
20695,2021-11-01,417
20695,2021-12-01,373
20695,2022-01-01,122
20695,2022-02-01,479
20695,2022-03-01,331
20695,2022-04-01,163
20695,2022-05-01,264
20695,2022-06-01,406
20695,2022-07-01,173
20695,2022-08-01,658
20695,2022-09-01,342
20695,2022-10-01,292
20695,2022-11-01,303
20695,2022-12-01,878
20695,2023-01-01,350
20695,2023-02-01,196
20695,2023-03-01,519
20695,2023-04-01,122
20695,2023-05-01,166
20695,2023-06-01,747
20695,2023-07-01,320
20695,2023-08-01,246
20695,2023-09-01,273
20695,2023-10-01,851
20695,2023-11-01,315
20695,2023-12-01,271
20695,2024-01-01,355
20695,2024-02-01,315
20695,2024-03-01,294
20695,2024-04-01,590
20695,2024-05-01,465
20695,2024-06-01,844
20695,2024-07-01,278
20695,2024-08-01,1501
20695,2024-09-01,440
20695,2024-10-01,454
20695,2024-11-01,427
20695,2024-12-01,399
20695,2025-01-01,349
20695,2025-02-01,295
20695,2025-03-01,312
20695,2025-04-01,377
20695,2025-05-01,266
20695,2025-06-01,312
20695,2025-07-01,766
20695,2025-08-01,233
20695,2025-09-01,289
20695,2025-10-01,835
20695,2025-11-01,401
20695,2025-12-01,462
20695,2026-01-01,470
20695,2026-02-01,234
20695,2026-03-01,418
20695,2026-04-01,326
20695,2026-05-01,241
20695,2026-06-01,290
20696,2011-03-01,7617.848812753284
20696,2011-04-01,8038.037407689265
20696,2011-05-01,8651.820576132743
20696,2011-06-01,9127.252601824553
20696,2011-07-01,11700.14532590705
20696,2011-08-01,8725.23605791126
20696,2011-09-01,9824.613205602194
20696,2011-10-01,9754.466785707042
20696,2011-11-01,11675.833025420778
20696,2011-12-01,9181.943809374026
20696,2012-01-01,8475.290599802474
20696,2012-02-01,10111.319779844973
20696,2012-03-01,8573.395364554073
20696,2012-04-01,11525.606788302486
20696,2012-05-01,9109.781110348493
20696,2012-06-01,8448.00938330793
20696,2012-07-01,12958.392619720733
20696,2012-08-01,10857.913845815694
20696,2012-09-01,12610.440248006646
20696,2012-10-01,11815.264088142801
20696,2012-11-01,11036.688486259145
20696,2012-12-01,16735.093224155302
20696,2013-01-01,14668.398909687436
20696,2013-02-01,12878.281829572785
20696,2013-03-01,14990.316318057023
20696,2013-04-01,17525.766800220485
20696,2013-05-01,20190.823565613104
20696,2013-06-01,15424.604804596864
20696,2013-07-01,10891.981566333945
20696,2013-08-01,12419.294286269524
20696,2013-09-01,13805.06030192283
20696,2013-10-01,13038.763614325037
20696,2013-11-01,12731.739802623164
20696,2013-12-01,15037.248253955842
20696,2014-01-01,21655.613335407365
20696,2014-02-01,17360.572364761745
20696,2014-03-01,18222.284086819287
20696,2014-04-01,15322.478329958587
20696,2014-05-01,9178.200764962325
20696,2014-06-01,13677.022246468356
20696,2014-07-01,12145.917908201258
20696,2014-08-01,13316.222473915279
20696,2014-09-01,14086.530709290233
20696,2014-10-01,13575.491729510188
20696,2014-11-01,10982.75417990719
20696,2014-12-01,11622.975694396835
20696,2015-01-01,11240.812369013487
20696,2015-02-01,11179.690832290788
20696,2015-03-01,13503.234204655399
20696,2015-04-01,10776.046947104662
20696,2015-05-01,13137.29855109425
20696,2015-06-01,12734.468071168936
20696,2015-07-01,7516.453034796178
20696,2015-08-01,7503.850012133576
20696,2015-09-01,8288.58511367485
20696,2015-10-01,11985.445481384266
20696,2015-11-01,9248.390672940728
20696,2015-12-01,9216.57189567274
20696,2016-01-01,8509.449524178352
20696,2016-02-01,6827.667372951179
20696,2016-03-01,5738.295012090676
20696,2016-04-01,7325.662128715939
20696,2016-05-01,5373.209811140278
20696,2016-06-01,6639.914554634795
20696,2016-07-01,7175.645805686035
20696,2016-08-01,4977.310222611267
20696,2016-09-01,6930.218411303698
20696,2016-10-01,5494.443540568515
20696,2016-11-01,5180.7748583513485
20696,2016-12-01,5131.469098963518
20696,2017-01-01,4832.640615986369
20696,2017-02-01,5859.588606925794
20696,2017-03-01,4690.042225098629
20696,2017-04-01,7869.970141144737
20696,2017-05-01,5046.301475389209
20696,2017-06-01,4432.69241867595
20696,2017-07-01,5412.289099290448
20696,2017-08-01,3201.109033970067
20696,2017-09-01,3751.187284269335
20696,2017-10-01,3771.7550234765085
20696,2017-11-01,3971.6313881265114
20696,2017-12-01,5062.802262321989
20696,2018-01-01,3761.5457749781594
20696,2018-02-01,3450.9984992940517
20696,2018-03-01,3577.0415399512985
20696,2018-04-01,4445.373368819754
20696,2018-05-01,6296.03497760274
20696,2018-06-01,3577.006597873193
20696,2018-07-01,3989.808947136928
20696,2018-08-01,4020.767881685188
20696,2018-09-01,3299.589626587958
20696,2018-10-01,2750.0541758118343
20696,2018-11-01,4269.50412917897
20696,2018-12-01,7464.7863038715905
20696,2019-01-01,6469.010350980577
20696,2019-02-01,4884.673640917003
20696,2019-03-01,5061.8374213846
20696,2019-04-01,2199.5664141769644
20696,2019-05-01,3313.170595202447
20696,2019-06-01,3079.477681009055
20696,2019-07-01,2536.700142151986
20696,2019-08-01,3453.698573344969
20696,2019-09-01,2323.367356831152
20696,2019-10-01,2578.0506232173598
20696,2019-11-01,3591.825898054744
20696,2019-12-01,2649.4664591500255
20696,2020-01-01,1825.397419846589
20696,2020-02-01,2535.7436612126735
20696,2020-03-01,2156.8792965087337
20696,2020-04-01,5948.505827834824
20696,2020-05-01,7252.277287856587
20696,2020-06-01,5922.468345545247
20696,2020-07-01,4671.2436645444
20696,2020-08-01,5030.958742586796
20696,2020-09-01,2666.19433024079
20696,2020-10-01,2555.7319311505657
20696,2020-11-01,2622.437567404376
20696,2020-12-01,3370.177246775079
20696,2021-01-01,2247.8139330425715
20696,2021-02-01,3338.7308163298085
20696,2021-03-01,3332.209202486125
20696,2021-04-01,3347.5061386210105
20696,2021-05-01,3048.2999050325734
20696,2021-06-01,2817.3488498747297
20696,2021-07-01,3025.2460164886515
20696,2021-08-01,3411.8495350116523
20696,2021-09-01,4590.945925683916
20696,2021-10-01,2392.6894987170635
20696,2021-11-01,2439.589146425728
20696,2021-12-01,2030.692128979764
20696,2022-01-01,2566.2286474079756
20696,2022-02-01,5402.629965213526
20696,2022-03-01,4898.371750746881
20696,2022-04-01,4832.031531262662
20696,2022-05-01,7111.454992160216
20696,2022-06-01,4664.483189560769
20696,2022-07-01,4092.2714645459423
20696,2022-08-01,6300.29943094797
20696,2022-09-01,4348.8159218262235
20696,2022-10-01,5859.847000194159
20696,2022-11-01,6499.047016061233
20696,2022-12-01,5454.428010815343
20696,2023-01-01,6583.688230171624
20696,2023-02-01,4945.274129471751
20696,2023-03-01,6262.296036817872
20696,2023-04-01,3600.9770051304395
20696,2023-05-01,4249.659559702837
20696,2023-06-01,6361.665729419462
20696,2023-07-01,5764.578677634855
20696,2023-08-01,4881.366327971294
20696,2023-09-01,6099.796956502965
20696,2023-10-01,5990.104934521943
20696,2023-11-01,5018.01747090056
20696,2023-12-01,4515.725579818302
20696,2024-01-01,7242.855720040324
20696,2024-02-01,4624.948424409768
20696,2024-03-01,7808.097302269228
20696,2024-04-01,5971.820913210474
20696,2024-05-01,6116.956426984078
20696,2024-06-01,7116.251789263317
20696,2024-07-01,5118.871743524557
20696,2024-08-01,8232.60931530703
20696,2024-09-01,5937.7808398022735
20696,2024-10-01,9466.92444041409
20696,2024-11-01,5848.467210813057
20696,2024-12-01,5380.221557658736
20696,2025-01-01,6579.578010798975
20696,2025-02-01,8655.283931039728
20696,2025-03-01,4716.584007687081
20696,2025-04-01,9333.098770261431
20696,2025-05-01,5915.288796337059
20696,2025-06-01,6090.64388012989
20696,2025-07-01,10449.346826395224
20696,2025-08-01,7571.189136727414
20696,2025-09-01,9418.14745919778
20696,2025-10-01,8605.257914829772
20696,2025-11-01,8685.949464510535
20696,2025-12-01,10166.508552300695
20696,2026-01-01,8259.644098080162
20696,2026-02-01,8484.821398750866
20696,2026-03-01,9681.40380533669
20696,2026-04-01,8158.3297033246245
20696,2026-05-01,5627.406990852586
20696,2026-06-01,7168.301700681393
20697,2011-03-01,1830.141849305775
20697,2011-04-01,2000.2694333633463
20697,2011-05-01,1360.8688625375214
20697,2011-06-01,1500.3093024480434
20697,2011-07-01,1605.710835928989
20697,2011-08-01,1722.052018841635
20697,2011-09-01,1459.2801198370294
20697,2011-10-01,1457.0062636982407
20697,2011-11-01,1712.7845265759508
20697,2011-12-01,1990.8120530279143
20697,2012-01-01,1994.9455401735104
20697,2012-02-01,1652.3766736748432
20697,2012-03-01,906.0491818803641
20697,2012-04-01,1130.3208703063117
20697,2012-05-01,2342.336409789767
20697,2012-06-01,1358.925773074599
20697,2012-07-01,1219.502370436373
20697,2012-08-01,1089.2963148353797
20697,2012-09-01,1005.8776019347217
20697,2012-10-01,1569.513955015143
20697,2012-11-01,1244.3122706620836
20697,2012-12-01,1761.7693640188686
20697,2013-01-01,1382.464988396577
20697,2013-02-01,5885.309371033545
20697,2013-03-01,2805.888458443833
20697,2013-04-01,1864.1421559048244
20697,2013-05-01,2245.297989921962
20697,2013-06-01,2205.4061671471795
20697,2013-07-01,1193.4970602729752
20697,2013-08-01,2705.328834670869
20697,2013-09-01,1559.0241442405013
20697,2013-10-01,2324.9323816300853
20697,2013-11-01,1786.6287214641457
20697,2013-12-01,2189.9587085452413
20697,2014-01-01,1990.0506329172317
20697,2014-02-01,1827.6335361418048
20697,2014-03-01,2899.4583277912875
20697,2014-04-01,3970.6438256429897
20697,2014-05-01,3087.057465643316
20697,2014-06-01,2652.2737574863563
20697,2014-07-01,2227.36600516819
20697,2014-08-01,2544.3838540668107
20697,2014-09-01,3098.2207368284544
20697,2014-10-01,2584.439814715615
20697,2014-11-01,2640.4484334465515
20697,2014-12-01,1747.1830735728483
20697,2015-01-01,2461.8698930765136
20697,2015-02-01,1444.671819096809
20697,2015-03-01,2375.536287540915
20697,2015-04-01,1463.5889833062092
20697,2015-05-01,1692.3594426955588
20697,2015-06-01,1798.9064872153745
20697,2015-07-01,4621.015285123548
20697,2015-08-01,1252.41151198215
20697,2015-09-01,1936.592905323847
20697,2015-10-01,1148.0107276587803
20697,2015-11-01,1845.9706688454683
20697,2015-12-01,2446.0255897005914
20697,2016-01-01,1292.535760267365
20697,2016-02-01,2140.7887786396814
20697,2016-03-01,1660.4958483708301
20697,2016-04-01,1661.3739293130902
20697,2016-05-01,1439.2546053460883
20697,2016-06-01,1562.1010918687891
20697,2016-07-01,2146.376995267099
20697,2016-08-01,1245.875710214987
20697,2016-09-01,1502.5817842686092
20697,2016-10-01,965.5958840878998
20697,2016-11-01,926.0053413638241
20697,2016-12-01,1346.89301696661
20697,2017-01-01,1052.5938663845607
20697,2017-02-01,930.4575909272041
20697,2017-03-01,1112.4323199199157
20697,2017-04-01,905.434750908675
20697,2017-05-01,889.4250528880356
20697,2017-06-01,927.2434647395278
20697,2017-07-01,1306.0682256975938
20697,2017-08-01,1195.8528962105268
20697,2017-09-01,867.9465887760365
20697,2017-10-01,1558.6056973740865
20697,2017-11-01,847.6723488438757
20697,2017-12-01,698.6619680495561
20697,2018-01-01,866.4068905547806
20697,2018-02-01,1103.5387812484305
20697,2018-03-01,1123.1741956741917
20697,2018-04-01,1154.7820192116037
20697,2018-05-01,686.4061109071142
20697,2018-06-01,1262.4912671998138
20697,2018-07-01,1164.6200324054794
20697,2018-08-01,771.210581730253
20697,2018-09-01,763.5472599253703
20697,2018-10-01,826.7700860161839
20697,2018-11-01,1439.1223106749621
20697,2018-12-01,1780.5557511746433
20697,2019-01-01,1018.5769413828914
20697,2019-02-01,1159.7037967701763
20697,2019-03-01,995.5476099918367
20697,2019-04-01,1119.1223039414715
20697,2019-05-01,941.3351617740502
20697,2019-06-01,992.8522315048544
20697,2019-07-01,1314.8609884979917
20697,2019-08-01,1001.7033184907478
20697,2019-09-01,1201.1479098707657
20697,2019-10-01,1179.098277064788
20697,2019-11-01,1604.9218295237454
20697,2019-12-01,1564.41272893753
20697,2020-01-01,2862.3524321089026
20697,2020-02-01,1437.687437512671
20697,2020-03-01,1692.3992680372444
20697,2020-04-01,1815.427779167196
20697,2020-05-01,2994.226061504304
20697,2020-06-01,3606.6263794608444
20697,2020-07-01,22526.29004998644
20697,2020-08-01,25356.239771611614
20697,2020-09-01,19931.6795494013
20697,2020-10-01,9870.086818754973
20697,2020-11-01,14239.224637980886
20697,2020-12-01,6506.333797542628
20697,2021-01-01,2079.9514694585623
20697,2021-02-01,2235.0451073085997
20697,2021-03-01,2033.1353742088368
20697,2021-04-01,2082.6728789800054
20697,2021-05-01,2342.4426454785894
20697,2021-06-01,2175.209214529787
20697,2021-07-01,18889.51642556237
20697,2021-08-01,2541.4422069862885
20697,2021-09-01,4699.015232630813
20697,2021-10-01,2257.1305314336178
20697,2021-11-01,1759.697510984368
20697,2021-12-01,2178.854770390189
20697,2022-01-01,2283.5537772763946
20697,2022-02-01,2579.301628793099
20697,2022-03-01,3432.611770223945
20697,2022-04-01,2939.923512044488
20697,2022-05-01,1870.2527350930154
20697,2022-06-01,2250.2013888682445
20697,2022-07-01,9518.128950343631
20697,2022-08-01,9989.141556904107
20697,2022-09-01,7345.716708065365
20697,2022-10-01,5479.153550654728
20697,2022-11-01,5746.195652246785
20697,2022-12-01,4622.248161163818
20697,2023-01-01,5853.1531589624265
20697,2023-02-01,7116.1001635706825
20697,2023-03-01,6405.452391830496
20697,2023-04-01,5898.657002946324
20697,2023-05-01,8067.172481363543
20697,2023-06-01,6404.584655375721
20697,2023-07-01,7471.834641934593
20697,2023-08-01,4960.415113526839
20697,2023-09-01,4255.087569294979
20697,2023-10-01,8127.262093529442
20697,2023-11-01,6046.43342178429
20697,2023-12-01,4896.157363064267
20697,2024-01-01,4863.828915363706
20697,2024-02-01,6218.015694146562
20697,2024-03-01,7359.3254886189225
20697,2024-04-01,7592.776156552667
20697,2024-05-01,8200.418524569888
20697,2024-06-01,7122.532588910224
20697,2024-07-01,7500.641453227799
20697,2024-08-01,6903.490318057222
20697,2024-09-01,6151.218061395928
20697,2024-10-01,11672.81231997279
20697,2024-11-01,11805.488814071181
20697,2024-12-01,11459.097709195123
20697,2025-01-01,10510.49559315936
20697,2025-02-01,14160.919432221599
20697,2025-03-01,14141.071562194622
20697,2025-04-01,15401.050953811817
20697,2025-05-01,10980.441399911022
20697,2025-06-01,11088.078273193272
20697,2025-07-01,9548.541836669767
20697,2025-08-01,13373.125067835834
20697,2025-09-01,12528.883985593433
20697,2025-10-01,10893.200565406341
20697,2025-11-01,7410.461841759834
20697,2025-12-01,7671.84777081534
20697,2026-01-01,11737.109318369796
20697,2026-02-01,7912.1624399265265
20697,2026-03-01,6623.9335968719415
20697,2026-04-01,7968.178000023244
20697,2026-05-01,9095.750970679514
20697,2026-06-01,7561.51649073448
20686,2011-03-01,14971.537367455992
20686,2011-04-01,14488.052311485682
20686,2011-05-01,15687.071052903168
20686,2011-06-01,13969.834460531552
20686,2011-07-01,17665.17556997503
20686,2011-08-01,17049.269932051313
20686,2011-09-01,16789.07270490087
20686,2011-10-01,16969.962311657364
20686,2011-11-01,20828.378212421885
20686,2011-12-01,15793.895406628691
20686,2012-01-01,15541.132732598919
20686,2012-02-01,15149.345257546145
20686,2012-03-01,14332.164179343892
20686,2012-04-01,16753.802119829066
20686,2012-05-01,16228.072421826593
20686,2012-06-01,13605.611459889175
20686,2012-07-01,19444.276298705165
20686,2012-08-01,19306.09250846302
20686,2012-09-01,19561.51593820711
20686,2012-10-01,21494.803426287457
20686,2012-11-01,20155.448977118045
20686,2012-12-01,24447.787558621425
20686,2013-01-01,20585.536211487983
20686,2013-02-01,23677.76889371583
20686,2013-03-01,22133.182676192737
20686,2013-04-01,24560.112837077708
20686,2013-05-01,29575.659631714705
20686,2013-06-01,26818.505715967305
20686,2013-07-01,17928.52993813849
20686,2013-08-01,23840.142488176174
20686,2013-09-01,22369.72460723535
20686,2013-10-01,21899.94573361262
20686,2013-11-01,23498.14114254638
20686,2013-12-01,26528.09620714793
20686,2014-01-01,31437.34078255067
20686,2014-02-01,29673.634652639976
20686,2014-03-01,28612.606603300577
20686,2014-04-01,23129.415262575938
20686,2014-05-01,21297.1088257046
20686,2014-06-01,22208.371916406722
20686,2014-07-01,20249.23302869857
20686,2014-08-01,24165.840387654072
20686,2014-09-01,23875.269254368304
20686,2014-10-01,22429.690139422622
20686,2014-11-01,22268.576843109164
20686,2014-12-01,20462.170746615044
20686,2015-01-01,22743.216918219536
20686,2015-02-01,18785.01282395114
20686,2015-03-01,22076.84072794833
20686,2015-04-01,19197.959477380256
20686,2015-05-01,20189.934921838034
20686,2015-06-01,19481.57104252604
20686,2015-07-01,17960.2944489302
20686,2015-08-01,16588.660917590412
20686,2015-09-01,18365.5213305072
20686,2015-10-01,18797.692092489884
20686,2015-11-01,18021.65854482544
20686,2015-12-01,16287.718203040049
20686,2016-01-01,14777.213654396739
20686,2016-02-01,14253.688874573721
20686,2016-03-01,14149.624492035753
20686,2016-04-01,14671.471194018995
20686,2016-05-01,13787.825871234469
20686,2016-06-01,13757.258413436635
20686,2016-07-01,15643.690282494505
20686,2016-08-01,12306.119357144462
20686,2016-09-01,13767.176435874817
20686,2016-10-01,12074.626499430335
20686,2016-11-01,12523.245072592032
20686,2016-12-01,11948.922040861005
20686,2017-01-01,11713.369407605394
20686,2017-02-01,11914.604856452483
20686,2017-03-01,10915.111615090635
20686,2017-04-01,13007.671290118531
20686,2017-05-01,10874.082944799839
20686,2017-06-01,11905.238233571117
20686,2017-07-01,10834.811703518155
20686,2017-08-01,8698.848288505429
20686,2017-09-01,9424.067089777243
20686,2017-10-01,11239.418170561374
20686,2017-11-01,9310.821291484519
20686,2017-12-01,11024.806201338086
20686,2018-01-01,9283.140947660702
20686,2018-02-01,9827.212186457264
20686,2018-03-01,11045.371084005139
20686,2018-04-01,11291.402567434523
20686,2018-05-01,11257.169757968877
20686,2018-06-01,9595.21868039738
20686,2018-07-01,9839.325271680527
20686,2018-08-01,12120.86247351885
20686,2018-09-01,7668.842959338383
20686,2018-10-01,7514.850011351041
20686,2018-11-01,9384.807010701465
20686,2018-12-01,13354.669101020583
20686,2019-01-01,10746.431247351184
20686,2019-02-01,10742.266040491784
20686,2019-03-01,8772.375622183918
20686,2019-04-01,6897.818794171405
20686,2019-05-01,7748.964532224703
20686,2019-06-01,8804.192063190265
20686,2019-07-01,7746.329102016939
20686,2019-08-01,8346.379865041532
20686,2019-09-01,8329.1754288127
20686,2019-10-01,8668.286764699595
20686,2019-11-01,9704.737870635678
20686,2019-12-01,8308.681674826741
20686,2020-01-01,8567.925786971513
20686,2020-02-01,7832.30989866503
20686,2020-03-01,9119.312568999407
20686,2020-04-01,12936.600553973589
20686,2020-05-01,14347.981267655234
20686,2020-06-01,13291.152581627874
20686,2020-07-01,32621.15684104384
20686,2020-08-01,27640.697405685492
20686,2020-09-01,28438.944599153765
20686,2020-10-01,17182.205393744673
20686,2020-11-01,21866.823377080127
20686,2020-12-01,14653.40430712028
20686,2021-01-01,8471.670540500167
20686,2021-02-01,11244.351049883291
20686,2021-03-01,11492.373053158699
20686,2021-04-01,10410.807745806005
20686,2021-05-01,10185.167267097137
20686,2021-06-01,10268.186218691293
20686,2021-07-01,26929.067953889124
20686,2021-08-01,11554.279123099917
20686,2021-09-01,14865.269998678636
20686,2021-10-01,10482.633766059707
20686,2021-11-01,9710.886344207167
20686,2021-12-01,10624.253845725827
20686,2022-01-01,11452.844972206745
20686,2022-02-01,15352.938293355304
20686,2022-03-01,15687.153036647693
20686,2022-04-01,13819.626061598108
20686,2022-05-01,15589.09723061305
20686,2022-06-01,14859.639399738451
20686,2022-07-01,18840.115431235114
20686,2022-08-01,18156.891252465142
20686,2022-09-01,18983.37100012043
20686,2022-10-01,18284.29710221615
20686,2022-11-01,19049.102760952104
20686,2022-12-01,17482.697054498214
20686,2023-01-01,19225.46507422844
20686,2023-02-01,18054.86514298419
20686,2023-03-01,18029.16397471608
20686,2023-04-01,17142.886930024655
20686,2023-05-01,17332.512308086796
20686,2023-06-01,17837.03820059214
20686,2023-07-01,23208.92473236066
20686,2023-08-01,21695.726706964604
20686,2023-09-01,18641.79799037232
20686,2023-10-01,22398.44730126387
20686,2023-11-01,19228.451661524112
20686,2023-12-01,18585.5645318854
20686,2024-01-01,19952.740739407072
20686,2024-02-01,18200.126240788326
20686,2024-03-01,21872.156426087036
20686,2024-04-01,22228.585839971678
20686,2024-05-01,21005.406939353394
20686,2024-06-01,23054.6604203591
20686,2024-07-01,18082.90517340756
20686,2024-08-01,21218.292913304722
20686,2024-09-01,20526.041896708484
20686,2024-10-01,27323.7270109527
20686,2024-11-01,26108.97429115433
20686,2024-12-01,26506.595472875364
20686,2025-01-01,24318.16987578967
20686,2025-02-01,33361.486436651285
20686,2025-03-01,25073.918671285046
20686,2025-04-01,37504.32383758536
20686,2025-05-01,29192.919587678716
20686,2025-06-01,27605.427216341923
20686,2025-07-01,27876.613495776513
20686,2025-08-01,25906.774088194434
20686,2025-09-01,32608.85935199614
20686,2025-10-01,26688.688600986738
20686,2025-11-01,28802.39979700035
20686,2025-12-01,32722.04926635442
20686,2026-01-01,34151.463497219185
20686,2026-02-01,30335.176925185544
20686,2026-03-01,30466.551588254217
20686,2026-04-01,29399.243426000518
20686,2026-05-01,32521.377707201456
20686,2026-06-01,32688.732590137563
20699,2011-03-01,40.883580942133236
20699,2011-04-01,42.48711106447215
20699,2011-05-01,43.362759671918724
20699,2011-06-01,55.09399116540039
20699,2011-07-01,53.685774985973104
20699,2011-08-01,36.60104027815711
20699,2011-09-01,83.84877245077762
20699,2011-10-01,44.20547662109631
20699,2011-11-01,55.847274791583914
20699,2011-12-01,79.93163820669152
20699,2012-01-01,70.79454008956216
20699,2012-02-01,61.225848694601574
20699,2012-03-01,65.1844728838608
20699,2012-04-01,85.8020356653741
20699,2012-05-01,87.84785377946174
20699,2012-06-01,164.9500529425888
20699,2012-07-01,86.47961351513172
20699,2012-08-01,97.94781268680238
20699,2012-09-01,100.0993762252324
20699,2012-10-01,108.95839741130337
20699,2012-11-01,112.73229717646458
20699,2012-12-01,159.49287206227496
20699,2013-01-01,170.26473346466352
20699,2013-02-01,259.20400390866064
20699,2013-03-01,189.59183951408718
20699,2013-04-01,190.30563177533276
20699,2013-05-01,249.1833667597668
20699,2013-06-01,231.33012574661063
20699,2013-07-01,228.01818132473585
20699,2013-08-01,231.9360949669844
20699,2013-09-01,244.07998845382218
20699,2013-10-01,242.98316760236585
20699,2013-11-01,250.51511520168873
20699,2013-12-01,221.91003338816856
20699,2014-01-01,245.90252779651817
20699,2014-02-01,256.87881856124665
20699,2014-03-01,310.57010926590783
20699,2014-04-01,308.24570037829636
20699,2014-05-01,241.7081713597401
20699,2014-06-01,248.05879384731148
20699,2014-07-01,312.1369282622382
20699,2014-08-01,297.1744134684034
20699,2014-09-01,412.96557185371745
20699,2014-10-01,354.46416778536286
20699,2014-11-01,385.1406811748907
20699,2014-12-01,328.4399821405245
20699,2015-01-01,323.1535727207604
20699,2015-02-01,531.1727099678027
20699,2015-03-01,514.1933191879596
20699,2015-04-01,396.72050044899635
20699,2015-05-01,370.35272531471935
20699,2015-06-01,450.06077548092935
20699,2015-07-01,526.8989545804793
20699,2015-08-01,599.9562936955577
20699,2015-09-01,605.5812314979688
20699,2015-10-01,689.392265657604
20699,2015-11-01,602.279097143228
20699,2015-12-01,723.1422705577153
20699,2016-01-01,690.2119644610224
20699,2016-02-01,584.7703094359974
20699,2016-03-01,538.1902933170337
20699,2016-04-01,554.035640303688
20699,2016-05-01,533.4595749944226
20699,2016-06-01,569.2868323079848
20699,2016-07-01,600.622739412916
20699,2016-08-01,614.0038517705906
20699,2016-09-01,601.1161484073433
20699,2016-10-01,654.0542300484474
20699,2016-11-01,658.2797448380994
20699,2016-12-01,648.3342717862723
20699,2017-01-01,479.22110237272483
20699,2017-02-01,543.5637676442263
20699,2017-03-01,591.8478802309883
20699,2017-04-01,627.2953912559219
20699,2017-05-01,708.5863604133854
20699,2017-06-01,808.8390572318459
20699,2017-07-01,786.0907075319831
20699,2017-08-01,892.5865161473447
20699,2017-09-01,979.0041990145083
20699,2017-10-01,863.5517757006273
20699,2017-11-01,854.4193229986527
20699,2017-12-01,737.7635342654776
20699,2018-01-01,717.4877571855351
20699,2018-02-01,734.853690047038
20699,2018-03-01,550.8175477825341
20699,2018-04-01,576.4949015273451
20699,2018-05-01,682.2748288880564
20699,2018-06-01,736.9297433943077
20699,2018-07-01,839.3592156980473
20699,2018-08-01,808.4446410717949
20699,2018-09-01,873.4988904888113
20699,2018-10-01,1024.2126059766254
20699,2018-11-01,1140.4657137936063
20699,2018-12-01,1100.7242921136358
20699,2019-01-01,2145.63379538454
20699,2019-02-01,2271.6110963790366
20699,2019-03-01,2358.766178734345
20699,2019-04-01,2729.8042128488864
20699,2019-05-01,2845.8657312203145
20699,2019-06-01,2604.67020419783
20699,2019-07-01,1862.6028600220357
20699,2019-08-01,1479.2395084977388
20699,2019-09-01,1424.5999049824009
20699,2019-10-01,1705.3772441835367
20699,2019-11-01,1912.5396492872935
20699,2019-12-01,2437.751897568153
20699,2020-01-01,2281.8348033578845
20699,2020-02-01,2354.6790958851852
20699,2020-03-01,2474.7933247956043
20699,2020-04-01,2364.28549432804
20699,2020-05-01,2202.549506931868
20699,2020-06-01,2122.9547086236385
20699,2020-07-01,1861.3766440703062
20699,2020-08-01,2164.966633257652
20699,2020-09-01,2630.05611420719
20699,2020-10-01,3200.752563553068
20699,2020-11-01,4010.0823755428364
20699,2020-12-01,3997.6514370395876
20699,2021-01-01,4343.69536148679
20699,2021-02-01,4700.03832893649
20699,2021-03-01,5646.506077987056
20699,2021-04-01,6430.463116634108
20699,2021-05-01,5821.435279679461
20699,2021-06-01,5824.541512758277
20699,2021-07-01,8108.500117449777
20699,2021-08-01,6435.677765913687
20699,2021-09-01,6850.923665415419
20699,2021-10-01,6143.493707704343
20699,2021-11-01,6386.194462260598
20699,2021-12-01,6052.808251995821
20699,2022-01-01,5351.505440390907
20699,2022-02-01,5448.17711231143
20699,2022-03-01,4708.382102548364
20699,2022-04-01,7061.793017401393
20699,2022-05-01,8049.758725663576
20699,2022-06-01,7830.758675994088
20699,2022-07-01,21689.621381195597
20699,2022-08-01,14197.865011685282
20699,2022-09-01,7107.907432978298
20699,2022-10-01,7200.132363460687
20699,2022-11-01,6018.3009524900945
20699,2022-12-01,5346.652110699571
20699,2023-01-01,6592.092113852606
20699,2023-02-01,7060.338144801749
20699,2023-03-01,7047.651386362608
20699,2023-04-01,6268.408627366377
20699,2023-05-01,6666.242946715423
20699,2023-06-01,6900.3852767286435
20699,2023-07-01,12702.661583496007
20699,2023-08-01,12153.630370385457
20699,2023-09-01,13694.749549469436
20699,2023-10-01,12135.985908815397
20699,2023-11-01,11747.389399395897
20699,2023-12-01,12053.234216225388
20699,2024-01-01,11185.394831741343
20699,2024-02-01,11231.834770859881
20699,2024-03-01,9382.30936271579
20699,2024-04-01,8271.368030954633
20699,2024-05-01,7408.576322695647
20699,2024-06-01,7486.230074192013
20699,2024-07-01,7252.426660812145
20699,2024-08-01,8478.704113278753
20699,2024-09-01,10955.55770854452
20699,2024-10-01,9191.666570619056
20699,2024-11-01,8417.899716231363
20699,2024-12-01,8571.445591067688
20699,2025-01-01,8287.161836742396
20699,2025-02-01,8520.032159648508
20699,2025-03-01,8581.1043412392
20699,2025-04-01,8145.4552797746455
20699,2025-05-01,8015.693564478963
20699,2025-06-01,7369.131003144844
20699,2025-07-01,6321.6235765126985
20699,2025-08-01,5675.3297758958
20699,2025-09-01,6214.507602103874
20699,2025-10-01,6628.949896148797
20699,2025-11-01,7131.746846238537
20699,2025-12-01,7959.567489372343
20699,2026-01-01,6483.979080973074
20699,2026-02-01,5520.285323868081
20699,2026-03-01,5214.805614991016
20699,2026-04-01,5680.200386848294
20699,2026-05-01,6055.830741778425
20699,2026-06-01,6137.778992660878
20700,2011-03-01,3285.282746503841
20700,2011-04-01,3577.137478536743
20700,2011-05-01,3580.264872759487
20700,2011-06-01,3239.8686754487144
20700,2011-07-01,4292.383259038149
20700,2011-08-01,4444.456855123786
20700,2011-09-01,4601.720394388265
20700,2011-10-01,4466.82069731058
20700,2011-11-01,4297.787808757362
20700,2011-12-01,3370.9478716634303
20700,2012-01-01,4247.927406915124
20700,2012-02-01,4195.641836011566
20700,2012-03-01,4004.582018172453
20700,2012-04-01,4306.454645990437
20700,2012-05-01,4551.38196147646
20700,2012-06-01,3927.559749926662
20700,2012-07-01,3941.3143843167
20700,2012-08-01,5179.201955152938
20700,2012-09-01,5366.631592350985
20700,2012-10-01,5795.638786971895
20700,2012-11-01,5970.590694375355
20700,2012-12-01,6187.274735231296
20700,2013-01-01,4113.14091143952
20700,2013-02-01,4843.722990883916
20700,2013-03-01,5874.300667760317
20700,2013-04-01,5633.727171750443
20700,2013-05-01,5952.70963266499
20700,2013-06-01,7070.604512563385
20700,2013-07-01,6232.340673394257
20700,2013-08-01,6146.776886072433
20700,2013-09-01,6231.958440232808
20700,2013-10-01,6257.754145075433
20700,2013-11-01,6570.281234826368
20700,2013-12-01,6626.322118604716
20700,2014-01-01,6551.32281951479
20700,2014-02-01,7060.680839232171
20700,2014-03-01,7205.750475908535
20700,2014-04-01,7709.87111864662
20700,2014-05-01,7792.732395453399
20700,2014-06-01,7356.830167015353
20700,2014-07-01,7079.376352059164
20700,2014-08-01,7162.289638474756
20700,2014-09-01,7330.985140873162
20700,2014-10-01,6943.880816175153
20700,2014-11-01,6624.03785358477
20700,2014-12-01,6715.783427939088
20700,2015-01-01,6501.233253820929
20700,2015-02-01,5725.849522914382
20700,2015-03-01,5319.657816073762
20700,2015-04-01,5102.951546266165
20700,2015-05-01,5344.106850164084
20700,2015-06-01,5826.427884962938
20700,2015-07-01,8407.544505595612
20700,2015-08-01,7864.767312968737
20700,2015-09-01,6664.181963861137
20700,2015-10-01,5851.704906688899
20700,2015-11-01,6507.775416648325
20700,2015-12-01,6369.01817015684
20700,2016-01-01,5728.858538934826
20700,2016-02-01,6508.307495898438
20700,2016-03-01,6648.244564194504
20700,2016-04-01,6698.402868000344
20700,2016-05-01,6414.7689672693905
20700,2016-06-01,6852.856996547527
20700,2016-07-01,6257.090676737691
20700,2016-08-01,5782.5519989153245
20700,2016-09-01,5880.9325516140425
20700,2016-10-01,5542.436573993898
20700,2016-11-01,6395.857958631846
20700,2016-12-01,6709.4609957155435
20700,2017-01-01,7331.32442701534
20700,2017-02-01,7218.649097148448
20700,2017-03-01,7878.071262160785
20700,2017-04-01,7336.064141060484
20700,2017-05-01,7049.925725229157
20700,2017-06-01,6998.471285688541
20700,2017-07-01,6060.767242941837
20700,2017-08-01,6860.521027320195
20700,2017-09-01,7050.481060745436
20700,2017-10-01,7316.040602326531
20700,2017-11-01,7109.784723803555
20700,2017-12-01,6975.302457183208
20700,2018-01-01,7134.742597940566
20700,2018-02-01,7484.254283912927
20700,2018-03-01,8101.447153158114
20700,2018-04-01,8266.466426283969
20700,2018-05-01,8212.376105412384
20700,2018-06-01,7789.251149181169
20700,2018-07-01,7822.041100255223
20700,2018-08-01,7818.020186752535
20700,2018-09-01,7844.345377962041
20700,2018-10-01,7762.694225469557
20700,2018-11-01,7538.667284520578
20700,2018-12-01,7439.794123752052
20700,2019-01-01,4152.760284400613
20700,2019-02-01,4954.339677190394
20700,2019-03-01,5261.658390987626
20700,2019-04-01,5487.448612344182
20700,2019-05-01,6000.109846763595
20700,2019-06-01,7154.905944096566
20700,2019-07-01,6822.52933864403
20700,2019-08-01,7553.537443485127
20700,2019-09-01,7823.646046708466
20700,2019-10-01,7196.420391525913
20700,2019-11-01,7173.4500734372095
20700,2019-12-01,7270.620702821224
20700,2020-01-01,7152.370546293497
20700,2020-02-01,7481.295051715693
20700,2020-03-01,7839.458751820753
20700,2020-04-01,9223.20411574707
20700,2020-05-01,9193.986706164638
20700,2020-06-01,8277.263094967015
20700,2020-07-01,8941.178296940294
20700,2020-08-01,8612.047345765239
20700,2020-09-01,7842.778498964315
20700,2020-10-01,7585.1059699939015
20700,2020-11-01,7559.247948249752
20700,2020-12-01,7707.741340862344
20700,2021-01-01,7769.813931328749
20700,2021-02-01,7322.515863526239
20700,2021-03-01,8064.679577817591
20700,2021-04-01,8811.616589973666
20700,2021-05-01,9656.739218920055
20700,2021-06-01,11223.738114890863
20700,2021-07-01,8955.453473775695
20700,2021-08-01,8823.842646737698
20700,2021-09-01,9059.988761661096
20700,2021-10-01,10726.800740697434
20700,2021-11-01,11161.566723339303
20700,2021-12-01,10704.83827087233
20700,2022-01-01,12146.413971978083
20700,2022-02-01,6733.925887598634
20700,2022-03-01,6935.803193031611
20700,2022-04-01,6510.39704299561
20700,2022-05-01,6590.443575960486
20700,2022-06-01,15708.124958204113
20700,2022-07-01,7984.882877897002
20700,2022-08-01,12149.892678525206
20700,2022-09-01,14780.012950538983
20700,2022-10-01,14120.997563814884
20700,2022-11-01,14264.95047149464
20700,2022-12-01,15531.644768473696
20700,2023-01-01,15447.678618688307
20700,2023-02-01,10559.805950392794
20700,2023-03-01,11107.602422353637
20700,2023-04-01,9578.090849383867
20700,2023-05-01,11560.763401577704
20700,2023-06-01,11869.812337463916
20700,2023-07-01,12997.885302877188
20700,2023-08-01,14250.999085736721
20700,2023-09-01,11686.144475290967
20700,2023-10-01,11987.405203994274
20700,2023-11-01,11368.584530925807
20700,2023-12-01,10125.178597179964
20700,2024-01-01,10057.461986286768
20700,2024-02-01,10987.752070993398
20700,2024-03-01,11244.47830265154
20700,2024-04-01,11290.64045986634
20700,2024-05-01,11531.167713789566
20700,2024-06-01,10086.65927430405
20700,2024-07-01,11246.33370967772
20700,2024-08-01,11765.193274899622
20700,2024-09-01,11622.612428941744
20700,2024-10-01,10993.247365000356
20700,2024-11-01,11172.22078390684
20700,2024-12-01,12001.026924716114
20700,2025-01-01,11325.16554606836
20700,2025-02-01,11293.62447105956
20700,2025-03-01,10134.836627897104
20700,2025-04-01,11621.451866823643
20700,2025-05-01,11174.123911768782
20700,2025-06-01,16632.412430325334
20700,2025-07-01,11251.3598103689
20700,2025-08-01,11523.51132288349
20700,2025-09-01,11760.976646029134
20700,2025-10-01,11725.612856885171
20700,2025-11-01,12096.810327001944
20700,2025-12-01,11997.59755420602
20700,2026-01-01,12991.701157961688
20700,2026-02-01,13110.09188140649
20700,2026-03-01,13232.069958455631
20700,2026-04-01,12823.58485264103
20700,2026-05-01,13267.149760356719
20700,2026-06-01,13011.959677462633
20701,2011-03-01,3399.0167511829213
20701,2011-04-01,3428.8023652867087
20701,2011-05-01,3382.5771699668994
20701,2011-06-01,3335.316136546311
20701,2011-07-01,4452.248868392633
20701,2011-08-01,4634.844319717353
20701,2011-09-01,4671.306173116132
20701,2011-10-01,4515.701935465376
20701,2011-11-01,4362.144542726969
20701,2011-12-01,3391.6362517868797
20701,2012-01-01,4335.566634626569
20701,2012-02-01,4254.609882756166
20701,2012-03-01,4034.263806816296
20701,2012-04-01,4147.544553521479
20701,2012-05-01,4499.418021549526
20701,2012-06-01,4113.67643906765
20701,2012-07-01,4015.013926480306
20701,2012-08-01,5423.244571436667
20701,2012-09-01,5713.136194959929
20701,2012-10-01,5977.396631298703
20701,2012-11-01,6074.645386358356
20701,2012-12-01,6274.1059984029
20701,2013-01-01,4446.182940584244
20701,2013-02-01,5050.83964496386
20701,2013-03-01,6075.757188945724
20701,2013-04-01,5618.664121587308
20701,2013-05-01,6015.998139557469
20701,2013-06-01,7451.085750000946
20701,2013-07-01,6398.390171075738
20701,2013-08-01,6451.555426522921
20701,2013-09-01,6353.37394360759
20701,2013-10-01,6546.775504537225
20701,2013-11-01,6803.804261632551
20701,2013-12-01,6695.216857865623
20701,2014-01-01,6882.644588574605
20701,2014-02-01,7224.965218301161
20701,2014-03-01,7723.350486948983
20701,2014-04-01,7909.75862098039
20701,2014-05-01,8000.358507161601
20701,2014-06-01,7587.4604114627555
20701,2014-07-01,7343.60189723846
20701,2014-08-01,7464.294638625337
20701,2014-09-01,7605.895185747781
20701,2014-10-01,7402.550165895382
20701,2014-11-01,6987.503482138185
20701,2014-12-01,7016.082155408746
20701,2015-01-01,7027.874641634376
20701,2015-02-01,6245.868356300388
20701,2015-03-01,5726.9070539076265
20701,2015-04-01,5518.802683947385
20701,2015-05-01,5815.051536105352
20701,2015-06-01,6247.6224364945865
20701,2015-07-01,8753.611928750985
20701,2015-08-01,8321.594761353539
20701,2015-09-01,7395.772727020505
20701,2015-10-01,6953.950119601835
20701,2015-11-01,7110.304978058202
20701,2015-12-01,7171.738160177451
20701,2016-01-01,6690.33009953321
20701,2016-02-01,7006.559720460307
20701,2016-03-01,7097.082389446605
20701,2016-04-01,7200.396884765187
20701,2016-05-01,6845.665824446509
20701,2016-06-01,7535.636416458762
20701,2016-07-01,6799.157011974014
20701,2016-08-01,6257.468271378561
20701,2016-09-01,6323.025446543087
20701,2016-10-01,6461.756179026844
20701,2016-11-01,7079.50005929627
20701,2016-12-01,7355.704453303879
20701,2017-01-01,7868.880202425667
20701,2017-02-01,7794.581827289198
20701,2017-03-01,8284.474044168854
20701,2017-04-01,7836.5598129358405
20701,2017-05-01,7623.17085672468
20701,2017-06-01,7701.4601367552195
20701,2017-07-01,6861.06755290954
20701,2017-08-01,7814.486754306255
20701,2017-09-01,8062.850361629142
20701,2017-10-01,8444.536838004538
20701,2017-11-01,8054.806779958307
20701,2017-12-01,7940.818074831061
20701,2018-01-01,8025.130941510705
20701,2018-02-01,8163.023213821636
20701,2018-03-01,8150.209964992703
20701,2018-04-01,8219.020245469326
20701,2018-05-01,8412.832461558526
20701,2018-06-01,8260.895121854874
20701,2018-07-01,8802.506606526193
20701,2018-08-01,8875.88524107361
20701,2018-09-01,9232.108953992145
20701,2018-10-01,9179.243794088014
20701,2018-11-01,8831.881750744955
20701,2018-12-01,8680.501180930052
20701,2019-01-01,6471.3827028826045
20701,2019-02-01,7330.6837547696305
20701,2019-03-01,7965.792619243345
20701,2019-04-01,8462.591118052747
20701,2019-05-01,9209.496452646757
20701,2019-06-01,9557.233432686755
20701,2019-07-01,8865.121589288245
20701,2019-08-01,9327.218150551616
20701,2019-09-01,9372.983861944276
20701,2019-10-01,9130.96948386391
20701,2019-11-01,9176.229789684172
20701,2019-12-01,9564.77187976072
20701,2020-01-01,9292.521313634197
20701,2020-02-01,9895.169815189865
20701,2020-03-01,10533.028073690222
20701,2020-04-01,11098.396153251171
20701,2020-05-01,11164.57857132065
20701,2020-06-01,9544.992747312213
20701,2020-07-01,11469.315549079314
20701,2020-08-01,10959.01441871381
20701,2020-09-01,11010.5778849089
20701,2020-10-01,11012.332837926091
20701,2020-11-01,11367.26969878892
20701,2020-12-01,11808.91224060276
20701,2021-01-01,12107.789351660384
20701,2021-02-01,12534.481287013446
20701,2021-03-01,15431.016899280297
20701,2021-04-01,16759.790396416112
20701,2021-05-01,16188.99658094708
20701,2021-06-01,16155.847196135564
20701,2021-07-01,16366.084945338132
20701,2021-08-01,13969.008134947142
20701,2021-09-01,15652.578765991084
20701,2021-10-01,16809.654714135242
20701,2021-11-01,17299.001854618265
20701,2021-12-01,16017.033112268868
20701,2022-01-01,16633.346414665295
20701,2022-02-01,13126.191837698461
20701,2022-03-01,13505.576874839153
20701,2022-04-01,15080.116109134526
20701,2022-05-01,16370.636901607375
20701,2022-06-01,22238.53306957792
20701,2022-07-01,24637.417007578973
20701,2022-08-01,22915.002496059355
20701,2022-09-01,22365.843387765308
20701,2022-10-01,21709.386153042837
20701,2022-11-01,20501.17653936289
20701,2022-12-01,20523.789571744004
20701,2023-01-01,20660.510696344467
20701,2023-02-01,18455.161376964475
20701,2023-03-01,19095.475782846905
20701,2023-04-01,17207.276092092914
20701,2023-05-01,17920.301633077273
20701,2023-06-01,17882.668305908566
20701,2023-07-01,25412.2254448663
20701,2023-08-01,24695.30997018092
20701,2023-09-01,24088.528691193966
20701,2023-10-01,23205.0340147898
20701,2023-11-01,22570.276683477405
20701,2023-12-01,21286.357360238886
20701,2024-01-01,21256.378526956727
20701,2024-02-01,24288.30479729452
20701,2024-03-01,21967.39057848457
20701,2024-04-01,20602.161933975214
20701,2024-05-01,18226.449751324777
20701,2024-06-01,17614.726759477584
20701,2024-07-01,19298.25054934561
20701,2024-08-01,19839.683577797947
20701,2024-09-01,21895.550696020604
20701,2024-10-01,19749.792245487086
20701,2024-11-01,19312.35945427416
20701,2024-12-01,19737.893203021617
20701,2025-01-01,19151.35459130667
20701,2025-02-01,20436.112820807382
20701,2025-03-01,20232.982811722322
20701,2025-04-01,19901.647339282776
20701,2025-05-01,18893.12133167
20701,2025-06-01,22819.792047530354
20701,2025-07-01,18769.85699767416
20701,2025-08-01,18169.425966747036
20701,2025-09-01,18540.90908713157
20701,2025-10-01,18213.55005700976
20701,2025-11-01,18783.984413800044
20701,2025-12-01,18733.157673989655
20701,2026-01-01,18750.27006766759
20701,2026-02-01,18009.823711890505
20701,2026-03-01,17347.369694149194
20701,2026-04-01,17875.79812709511
20701,2026-05-01,18315.725946540922
20701,2026-06-01,18261.04015999753
20702,2011-03-01,831.0898843161449
20702,2011-04-01,842.6643380564383
20702,2011-05-01,853.856019435187
20702,2011-06-01,780.0117313119913
20702,2011-07-01,838.0210898172422
20702,2011-08-01,805.838157117293
20702,2011-09-01,844.2057904801733
20702,2011-10-01,772.4673176473854
20702,2011-11-01,863.2442029983348
20702,2011-12-01,760.3153396273954
20702,2012-01-01,855.2875400729355
20702,2012-02-01,811.5567854353852
20702,2012-03-01,804.872886208069
20702,2012-04-01,758.5311393595997
20702,2012-05-01,730.2765117381376
20702,2012-06-01,872.9375954830289
20702,2012-07-01,955.3387857699589
20702,2012-08-01,1049.413104245754
20702,2012-09-01,1041.9376721963351
20702,2012-10-01,1262.1132389908616
20702,2012-11-01,1213.1498034852846
20702,2012-12-01,1142.4351888840386
20702,2013-01-01,1391.7543027714303
20702,2013-02-01,1391.6680735080715
20702,2013-03-01,1523.0901351581829
20702,2013-04-01,1717.955146326902
20702,2013-05-01,1690.1975317144786
20702,2013-06-01,1658.408199400123
20702,2013-07-01,1624.799626439558
20702,2013-08-01,1641.060270465971
20702,2013-09-01,1538.9009893793007
20702,2013-10-01,1388.9946062189338
20702,2013-11-01,1353.1284441210182
20702,2013-12-01,1215.9951321504745
20702,2014-01-01,1122.1441741928215
20702,2014-02-01,1130.3768113177273
20702,2014-03-01,954.9289247082864
20702,2014-04-01,1048.2473256507772
20702,2014-05-01,1416.1438980314072
20702,2014-06-01,1300.7592438908432
20702,2014-07-01,1241.755535484685
20702,2014-08-01,1246.3431162863037
20702,2014-09-01,1361.2451524265516
20702,2014-10-01,1338.1877626777396
20702,2014-11-01,1389.8680913069622
20702,2014-12-01,1614.1807061669556
20702,2015-01-01,1956.0542946374064
20702,2015-02-01,1371.8276561553896
20702,2015-03-01,1551.522688576751
20702,2015-04-01,1693.733762259722
20702,2015-05-01,1342.0174200075794
20702,2015-06-01,1194.2864323015715
20702,2015-07-01,1133.4245588840042
20702,2015-08-01,1048.2980794667187
20702,2015-09-01,1036.5222543013517
20702,2015-10-01,1017.2986582887303
20702,2015-11-01,965.476625802271
20702,2015-12-01,967.4844061563632
20702,2016-01-01,889.2028104321496
20702,2016-02-01,899.4070852868214
20702,2016-03-01,865.8271614805773
20702,2016-04-01,833.0937807113582
20702,2016-05-01,810.2310042712244
20702,2016-06-01,768.7914863925452
20702,2016-07-01,803.1933159968696
20702,2016-08-01,723.2426226917547
20702,2016-09-01,691.9511990871472
20702,2016-10-01,743.2310445620534
20702,2016-11-01,831.3350954209676
20702,2016-12-01,725.359926090852
20702,2017-01-01,639.359442110443
20702,2017-02-01,570.1565670090756
20702,2017-03-01,626.2829657207363
20702,2017-04-01,556.3626179144214
20702,2017-05-01,553.1760684840183
20702,2017-06-01,547.1029100774217
20702,2017-07-01,494.0688409268963
20702,2017-08-01,517.562320098542
20702,2017-09-01,471.75496499611154
20702,2017-10-01,499.1505503608657
20702,2017-11-01,509.2348046327102
20702,2017-12-01,537.1421392758857
20702,2018-01-01,598.810068778192
20702,2018-02-01,673.6902129418578
20702,2018-03-01,677.538804511514
20702,2018-04-01,794.7042938256542
20702,2018-05-01,753.764598455779
20702,2018-06-01,795.1986993649153
20702,2018-07-01,798.7773642662162
20702,2018-08-01,762.0924124274266
20702,2018-09-01,792.941601745784
20702,2018-10-01,801.367130869366
20702,2018-11-01,616.0856639625796
20702,2018-12-01,572.9893400076207
20702,2019-01-01,561.3873451908611
20702,2019-02-01,545.9530629917954
20702,2019-03-01,510.5923016772684
20702,2019-04-01,510.99875661571605
20702,2019-05-01,559.3435489485644
20702,2019-06-01,534.4476564113517
20702,2019-07-01,527.1248169724895
20702,2019-08-01,563.7400709608988
20702,2019-09-01,569.2743164697091
20702,2019-10-01,656.3834280495685
20702,2019-11-01,654.4412999339278
20702,2019-12-01,682.8263392024119
20702,2020-01-01,696.9403302072038
20702,2020-02-01,745.4205132443714
20702,2020-03-01,571.2007296205525
20702,2020-04-01,623.6531446706298
20702,2020-05-01,576.7266602522059
20702,2020-06-01,646.8392153398291
20702,2020-07-01,759.5132617910876
20702,2020-08-01,1039.2086872553157
20702,2020-09-01,1079.1242402135451
20702,2020-10-01,1098.457238181553
20702,2020-11-01,1271.952228941404
20702,2020-12-01,1677.1632234921797
20702,2021-01-01,1520.0042563745283
20702,2021-02-01,1699.0567475694154
20702,2021-03-01,1732.4715180330043
20702,2021-04-01,1965.377125707377
20702,2021-05-01,1961.9665156330743
20702,2021-06-01,2042.8800083483652
20702,2021-07-01,1986.6194535135305
20702,2021-08-01,2382.9107614694403
20702,2021-09-01,2083.8056034692354
20702,2021-10-01,2190.5337884008472
20702,2021-11-01,2158.22110405231
20702,2021-12-01,1799.9392675422116
20702,2022-01-01,1953.7376321967367
20702,2022-02-01,1816.9679893613716
20702,2022-03-01,2189.691679081447
20702,2022-04-01,1974.8942049604616
20702,2022-05-01,2089.227936271463
20702,2022-06-01,2214.7817618636413
20702,2022-07-01,2474.349291032784
20702,2022-08-01,2050.8708423403014
20702,2022-09-01,2305.109216027101
20702,2022-10-01,2074.583815335794
20702,2022-11-01,2305.3206231509685
20702,2022-12-01,2119.4137570267385
20702,2023-01-01,2313.8839807325494
20702,2023-02-01,2105.9056943403107
20702,2023-03-01,2333.57945649917
20702,2023-04-01,2293.5145444915775
20702,2023-05-01,2140.263496341936
20702,2023-06-01,2139.8924760439772
20702,2023-07-01,2167.5439100330223
20702,2023-08-01,1926.9833653264363
20702,2023-09-01,1943.4730156717008
20702,2023-10-01,2127.7657884771093
20702,2023-11-01,2100.838002556217
20702,2023-12-01,2669.9188002997566
20702,2024-01-01,2244.582048332841
20702,2024-02-01,2536.493776490577
20702,2024-03-01,2291.6204259977985
20702,2024-04-01,2394.527709818971
20702,2024-05-01,2856.7896838437514
20702,2024-06-01,2887.3980299971545
20702,2024-07-01,2822.5497969099733
20702,2024-08-01,2770.3658147108204
20702,2024-09-01,2683.2176422529283
20702,2024-10-01,2764.2666773246506
20702,2024-11-01,2812.669915099096
20702,2024-12-01,3124.600673822133
20702,2025-01-01,3211.3043987566625
20702,2025-02-01,3796.896940868702
20702,2025-03-01,4286.009997114464
20702,2025-04-01,4434.3270851073585
20702,2025-05-01,4246.736877509607
20702,2025-06-01,4068.7167474450243
20702,2025-07-01,3913.49112411567
20702,2025-08-01,4499.074048140201
20702,2025-09-01,4649.919805944528
20702,2025-10-01,4594.082934486159
20702,2025-11-01,4571.269849095279
20702,2025-12-01,4241.499218177209
20702,2026-01-01,4152.189019767095
20702,2026-02-01,3913.977209751088
20702,2026-03-01,3673.8965923256756
20702,2026-04-01,3455.377888276542
20702,2026-05-01,3389.6309822999738
20702,2026-06-01,3368.065600370641
20703,2011-03-01,5117.065370204447
20703,2011-04-01,5523.626859811762
20703,2011-05-01,5384.711621757453
20703,2011-06-01,5646.507234669941
20703,2011-07-01,6150.480590441956
20703,2011-08-01,6256.1125371586795
20703,2011-09-01,6583.267080151557
20703,2011-10-01,5758.29553642654
20703,2011-11-01,6382.667529337524
20703,2011-12-01,6213.255407355856
20703,2012-01-01,6611.254773015154
20703,2012-02-01,6387.170953241653
20703,2012-03-01,6853.638636021148
20703,2012-04-01,6219.720439981899
20703,2012-05-01,6352.689622079086
20703,2012-06-01,6837.091102802541
20703,2012-07-01,6958.93768271984
20703,2012-08-01,7490.575124502532
20703,2012-09-01,7090.21198620845
20703,2012-10-01,7870.302387686063
20703,2012-11-01,7683.056189514709
20703,2012-12-01,8135.192504077462
20703,2013-01-01,8509.13427638722
20703,2013-02-01,8145.756206769474
20703,2013-03-01,8816.565856399422
20703,2013-04-01,8843.403128768994
20703,2013-05-01,9209.269522674756
20703,2013-06-01,9340.773656162644
20703,2013-07-01,9001.578708709903
20703,2013-08-01,8745.229043730302
20703,2013-09-01,8761.933892826648
20703,2013-10-01,9133.645414405457
20703,2013-11-01,9450.394830367537
20703,2013-12-01,9799.982757752612
20703,2014-01-01,9754.47662608932
20703,2014-02-01,10305.717716111674
20703,2014-03-01,9241.507408798003
20703,2014-04-01,9626.389620653721
20703,2014-05-01,10113.780972667517
20703,2014-06-01,9458.838735890444
20703,2014-07-01,9508.46243025399
20703,2014-08-01,9608.76626263416
20703,2014-09-01,10385.565089396234
20703,2014-10-01,10913.83755998401
20703,2014-11-01,9956.4471318696
20703,2014-12-01,9575.84327584578
20703,2015-01-01,11877.034569114205
20703,2015-02-01,8854.85061672768
20703,2015-03-01,9888.038756931046
20703,2015-04-01,10588.175898802101
20703,2015-05-01,6885.787059750173
20703,2015-06-01,6860.668824208357
20703,2015-07-01,6877.077104578206
20703,2015-08-01,6864.75346171109
20703,2015-09-01,6858.22697351724
20703,2015-10-01,6405.002372720452
20703,2015-11-01,6337.63072546286
20703,2015-12-01,6549.743573844913
20703,2016-01-01,5659.620279995761
20703,2016-02-01,5914.0416114204545
20703,2016-03-01,6259.653387815159
20703,2016-04-01,6186.958474836724
20703,2016-05-01,5915.04060719065
20703,2016-06-01,5789.2186281736895
20703,2016-07-01,5880.198786249029
20703,2016-08-01,5934.048672064159
20703,2016-09-01,5238.051800464529
20703,2016-10-01,5834.24759766145
20703,2016-11-01,6315.878569048126
20703,2016-12-01,8381.310833165877
20703,2017-01-01,6090.50546695772
20703,2017-02-01,6390.335318075091
20703,2017-03-01,6156.258942655818
20703,2017-04-01,6459.774036270509
20703,2017-05-01,6547.380568792981
20703,2017-06-01,6917.839390211346
20703,2017-07-01,6976.419433002622
20703,2017-08-01,6553.327275776666
20703,2017-09-01,5815.30080578353
20703,2017-10-01,5836.470202690505
20703,2017-11-01,5812.781208973595
20703,2017-12-01,5680.113267843261
20703,2018-01-01,6263.072934870885
20703,2018-02-01,6016.557696256477
20703,2018-03-01,6117.757743604404
20703,2018-04-01,6312.667708955899
20703,2018-05-01,6502.608341909974
20703,2018-06-01,6282.884103418772
20703,2018-07-01,6532.410291797949
20703,2018-08-01,6336.38359488785
20703,2018-09-01,7063.993332813244
20703,2018-10-01,6957.2400645712605
20703,2018-11-01,6824.262398401304
20703,2018-12-01,7305.48598466645
20703,2019-01-01,5895.295532943665
20703,2019-02-01,7867.662879748047
20703,2019-03-01,7695.083531580534
20703,2019-04-01,7341.408900634032
20703,2019-05-01,7227.410580120257
20703,2019-06-01,8033.240752324457
20703,2019-07-01,7409.723948800793
20703,2019-08-01,6050.377889271834
20703,2019-09-01,7794.655543838959
20703,2019-10-01,8724.15696194408
20703,2019-11-01,8688.032864246981
20703,2019-12-01,8937.988513253198
20703,2020-01-01,8283.208158867557
20703,2020-02-01,8553.257798268476
20703,2020-03-01,8285.903425545785
20703,2020-04-01,8018.943651649221
20703,2020-05-01,7781.440616064217
20703,2020-06-01,8937.6920520667245
20703,2020-07-01,10025.860227082227
20703,2020-08-01,10921.655915968739
20703,2020-09-01,10756.029969343641
20703,2020-10-01,11491.707059616252
20703,2020-11-01,11797.303046573461
20703,2020-12-01,12096.161014995621
20703,2021-01-01,11831.159711561138
20703,2021-02-01,12692.362024927925
20703,2021-03-01,12848.95560328542
20703,2021-04-01,14689.16160031781
20703,2021-05-01,14492.40686188806
20703,2021-06-01,13395.456264040997
20703,2021-07-01,13677.135125963487
20703,2021-08-01,14955.426837194871
20703,2021-09-01,13978.629345672764
20703,2021-10-01,13533.990979112576
20703,2021-11-01,13858.58661115796
20703,2021-12-01,13002.794440321039
20703,2022-01-01,13406.127863555437
20703,2022-02-01,12245.311076894808
20703,2022-03-01,13759.070832831887
20703,2022-04-01,12215.761839548848
20703,2022-05-01,12597.296360796432
20703,2022-06-01,13219.809439787916
20703,2022-07-01,14650.151964404293
20703,2022-08-01,12151.437137004603
20703,2022-09-01,13221.1161506897
20703,2022-10-01,13197.009927982645
20703,2022-11-01,13018.127265202404
20703,2022-12-01,12204.927162900574
20703,2023-01-01,13184.812405993798
20703,2023-02-01,12771.973329804574
20703,2023-03-01,13469.642432247996
20703,2023-04-01,13832.342759966912
20703,2023-05-01,12169.846685382665
20703,2023-06-01,12375.323417454885
20703,2023-07-01,12735.440813921898
20703,2023-08-01,12047.963183467056
20703,2023-09-01,13909.336003404134
20703,2023-10-01,13440.579065675136
20703,2023-11-01,13689.966300820506
20703,2023-12-01,14985.7434556247
20703,2024-01-01,15042.900620288401
20703,2024-02-01,15875.98264719475
20703,2024-03-01,15430.143206842537
20703,2024-04-01,15693.053836131945
20703,2024-05-01,17717.65139061446
20703,2024-06-01,17008.365682390766
20703,2024-07-01,17116.1969643307
20703,2024-08-01,17537.583122806427
20703,2024-09-01,16784.224566997127
20703,2024-10-01,14986.009718460215
20703,2024-11-01,15625.593908557108
20703,2024-12-01,15399.6530217407
20703,2025-01-01,16981.705106916474
20703,2025-02-01,15359.835855170119
20703,2025-03-01,14138.757349553009
20703,2025-04-01,14867.464661122549
20703,2025-05-01,13847.173377981751
20703,2025-06-01,14023.19950351222
20703,2025-07-01,13378.100708037631
20703,2025-08-01,14020.308533130641
20703,2025-09-01,13748.92623622872
20703,2025-10-01,15319.358384259094
20703,2025-11-01,15670.447399782697
20703,2025-12-01,16867.606512546816
20703,2026-01-01,16799.308509203976
20703,2026-02-01,17922.090383088645
20703,2026-03-01,19990.329685992117
20703,2026-04-01,19225.459575156594
20703,2026-05-01,20314.346239103896
20703,2026-06-01,21002.06104302474
20704,2011-03-01,5928.035614096572
20704,2011-04-01,6360.357502893783
20704,2011-05-01,6259.881681022434
20704,2011-06-01,6437.9399764601085
20704,2011-07-01,6991.658230117621
20704,2011-08-01,7059.829058996451
20704,2011-09-01,7398.98380792089
20704,2011-10-01,6428.341875138258
20704,2011-11-01,7263.310450103795
20704,2011-12-01,7018.658876777365
20704,2012-01-01,7483.0186240786625
20704,2012-02-01,7217.087613535579
20704,2012-03-01,7645.816367970484
20704,2012-04-01,6988.082159373501
20704,2012-05-01,7130.110416441353
20704,2012-06-01,7714.8392421831895
20704,2012-07-01,7910.297551133558
20704,2012-08-01,8552.548402996761
20704,2012-09-01,8109.65044951093
20704,2012-10-01,9002.760892500863
20704,2012-11-01,8919.442986868708
20704,2012-12-01,9344.417504001925
20704,2013-01-01,9946.99936630525
20704,2013-02-01,9549.069148520146
20704,2013-03-01,10312.76001078636
20704,2013-04-01,10535.215218879295
20704,2013-05-01,10925.420673672932
20704,2013-06-01,10970.242561573785
20704,2013-07-01,10629.738815749062
20704,2013-08-01,10391.07629558682
20704,2013-09-01,10317.565011232222
20704,2013-10-01,10386.747657374197
20704,2013-11-01,10829.764670528888
20704,2013-12-01,11057.964656859805
20704,2014-01-01,10909.71686314035
20704,2014-02-01,11453.31946248037
20704,2014-03-01,10188.627198489821
20704,2014-04-01,10681.726283404843
20704,2014-05-01,11556.043998435438
20704,2014-06-01,10752.695711542272
20704,2014-07-01,10738.843574767277
20704,2014-08-01,10847.697642613863
20704,2014-09-01,11707.634973805154
20704,2014-10-01,12143.92748427028
20704,2014-11-01,11367.246090179719
20704,2014-12-01,11294.231352419098
20704,2015-01-01,13876.744410135656
20704,2015-02-01,10242.511332338041
20704,2015-03-01,11445.301824344591
20704,2015-04-01,12295.05273150103
20704,2015-05-01,8202.20304198571
20704,2015-06-01,8025.773412447668
20704,2015-07-01,8000.147140413086
20704,2015-08-01,7913.5154066920995
20704,2015-09-01,7871.919461018818
20704,2015-10-01,7372.7188013684245
20704,2015-11-01,7311.08408731798
20704,2015-12-01,7561.416170526702
20704,2016-01-01,6554.33133972487
20704,2016-02-01,6824.540694308272
20704,2016-03-01,7127.43829702093
20704,2016-04-01,7028.240356397473
20704,2016-05-01,6718.8457533794635
20704,2016-06-01,6550.651423507779
20704,2016-07-01,6667.59790785627
20704,2016-08-01,6668.498952493962
20704,2016-09-01,5915.262581362768
20704,2016-10-01,6539.259055679826
20704,2016-11-01,7158.964550992216
20704,2016-12-01,9138.496812978123
20704,2017-01-01,6718.544003310543
20704,2017-02-01,6964.870520674762
20704,2017-03-01,6792.587727927953
20704,2017-04-01,7015.720447203681
20704,2017-05-01,7110.412577733309
20704,2017-06-01,7470.631407613806
20704,2017-07-01,7489.662864159509
20704,2017-08-01,7103.891586072415
20704,2017-09-01,6260.515092830405
20704,2017-10-01,6285.881926349647
20704,2017-11-01,6333.76656011197
20704,2017-12-01,6223.547621064643
20704,2018-01-01,6845.9986619104975
20704,2018-02-01,6680.248036803852
20704,2018-03-01,6789.097450101792
20704,2018-04-01,7118.747045781882
20704,2018-05-01,7245.1694320252445
20704,2018-06-01,7052.163991582861
20704,2018-07-01,7300.2221068737645
20704,2018-08-01,7210.896022031553
20704,2018-09-01,7823.444142715923
20704,2018-10-01,7752.16084160392
20704,2018-11-01,7440.9788555714895
20704,2018-12-01,7894.3662104215955
20704,2019-01-01,6446.098949732892
20704,2019-02-01,8403.36487966669
20704,2019-03-01,8192.434039735066
20704,2019-04-01,7844.694289080495
20704,2019-05-01,7787.672542500371
20704,2019-06-01,8557.591113250694
20704,2019-07-01,7935.336550440214
20704,2019-08-01,6766.456762531739
20704,2019-09-01,8316.090961355829
20704,2019-10-01,9321.372795733658
20704,2019-11-01,9326.91934163971
20704,2019-12-01,9596.911601540989
20704,2020-01-01,8956.529964062149
20704,2020-02-01,9278.07452110171
20704,2020-03-01,8827.830490418191
20704,2020-04-01,8648.916003803613
20704,2020-05-01,8346.055186317342
20704,2020-06-01,9562.875442138777
20704,2020-07-01,10773.25537869167
20704,2020-08-01,12317.249653162353
20704,2020-09-01,11784.913439816466
20704,2020-10-01,12520.663518718442
20704,2020-11-01,13037.36803063877
20704,2020-12-01,13688.677195984706
20704,2021-01-01,13323.93375679389
20704,2021-02-01,14339.905302681589
20704,2021-03-01,14503.459524055032
20704,2021-04-01,16591.685605279265
20704,2021-05-01,16426.73584433567
20704,2021-06-01,15350.608946828113
20704,2021-07-01,15567.676166291507
20704,2021-08-01,17905.842625501868
20704,2021-09-01,16104.44223470569
20704,2021-10-01,15758.421754739302
20704,2021-11-01,15995.517999345842
20704,2021-12-01,14754.908007913506
20704,2022-01-01,15302.495968552921
20704,2022-02-01,14018.031071344862
20704,2022-03-01,15840.794470889094
20704,2022-04-01,14146.612611521125
20704,2022-05-01,14673.158032893098
20704,2022-06-01,15389.229837720912
20704,2022-07-01,17060.684382396023
20704,2022-08-01,14643.371806015024
20704,2022-09-01,15496.970507465036
20704,2022-10-01,15262.855619190357
20704,2022-11-01,15310.55721509704
20704,2022-12-01,14227.247201429796
20704,2023-01-01,15353.690571351226
20704,2023-02-01,14853.507595561243
20704,2023-03-01,15723.898166726043
20704,2023-04-01,16037.223313949906
20704,2023-05-01,14356.306829325924
20704,2023-06-01,14512.587339405207
20704,2023-07-01,14901.902867404171
20704,2023-08-01,14248.849176140959
20704,2023-09-01,15814.68829314896
20704,2023-10-01,15584.99401359774
20704,2023-11-01,15766.36267924681
20704,2023-12-01,17564.57442382257
20704,2024-01-01,17064.669710897204
20704,2024-02-01,18402.6427265904
20704,2024-03-01,17570.784040526225
20704,2024-04-01,18051.503145778675
20704,2024-05-01,20712.581606809345
20704,2024-06-01,19925.620164100495
20704,2024-07-01,20034.4467887556
20704,2024-08-01,20505.339621594994
20704,2024-09-01,19434.01995157556
20704,2024-10-01,17799.119644338894
20704,2024-11-01,18397.95400290143
20704,2024-12-01,18410.305372759023
20704,2025-01-01,19926.07408909417
20704,2025-02-01,19129.179643144922
20704,2025-03-01,18294.765044060998
20704,2025-04-01,19253.5207911301
20704,2025-05-01,18225.293970676044
20704,2025-06-01,18121.043556195145
20704,2025-07-01,17420.36715184027
20704,2025-08-01,18629.186492913075
20704,2025-09-01,18402.891626772005
20704,2025-10-01,20097.77816676284
20704,2025-11-01,20310.59003763007
20704,2025-12-01,21038.546465874304
20704,2026-01-01,20647.958916193526
20704,2026-02-01,21821.055710181296
20704,2026-03-01,23446.790977707944
20704,2026-04-01,22716.217771300566
20704,2026-05-01,23860.114169301047
20704,2026-06-01,24499.450151644007
20708,2011-03-01,520
20708,2011-04-01,554
20708,2011-05-01,499
20708,2011-06-01,629
20708,2011-07-01,627
20708,2011-08-01,425
20708,2011-09-01,623
20708,2011-10-01,436
20708,2011-11-01,647
20708,2011-12-01,740
20708,2012-01-01,708
20708,2012-02-01,588
20708,2012-03-01,557
20708,2012-04-01,556
20708,2012-05-01,597
20708,2012-06-01,511
20708,2012-07-01,698
20708,2012-08-01,857
20708,2012-09-01,634
20708,2012-10-01,769
20708,2012-11-01,1091
20708,2012-12-01,1117
20708,2013-01-01,1175
20708,2013-02-01,1158
20708,2013-03-01,1187
20708,2013-04-01,1344
20708,2013-05-01,1096
20708,2013-06-01,883
20708,2013-07-01,903
20708,2013-08-01,948
20708,2013-09-01,851
20708,2013-10-01,1071
20708,2013-11-01,1269
20708,2013-12-01,1835
20708,2014-01-01,1765
20708,2014-02-01,771
20708,2014-03-01,527
20708,2014-04-01,733
20708,2014-05-01,842
20708,2014-06-01,896
20708,2014-07-01,1213
20708,2014-08-01,1235
20708,2014-09-01,1233
20708,2014-10-01,1182
20708,2014-11-01,1075
20708,2014-12-01,1394
20708,2015-01-01,1109
20708,2015-02-01,717
20708,2015-03-01,812
20708,2015-04-01,703
20708,2015-05-01,769
20708,2015-06-01,1300
20708,2015-07-01,731
20708,2015-08-01,655
20708,2015-09-01,709
20708,2015-10-01,971
20708,2015-11-01,914
20708,2015-12-01,804
20708,2016-01-01,981
20708,2016-02-01,805
20708,2016-03-01,884
20708,2016-04-01,933
20708,2016-05-01,901
20708,2016-06-01,937
20708,2016-07-01,783
20708,2016-08-01,649
20708,2016-09-01,736
20708,2016-10-01,935
20708,2016-11-01,1060
20708,2016-12-01,1241
20708,2017-01-01,975
20708,2017-02-01,822
20708,2017-03-01,767
20708,2017-04-01,764
20708,2017-05-01,920
20708,2017-06-01,1071
20708,2017-07-01,929
20708,2017-08-01,665
20708,2017-09-01,732
20708,2017-10-01,1106
20708,2017-11-01,1102
20708,2017-12-01,994
20708,2018-01-01,716
20708,2018-02-01,546
20708,2018-03-01,774
20708,2018-04-01,763
20708,2018-05-01,829
20708,2018-06-01,826
20708,2018-07-01,737
20708,2018-08-01,762
20708,2018-09-01,991
20708,2018-10-01,1494
20708,2018-11-01,1358
20708,2018-12-01,1142
20708,2019-01-01,1083
20708,2019-02-01,814
20708,2019-03-01,830
20708,2019-04-01,869
20708,2019-05-01,856
20708,2019-06-01,506
20708,2019-07-01,475
20708,2019-08-01,700
20708,2019-09-01,1150
20708,2019-10-01,1562
20708,2019-11-01,1723
20708,2019-12-01,1262
20708,2020-01-01,685
20708,2020-02-01,636
20708,2020-03-01,747
20708,2020-04-01,571
20708,2020-05-01,626
20708,2020-06-01,553
20708,2020-07-01,436
20708,2020-08-01,1256
20708,2020-09-01,1879
20708,2020-10-01,2203
20708,2020-11-01,1950
20708,2020-12-01,1379
20708,2021-01-01,791
20708,2021-02-01,535
20708,2021-03-01,463
20708,2021-04-01,397
20708,2021-05-01,336
20708,2021-06-01,202
20708,2021-07-01,496
20708,2021-08-01,1409
20708,2021-09-01,1715
20708,2021-10-01,1354
20708,2021-11-01,1397
20708,2021-12-01,1239
20708,2022-01-01,700
20708,2022-02-01,565
20708,2022-03-01,464
20708,2022-04-01,341
20708,2022-05-01,306
20708,2022-06-01,344
20708,2022-07-01,574
20708,2022-08-01,2433
20708,2022-09-01,3090
20708,2022-10-01,2309
20708,2022-11-01,1547
20708,2022-12-01,1223
20708,2023-01-01,743
20708,2023-02-01,812
20708,2023-03-01,1030
20708,2023-04-01,615
20708,2023-05-01,482
20708,2023-06-01,857
20708,2023-07-01,1347
20708,2023-08-01,2684
20708,2023-09-01,2713
20708,2023-10-01,2926
20708,2023-11-01,2142
20708,2023-12-01,1730
20708,2024-01-01,1258
20708,2024-02-01,1227
20708,2024-03-01,1279
20708,2024-04-01,1094
20708,2024-05-01,1093
20708,2024-06-01,833
20708,2024-07-01,798
20708,2024-08-01,2224
20708,2024-09-01,2712
20708,2024-10-01,3267
20708,2024-11-01,2836
20708,2024-12-01,3793
20708,2025-01-01,2556
20708,2025-02-01,1423
20708,2025-03-01,1040
20708,2025-04-01,1079
20708,2025-05-01,1355
20708,2025-06-01,1246
20708,2025-07-01,1056
20708,2025-08-01,2065
20708,2025-09-01,2088
20708,2025-10-01,2395
20708,2025-11-01,1451
20708,2025-12-01,1993
20708,2026-01-01,1395
20708,2026-02-01,1400
20708,2026-03-01,2397
20708,2026-04-01,1842
20708,2026-05-01,1518
20708,2026-06-01,1458
20712,2011-03-01,345.607326611867
20712,2011-04-01,353.5768905252135
20712,2011-05-01,319.8677617452085
20712,2011-06-01,309.5655864701261
20712,2011-07-01,322.4955146911691
20712,2011-08-01,326.8149613699455
20712,2011-09-01,342.4154352481623
20712,2011-10-01,367.53833333409085
20712,2011-11-01,406.1188921615278
20712,2011-12-01,417.816218389651
20712,2012-01-01,397.3651289246534
20712,2012-02-01,439.9868121333083
20712,2012-03-01,464.1977196059285
20712,2012-04-01,485.76621938558185
20712,2012-05-01,500.8289401370601
20712,2012-06-01,491.9742070870366
20712,2012-07-01,494.18544416226234
20712,2012-08-01,521.3484819701267
20712,2012-09-01,538.7985607674038
20712,2012-10-01,783.5964525205808
20712,2012-11-01,678.0644028147143
20712,2012-12-01,654.6522416259388
20712,2013-01-01,684.9195020488429
20712,2013-02-01,696.0583768880033
20712,2013-03-01,715.0110186281366
20712,2013-04-01,695.1741083628639
20712,2013-05-01,690.6343544252047
20712,2013-06-01,724.1863338200229
20712,2013-07-01,640.6890009406865
20712,2013-08-01,707.2822573455721
20712,2013-09-01,778.511386359703
20712,2013-10-01,987.7759059609244
20712,2013-11-01,968.0095451486237
20712,2013-12-01,1063.4366375998693
20712,2014-01-01,895.627977701237
20712,2014-02-01,851.3111283228552
20712,2014-03-01,841.6217934626113
20712,2014-04-01,852.7500789366782
20712,2014-05-01,964.5204218697288
20712,2014-06-01,967.4722680823204
20712,2014-07-01,984.5721366337195
20712,2014-08-01,1029.6786609326564
20712,2014-09-01,1108.601419487004
20712,2014-10-01,879.482464573874
20712,2014-11-01,876.3522510179024
20712,2014-12-01,893.0748479014557
20712,2015-01-01,971.7499068640424
20712,2015-02-01,928.5347979295442
20712,2015-03-01,952.8037602956057
20712,2015-04-01,933.9093928930688
20712,2015-05-01,912.2728001139345
20712,2015-06-01,919.0121694245285
20712,2015-07-01,986.300162467801
20712,2015-08-01,977.4294836419303
20712,2015-09-01,937.0868450480319
20712,2015-10-01,757.3434625907018
20712,2015-11-01,854.7327072466219
20712,2015-12-01,900.212459904677
20712,2016-01-01,841.5787555001509
20712,2016-02-01,902.5641094037054
20712,2016-03-01,853.4765641103891
20712,2016-04-01,877.1882379929078
20712,2016-05-01,865.2117146944631
20712,2016-06-01,873.9822752943314
20712,2016-07-01,874.657448447604
20712,2016-08-01,712.8887813746742
20712,2016-09-01,712.4765172410832
20712,2016-10-01,842.356913137203
20712,2016-11-01,817.2990110497034
20712,2016-12-01,801.729531834355
20712,2017-01-01,690.4733361742369
20712,2017-02-01,827.6173822426223
20712,2017-03-01,799.5748315832568
20712,2017-04-01,787.4089263435696
20712,2017-05-01,798.2493750289414
20712,2017-06-01,809.5335962305545
20712,2017-07-01,803.654748690287
20712,2017-08-01,821.8516909439372
20712,2017-09-01,806.8313743358278
20712,2017-10-01,815.1515000641899
20712,2017-11-01,835.9321338504993
20712,2017-12-01,838.2905191781742
20712,2018-01-01,860.1154953694322
20712,2018-02-01,839.8267941754817
20712,2018-03-01,882.87043824701
20712,2018-04-01,915.873552226783
20712,2018-05-01,918.0425945150358
20712,2018-06-01,897.0896641974282
20712,2018-07-01,874.6038547110303
20712,2018-08-01,917.3486221373748
20712,2018-09-01,920.5881997080378
20712,2018-10-01,915.3434695434922
20712,2018-11-01,910.7108433695086
20712,2018-12-01,929.0774135490433
20712,2019-01-01,973.0356598033748
20712,2019-02-01,973.4021934986611
20712,2019-03-01,1033.349403402551
20712,2019-04-01,1073.141020496918
20712,2019-05-01,1048.3750745230723
20712,2019-06-01,1092.5095436605952
20712,2019-07-01,1127.9893557689409
20712,2019-08-01,1129.2832480244567
20712,2019-09-01,1169.4132779815172
20712,2019-10-01,1206.2122872233779
20712,2019-11-01,1201.0299850353863
20712,2019-12-01,1207.5018795920657
20712,2020-01-01,1234.9419667480286
20712,2020-02-01,1304.2136211815296
20712,2020-03-01,1003.7835528495726
20712,2020-04-01,1413.3614604159209
20712,2020-05-01,857.5628042540786
20712,2020-06-01,1020.0603843279117
20712,2020-07-01,996.2655621572607
20712,2020-08-01,1012.832675417501
20712,2020-09-01,810.0665623675262
20712,2020-10-01,1317.7831737991517
20712,2020-11-01,1400.8797749647235
20712,2020-12-01,1324.2338673131783
20712,2021-01-01,1258.720911753306
20712,2021-02-01,1407.2624848679045
20712,2021-03-01,1396.8960122777135
20712,2021-04-01,1364.8443679997163
20712,2021-05-01,1433.3506568052028
20712,2021-06-01,1362.9576768523193
20712,2021-07-01,1422.0170756488967
20712,2021-08-01,1369.124162314955
20712,2021-09-01,1324.3244952020918
20712,2021-10-01,1249.795011473754
20712,2021-11-01,1345.263893598945
20712,2021-12-01,1291.5793634052875
20712,2022-01-01,1284.4269680740708
20712,2022-02-01,1277.2391864327533
20712,2022-03-01,1389.0976374155487
20712,2022-04-01,1953.766646980549
20712,2022-05-01,1766.9465036571094
20712,2022-06-01,1717.3333921143378
20712,2022-07-01,1818.745154097283
20712,2022-08-01,1502.245717575906
20712,2022-09-01,1359.2634930842335
20712,2022-10-01,1292.283635333648
20712,2022-11-01,1223.7964946137722
20712,2022-12-01,1120.7742939690493
20712,2023-01-01,1399.3388682108427
20712,2023-02-01,1282.7576031267542
20712,2023-03-01,1315.420684818499
20712,2023-04-01,1240.302261885061
20712,2023-05-01,1181.3431236244703
20712,2023-06-01,1165.3496710498496
20712,2023-07-01,1234.5599677973714
20712,2023-08-01,1326.1327879337475
20712,2023-09-01,1280.011656761446
20712,2023-10-01,1325.1913318027564
20712,2023-11-01,1317.4448148117383
20712,2023-12-01,1471.5592626029115
20712,2024-01-01,1385.1507605600852
20712,2024-02-01,1436.6377850868364
20712,2024-03-01,1343.448530628521
20712,2024-04-01,1476.0781093055728
20712,2024-05-01,1546.6309791044407
20712,2024-06-01,1592.3924674155342
20712,2024-07-01,1565.5096284858384
20712,2024-08-01,1551.7580808150788
20712,2024-09-01,1679.6496567726815
20712,2024-10-01,1649.7521836587093
20712,2024-11-01,1677.5577458005382
20712,2024-12-01,1597.0591860060476
20712,2025-01-01,1764.9357737538826
20712,2025-02-01,1802.5081405302622
20712,2025-03-01,1750.5896429467698
20712,2025-04-01,1684.2957165383016
20712,2025-05-01,1679.53293122996
20712,2025-06-01,1613.0444917501968
20712,2025-07-01,1583.8365425489058
20712,2025-08-01,1520.138787418781
20712,2025-09-01,1562.305504628895
20712,2025-10-01,1506.7694808226468
20712,2025-11-01,1517.645669317517
20712,2025-12-01,1335.1962514049696
20712,2026-01-01,1179.135491047214
20712,2026-02-01,1201.1232709440771
20712,2026-03-01,1249.8982810689884
20712,2026-04-01,1286.701825149727
20712,2026-05-01,1287.8058812567467
20712,2026-06-01,1274.1222315815735
20713,2011-03-01,71.12952964787307
20713,2011-04-01,76.61926202338417
20713,2011-05-01,112.40602507997026
20713,2011-06-01,80.16519113555728
20713,2011-07-01,103.54082502951384
20713,2011-08-01,125.03682460558271
20713,2011-09-01,114.82661604119562
20713,2011-10-01,111.52776567825525
20713,2011-11-01,111.23617325784697
20713,2011-12-01,99.74392928371097
20713,2012-01-01,132.40182010997856
20713,2012-02-01,135.26805472931605
20713,2012-03-01,112.80699894374973
20713,2012-04-01,166.19668118593754
20713,2012-05-01,146.14625542656373
20713,2012-06-01,130.8568523931753
20713,2012-07-01,97.13501722938122
20713,2012-08-01,99.05843530627058
20713,2012-09-01,129.4467188068913
20713,2012-10-01,159.5648221061119
20713,2012-11-01,164.87777452937695
20713,2012-12-01,169.1771844153252
20713,2013-01-01,97.81120581343642
20713,2013-02-01,126.34628323541908
20713,2013-03-01,207.11803482642895
20713,2013-04-01,144.29906533979846
20713,2013-05-01,187.75773611540737
20713,2013-06-01,382.9663233136273
20713,2013-07-01,603.0609394752947
20713,2013-08-01,376.19320780163906
20713,2013-09-01,268.62084319053344
20713,2013-10-01,293.59585712664335
20713,2013-11-01,272.3495516255559
20713,2013-12-01,317.50695038794146
20713,2014-01-01,372.6450936759221
20713,2014-02-01,484.7482243136312
20713,2014-03-01,454.3829204209166
20713,2014-04-01,405.03211633955544
20713,2014-05-01,438.44065589977123
20713,2014-06-01,412.9177621871911
20713,2014-07-01,461.1625331613468
20713,2014-08-01,240.3276450876362
20713,2014-09-01,290.36410960062847
20713,2014-10-01,244.39514690740342
20713,2014-11-01,192.60085448200405
20713,2014-12-01,189.50261649037566
20713,2015-01-01,207.7736621602479
20713,2015-02-01,185.50254666310252
20713,2015-03-01,90.9864375603198
20713,2015-04-01,96.00496050470882
20713,2015-05-01,54.05284964391629
20713,2015-06-01,42.473528325396664
20713,2015-07-01,36.604658316630214
20713,2015-08-01,30.864301211970435
20713,2015-09-01,46.78530494354427
20713,2015-10-01,32.48816835985787
20713,2015-11-01,47.274160624302695
20713,2015-12-01,49.19372902568489
20713,2016-01-01,34.0815683171466
20713,2016-02-01,25.322137383423613
20713,2016-03-01,36.46765036390244
20713,2016-04-01,43.10121034119706
20713,2016-05-01,37.44197717844561
20713,2016-06-01,31.344335000788778
20713,2016-07-01,24.10115954406409
20713,2016-08-01,37.42813869876347
20713,2016-09-01,20.56918584736227
20713,2016-10-01,4.200359652412086
20713,2016-11-01,17.700644708707234
20713,2016-12-01,30.946116699513198
20713,2017-01-01,16.249645906670704
20713,2017-02-01,11.926009273968425
20713,2017-03-01,14.545528302568894
20713,2017-04-01,11.918649305286886
20713,2017-05-01,26.602984453909308
20713,2017-06-01,14.080508871775237
20713,2017-07-01,11.923128685551061
20713,2017-08-01,14.349959327036101
20713,2017-09-01,7.521267699947951
20713,2017-10-01,11.058491076780285
20713,2017-11-01,15.393726139992912
20713,2017-12-01,15.403164904034151
20713,2018-01-01,15.232244508632661
20713,2018-02-01,15.036835738539974
20713,2018-03-01,18.01664533641194
20713,2018-04-01,16.893001109295852
20713,2018-05-01,21.36207570563837
20713,2018-06-01,14.261236629638594
20713,2018-07-01,23.74575118321009
20713,2018-08-01,11.283386404520341
20713,2018-09-01,29.32335003112123
20713,2018-10-01,32.802865215046864
20713,2018-11-01,25.752052627223627
20713,2018-12-01,19.34820575663251
20713,2019-01-01,13.029849506347631
20713,2019-02-01,10.040225358418605
20713,2019-03-01,19.39478498261796
20713,2019-04-01,23.965495729704518
20713,2019-05-01,19.158927373672682
20713,2019-06-01,29.014177244837292
20713,2019-07-01,42.7854716828987
20713,2019-08-01,47.013182602456425
20713,2019-09-01,47.451431775122614
20713,2019-10-01,38.33557873115509
20713,2019-11-01,22.232182530112564
20713,2019-12-01,38.72721184760707
20713,2020-01-01,117.60858630034357
20713,2020-02-01,84.05788694685485
20713,2020-03-01,69.14278406646815
20713,2020-04-01,78.77609776604173
20713,2020-05-01,53.554723645415955
20713,2020-06-01,58.35500127517197
20713,2020-07-01,46.19123716032298
20713,2020-08-01,52.769811411773986
20713,2020-09-01,56.09561377122246
20713,2020-10-01,79.83379926842046
20713,2020-11-01,79.77464280534639
20713,2020-12-01,88.23146578917331
20713,2021-01-01,96.68675461264718
20713,2021-02-01,102.03911975572402
20713,2021-03-01,83.74407869771898
20713,2021-04-01,73.18438694942547
20713,2021-05-01,99.44129230061161
20713,2021-06-01,72.20648677125833
20713,2021-07-01,108.1736479254532
20713,2021-08-01,104.93814238291512
20713,2021-09-01,73.83629351503768
20713,2021-10-01,102.71321639520235
20713,2021-11-01,39.168802123721036
20713,2021-12-01,74.01687461369518
20713,2022-01-01,103.68586791997996
20713,2022-02-01,88.20420654178035
20713,2022-03-01,83.86725701871087
20713,2022-04-01,77.352372237831
20713,2022-05-01,74.23232270638704
20713,2022-06-01,59.660613810900315
20713,2022-07-01,75.80721662216163
20713,2022-08-01,51.68789316537263
20713,2022-09-01,153.65702058410807
20713,2022-10-01,60.08225089427072
20713,2022-11-01,53.66053573076654
20713,2022-12-01,48.568630799514395
20713,2023-01-01,53.35919442651397
20713,2023-02-01,52.39430754266222
20713,2023-03-01,117.16646017239671
20713,2023-04-01,62.63839697535651
20713,2023-05-01,71.72316852139127
20713,2023-06-01,130.18611959522985
20713,2023-07-01,120.63993548041431
20713,2023-08-01,727.8279352321413
20713,2023-09-01,234.318655295094
20713,2023-10-01,148.62565806355485
20713,2023-11-01,192.47164137189048
20713,2023-12-01,192.93517994520624
20713,2024-01-01,199.32320815750367
20713,2024-02-01,182.15932319969414
20713,2024-03-01,187.72352673071626
20713,2024-04-01,208.55978893343712
20713,2024-05-01,198.52797030946203
20713,2024-06-01,170.1685879963761
20713,2024-07-01,136.70138284242222
20713,2024-08-01,108.34058800568934
20713,2024-09-01,113.00859318730657
20713,2024-10-01,126.35389730942927
20713,2024-11-01,99.73347532417384
20713,2024-12-01,189.56208436907627
20713,2025-01-01,181.06189717920407
20713,2025-02-01,130.95230346038232
20713,2025-03-01,235.46212563627856
20713,2025-04-01,353.4638746791219
20713,2025-05-01,444.0289525610648
20713,2025-06-01,187.94049340514928
20713,2025-07-01,110.26336662610397
20713,2025-08-01,200.9226147248939
20713,2025-09-01,149.26383772270998
20713,2025-10-01,135.66725043318323
20713,2025-11-01,160.76724568486534
20713,2025-12-01,110.25087861634664
20713,2026-01-01,77.65875639337352
20713,2026-02-01,98.26938706353684
20713,2026-03-01,74.98837779763907
20713,2026-04-01,65.360584446894
20713,2026-05-01,468.9755650623055
20713,2026-06-01,586.6310867396413
20698,2011-03-01,10203.572305243493
20698,2011-04-01,11175.720263700665
20698,2011-05-01,10801.99463199751
20698,2011-06-01,10854.440805477121
20698,2011-07-01,12524.005456291221
20698,2011-08-01,12398.094711657182
20698,2011-09-01,13349.928830050118
20698,2011-10-01,11932.687877659533
20698,2011-11-01,12445.387018093654
20698,2011-12-01,11017.601781324072
20698,2012-01-01,13366.804048695587
20698,2012-02-01,12967.373947374828
20698,2012-03-01,12754.402098445047
20698,2012-04-01,12492.748577747752
20698,2012-05-01,12999.995997514234
20698,2012-06-01,13294.583866533158
20698,2012-07-01,13439.058572816324
20698,2012-08-01,15066.267278879845
20698,2012-09-01,15233.611652954463
20698,2012-10-01,16608.075945222092
20698,2012-11-01,16596.839390742163
20698,2012-12-01,16673.50469872063
20698,2013-01-01,16955.590415035225
20698,2013-02-01,17388.142879811363
20698,2013-03-01,18597.81709639774
20698,2013-04-01,18533.729487618333
20698,2013-05-01,19353.12711115613
20698,2013-06-01,21013.555274821145
20698,2013-07-01,19108.32811211521
20698,2013-08-01,18571.956825968275
20698,2013-09-01,18336.07233395713
20698,2013-10-01,19158.213388384484
20698,2013-11-01,19855.027427087447
20698,2013-12-01,20586.670030040226
20698,2014-01-01,21337.652128808244
20698,2014-02-01,21334.459187419652
20698,2014-03-01,18928.105098649266
20698,2014-04-01,21212.26324289871
20698,2014-05-01,22176.79960465771
20698,2014-06-01,21150.253089528484
20698,2014-07-01,20736.584303703672
20698,2014-08-01,20762.366309255052
20698,2014-09-01,21596.208502335947
20698,2014-10-01,21148.332214474736
20698,2014-11-01,20243.271408492586
20698,2014-12-01,20212.672920764417
20698,2015-01-01,24199.71623824943
20698,2015-02-01,19064.649677300382
20698,2015-03-01,19153.23387779561
20698,2015-04-01,19527.471977247307
20698,2015-05-01,15971.998490776181
20698,2015-06-01,16983.195739403975
20698,2015-07-01,18221.00511723372
20698,2015-08-01,18097.784586963633
20698,2015-09-01,17045.26212197872
20698,2015-10-01,15793.476854640428
20698,2015-11-01,16126.445407030646
20698,2015-12-01,16353.249620955363
20698,2016-01-01,15286.103671972332
20698,2016-02-01,15692.453724400946
20698,2016-03-01,15881.812778097166
20698,2016-04-01,16134.929347526671
20698,2016-05-01,15487.12732948109
20698,2016-06-01,16281.535016514987
20698,2016-07-01,15332.829840807051
20698,2016-08-01,14342.578482689647
20698,2016-09-01,13714.729445872725
20698,2016-10-01,14330.30980103583
20698,2016-11-01,15937.997058163439
20698,2016-12-01,18092.14862429558
20698,2017-01-01,16343.767520399108
20698,2017-02-01,16598.715783309846
20698,2017-03-01,16305.692868548693
20698,2017-04-01,16608.860122641316
20698,2017-05-01,16553.1620955101
20698,2017-06-01,17582.054432562378
20698,2017-07-01,16212.325401518912
20698,2017-08-01,16647.348895699495
20698,2017-09-01,15922.337490929642
20698,2017-10-01,16394.704615401963
20698,2017-11-01,15975.247370632143
20698,2017-12-01,15987.31388483821
20698,2018-01-01,16656.583604743588
20698,2018-02-01,16379.250140282766
20698,2018-03-01,16758.852222400987
20698,2018-04-01,16902.752066770554
20698,2018-05-01,17558.254657589718
20698,2018-06-01,17565.94812652134
20698,2018-07-01,18025.898179578457
20698,2018-08-01,17837.223245105837
20698,2018-09-01,18854.270646254292
20698,2018-10-01,18553.002307571904
20698,2018-11-01,17906.60841592392
20698,2018-12-01,17837.512778465298
20698,2019-01-01,15372.344649574196
20698,2019-02-01,18336.147452425612
20698,2019-03-01,18429.91483907349
20698,2019-04-01,18729.03593840883
20698,2019-05-01,19496.52790298455
20698,2019-06-01,20522.938853227584
20698,2019-07-01,18523.624153141784
20698,2019-08-01,18022.602382196612
20698,2019-09-01,19560.313833048054
20698,2019-10-01,20401.583347319898
20698,2019-11-01,20686.19463381403
20698,2019-12-01,21503.529591355615
20698,2020-01-01,20668.711420108968
20698,2020-02-01,21895.529936213967
20698,2020-03-01,21469.115993954914
20698,2020-04-01,22066.77810341523
20698,2020-05-01,21969.104083057406
20698,2020-06-01,21489.248884780918
20698,2020-07-01,23853.41778426631
20698,2020-08-01,24405.492921188623
20698,2020-09-01,24821.21787787222
20698,2020-10-01,26102.43234876812
20698,2020-11-01,27037.961648048185
20698,2020-12-01,27942.31242778106
20698,2021-01-01,28589.88210097229
20698,2021-02-01,30156.518259674885
20698,2021-03-01,32701.849985580306
20698,2021-04-01,36647.52657985648
20698,2021-05-01,35924.05402412262
20698,2021-06-01,34196.17489242085
20698,2021-07-01,34149.897688559875
20698,2021-08-01,33118.59384611745
20698,2021-09-01,32279.648257660887
20698,2021-10-01,33815.008216354065
20698,2021-11-01,35221.71324853883
20698,2021-12-01,32820.135883499286
20698,2022-01-01,34524.16246799783
20698,2022-02-01,30264.303625169625
20698,2022-03-01,32342.486353590764
20698,2022-04-01,33228.39965989057
20698,2022-05-01,34984.68361045255
20698,2022-06-01,39627.23364540165
20698,2022-07-01,44864.786911754025
20698,2022-08-01,41310.25074350185
20698,2022-09-01,41292.560084965036
20698,2022-10-01,39530.905144624376
20698,2022-11-01,37769.449602713044
20698,2022-12-01,36393.721960525436
20698,2023-01-01,38569.80633022967
20698,2023-02-01,35850.267160369374
20698,2023-03-01,38415.15348716322
20698,2023-04-01,36347.95886272293
20698,2023-05-01,35709.10728636364
20698,2023-06-01,33892.07656433124
20698,2023-07-01,42917.117678977134
20698,2023-08-01,44426.337359365876
20698,2023-09-01,43032.25242915118
20698,2023-10-01,42855.00889944133
20698,2023-11-01,41476.709118034225
20698,2023-12-01,42420.76053239453
20698,2024-01-01,41661.52151020729
20698,2024-02-01,45923.63617803748
20698,2024-03-01,44354.07619474108
20698,2024-04-01,42445.40455757153
20698,2024-05-01,43629.436168294415
20698,2024-06-01,38968.40955192583
20698,2024-07-01,41624.66784315151
20698,2024-08-01,42921.591715178176
20698,2024-09-01,43974.78516993577
20698,2024-10-01,41925.65116565101
20698,2024-11-01,42579.72524651693
20698,2024-12-01,44225.696657454944
20698,2025-01-01,44735.620403763955
20698,2025-02-01,43960.30116013097
20698,2025-03-01,41918.02762525819
20698,2025-04-01,44835.37755968157
20698,2025-05-01,41779.172840395084
20698,2025-06-01,42119.56950352327
20698,2025-07-01,39345.28203921645
20698,2025-08-01,39560.76357315522
20698,2025-09-01,39220.31633757043
20698,2025-10-01,41083.73545833933
20698,2025-11-01,42576.875384237224
20698,2025-12-01,43215.491045476585
20698,2026-01-01,43192.087891633506
20698,2026-02-01,44198.315250441745
20698,2026-03-01,45986.87999793116
20698,2026-04-01,44408.431097709654
20698,2026-05-01,46743.8321783885
20698,2026-06-01,45509.113247860405
20634,2011-03-01,188613.72414149277
20634,2011-04-01,190199.5698450006
20634,2011-05-01,189574.32502994203
20634,2011-06-01,195188.1690298123
20634,2011-07-01,203002.59600999628
20634,2011-08-01,212036.5057668601
20634,2011-09-01,204285.79138102097
20634,2011-10-01,203885.98067930443
20634,2011-11-01,206955.48729094598
20634,2011-12-01,202939.89148110713
20634,2012-01-01,202102.62525284116
20634,2012-02-01,203544.20853003918
20634,2012-03-01,207402.1434705713
20634,2012-04-01,208569.15744229162
20634,2012-05-01,214346.9303711458
20634,2012-06-01,213861.5480928519
20634,2012-07-01,213964.64895742014
20634,2012-08-01,212292.08568146327
20634,2012-09-01,215009.037155603
20634,2012-10-01,228795.64582218343
20634,2012-11-01,217035.38784920913
20634,2012-12-01,216332.41154463807
20634,2013-01-01,222950.0516391507
20634,2013-02-01,220715.76778905856
20634,2013-03-01,219088.95641581898
20634,2013-04-01,221138.92753846993
20634,2013-05-01,231700.21175549226
20634,2013-06-01,226296.10894822932
20634,2013-07-01,227728.9931281554
20634,2013-08-01,231897.86468638532
20634,2013-09-01,224785.6387718383
20634,2013-10-01,228248.6438765346
20634,2013-11-01,227963.06786274168
20634,2013-12-01,232358.1566872171
20634,2014-01-01,231602.49116215043
20634,2014-02-01,235249.3443910891
20634,2014-03-01,236898.0217189584
20634,2014-04-01,239293.84541792865
20634,2014-05-01,234777.14943813212
20634,2014-06-01,234740.96926986577
20634,2014-07-01,233898.2374298192
20634,2014-08-01,235262.19881934306
20634,2014-09-01,240491.75351845284
20634,2014-10-01,238362.03136521138
20634,2014-11-01,230261.31669205392
20634,2014-12-01,239203.33203025942
20634,2015-01-01,243814.87630067792
20634,2015-02-01,226395.86626684022
20634,2015-03-01,239006.0376831566
20634,2015-04-01,241514.06944359624
20634,2015-05-01,238084.4867463882
20634,2015-06-01,238141.42722720467
20634,2015-07-01,236037.7768759395
20634,2015-08-01,234666.53631448053
20634,2015-09-01,237426.9145773601
20634,2015-10-01,231545.7919117917
20634,2015-11-01,229815.5107633255
20634,2015-12-01,231042.93062821066
20634,2016-01-01,223568.8470431042
20634,2016-02-01,226231.2788518723
20634,2016-03-01,221308.32093589302
20634,2016-04-01,217652.3428523267
20634,2016-05-01,221510.13724658164
20634,2016-06-01,219582.57077758358
20634,2016-07-01,219270.11471209748
20634,2016-08-01,217440.9215612461
20634,2016-09-01,219555.2583458568
20634,2016-10-01,225238.93521900958
20634,2016-11-01,223682.42660876835
20634,2016-12-01,216856.1421606001
20634,2017-01-01,222319.03871222763
20634,2017-02-01,206124.18384613586
20634,2017-03-01,232625.82426393664
20634,2017-04-01,224041.23872653118
20634,2017-05-01,225254.3182346686
20634,2017-06-01,237329.51666874095
20634,2017-07-01,230407.55072471133
20634,2017-08-01,232491.9490115599
20634,2017-09-01,231534.47282424322
20634,2017-10-01,236356.9800407447
20634,2017-11-01,240339.79718570376
20634,2017-12-01,249448.309704882
20634,2018-01-01,250212.21656115347
20634,2018-02-01,254603.26434109648
20634,2018-03-01,254393.34384920663
20634,2018-04-01,253611.8749301934
20634,2018-05-01,255114.7031961759
20634,2018-06-01,258666.72773418488
20634,2018-07-01,261038.66751500836
20634,2018-08-01,268783.80689105747
20634,2018-09-01,267539.40972785733
20634,2018-10-01,271583.99279610056
20634,2018-11-01,275920.0229098351
20634,2018-12-01,281620.1061626104
20634,2019-01-01,285508.0605511737
20634,2019-02-01,283457.5852588999
20634,2019-03-01,285348.86697265034
20634,2019-04-01,286130.85012286156
20634,2019-05-01,297119.92990111077
20634,2019-06-01,302212.3075911668
20634,2019-07-01,305669.9946879153
20634,2019-08-01,307137.4830602394
20634,2019-09-01,306575.21449886356
20634,2019-10-01,305705.7873038075
20634,2019-11-01,313174.0492358733
20634,2019-12-01,335715.493924925
20634,2020-01-01,323810.130716271
20634,2020-02-01,339617.2175132759
20634,2020-03-01,350375.906476576
20634,2020-04-01,280369.5617904437
20634,2020-05-01,264627.4337210001
20634,2020-06-01,279814.7869591933
20634,2020-07-01,290508.0640576226
20634,2020-08-01,296115.662122318
20634,2020-09-01,305869.2063116333
20634,2020-10-01,317896.2038301705
20634,2020-11-01,326898.91534584883
20634,2020-12-01,317248.7304966872
20634,2021-01-01,312722.0069430109
20634,2021-02-01,329763.00899651
20634,2021-03-01,340767.9750253787
20634,2021-04-01,354490.6832593089
20634,2021-05-01,363880.22339806944
20634,2021-06-01,376867.37301896786
20634,2021-07-01,376670.810616361
20634,2021-08-01,388123.18823835405
20634,2021-09-01,398136.95214876725
20634,2021-10-01,411413.3383441536
20634,2021-11-01,421478.0089929538
20634,2021-12-01,399580.5001833356
20634,2022-01-01,423546.45082709787
20634,2022-02-01,419280.7976423032
20634,2022-03-01,468786.9984969041
20634,2022-04-01,461470.2535572161
20634,2022-05-01,460750.09104665206
20634,2022-06-01,455195.3193028454
20634,2022-07-01,467107.6699594328
20634,2022-08-01,468600.0256603705
20634,2022-09-01,469057.27555882005
20634,2022-10-01,484489.1783516364
20634,2022-11-01,448867.79459508817
20634,2022-12-01,444768.07751922164
20634,2023-01-01,453320.7237480328
20634,2023-02-01,442652.25443325896
20634,2023-03-01,442446.4515237016
20634,2023-04-01,437546.13955358794
20634,2023-05-01,450814.06762588106
20634,2023-06-01,458395.4967401487
20634,2023-07-01,455265.3633152273
20634,2023-08-01,456900.9604802788
20634,2023-09-01,477037.2416535656
20634,2023-10-01,473720.77807837975
20634,2023-11-01,487828.6523368093
20634,2023-12-01,499665.83353378036
20634,2024-01-01,508462.24977221416
20634,2024-02-01,516933.4638531786
20634,2024-03-01,511051.5235836359
20634,2024-04-01,489221.91852443607
20634,2024-05-01,509758.8304544388
20634,2024-06-01,538760.6259982244
20634,2024-07-01,549705.7683357284
20634,2024-08-01,551160.1316440984
20634,2024-09-01,543701.978731922
20634,2024-10-01,546684.8045675221
20634,2024-11-01,556145.8526240198
20634,2024-12-01,559743.835619057
20634,2025-01-01,559418.170410429
20634,2025-02-01,567950.9293515221
20634,2025-03-01,576310.7215525578
20634,2025-04-01,582897.1090537439
20634,2025-05-01,582195.4073480098
20634,2025-06-01,570338.1585477537
20634,2025-07-01,576189.5613818774
20634,2025-08-01,582462.6410269057
20634,2025-09-01,586054.1908636333
20634,2025-10-01,594519.4141008119
20634,2025-11-01,582947.844847937
20634,2025-12-01,620276.2087043261
20634,2026-01-01,631941.2563219306
20634,2026-02-01,624763.0043222072
20634,2026-03-01,626862.5598523677
20634,2026-04-01,640550.8377851737
20634,2026-05-01,648045.2617218178
20634,2026-06-01,649762.2819700853
20685,2011-03-01,25457.36365030654
20685,2011-04-01,25883.031799429373
20685,2011-05-01,26719.311742770366
20685,2011-06-01,23772.645441756817
20685,2011-07-01,30275.960040247508
20685,2011-08-01,29661.35428229211
20685,2011-09-01,29491.583242306733
20685,2011-10-01,28422.559494595836
20685,2011-11-01,33118.73748824328
20685,2011-12-01,27743.688942269848
20685,2012-01-01,28412.605756124245
20685,2012-02-01,28015.240009273733
20685,2012-03-01,27179.21784795863
20685,2012-04-01,29086.48078370859
20685,2012-05-01,29985.338803326307
20685,2012-06-01,25620.46497001486
20685,2012-07-01,32774.17245726318
20685,2012-08-01,34508.361829308575
20685,2012-09-01,35074.17137838018
20685,2012-10-01,38549.04180593307
20685,2012-11-01,36870.66807866665
20685,2012-12-01,42947.82558375025
20685,2013-01-01,37328.7847043861
20685,2013-02-01,40391.95646011902
20685,2013-03-01,41262.90333214283
20685,2013-04-01,42502.5404083973
20685,2013-05-01,49119.21003322582
20685,2013-06-01,46251.27411080267
20685,2013-07-01,37330.70421145149
20685,2013-08-01,42007.87587952278
20685,2013-09-01,40671.42202060762
20685,2013-10-01,41168.64337265103
20685,2013-11-01,43472.25254448044
20685,2013-12-01,47076.09266254755
20685,2014-01-01,51481.7379169553
20685,2014-02-01,50292.78655881766
20685,2014-03-01,47892.20795099741
20685,2014-04-01,44501.85142864653
20685,2014-05-01,44420.0889623919
20685,2014-06-01,42421.59722350881
20685,2014-07-01,41059.50766422847
20685,2014-08-01,44688.149836970246
20685,2014-09-01,45577.496022742904
20685,2014-10-01,43869.540592113575
20685,2014-11-01,42589.18901405168
20685,2014-12-01,41233.23772989011
20685,2015-01-01,46584.05057865138
20685,2015-02-01,37255.53885033119
20685,2015-03-01,41373.92057877344
20685,2015-04-01,38834.02315601896
20685,2015-05-01,36534.661780719296
20685,2015-06-01,36099.822437734125
20685,2015-07-01,36211.657752877276
20685,2015-08-01,34829.019451630906
20685,2015-09-01,36012.567997387014
20685,2015-10-01,34425.1791708351
20685,2015-11-01,34111.89746136109
20685,2015-12-01,32966.798136004145
20685,2016-01-01,30049.881755053466
20685,2016-02-01,29595.88223001663
20685,2016-03-01,30306.529708056234
20685,2016-04-01,30609.230942988463
20685,2016-05-01,29683.916093225605
20685,2016-06-01,30110.233335687048
20685,2016-07-01,30721.807058299502
20685,2016-08-01,27005.193333453375
20685,2016-09-01,27117.515216951244
20685,2016-10-01,26168.28495548342
20685,2016-11-01,28422.724878816007
20685,2016-12-01,29017.533791134978
20685,2017-01-01,28335.723355496943
20685,2017-02-01,28468.46593762725
20685,2017-03-01,27261.695284177746
20685,2017-04-01,29461.874158017305
20685,2017-05-01,27771.2313127852
20685,2017-06-01,29536.54524975592
20685,2017-07-01,26848.29998915522
20685,2017-08-01,25751.021481634387
20685,2017-09-01,25608.22346428422
20685,2017-10-01,27720.98442891536
20685,2017-11-01,25124.50065313495
20685,2017-12-01,26550.029399563467
20685,2018-01-01,26440.48375631951
20685,2018-02-01,26264.971469193304
20685,2018-03-01,27643.140364754723
20685,2018-04-01,28208.66052717334
20685,2018-05-01,29060.218386900102
20685,2018-06-01,27262.674368630098
20685,2018-07-01,27528.75316421807
20685,2018-08-01,30383.783805560637
20685,2018-09-01,26305.55820393725
20685,2018-10-01,26394.623780463025
20685,2018-11-01,27031.021693228333
20685,2018-12-01,31514.42023097165
20685,2019-01-01,26277.485158156727
20685,2019-02-01,29449.073538887173
20685,2019-03-01,27192.447961325583
20685,2019-04-01,25629.993308956713
20685,2019-05-01,27341.65360635132
20685,2019-06-01,29469.55032331618
20685,2019-07-01,25929.17391553804
20685,2019-08-01,26450.850863067713
20685,2019-09-01,28176.411328898797
20685,2019-10-01,29565.962869045783
20685,2019-11-01,30030.7387623067
20685,2019-12-01,28970.609934891967
20685,2020-01-01,29687.556474630434
20685,2020-02-01,30140.84540152508
20685,2020-03-01,30853.083811462904
20685,2020-04-01,34862.27063389942
20685,2020-05-01,36173.03715007952
20685,2020-06-01,35472.46172474904
20685,2020-07-01,53744.65341106877
20685,2020-08-01,53240.091825842785
20685,2020-09-01,53384.134041919046
20685,2020-10-01,42890.866854931046
20685,2020-11-01,48409.233507921286
20685,2020-12-01,42843.896199452334
20685,2021-01-01,37198.602971805405
20685,2021-02-01,42447.25861311185
20685,2021-03-01,44663.09669696499
20685,2021-04-01,47486.339834612874
20685,2021-05-01,46573.34675152898
20685,2021-06-01,45408.181177584505
20685,2021-07-01,57636.7804623443
20685,2021-08-01,45072.22591459964
20685,2021-09-01,46838.39707522122
20685,2021-10-01,44914.4879901678
20685,2021-11-01,44526.51262892991
20685,2021-12-01,43473.52973097104
20685,2022-01-01,46788.68343381641
20685,2022-02-01,46397.490557490244
20685,2022-03-01,48260.19270600822
20685,2022-04-01,47074.122672763
20685,2022-05-01,50784.87317558132
20685,2022-06-01,55966.52741258971
20685,2022-07-01,60685.037310055035
20685,2022-08-01,60704.052722459164
20685,2022-09-01,59200.40360238929
20685,2022-10-01,57696.038394998744
20685,2022-11-01,56514.50700454918
20685,2022-12-01,54113.73660798151
20685,2023-01-01,57671.377408151275
20685,2023-02-01,54656.33160996161
20685,2023-03-01,56943.10038785929
20685,2023-04-01,52995.27010459847
20685,2023-05-01,53153.65173519685
20685,2023-06-01,52852.784133462854
20685,2023-07-01,63192.1274407829
20685,2023-08-01,67020.36858203732
20685,2023-09-01,61009.29395749113
20685,2023-10-01,65363.72636441795
20685,2023-11-01,60634.260836450165
20685,2023-12-01,60709.45492682665
20685,2024-01-01,61596.62883368966
20685,2024-02-01,64553.29812751923
20685,2024-03-01,66044.76758314736
20685,2024-04-01,65391.44373986536
20685,2024-05-01,64685.71142414726
20685,2024-06-01,62625.47808720155
20685,2024-07-01,58053.15385922854
20685,2024-08-01,64907.75832204901
20685,2024-09-01,64536.943992494
20685,2024-10-01,69019.90308593314
20685,2024-11-01,68385.40038149027
20685,2024-12-01,71295.10409868145
20685,2025-01-01,68936.53230557269
20685,2025-02-01,77028.13534132656
20685,2025-03-01,67095.52240264569
20685,2025-04-01,82298.43676928472
20685,2025-05-01,70671.41522423606
20685,2025-06-01,70850.96463380495
20685,2025-07-01,64950.79932056568
20685,2025-08-01,66330.37474547153
20685,2025-09-01,70625.10020684692
20685,2025-10-01,67561.13032905667
20685,2025-11-01,71974.78703000638
20685,2025-12-01,79210.21827891286
20685,2026-01-01,76413.69995335003
20685,2026-02-01,73841.25283032474
20685,2026-03-01,76717.27859708683
20685,2026-04-01,74646.11591129882
20685,2026-05-01,78877.06644287297
20685,2026-06-01,78842.18190279265
20631,2011-03-01,214306.21756591115
20631,2011-04-01,215979.63641263449
20631,2011-05-01,215989.24779712732
20631,2011-06-01,219567.16124281642
20631,2011-07-01,236100.06800584873
20631,2011-08-01,240700.2770290091
20631,2011-09-01,233474.3422679636
20631,2011-10-01,232070.08701351573
20631,2011-11-01,240011.93003643336
20631,2011-12-01,228144.17472196196
20631,2012-01-01,231187.2771355986
20631,2012-02-01,231843.62856337702
20631,2012-03-01,235291.35020426117
20631,2012-04-01,237034.15896684027
20631,2012-05-01,243973.99609338836
20631,2012-06-01,240045.0155278221
20631,2012-07-01,249180.7444894343
20631,2012-08-01,246251.31727577755
20631,2012-09-01,250492.0826617275
20631,2012-10-01,267686.7715307374
20631,2012-11-01,253861.84384898652
20631,2012-12-01,258600.0831100237
20631,2013-01-01,259803.93859749762
20631,2013-02-01,259850.48219770353
20631,2013-03-01,259850.31331374677
20631,2013-04-01,263036.5898219376
20631,2013-05-01,278932.8945636227
20631,2013-06-01,275983.6898547561
20631,2013-07-01,267329.13178287796
20631,2013-08-01,273974.89750029414
20631,2013-09-01,265302.2923717481
20631,2013-10-01,269408.7547810294
20631,2013-11-01,271488.8018011303
20631,2013-12-01,278178.1555819166
20631,2014-01-01,279951.5238386725
20631,2014-02-01,283489.45533584623
20631,2014-03-01,283158.7713577385
20631,2014-04-01,283803.02144936746
20631,2014-05-01,278716.51278616296
20631,2014-06-01,278379.88502283697
20631,2014-07-01,276903.00622178643
20631,2014-08-01,280062.22361960344
20631,2014-09-01,287376.0545580525
20631,2014-10-01,282574.5629863809
20631,2014-11-01,272980.3683949447
20631,2014-12-01,280206.1966750683
20631,2015-01-01,288366.5033166462
20631,2015-02-01,262329.5791593062
20631,2015-03-01,279817.0374226706
20631,2015-04-01,280260.1550430349
20631,2015-05-01,274674.781362447
20631,2015-06-01,275093.6824936334
20631,2015-07-01,273123.21754911117
20631,2015-08-01,269195.0709805185
20631,2015-09-01,274726.22695627593
20631,2015-10-01,265811.13149006705
20631,2015-11-01,264190.1473137477
20631,2015-12-01,263331.95292190183
20631,2016-01-01,253640.720539244
20631,2016-02-01,255589.822580068
20631,2016-03-01,251718.19975214417
20631,2016-04-01,248947.0798877043
20631,2016-05-01,251680.4212201106
20631,2016-06-01,250459.01708681462
20631,2016-07-01,250278.2413106811
20631,2016-08-01,244139.10523760557
20631,2016-09-01,246763.1325035819
20631,2016-10-01,250859.19892496234
20631,2016-11-01,252429.80710581806
20631,2016-12-01,245113.62638492705
20631,2017-01-01,250832.25084722484
20631,2017-02-01,233966.13594141623
20631,2017-03-01,260401.72740701013
20631,2017-04-01,254027.5158745731
20631,2017-05-01,253911.42476752817
20631,2017-06-01,267180.62497288734
20631,2017-07-01,256576.6690347615
20631,2017-08-01,257418.32246543048
20631,2017-09-01,257152.1272098528
20631,2017-10-01,264104.6858116584
20631,2017-11-01,266052.32856520574
20631,2017-12-01,273851.69686698855
20631,2018-01-01,277660.5203873215
20631,2018-02-01,281976.7328247359
20631,2018-03-01,282676.4437871069
20631,2018-04-01,283279.8012786027
20631,2018-05-01,285160.6693408569
20631,2018-06-01,286203.5312986215
20631,2018-07-01,286806.24488446163
20631,2018-08-01,298033.06699007726
20631,2018-09-01,292557.0605786615
20631,2018-10-01,298134.2832436997
20631,2018-11-01,303981.1950649889
20631,2018-12-01,310337.0067092007
20631,2019-01-01,313218.9576956775
20631,2019-02-01,314401.988584533
20631,2019-03-01,313923.09859745554
20631,2019-04-01,314551.8865535
20631,2019-05-01,326074.5478111533
20631,2019-06-01,331738.6911495221
20631,2019-07-01,328148.4274879388
20631,2019-08-01,330315.23557816865
20631,2019-09-01,332634.72515656904
20631,2019-10-01,335832.53982929664
20631,2019-11-01,344745.2796663658
20631,2019-12-01,361906.11847552954
20631,2020-01-01,355788.1921597351
20631,2020-02-01,372500.17046784377
20631,2020-03-01,383275.07385090017
20631,2020-04-01,316962.5448479551
20631,2020-05-01,302287.40713462536
20631,2020-06-01,316081.0190295178
20631,2020-07-01,342268.3401716025
20631,2020-08-01,351958.4034572213
20631,2020-09-01,362131.01820056385
20631,2020-10-01,362929.30655005074
20631,2020-11-01,377252.927864193
20631,2020-12-01,357561.5995971598
20631,2021-01-01,350269.123658113
20631,2021-02-01,372283.27196817094
20631,2021-03-01,384771.60960212373
20631,2021-04-01,404231.8694381894
20631,2021-05-01,412266.81604706234
20631,2021-06-01,423307.978720734
20631,2021-07-01,431417.9071900557
20631,2021-08-01,430314.15877697454
20631,2021-09-01,443573.1950072877
20631,2021-10-01,457611.9811475736
20631,2021-11-01,468295.8839434607
20631,2021-12-01,440777.2872850512
20631,2022-01-01,471828.9831264936
20631,2022-02-01,467365.32771874213
20631,2022-03-01,516612.34969058685
20631,2022-04-01,513344.6093454278
20631,2022-05-01,514162.68162242253
20631,2022-06-01,511836.45050535945
20631,2022-07-01,523891.11857472913
20631,2022-08-01,528230.3228382282
20631,2022-09-01,527346.1223026098
20631,2022-10-01,543323.8149047624
20631,2022-11-01,507625.1704468041
20631,2022-12-01,497468.60015472706
20631,2023-01-01,511466.9588687518
20631,2023-02-01,497194.03944754886
20631,2023-03-01,498083.69038713607
20631,2023-04-01,492553.9032702372
20631,2023-05-01,505851.1758577322
20631,2023-06-01,511785.62381192984
20631,2023-07-01,516336.3131385792
20631,2023-08-01,525481.6001342029
20631,2023-09-01,538516.1072784943
20631,2023-10-01,540545.9892383582
20631,2023-11-01,550861.3165442686
20631,2023-12-01,559815.2441227898
20631,2024-01-01,570844.76870012
20631,2024-02-01,580292.4711235185
20631,2024-03-01,575994.2013920557
20631,2024-04-01,556264.7079740708
20631,2024-05-01,575248.4766091182
20631,2024-06-01,601748.8312842542
20631,2024-07-01,605624.2879593129
20631,2024-08-01,612583.0720690731
20631,2024-09-01,606308.48512227
20631,2024-10-01,616338.0299433159
20631,2024-11-01,627847.4285630308
20631,2024-12-01,630054.4437033547
20631,2025-01-01,628689.8563880108
20631,2025-02-01,643439.1458169271
20631,2025-03-01,642804.1996544213
20631,2025-04-01,665518.5344871033
20631,2025-05-01,654158.9076813257
20631,2025-06-01,640990.0480916078
20631,2025-07-01,639969.0576533695
20631,2025-08-01,644226.6098271888
20631,2025-09-01,656011.8254560328
20631,2025-10-01,662085.6103647773
20631,2025-11-01,659364.4177214833
20631,2025-12-01,699483.3553035805
20631,2026-01-01,708845.5305402429
20631,2026-02-01,697538.8979076885
20631,2026-03-01,704707.1723886502
20631,2026-04-01,715423.4843536413
20631,2026-05-01,727641.4562626242
20631,2026-06-01,729170.3724560065
20632,2011-03-01,122142.06456262265
20632,2011-04-01,124110.89198381458
20632,2011-05-01,124056.84109714662
20632,2011-06-01,123202.64219320347
20632,2011-07-01,136460.8447296008
20632,2011-08-01,140284.20570641852
20632,2011-09-01,128810.7380646586
20632,2011-10-01,131577.75780860215
20632,2011-11-01,138270.54181902957
20632,2011-12-01,127504.25968330119
20632,2012-01-01,131145.1036857161
20632,2012-02-01,129298.96982684026
20632,2012-03-01,132220.902569778
20632,2012-04-01,135596.4367502064
20632,2012-05-01,139484.04807571243
20632,2012-06-01,135027.662607812
20632,2012-07-01,146122.39182271712
20632,2012-08-01,141726.31252774852
20632,2012-09-01,142915.184336843
20632,2012-10-01,153338.44717925374
20632,2012-11-01,143173.80861366127
20632,2012-12-01,145458.7586141649
20632,2013-01-01,143531.3686409146
20632,2013-02-01,145067.42984612458
20632,2013-03-01,142366.3800013531
20632,2013-04-01,142903.2674267788
20632,2013-05-01,158082.07868953186
20632,2013-06-01,153031.03257261877
20632,2013-07-01,143952.41293293488
20632,2013-08-01,147516.72821182018
20632,2013-09-01,143585.12144839324
20632,2013-10-01,146926.51000626382
20632,2013-11-01,148592.05415662323
20632,2013-12-01,149129.86927855265
20632,2014-01-01,150697.30143660418
20632,2014-02-01,152979.0141620645
20632,2014-03-01,153234.69029356493
20632,2014-04-01,151149.4719410526
20632,2014-05-01,145848.8661072079
20632,2014-06-01,147183.19666128256
20632,2014-07-01,143575.1259277059
20632,2014-08-01,145350.65247778967
20632,2014-09-01,148458.16448077527
20632,2014-10-01,142740.82996645718
20632,2014-11-01,142831.61720086724
20632,2014-12-01,143644.29563005504
20632,2015-01-01,148340.30157531204
20632,2015-02-01,134280.2928661634
20632,2015-03-01,144629.2461331014
20632,2015-04-01,146108.19965703235
20632,2015-05-01,144284.4115028381
20632,2015-06-01,144549.29004042788
20632,2015-07-01,143158.53502148317
20632,2015-08-01,136835.1077960718
20632,2015-09-01,142012.2604036339
20632,2015-10-01,139055.67936092563
20632,2015-11-01,137010.04556040012
20632,2015-12-01,135686.5687671878
20632,2016-01-01,129082.81804709416
20632,2016-02-01,126162.62255376433
20632,2016-03-01,124707.66227630796
20632,2016-04-01,122508.03633301228
20632,2016-05-01,125286.74780206796
20632,2016-06-01,121448.74811374827
20632,2016-07-01,121288.34003151933
20632,2016-08-01,114519.33987819102
20632,2016-09-01,120785.30948033843
20632,2016-10-01,120641.69153365189
20632,2016-11-01,120460.65739324434
20632,2016-12-01,113239.11726432707
20632,2017-01-01,118354.35989553499
20632,2017-02-01,106906.3599922094
20632,2017-03-01,118563.96839709363
20632,2017-04-01,117042.59007278367
20632,2017-05-01,114019.31178980901
20632,2017-06-01,124933.13993175283
20632,2017-07-01,115191.77749552441
20632,2017-08-01,117101.54122300647
20632,2017-09-01,115732.31888616238
20632,2017-10-01,121079.08391939753
20632,2017-11-01,122666.68488221678
20632,2017-12-01,127959.00876414638
20632,2018-01-01,125686.5981916328
20632,2018-02-01,132469.94647543054
20632,2018-03-01,130168.69655741133
20632,2018-04-01,134152.54792705306
20632,2018-05-01,132648.82695314346
20632,2018-06-01,133044.09136049915
20632,2018-07-01,135071.5353650565
20632,2018-08-01,138794.24783166996
20632,2018-09-01,134918.10022858987
20632,2018-10-01,138639.0798767544
20632,2018-11-01,135395.3322240593
20632,2018-12-01,143107.95873939223
20632,2019-01-01,143014.26473450215
20632,2019-02-01,141810.24307898676
20632,2019-03-01,140319.54832553846
20632,2019-04-01,138706.76277947793
20632,2019-05-01,149049.72809401626
20632,2019-06-01,150908.34720277763
20632,2019-07-01,146556.51773671276
20632,2019-08-01,149313.72768067537
20632,2019-09-01,151778.81447657297
20632,2019-10-01,151921.0419681307
20632,2019-11-01,160217.98681617118
20632,2019-12-01,162720.757163089
20632,2020-01-01,156397.58905473977
20632,2020-02-01,167093.53785786603
20632,2020-03-01,202215.80313645632
20632,2020-04-01,163850.46772715775
20632,2020-05-01,147777.6667941245
20632,2020-06-01,146890.16906373814
20632,2020-07-01,168823.33562564728
20632,2020-08-01,167857.95874136526
20632,2020-09-01,168396.3718306149
20632,2020-10-01,159490.52731624336
20632,2020-11-01,172927.3100743463
20632,2020-12-01,154085.96825297762
20632,2021-01-01,148279.58600820764
20632,2021-02-01,162859.3832484309
20632,2021-03-01,178429.18287922672
20632,2021-04-01,183585.4325119271
20632,2021-05-01,182700.60599343508
20632,2021-06-01,187650.28290421137
20632,2021-07-01,195187.18195603814
20632,2021-08-01,187886.84973322242
20632,2021-09-01,197770.06619139417
20632,2021-10-01,205547.08666629274
20632,2021-11-01,207639.70824088942
20632,2021-12-01,193205.5409822661
20632,2022-01-01,217707.99434430266
20632,2022-02-01,218540.82478257
20632,2022-03-01,235393.60672206606
20632,2022-04-01,229295.66760500165
20632,2022-05-01,230748.60746009467
20632,2022-06-01,223333.6574344352
20632,2022-07-01,230755.1922419181
20632,2022-08-01,237130.51498487793
20632,2022-09-01,230128.19843170632
20632,2022-10-01,234423.1168422881
20632,2022-11-01,228056.36732592343
20632,2022-12-01,221153.0794813194
20632,2023-01-01,229724.09485961404
20632,2023-02-01,219848.60713253476
20632,2023-03-01,215893.41347430076
20632,2023-04-01,215559.5690419085
20632,2023-05-01,219432.70569332893
20632,2023-06-01,227655.99777685173
20632,2023-07-01,223682.1126082309
20632,2023-08-01,227410.3833630187
20632,2023-09-01,237274.98948163283
20632,2023-10-01,235777.36068211554
20632,2023-11-01,239646.16469013176
20632,2023-12-01,246904.34915865582
20632,2024-01-01,246943.56930190747
20632,2024-02-01,251994.60078385784
20632,2024-03-01,255314.58411910047
20632,2024-04-01,247883.84195275386
20632,2024-05-01,243400.35676369342
20632,2024-06-01,272160.1912343478
20632,2024-07-01,272411.6993195246
20632,2024-08-01,280836.25463431765
20632,2024-09-01,273341.28372097947
20632,2024-10-01,282651.65211314126
20632,2024-11-01,285396.3968506249
20632,2024-12-01,286555.5233438526
20632,2025-01-01,284567.7682933133
20632,2025-02-01,292232.8934444668
20632,2025-03-01,284868.0174511702
20632,2025-04-01,310998.598663361
20632,2025-05-01,298477.44453960337
20632,2025-06-01,280478.41161632387
20632,2025-07-01,288415.7119027593
20632,2025-08-01,283810.0869022317
20632,2025-09-01,295656.4082005719
20632,2025-10-01,291386.3645477888
20632,2025-11-01,280923.16580999864
20632,2025-12-01,321407.20643292606
20632,2026-01-01,328971.41358293116
20632,2026-02-01,318530.71342572477
20632,2026-03-01,319092.0374697746
20632,2026-04-01,333117.1536800516
20632,2026-05-01,333227.9064744109
20632,2026-06-01,338693.7697838913
20633,2011-03-01,91979.19919893755
20633,2011-04-01,91468.84744803183
20633,2011-05-01,92908.25657365697
20633,2011-06-01,96219.4232308183
20633,2011-07-01,99431.3522928936
20633,2011-08-01,100965.2161114364
20633,2011-09-01,104478.90080920313
20633,2011-10-01,100732.54609391339
20633,2011-11-01,102127.21171059246
20633,2011-12-01,100044.98538263807
20633,2012-01-01,100429.05028787241
20633,2012-02-01,102291.18776395221
20633,2012-03-01,102128.8227735878
20633,2012-04-01,102344.21952774959
20633,2012-05-01,104829.77518544836
20633,2012-06-01,104542.38698643396
20633,2012-07-01,104122.43320416001
20633,2012-08-01,104329.46267101426
20633,2012-09-01,107162.60431596877
20633,2012-10-01,114610.4283345283
20633,2012-11-01,110951.02197161768
20633,2012-12-01,113135.34685202791
20633,2013-01-01,115714.7678460895
20633,2013-02-01,115190.84913834435
20633,2013-03-01,117251.01378403638
20633,2013-04-01,120082.36015812286
20633,2013-05-01,121498.37212758414
20633,2013-06-01,122825.61102703885
20633,2013-07-01,123651.64350064196
20633,2013-08-01,125816.90815998371
20633,2013-09-01,121494.37458036067
20633,2013-10-01,122808.05021402499
20633,2013-11-01,123009.69679029638
20633,2013-12-01,130696.67968500018
20633,2014-01-01,128967.10076900452
20633,2014-02-01,130871.5185475116
20633,2014-03-01,129669.86065878153
20633,2014-04-01,132768.9178314355
20633,2014-05-01,132850.04319939564
20633,2014-06-01,131985.7770749289
20633,2014-07-01,133728.5488300375
20633,2014-08-01,133845.07487555174
20633,2014-09-01,138009.99336052258
20633,2014-10-01,139157.2592031971
20633,2014-11-01,130146.56184687614
20633,2014-12-01,137178.0935997334
20633,2015-01-01,139460.13259487017
20633,2015-02-01,128784.03446536209
20633,2015-03-01,135020.471837786
20633,2015-04-01,133854.42965039416
20633,2015-05-01,130859.0776932603
20633,2015-06-01,131150.63427947648
20633,2015-07-01,130406.50738655386
20633,2015-08-01,131504.5955981625
20633,2015-09-01,131109.21266382776
20633,2015-10-01,126876.62521152764
20633,2015-11-01,127438.35684666385
20633,2015-12-01,127404.1582456009
20633,2016-01-01,124874.00926689216
20633,2016-02-01,130162.84365974147
20633,2016-03-01,126450.43693876555
20633,2016-04-01,126077.82346550048
20633,2016-05-01,127282.8431044146
20633,2016-06-01,128769.35212177044
20633,2016-07-01,129370.79120473794
20633,2016-08-01,128573.36340630666
20633,2016-09-01,125574.43274830896
20633,2016-10-01,130920.0032307585
20633,2016-11-01,132104.25444208473
20633,2016-12-01,132284.80473163814
20633,2017-01-01,132430.11393701326
20633,2017-02-01,126815.21061523762
20633,2017-03-01,141454.593251288
20633,2017-04-01,137207.74905102482
20633,2017-05-01,140058.45361635924
20633,2017-06-01,142320.39265224224
20633,2017-07-01,141567.48389364607
20633,2017-08-01,139612.04320830788
20633,2017-09-01,140828.77786834238
20633,2017-10-01,143932.4050907963
20633,2017-11-01,143662.05983109024
20633,2017-12-01,145877.60550997237
20633,2018-01-01,151106.99833237584
20633,2018-02-01,149071.11254873557
20633,2018-03-01,151864.04544643973
20633,2018-04-01,149229.95166480896
20633,2018-05-01,152768.1607186994
20633,2018-06-01,152289.48974855326
20633,2018-07-01,153714.7076166121
20633,2018-08-01,158857.1670225609
20633,2018-09-01,157883.45019629865
20633,2018-10-01,159981.19456963532
20633,2018-11-01,168851.97111711025
20633,2018-12-01,166987.79919942687
20633,2019-01-01,168022.77449206368
20633,2019-02-01,171021.14635787785
20633,2019-03-01,173251.62314063316
20633,2019-04-01,175557.96626745322
20633,2019-05-01,177801.52547548705
20633,2019-06-01,180746.63167390475
20633,2019-07-01,183213.71166937618
20633,2019-08-01,181629.31544302314
20633,2019-09-01,182216.94807022094
20633,2019-10-01,184554.08297949674
20633,2019-11-01,184902.4568619717
20633,2019-12-01,200900.23309132893
20633,2020-01-01,195919.75479013385
20633,2020-02-01,203513.43780328095
20633,2020-03-01,177939.61945156258
20633,2020-04-01,152269.42994199353
20633,2020-05-01,155534.7789280639
20633,2020-06-01,169631.45588721073
20633,2020-07-01,175957.23678067414
20633,2020-08-01,186129.25859101332
20633,2020-09-01,195206.07237306284
20633,2020-10-01,202784.24456720764
20633,2020-11-01,203850.75461657785
20633,2020-12-01,204184.88640701518
20633,2021-01-01,196799.94777326257
20633,2021-02-01,208259.81274167064
20633,2021-03-01,204860.6926193834
20633,2021-04-01,221944.41152902116
20633,2021-05-01,230365.23362685984
20633,2021-06-01,236690.900143037
20633,2021-07-01,239324.48277629554
20633,2021-08-01,245381.11616393394
20633,2021-09-01,246782.58252148726
20633,2021-10-01,250199.37927306315
20633,2021-11-01,258721.63774989118
20633,2021-12-01,246241.45013495744
20633,2022-01-01,249453.38307168218
20633,2022-02-01,248954.1114379306
20633,2022-03-01,279965.43141853093
20633,2022-04-01,285931.4130767405
20633,2022-05-01,283869.02297074
20633,2022-06-01,289588.4144212631
20633,2022-07-01,296292.54978890636
20633,2022-08-01,293727.5065421992
20633,2022-09-01,301193.76786513784
20633,2022-10-01,307312.4269569117
20633,2022-11-01,276361.8499191326
20633,2022-12-01,273429.86107612227
20633,2023-01-01,277414.47394632007
20633,2023-02-01,278572.5969543349
20633,2023-03-01,281326.78217128053
20633,2023-04-01,280980.4229088462
20633,2023-05-01,284846.8270959554
20633,2023-06-01,285703.60606752033
20633,2023-07-01,293867.52113467915
20633,2023-08-01,300423.9004731905
20633,2023-09-01,303236.2608441563
20633,2023-10-01,303914.6109096691
20633,2023-11-01,305834.6198338747
20633,2023-12-01,311152.3278861015
20633,2024-01-01,320161.239346255
20633,2024-02-01,330553.1176791349
20633,2024-03-01,321278.6926074129
20633,2024-04-01,313680.5318199062
20633,2024-05-01,329645.7528218749
20633,2024-06-01,329764.11228490464
20633,2024-07-01,333532.96783879807
20633,2024-08-01,334028.9980774066
20633,2024-09-01,336288.5097033687
20633,2024-10-01,333642.9353958163
20633,2024-11-01,336583.02977015125
20633,2024-12-01,344600.28426120646
20633,2025-01-01,343756.6247030156
20633,2025-02-01,353141.9820983253
20633,2025-03-01,359677.5012781136
20633,2025-04-01,362267.2815706614
20633,2025-05-01,350844.20621706574
20633,2025-06-01,361094.39643571834
20633,2025-07-01,351282.6969451035
20633,2025-08-01,362033.31693083164
20633,2025-09-01,362337.8568895046
20633,2025-10-01,368583.66360248066
20633,2025-11-01,369814.431305749
20633,2025-12-01,376693.55331482505
20633,2026-01-01,381978.2595802441
20633,2026-02-01,381531.93684901565
20633,2026-03-01,388509.4239435794
20633,2026-04-01,387736.08576414624
20633,2026-05-01,389798.55465501663
20633,2026-06-01,388859.30300198786
