codigo,date,value
20631,2011-03-01,215654
20631,2011-04-01,203722
20631,2011-05-01,227829
20631,2011-06-01,229876
20631,2011-07-01,222347
20631,2011-08-01,249440
20631,2011-09-01,233041
20631,2011-10-01,222498
20631,2011-11-01,241472
20631,2011-12-01,269534
20631,2012-01-01,214365
20631,2012-02-01,204149
20631,2012-03-01,241689
20631,2012-04-01,232678
20631,2012-05-01,255850
20631,2012-06-01,244247
20631,2012-07-01,242241
20631,2012-08-01,254479
20631,2012-09-01,235073
20631,2012-10-01,272112
20631,2012-11-01,255426
20631,2012-12-01,291095
20631,2013-01-01,239819
20631,2013-02-01,226940
20631,2013-03-01,253933
20631,2013-04-01,269919
20631,2013-05-01,286345
20631,2013-06-01,279021
20631,2013-07-01,266388
20631,2013-08-01,272234
20631,2013-09-01,268929
20631,2013-10-01,283598
20631,2013-11-01,273359
20631,2013-12-01,324520
20631,2014-01-01,259256
20631,2014-02-01,261176
20631,2014-03-01,270135
20631,2014-04-01,274965
20631,2014-05-01,282194
20631,2014-06-01,285973
20631,2014-07-01,274099
20631,2014-08-01,271684
20631,2014-09-01,296118
20631,2014-10-01,295952
20631,2014-11-01,275473
20631,2014-12-01,337436
20631,2015-01-01,258839
20631,2015-02-01,229956
20631,2015-03-01,291616
20631,2015-04-01,270336
20631,2015-05-01,268849
20631,2015-06-01,289575
20631,2015-07-01,271218
20631,2015-08-01,260616
20631,2015-09-01,275624
20631,2015-10-01,261855
20631,2015-11-01,267515
20631,2015-12-01,313109
20631,2016-01-01,221425
20631,2016-02-01,226411
20631,2016-03-01,260522
20631,2016-04-01,240158
20631,2016-05-01,255121
20631,2016-06-01,267857
20631,2016-07-01,234920
20631,2016-08-01,252338
20631,2016-09-01,247979
20631,2016-10-01,241387
20631,2016-11-01,256665
20631,2016-12-01,290110
20631,2017-01-01,232575
20631,2017-02-01,207853
20631,2017-03-01,275100
20631,2017-04-01,228445
20631,2017-05-01,261921
20631,2017-06-01,278989
20631,2017-07-01,241546
20631,2017-08-01,266618
20631,2017-09-01,252554
20631,2017-10-01,264644
20631,2017-11-01,271685
20631,2017-12-01,306755
20631,2018-01-01,256896
20631,2018-02-01,246238
20631,2018-03-01,283413
20631,2018-04-01,281882
20631,2018-05-01,285878
20631,2018-06-01,294885
20631,2018-07-01,281671
20631,2018-08-01,312505
20631,2018-09-01,278790
20631,2018-10-01,304757
20631,2018-11-01,311115
20631,2018-12-01,344330
20631,2019-01-01,287558
20631,2019-02-01,287683
20631,2019-03-01,301338
20631,2019-04-01,308542
20631,2019-05-01,333963
20631,2019-06-01,323147
20631,2019-07-01,333542
20631,2019-08-01,337146
20631,2019-09-01,344982
20631,2019-10-01,355781
20631,2019-11-01,352886
20631,2019-12-01,410152
20631,2020-01-01,327082
20631,2020-02-01,313026
20631,2020-03-01,400907
20631,2020-04-01,301979
20631,2020-05-01,290783
20631,2020-06-01,326593
20631,2020-07-01,350054
20631,2020-08-01,352567
20631,2020-09-01,375072
20631,2020-10-01,359146
20631,2020-11-01,385113
20631,2020-12-01,408096
20631,2021-01-01,302714
20631,2021-02-01,320287
20631,2021-03-01,414095
20631,2021-04-01,386567
20631,2021-05-01,410255
20631,2021-06-01,436014
20631,2021-07-01,428075
20631,2021-08-01,447845
20631,2021-09-01,461938
20631,2021-10-01,443848
20631,2021-11-01,476407
20631,2021-12-01,519009
20631,2022-01-01,424575
20631,2022-02-01,417717
20631,2022-03-01,532919
20631,2022-04-01,479233
20631,2022-05-01,524584
20631,2022-06-01,525086
20631,2022-07-01,509408
20631,2022-08-01,563884
20631,2022-09-01,551846
20631,2022-10-01,524754
20631,2022-11-01,513115
20631,2022-12-01,557331
20631,2023-01-01,474887
20631,2023-02-01,429117
20631,2023-03-01,536836
20631,2023-04-01,445177
20631,2023-05-01,515946
20631,2023-06-01,525737
20631,2023-07-01,499759
20631,2023-08-01,557367
20631,2023-09-01,547613
20631,2023-10-01,541900
20631,2023-11-01,552939
20631,2023-12-01,597771
20631,2024-01-01,534315
20631,2024-02-01,505789
20631,2024-03-01,569569
20631,2024-04-01,568430
20631,2024-05-01,575116
20631,2024-06-01,594147
20631,2024-07-01,620348
20631,2024-08-01,627050
20631,2024-09-01,639146
20631,2024-10-01,649340
20631,2024-11-01,620293
20631,2024-12-01,699427
20631,2025-01-01,591893
20631,2025-02-01,590966
20631,2025-03-01,620474
20631,2025-04-01,644574
20631,2025-05-01,648239
20631,2025-06-01,641196
20631,2025-07-01,649848
20631,2025-08-01,643637
20631,2025-09-01,700052
20631,2025-10-01,691661
20631,2025-11-01,652031
20631,2025-12-01,803912
20631,2026-01-01,649333
20631,2026-02-01,610149
20631,2026-03-01,742224
20631,2026-04-01,692993
20631,2026-05-01,701395
20631,2026-06-01,747095
20632,2011-03-01,125022
20632,2011-04-01,117618
20632,2011-05-01,129405
20632,2011-06-01,132130
20632,2011-07-01,126754
20632,2011-08-01,142386
20632,2011-09-01,130645
20632,2011-10-01,124212
20632,2011-11-01,137630
20632,2011-12-01,159451
20632,2012-01-01,116230
20632,2012-02-01,111611
20632,2012-03-01,139145
20632,2012-04-01,131809
20632,2012-05-01,145295
20632,2012-06-01,141554
20632,2012-07-01,138465
20632,2012-08-01,144480
20632,2012-09-01,135395
20632,2012-10-01,153143
20632,2012-11-01,142492
20632,2012-12-01,170949
20632,2013-01-01,127211
20632,2013-02-01,123998
20632,2013-03-01,141905
20632,2013-04-01,146897
20632,2013-05-01,161491
20632,2013-06-01,158983
20632,2013-07-01,139467
20632,2013-08-01,144535
20632,2013-09-01,146644
20632,2013-10-01,152882
20632,2013-11-01,147921
20632,2013-12-01,182550
20632,2014-01-01,134224
20632,2014-02-01,138178
20632,2014-03-01,148742
20632,2014-04-01,147357
20632,2014-05-01,147310
20632,2014-06-01,154263
20632,2014-07-01,138200
20632,2014-08-01,138610
20632,2014-09-01,155374
20632,2014-10-01,148188
20632,2014-11-01,142360
20632,2014-12-01,182884
20632,2015-01-01,127719
20632,2015-02-01,115217
20632,2015-03-01,154519
20632,2015-04-01,140443
20632,2015-05-01,139817
20632,2015-06-01,155896
20632,2015-07-01,137764
20632,2015-08-01,128975
20632,2015-09-01,146593
20632,2015-10-01,136153
20632,2015-11-01,136433
20632,2015-12-01,172212
20632,2016-01-01,107081
20632,2016-02-01,108934
20632,2016-03-01,133160
20632,2016-04-01,119113
20632,2016-05-01,124874
20632,2016-06-01,134161
20632,2016-07-01,109861
20632,2016-08-01,115518
20632,2016-09-01,124094
20632,2016-10-01,113023
20632,2016-11-01,119955
20632,2016-12-01,145311
20632,2017-01-01,103440
20632,2017-02-01,93635
20632,2017-03-01,130267
20632,2017-04-01,104508
20632,2017-05-01,116513
20632,2017-06-01,134972
20632,2017-07-01,103583
20632,2017-08-01,119336
20632,2017-09-01,116353
20632,2017-10-01,117690
20632,2017-11-01,121997
20632,2017-12-01,156386
20632,2018-01-01,110027
20632,2018-02-01,114345
20632,2018-03-01,135980
20632,2018-04-01,132596
20632,2018-05-01,131160
20632,2018-06-01,142463
20632,2018-07-01,126993
20632,2018-08-01,143241
20632,2018-09-01,130191
20632,2018-10-01,136620
20632,2018-11-01,134463
20632,2018-12-01,170266
20632,2019-01-01,123927
20632,2019-02-01,128877
20632,2019-03-01,141651
20632,2019-04-01,135292
20632,2019-05-01,151259
20632,2019-06-01,151511
20632,2019-07-01,143206
20632,2019-08-01,149955
20632,2019-09-01,158531
20632,2019-10-01,156063
20632,2019-11-01,158607
20632,2019-12-01,197795
20632,2020-01-01,136720
20632,2020-02-01,139105
20632,2020-03-01,222571
20632,2020-04-01,155083
20632,2020-05-01,140475
20632,2020-06-01,155954
20632,2020-07-01,167514
20632,2020-08-01,162733
20632,2020-09-01,178663
20632,2020-10-01,154617
20632,2020-11-01,170908
20632,2020-12-01,189332
20632,2021-01-01,121829
20632,2021-02-01,138130
20632,2021-03-01,203291
20632,2021-04-01,174292
20632,2021-05-01,178912
20632,2021-06-01,200054
20632,2021-07-01,188014
20632,2021-08-01,189127
20632,2021-09-01,208992
20632,2021-10-01,193742
20632,2021-11-01,205002
20632,2021-12-01,245662
20632,2022-01-01,185292
20632,2022-02-01,192368
20632,2022-03-01,257795
20632,2022-04-01,211435
20632,2022-05-01,233711
20632,2022-06-01,237261
20632,2022-07-01,217421
20632,2022-08-01,244542
20632,2022-09-01,245787
20632,2022-10-01,218632
20632,2022-11-01,224925
20632,2022-12-01,268687
20632,2023-01-01,202203
20632,2023-02-01,185439
20632,2023-03-01,247408
20632,2023-04-01,189555
20632,2023-05-01,224848
20632,2023-06-01,243489
20632,2023-07-01,207839
20632,2023-08-01,234528
20632,2023-09-01,246787
20632,2023-10-01,229029
20632,2023-11-01,235702
20632,2023-12-01,286894
20632,2024-01-01,219926
20632,2024-02-01,214350
20632,2024-03-01,264161
20632,2024-04-01,247448
20632,2024-05-01,245576
20632,2024-06-01,280315
20632,2024-07-01,268876
20632,2024-08-01,279944
20632,2024-09-01,291116
20632,2024-10-01,290629
20632,2024-11-01,277465
20632,2024-12-01,340808
20632,2025-01-01,254132
20632,2025-02-01,262741
20632,2025-03-01,283032
20632,2025-04-01,295572
20632,2025-05-01,300034
20632,2025-06-01,291040
20632,2025-07-01,284467
20632,2025-08-01,276003
20632,2025-09-01,321483
20632,2025-10-01,298284
20632,2025-11-01,273963
20632,2025-12-01,396435
20632,2026-01-01,284930
20632,2026-02-01,272262
20632,2026-03-01,344941
20632,2026-04-01,314286
20632,2026-05-01,324303
20632,2026-06-01,362028
20633,2011-03-01,90632
20633,2011-04-01,86104
20633,2011-05-01,98424
20633,2011-06-01,97746
20633,2011-07-01,95593
20633,2011-08-01,107054
20633,2011-09-01,102395
20633,2011-10-01,98285
20633,2011-11-01,103843
20633,2011-12-01,110083
20633,2012-01-01,98134
20633,2012-02-01,92539
20633,2012-03-01,102544
20633,2012-04-01,100869
20633,2012-05-01,110556
20633,2012-06-01,102693
20633,2012-07-01,103776
20633,2012-08-01,109999
20633,2012-09-01,99678
20633,2012-10-01,118968
20633,2012-11-01,112933
20633,2012-12-01,120146
20633,2013-01-01,112607
20633,2013-02-01,102942
20633,2013-03-01,112028
20633,2013-04-01,123023
20633,2013-05-01,124855
20633,2013-06-01,120039
20633,2013-07-01,126921
20633,2013-08-01,127699
20633,2013-09-01,122285
20633,2013-10-01,130716
20633,2013-11-01,125438
20633,2013-12-01,141970
20633,2014-01-01,125032
20633,2014-02-01,122998
20633,2014-03-01,121393
20633,2014-04-01,127608
20633,2014-05-01,134884
20633,2014-06-01,131710
20633,2014-07-01,135899
20633,2014-08-01,133073
20633,2014-09-01,140744
20633,2014-10-01,147764
20633,2014-11-01,133114
20633,2014-12-01,154552
20633,2015-01-01,131121
20633,2015-02-01,114739
20633,2015-03-01,137096
20633,2015-04-01,129893
20633,2015-05-01,129031
20633,2015-06-01,133680
20633,2015-07-01,133454
20633,2015-08-01,131641
20633,2015-09-01,129031
20633,2015-10-01,125702
20633,2015-11-01,131082
20633,2015-12-01,140898
20633,2016-01-01,114344
20633,2016-02-01,117477
20633,2016-03-01,127363
20633,2016-04-01,121045
20633,2016-05-01,130247
20633,2016-06-01,133696
20633,2016-07-01,125059
20633,2016-08-01,136820
20633,2016-09-01,123885
20633,2016-10-01,128364
20633,2016-11-01,136710
20633,2016-12-01,144799
20633,2017-01-01,129135
20633,2017-02-01,114218
20633,2017-03-01,144833
20633,2017-04-01,123937
20633,2017-05-01,145407
20633,2017-06-01,144017
20633,2017-07-01,137962
20633,2017-08-01,147282
20633,2017-09-01,136202
20633,2017-10-01,146955
20633,2017-11-01,149689
20633,2017-12-01,150368
20633,2018-01-01,146870
20633,2018-02-01,131893
20633,2018-03-01,147433
20633,2018-04-01,149286
20633,2018-05-01,154719
20633,2018-06-01,152422
20633,2018-07-01,154678
20633,2018-08-01,169264
20633,2018-09-01,148599
20633,2018-10-01,168137
20633,2018-11-01,176652
20633,2018-12-01,174064
20633,2019-01-01,163631
20633,2019-02-01,158806
20633,2019-03-01,159687
20633,2019-04-01,173250
20633,2019-05-01,182704
20633,2019-06-01,171635
20633,2019-07-01,190336
20633,2019-08-01,187191
20633,2019-09-01,186451
20633,2019-10-01,199718
20633,2019-11-01,194279
20633,2019-12-01,212357
20633,2020-01-01,190362
20633,2020-02-01,173921
20633,2020-03-01,178336
20633,2020-04-01,146895
20633,2020-05-01,150308
20633,2020-06-01,170639
20633,2020-07-01,182540
20633,2020-08-01,189834
20633,2020-09-01,196409
20633,2020-10-01,204528
20633,2020-11-01,214205
20633,2020-12-01,218765
20633,2021-01-01,180884
20633,2021-02-01,182157
20633,2021-03-01,210804
20633,2021-04-01,212275
20633,2021-05-01,231343
20633,2021-06-01,235960
20633,2021-07-01,240061
20633,2021-08-01,258718
20633,2021-09-01,252946
20633,2021-10-01,250107
20633,2021-11-01,271405
20633,2021-12-01,273348
20633,2022-01-01,239283
20633,2022-02-01,225349
20633,2022-03-01,275124
20633,2022-04-01,267797
20633,2022-05-01,290873
20633,2022-06-01,287826
20633,2022-07-01,291986
20633,2022-08-01,319342
20633,2022-09-01,306060
20633,2022-10-01,306122
20633,2022-11-01,288189
20633,2022-12-01,288643
20633,2023-01-01,272683
20633,2023-02-01,243678
20633,2023-03-01,289428
20633,2023-04-01,255622
20633,2023-05-01,291098
20633,2023-06-01,282248
20633,2023-07-01,291920
20633,2023-08-01,322838
20633,2023-09-01,300826
20633,2023-10-01,312870
20633,2023-11-01,317236
20633,2023-12-01,310877
20633,2024-01-01,314388
20633,2024-02-01,291440
20633,2024-03-01,305408
20633,2024-04-01,320982
20633,2024-05-01,329539
20633,2024-06-01,313832
20633,2024-07-01,351472
20633,2024-08-01,347106
20633,2024-09-01,348030
20633,2024-10-01,358711
20633,2024-11-01,342829
20633,2024-12-01,358619
20633,2025-01-01,337762
20633,2025-02-01,328225
20633,2025-03-01,337442
20633,2025-04-01,349001
20633,2025-05-01,348206
20633,2025-06-01,350156
20633,2025-07-01,365381
20633,2025-08-01,367634
20633,2025-09-01,378569
20633,2025-10-01,393377
20633,2025-11-01,378069
20633,2025-12-01,407477
20633,2026-01-01,364403
20633,2026-02-01,337886
20633,2026-03-01,397284
20633,2026-04-01,378707
20633,2026-05-01,377092
20633,2026-06-01,385068
20634,2011-03-01,192480
20634,2011-04-01,181292
20634,2011-05-01,202150
20634,2011-06-01,200623
20634,2011-07-01,193708
20634,2011-08-01,216250
20634,2011-09-01,202974
20634,2011-10-01,195452
20634,2011-11-01,209103
20634,2011-12-01,229394
20634,2012-01-01,192708
20634,2012-02-01,182427
20634,2012-03-01,215826
20634,2012-04-01,207523
20634,2012-05-01,226037
20634,2012-06-01,214348
20634,2012-07-01,210938
20634,2012-08-01,215755
20634,2012-09-01,199684
20634,2012-10-01,231345
20634,2012-11-01,219250
20634,2012-12-01,233730
20634,2013-01-01,210573
20634,2013-02-01,196797
20634,2013-03-01,217079
20634,2013-04-01,229352
20634,2013-05-01,240857
20634,2013-06-01,224480
20634,2013-07-01,228693
20634,2013-08-01,227021
20634,2013-09-01,227163
20634,2013-10-01,239284
20634,2013-11-01,230368
20634,2013-12-01,262220
20634,2014-01-01,220684
20634,2014-02-01,221066
20634,2014-03-01,229414
20634,2014-04-01,233117
20634,2014-05-01,239948
20634,2014-06-01,237567
20634,2014-07-01,232139
20634,2014-08-01,225830
20634,2014-09-01,246191
20634,2014-10-01,247956
20634,2014-11-01,233007
20634,2014-12-01,278564
20634,2015-01-01,225064
20634,2015-02-01,203089
20634,2015-03-01,253029
20634,2015-04-01,233516
20634,2015-05-01,234794
20634,2015-06-01,246950
20634,2015-07-01,234452
20634,2015-08-01,224672
20634,2015-09-01,235886
20634,2015-10-01,226431
20634,2015-11-01,233154
20634,2015-12-01,265343
20634,2016-01-01,200658
20634,2016-02-01,205487
20634,2016-03-01,231281
20634,2016-04-01,211721
20634,2016-05-01,227095
20634,2016-06-01,229664
20634,2016-07-01,205877
20634,2016-08-01,221869
20634,2016-09-01,219440
20634,2016-10-01,216059
20634,2016-11-01,227695
20634,2016-12-01,249582
20634,2017-01-01,212483
20634,2017-02-01,187407
20634,2017-03-01,249510
20634,2017-04-01,202388
20634,2017-05-01,233296
20634,2017-06-01,244643
20634,2017-07-01,215887
20634,2017-08-01,236178
20634,2017-09-01,225178
20634,2017-10-01,236677
20634,2017-11-01,245740
20634,2017-12-01,273365
20634,2018-01-01,237831
20634,2018-02-01,228176
20634,2018-03-01,258876
20634,2018-04-01,256169
20634,2018-05-01,256705
20634,2018-06-01,262969
20634,2018-07-01,254611
20634,2018-08-01,275408
20634,2018-09-01,250461
20634,2018-10-01,275757
20634,2018-11-01,283042
20634,2018-12-01,306775
20634,2019-01-01,268547
20634,2019-02-01,265950
20634,2019-03-01,279649
20634,2019-04-01,284925
20634,2019-05-01,306149
20634,2019-06-01,291892
20634,2019-07-01,305869
20634,2019-08-01,304407
20634,2019-09-01,313317
20634,2019-10-01,322453
20634,2019-11-01,321729
20634,2019-12-01,377766
20634,2020-01-01,306099
20634,2020-02-01,292819
20634,2020-03-01,373701
20634,2020-04-01,270793
20634,2020-05-01,256081
20634,2020-06-01,288533
20634,2020-07-01,290742
20634,2020-08-01,286844
20634,2020-09-01,309169
20634,2020-10-01,312429
20634,2020-11-01,335398
20634,2020-12-01,357854
20634,2021-01-01,277412
20634,2021-02-01,291668
20634,2021-03-01,371615
20634,2021-04-01,347222
20634,2021-05-01,365982
20634,2021-06-01,387320
20634,2021-07-01,365037
20634,2021-08-01,389762
20634,2021-09-01,403138
20634,2021-10-01,396787
20634,2021-11-01,431402
20634,2021-12-01,470192
20634,2022-01-01,392261
20634,2022-02-01,383869
20634,2022-03-01,488538
20634,2022-04-01,440741
20634,2022-05-01,475147
20634,2022-06-01,466101
20634,2022-07-01,444893
20634,2022-08-01,480211
20634,2022-09-01,480610
20634,2022-10-01,464844
20634,2022-11-01,457220
20634,2022-12-01,498648
20634,2023-01-01,433068
20634,2023-02-01,391107
20634,2023-03-01,479935
20634,2023-04-01,402867
20634,2023-05-01,462767
20634,2023-06-01,472450
20634,2023-07-01,432813
20634,2023-08-01,464139
20634,2023-09-01,474207
20634,2023-10-01,471513
20634,2023-11-01,494072
20634,2023-12-01,536395
20634,2024-01-01,487782
20634,2024-02-01,459216
20634,2024-03-01,509080
20634,2024-04-01,510751
20634,2024-05-01,514431
20634,2024-06-01,531711
20634,2024-07-01,555152
20634,2024-08-01,541960
20634,2024-09-01,562186
20634,2024-10-01,567716
20634,2024-11-01,556507
20634,2024-12-01,627758
20634,2025-01-01,540802
20634,2025-02-01,530004
20634,2025-03-01,561467
20634,2025-04-01,573647
20634,2025-05-01,579655
20634,2025-06-01,573132
20634,2025-07-01,577582
20634,2025-08-01,561243
20634,2025-09-01,611116
20634,2025-10-01,610784
20634,2025-11-01,583897
20634,2025-12-01,716461
20634,2026-01-01,593515
20634,2026-02-01,555604
20634,2026-03-01,667750
20634,2026-04-01,628390
20634,2026-05-01,626380
20634,2026-06-01,668369
20635,2011-03-01,111138
20635,2011-04-01,104922
20635,2011-05-01,115169
20635,2011-06-01,115286
20635,2011-07-01,109709
20635,2011-08-01,124513
20635,2011-09-01,114845
20635,2011-10-01,108814
20635,2011-11-01,118129
20635,2011-12-01,132764
20635,2012-01-01,105158
20635,2012-02-01,99526
20635,2012-03-01,125467
20635,2012-04-01,117905
20635,2012-05-01,129483
20635,2012-06-01,126160
20635,2012-07-01,120018
20635,2012-08-01,124494
20635,2012-09-01,115222
20635,2012-10-01,130091
20635,2012-11-01,123423
20635,2012-12-01,132502
20635,2013-01-01,111507
20635,2013-02-01,106469
20635,2013-03-01,121380
20635,2013-04-01,124546
20635,2013-05-01,135857
20635,2013-06-01,127429
20635,2013-07-01,121126
20635,2013-08-01,121301
20635,2013-09-01,124721
20635,2013-10-01,129654
20635,2013-11-01,125335
20635,2013-12-01,143698
20635,2014-01-01,112348
20635,2014-02-01,114829
20635,2014-03-01,124029
20635,2014-04-01,124741
20635,2014-05-01,127985
20635,2014-06-01,129176
20635,2014-07-01,117292
20635,2014-08-01,116285
20635,2014-09-01,129822
20635,2014-10-01,123865
20635,2014-11-01,120617
20635,2014-12-01,148459
20635,2015-01-01,112047
20635,2015-02-01,102067
20635,2015-03-01,133943
20635,2015-04-01,121802
20635,2015-05-01,121545
20635,2015-06-01,132801
20635,2015-07-01,119828
20635,2015-08-01,113589
20635,2015-09-01,125484
20635,2015-10-01,116933
20635,2015-11-01,118519
20635,2015-12-01,143840
20635,2016-01-01,97151
20635,2016-02-01,99433
20635,2016-03-01,118772
20635,2016-04-01,105583
20635,2016-05-01,112566
20635,2016-06-01,115862
20635,2016-07-01,95447
20635,2016-08-01,102841
20635,2016-09-01,110601
20635,2016-10-01,101911
20635,2016-11-01,107195
20635,2016-12-01,126055
20635,2017-01-01,95720
20635,2017-02-01,85414
20635,2017-03-01,120173
20635,2017-04-01,92445
20635,2017-05-01,105398
20635,2017-06-01,120903
20635,2017-07-01,93596
20635,2017-08-01,109656
20635,2017-09-01,106287
20635,2017-10-01,106968
20635,2017-11-01,112314
20635,2017-12-01,139801
20635,2018-01-01,103533
20635,2018-02-01,107978
20635,2018-03-01,126197
20635,2018-04-01,122926
20635,2018-05-01,119829
20635,2018-06-01,130727
20635,2018-07-01,118020
20635,2018-08-01,128992
20635,2018-09-01,121657
20635,2018-10-01,128634
20635,2018-11-01,124684
20635,2018-12-01,151323
20635,2019-01-01,116596
20635,2019-02-01,121315
20635,2019-03-01,134714
20635,2019-04-01,129204
20635,2019-05-01,143706
20635,2019-06-01,141549
20635,2019-07-01,135449
20635,2019-08-01,139675
20635,2019-09-01,149510
20635,2019-10-01,147031
20635,2019-11-01,148568
20635,2019-12-01,187316
20635,2020-01-01,131328
20635,2020-02-01,133934
20635,2020-03-01,214556
20635,2020-04-01,143924
20635,2020-05-01,126535
20635,2020-06-01,141506
20635,2020-07-01,134451
20635,2020-08-01,126946
20635,2020-09-01,142048
20635,2020-10-01,136937
20635,2020-11-01,148627
20635,2020-12-01,168456
20635,2021-01-01,116518
20635,2021-02-01,130776
20635,2021-03-01,191804
20635,2021-04-01,166741
20635,2021-05-01,169369
20635,2021-06-01,188561
20635,2021-07-01,161424
20635,2021-08-01,173603
20635,2021-09-01,190069
20635,2021-10-01,183183
20635,2021-11-01,195275
20635,2021-12-01,232185
20635,2022-01-01,178313
20635,2022-02-01,181351
20635,2022-03-01,242436
20635,2022-04-01,200929
20635,2022-05-01,218802
20635,2022-06-01,221257
20635,2022-07-01,199096
20635,2022-08-01,217532
20635,2022-09-01,224700
20635,2022-10-01,200375
20635,2022-11-01,206359
20635,2022-12-01,247106
20635,2023-01-01,189966
20635,2023-02-01,173305
20635,2023-03-01,228136
20635,2023-04-01,176326
20635,2023-05-01,206957
20635,2023-06-01,226205
20635,2023-07-01,185137
20635,2023-08-01,202176
20635,2023-09-01,224910
20635,2023-10-01,205048
20635,2023-11-01,217204
20635,2023-12-01,264801
20635,2024-01-01,205882
20635,2024-02-01,201835
20635,2024-03-01,242434
20635,2024-04-01,229873
20635,2024-05-01,226296
20635,2024-06-01,257354
20635,2024-07-01,249839
20635,2024-08-01,251326
20635,2024-09-01,268535
20635,2024-10-01,257931
20635,2024-11-01,253835
20635,2024-12-01,311236
20635,2025-01-01,238026
20635,2025-02-01,237622
20635,2025-03-01,259942
20635,2025-04-01,263693
20635,2025-05-01,271733
20635,2025-06-01,265060
20635,2025-07-01,255204
20635,2025-08-01,243240
20635,2025-09-01,282906
20635,2025-10-01,265797
20635,2025-11-01,246219
20635,2025-12-01,353216
20635,2026-01-01,261781
20635,2026-02-01,251209
20635,2026-03-01,314922
20635,2026-04-01,289642
20635,2026-05-01,292813
20635,2026-06-01,329967
20636,2011-03-01,10861
20636,2011-04-01,10222
20636,2011-05-01,10963
20636,2011-06-01,10715
20636,2011-07-01,10481
20636,2011-08-01,11129
20636,2011-09-01,11123
20636,2011-10-01,11017
20636,2011-11-01,11430
20636,2011-12-01,11558
20636,2012-01-01,9964
20636,2012-02-01,10209
20636,2012-03-01,12332
20636,2012-04-01,11333
20636,2012-05-01,11978
20636,2012-06-01,11910
20636,2012-07-01,11973
20636,2012-08-01,12868
20636,2012-09-01,11984
20636,2012-10-01,12931
20636,2012-11-01,13196
20636,2012-12-01,13779
20636,2013-01-01,12498
20636,2013-02-01,12013
20636,2013-03-01,14049
20636,2013-04-01,14309
20636,2013-05-01,14624
20636,2013-06-01,15554
20636,2013-07-01,14874
20636,2013-08-01,14779
20636,2013-09-01,16654
20636,2013-10-01,16112
20636,2013-11-01,17027
20636,2013-12-01,17737
20636,2014-01-01,13652
20636,2014-02-01,14628
20636,2014-03-01,16930
20636,2014-04-01,15201
20636,2014-05-01,16170
20636,2014-06-01,16085
20636,2014-07-01,14583
20636,2014-08-01,13731
20636,2014-09-01,16826
20636,2014-10-01,15636
20636,2014-11-01,14961
20636,2014-12-01,19661
20636,2015-01-01,12335
20636,2015-02-01,12136
20636,2015-03-01,16201
20636,2015-04-01,13859
20636,2015-05-01,13362
20636,2015-06-01,15444
20636,2015-07-01,13092
20636,2015-08-01,13572
20636,2015-09-01,16624
20636,2015-10-01,14556
20636,2015-11-01,14802
20636,2015-12-01,19463
20636,2016-01-01,11431
20636,2016-02-01,10608
20636,2016-03-01,14445
20636,2016-04-01,12015
20636,2016-05-01,13050
20636,2016-06-01,14648
20636,2016-07-01,11506
20636,2016-08-01,13049
20636,2016-09-01,15604
20636,2016-10-01,14418
20636,2016-11-01,15552
20636,2016-12-01,19676
20636,2017-01-01,12678
20636,2017-02-01,14673
20636,2017-03-01,20886
20636,2017-04-01,14997
20636,2017-05-01,17774
20636,2017-06-01,24822
20636,2017-07-01,18504
20636,2017-08-01,20335
20636,2017-09-01,23142
20636,2017-10-01,19713
20636,2017-11-01,22314
20636,2017-12-01,32218
20636,2018-01-01,20038
20636,2018-02-01,19637
20636,2018-03-01,25721
20636,2018-04-01,23641
20636,2018-05-01,24743
20636,2018-06-01,29339
20636,2018-07-01,25992
20636,2018-08-01,27409
20636,2018-09-01,29838
20636,2018-10-01,28547
20636,2018-11-01,28526
20636,2018-12-01,38000
20636,2019-01-01,22358
20636,2019-02-01,25226
20636,2019-03-01,30757
20636,2019-04-01,25192
20636,2019-05-01,30835
20636,2019-06-01,35424
20636,2019-07-01,29466
20636,2019-08-01,31979
20636,2019-09-01,38348
20636,2019-10-01,32272
20636,2019-11-01,35987
20636,2019-12-01,48816
20636,2020-01-01,29539
20636,2020-02-01,31558
20636,2020-03-01,44901
20636,2020-04-01,25117
20636,2020-05-01,25303
20636,2020-06-01,30658
20636,2020-07-01,26982
20636,2020-08-01,31113
20636,2020-09-01,36801
20636,2020-10-01,33378
20636,2020-11-01,37072
20636,2020-12-01,55803
20636,2021-01-01,33202
20636,2021-02-01,36707
20636,2021-03-01,57499
20636,2021-04-01,46460
20636,2021-05-01,46859
20636,2021-06-01,63587
20636,2021-07-01,50488
20636,2021-08-01,56999
20636,2021-09-01,63575
20636,2021-10-01,57490
20636,2021-11-01,64200
20636,2021-12-01,83503
20636,2022-01-01,51555
20636,2022-02-01,52202
20636,2022-03-01,74255
20636,2022-04-01,57800
20636,2022-05-01,64012
20636,2022-06-01,75011
20636,2022-07-01,62917
20636,2022-08-01,70360
20636,2022-09-01,79320
20636,2022-10-01,60890
20636,2022-11-01,66353
20636,2022-12-01,89746
20636,2023-01-01,54622
20636,2023-02-01,49754
20636,2023-03-01,70127
20636,2023-04-01,46081
20636,2023-05-01,57819
20636,2023-06-01,70391
20636,2023-07-01,47449
20636,2023-08-01,56061
20636,2023-09-01,71948
20636,2023-10-01,52640
20636,2023-11-01,59798
20636,2023-12-01,84751
20636,2024-01-01,47882
20636,2024-02-01,54350
20636,2024-03-01,71877
20636,2024-04-01,56635
20636,2024-05-01,63515
20636,2024-06-01,87702
20636,2024-07-01,67700
20636,2024-08-01,70572
20636,2024-09-01,86559
20636,2024-10-01,76860
20636,2024-11-01,81002
20636,2024-12-01,103982
20636,2025-01-01,70922
20636,2025-02-01,70945
20636,2025-03-01,87435
20636,2025-04-01,72906
20636,2025-05-01,89208
20636,2025-06-01,67499
20636,2025-07-01,64244
20636,2025-08-01,63459
20636,2025-09-01,84666
20636,2025-10-01,64940
20636,2025-11-01,64619
20636,2025-12-01,111400
20636,2026-01-01,62828
20636,2026-02-01,65496
20636,2026-03-01,88421
20636,2026-04-01,69518
20636,2026-05-01,73062
20636,2026-06-01,97081
20637,2011-03-01,4665
20637,2011-04-01,4336
20637,2011-05-01,4757
20637,2011-06-01,4441
20637,2011-07-01,4371
20637,2011-08-01,4784
20637,2011-09-01,4395
20637,2011-10-01,4195
20637,2011-11-01,4456
20637,2011-12-01,4405
20637,2012-01-01,4159
20637,2012-02-01,3958
20637,2012-03-01,4444
20637,2012-04-01,4252
20637,2012-05-01,4642
20637,2012-06-01,4199
20637,2012-07-01,4438
20637,2012-08-01,4719
20637,2012-09-01,3987
20637,2012-10-01,4760
20637,2012-11-01,4454
20637,2012-12-01,4230
20637,2013-01-01,4280
20637,2013-02-01,3842
20637,2013-03-01,4031
20637,2013-04-01,4382
20637,2013-05-01,4287
20637,2013-06-01,3988
20637,2013-07-01,4277
20637,2013-08-01,4178
20637,2013-09-01,3894
20637,2013-10-01,4299
20637,2013-11-01,3931
20637,2013-12-01,3993
20637,2014-01-01,3752
20637,2014-02-01,3667
20637,2014-03-01,3492
20637,2014-04-01,3675
20637,2014-05-01,3698
20637,2014-06-01,3419
20637,2014-07-01,3587
20637,2014-08-01,3407
20637,2014-09-01,3637
20637,2014-10-01,3718
20637,2014-11-01,3346
20637,2014-12-01,3635
20637,2015-01-01,3043
20637,2015-02-01,2846
20637,2015-03-01,3276
20637,2015-04-01,3029
20637,2015-05-01,2905
20637,2015-06-01,2983
20637,2015-07-01,2991
20637,2015-08-01,2765
20637,2015-09-01,2851
20637,2015-10-01,2634
20637,2015-11-01,2579
20637,2015-12-01,2653
20637,2016-01-01,2132
20637,2016-02-01,2093
20637,2016-03-01,2280
20637,2016-04-01,2033
20637,2016-05-01,2080
20637,2016-06-01,1992
20637,2016-07-01,1815
20637,2016-08-01,1933
20637,2016-09-01,1662
20637,2016-10-01,1631
20637,2016-11-01,1626
20637,2016-12-01,1585
20637,2017-01-01,1442
20637,2017-02-01,1237
20637,2017-03-01,1492
20637,2017-04-01,1222
20637,2017-05-01,1394
20637,2017-06-01,1303
20637,2017-07-01,1232
20637,2017-08-01,1326
20637,2017-09-01,1205
20637,2017-10-01,1331
20637,2017-11-01,1307
20637,2017-12-01,1279
20637,2018-01-01,1223
20637,2018-02-01,1093
20637,2018-03-01,1191
20637,2018-04-01,1209
20637,2018-05-01,1211
20637,2018-06-01,1165
20637,2018-07-01,1201
20637,2018-08-01,1219
20637,2018-09-01,1077
20637,2018-10-01,1265
20637,2018-11-01,1202
20637,2018-12-01,1143
20637,2019-01-01,1101
20637,2019-02-01,1065
20637,2019-03-01,1049
20637,2019-04-01,1150
20637,2019-05-01,1220
20637,2019-06-01,1100
20637,2019-07-01,1173
20637,2019-08-01,1139
20637,2019-09-01,1133
20637,2019-10-01,1232
20637,2019-11-01,1133
20637,2019-12-01,1222
20637,2020-01-01,1123
20637,2020-02-01,999
20637,2020-03-01,1139
20637,2020-04-01,659
20637,2020-05-01,542
20637,2020-06-01,549
20637,2020-07-01,547
20637,2020-08-01,500
20637,2020-09-01,519
20637,2020-10-01,541
20637,2020-11-01,577
20637,2020-12-01,616
20637,2021-01-01,568
20637,2021-02-01,615
20637,2021-03-01,736
20637,2021-04-01,716
20637,2021-05-01,776
20637,2021-06-01,772
20637,2021-07-01,778
20637,2021-08-01,904
20637,2021-09-01,916
20637,2021-10-01,907
20637,2021-11-01,951
20637,2021-12-01,997
20637,2022-01-01,890
20637,2022-02-01,879
20637,2022-03-01,1020
20637,2022-04-01,889
20637,2022-05-01,989
20637,2022-06-01,885
20637,2022-07-01,841
20637,2022-08-01,858
20637,2022-09-01,813
20637,2022-10-01,760
20637,2022-11-01,724
20637,2022-12-01,709
20637,2023-01-01,639
20637,2023-02-01,558
20637,2023-03-01,614
20637,2023-04-01,481
20637,2023-05-01,522
20637,2023-06-01,463
20637,2023-07-01,435
20637,2023-08-01,446
20637,2023-09-01,412
20637,2023-10-01,436
20637,2023-11-01,410
20637,2023-12-01,401
20637,2024-01-01,415
20637,2024-02-01,371
20637,2024-03-01,378
20637,2024-04-01,384
20637,2024-05-01,390
20637,2024-06-01,344
20637,2024-07-01,396
20637,2024-08-01,388
20637,2024-09-01,404
20637,2024-10-01,421
20637,2024-11-01,390
20637,2024-12-01,412
20637,2025-01-01,384
20637,2025-02-01,390
20637,2025-03-01,378
20637,2025-04-01,383
20637,2025-05-01,412
20637,2025-06-01,348
20637,2025-07-01,397
20637,2025-08-01,354
20637,2025-09-01,379
20637,2025-10-01,405
20637,2025-11-01,346
20637,2025-12-01,374
20637,2026-01-01,319
20637,2026-02-01,273
20637,2026-03-01,318
20637,2026-04-01,309
20637,2026-05-01,290
20637,2026-06-01,271
20638,2011-03-01,1771
20638,2011-04-01,1659
20638,2011-05-01,1948
20638,2011-06-01,1832
20638,2011-07-01,1777
20638,2011-08-01,1988
20638,2011-09-01,1890
20638,2011-10-01,1940
20638,2011-11-01,2097
20638,2011-12-01,2223
20638,2012-01-01,2274
20638,2012-02-01,1960
20638,2012-03-01,2045
20638,2012-04-01,2054
20638,2012-05-01,2289
20638,2012-06-01,2166
20638,2012-07-01,2313
20638,2012-08-01,2353
20638,2012-09-01,2138
20638,2012-10-01,2568
20638,2012-11-01,2534
20638,2012-12-01,2513
20638,2013-01-01,2682
20638,2013-02-01,2243
20638,2013-03-01,2293
20638,2013-04-01,2665
20638,2013-05-01,3327
20638,2013-06-01,3354
20638,2013-07-01,3397
20638,2013-08-01,3397
20638,2013-09-01,3398
20638,2013-10-01,3637
20638,2013-11-01,3547
20638,2013-12-01,4246
20638,2014-01-01,3853
20638,2014-02-01,3354
20638,2014-03-01,3507
20638,2014-04-01,4439
20638,2014-05-01,4321
20638,2014-06-01,5747
20638,2014-07-01,4002
20638,2014-08-01,4142
20638,2014-09-01,5347
20638,2014-10-01,3190
20638,2014-11-01,3833
20638,2014-12-01,6535
20638,2015-01-01,3335
20638,2015-02-01,3931
20638,2015-03-01,5036
20638,2015-04-01,3793
20638,2015-05-01,3851
20638,2015-06-01,4423
20638,2015-07-01,4362
20638,2015-08-01,4593
20638,2015-09-01,6588
20638,2015-10-01,4824
20638,2015-11-01,5127
20638,2015-12-01,7580
20638,2016-01-01,5004
20638,2016-02-01,5332
20638,2016-03-01,7028
20638,2016-04-01,5523
20638,2016-05-01,5965
20638,2016-06-01,6885
20638,2016-07-01,3469
20638,2016-08-01,4699
20638,2016-09-01,6866
20638,2016-10-01,5176
20638,2016-11-01,6161
20638,2016-12-01,8143
20638,2017-01-01,5803
20638,2017-02-01,5333
20638,2017-03-01,9108
20638,2017-04-01,5914
20638,2017-05-01,7015
20638,2017-06-01,8684
20638,2017-07-01,6162
20638,2017-08-01,7950
20638,2017-09-01,9925
20638,2017-10-01,11144
20638,2017-11-01,10838
20638,2017-12-01,15259
20638,2018-01-01,10482
20638,2018-02-01,11272
20638,2018-03-01,13255
20638,2018-04-01,12191
20638,2018-05-01,11793
20638,2018-06-01,14735
20638,2018-07-01,11966
20638,2018-08-01,12734
20638,2018-09-01,14399
20638,2018-10-01,12989
20638,2018-11-01,12173
20638,2018-12-01,19817
20638,2019-01-01,13259
20638,2019-02-01,14379
20638,2019-03-01,15785
20638,2019-04-01,13711
20638,2019-05-01,14737
20638,2019-06-01,15789
20638,2019-07-01,13717
20638,2019-08-01,13679
20638,2019-09-01,17310
20638,2019-10-01,16617
20638,2019-11-01,16543
20638,2019-12-01,26016
20638,2020-01-01,18450
20638,2020-02-01,19473
20638,2020-03-01,29352
20638,2020-04-01,11092
20638,2020-05-01,12872
20638,2020-06-01,16829
20638,2020-07-01,14838
20638,2020-08-01,15225
20638,2020-09-01,18885
20638,2020-10-01,18999
20638,2020-11-01,18021
20638,2020-12-01,20923
20638,2021-01-01,16493
20638,2021-02-01,18736
20638,2021-03-01,23580
20638,2021-04-01,21841
20638,2021-05-01,22040
20638,2021-06-01,20164
20638,2021-07-01,18943
20638,2021-08-01,19239
20638,2021-09-01,24212
20638,2021-10-01,27128
20638,2021-11-01,27830
20638,2021-12-01,29968
20638,2022-01-01,24496
20638,2022-02-01,25360
20638,2022-03-01,31410
20638,2022-04-01,26021
20638,2022-05-01,24804
20638,2022-06-01,22689
20638,2022-07-01,22202
20638,2022-08-01,22984
20638,2022-09-01,23510
20638,2022-10-01,25317
20638,2022-11-01,24352
20638,2022-12-01,29423
20638,2023-01-01,26444
20638,2023-02-01,21358
20638,2023-03-01,26609
20638,2023-04-01,25714
20638,2023-05-01,27702
20638,2023-06-01,25222
20638,2023-07-01,24972
20638,2023-08-01,26634
20638,2023-09-01,38146
20638,2023-10-01,37811
20638,2023-11-01,37953
20638,2023-12-01,47737
20638,2024-01-01,43037
20638,2024-02-01,39645
20638,2024-03-01,43729
20638,2024-04-01,41417
20638,2024-05-01,39482
20638,2024-06-01,42330
20638,2024-07-01,48537
20638,2024-08-01,47496
20638,2024-09-01,43806
20638,2024-10-01,48299
20638,2024-11-01,44723
20638,2024-12-01,50567
20638,2025-01-01,43361
20638,2025-02-01,41607
20638,2025-03-01,42050
20638,2025-04-01,45512
20638,2025-05-01,47050
20638,2025-06-01,42635
20638,2025-07-01,47724
20638,2025-08-01,43505
20638,2025-09-01,48613
20638,2025-10-01,51172
20638,2025-11-01,47937
20638,2025-12-01,58436
20638,2026-01-01,52811
20638,2026-02-01,47313
20638,2026-03-01,50075
20638,2026-04-01,52522
20638,2026-05-01,54643
20638,2026-06-01,54157
20639,2011-03-01,8636
20639,2011-04-01,7791
20639,2011-05-01,8916
20639,2011-06-01,10209
20639,2011-07-01,9264
20639,2011-08-01,9159
20639,2011-09-01,8916
20639,2011-10-01,8482
20639,2011-11-01,9398
20639,2011-12-01,11711
20639,2012-01-01,6958
20639,2012-02-01,7530
20639,2012-03-01,10346
20639,2012-04-01,9660
20639,2012-05-01,9925
20639,2012-06-01,8232
20639,2012-07-01,8789
20639,2012-08-01,8499
20639,2012-09-01,8357
20639,2012-10-01,10019
20639,2012-11-01,9576
20639,2012-12-01,11937
20639,2013-01-01,7395
20639,2013-02-01,7532
20639,2013-03-01,8447
20639,2013-04-01,8187
20639,2013-05-01,8010
20639,2013-06-01,8485
20639,2013-07-01,7137
20639,2013-08-01,7318
20639,2013-09-01,7502
20639,2013-10-01,8896
20639,2013-11-01,9619
20639,2013-12-01,11597
20639,2014-01-01,6480
20639,2014-02-01,7338
20639,2014-03-01,7569
20639,2014-04-01,8901
20639,2014-05-01,8893
20639,2014-06-01,7961
20639,2014-07-01,8059
20639,2014-08-01,6917
20639,2014-09-01,8402
20639,2014-10-01,7754
20639,2014-11-01,7131
20639,2014-12-01,9910
20639,2015-01-01,7325
20639,2015-02-01,6568
20639,2015-03-01,8516
20639,2015-04-01,7400
20639,2015-05-01,7719
20639,2015-06-01,7695
20639,2015-07-01,6488
20639,2015-08-01,5223
20639,2015-09-01,6572
20639,2015-10-01,5533
20639,2015-11-01,5787
20639,2015-12-01,6965
20639,2016-01-01,4691
20639,2016-02-01,5239
20639,2016-03-01,6804
20639,2016-04-01,5281
20639,2016-05-01,5569
20639,2016-06-01,7029
20639,2016-07-01,4847
20639,2016-08-01,4731
20639,2016-09-01,4684
20639,2016-10-01,5199
20639,2016-11-01,5616
20639,2016-12-01,7361
20639,2017-01-01,4071
20639,2017-02-01,3591
20639,2017-03-01,4753
20639,2017-04-01,2898
20639,2017-05-01,4199
20639,2017-06-01,4192
20639,2017-07-01,2940
20639,2017-08-01,3418
20639,2017-09-01,3794
20639,2017-10-01,3579
20639,2017-11-01,3917
20639,2017-12-01,5085
20639,2018-01-01,3510
20639,2018-02-01,3774
20639,2018-03-01,3548
20639,2018-04-01,2751
20639,2018-05-01,3266
20639,2018-06-01,3271
20639,2018-07-01,3120
20639,2018-08-01,3794
20639,2018-09-01,3167
20639,2018-10-01,3854
20639,2018-11-01,3963
20639,2018-12-01,4746
20639,2019-01-01,3329
20639,2019-02-01,3368
20639,2019-03-01,4332
20639,2019-04-01,3493
20639,2019-05-01,4476
20639,2019-06-01,5184
20639,2019-07-01,5598
20639,2019-08-01,5526
20639,2019-09-01,5017
20639,2019-10-01,5392
20639,2019-11-01,5958
20639,2019-12-01,8303
20639,2020-01-01,5554
20639,2020-02-01,4655
20639,2020-03-01,11586
20639,2020-04-01,23487
20639,2020-05-01,14031
20639,2020-06-01,10491
20639,2020-07-01,7054
20639,2020-08-01,6572
20639,2020-09-01,7926
20639,2020-10-01,5807
20639,2020-11-01,8637
20639,2020-12-01,8836
20639,2021-01-01,2845
20639,2021-02-01,3838
20639,2021-03-01,7260
20639,2021-04-01,5608
20639,2021-05-01,5887
20639,2021-06-01,5028
20639,2021-07-01,7351
20639,2021-08-01,4645
20639,2021-09-01,6231
20639,2021-10-01,8772
20639,2021-11-01,6831
20639,2021-12-01,8041
20639,2022-01-01,7362
20639,2022-02-01,6938
20639,2022-03-01,9530
20639,2022-04-01,5772
20639,2022-05-01,8001
20639,2022-06-01,7830
20639,2022-07-01,5404
20639,2022-08-01,9092
20639,2022-09-01,9365
20639,2022-10-01,8629
20639,2022-11-01,9767
20639,2022-12-01,9321
20639,2023-01-01,9890
20639,2023-02-01,7557
20639,2023-03-01,8534
20639,2023-04-01,6068
20639,2023-05-01,7169
20639,2023-06-01,7448
20639,2023-07-01,8600
20639,2023-08-01,8571
20639,2023-09-01,8960
20639,2023-10-01,7294
20639,2023-11-01,7259
20639,2023-12-01,11998
20639,2024-01-01,8544
20639,2024-02-01,4928
20639,2024-03-01,9695
20639,2024-04-01,9497
20639,2024-05-01,5459
20639,2024-06-01,8593
20639,2024-07-01,6769
20639,2024-08-01,11790
20639,2024-09-01,15984
20639,2024-10-01,15168
20639,2024-11-01,17192
20639,2024-12-01,21792
20639,2025-01-01,9172
20639,2025-02-01,14586
20639,2025-03-01,14209
20639,2025-04-01,10323
20639,2025-05-01,11187
20639,2025-06-01,16035
20639,2025-07-01,11517
20639,2025-08-01,9822
20639,2025-09-01,16984
20639,2025-10-01,13825
20639,2025-11-01,13281
20639,2025-12-01,27259
20639,2026-01-01,24064
20639,2026-02-01,29390
20639,2026-03-01,36742
20639,2026-04-01,29549
20639,2026-05-01,41503
20639,2026-06-01,43973
20640,2011-03-01,10673
20640,2011-04-01,9403
20640,2011-05-01,11683
20640,2011-06-01,11684
20640,2011-07-01,10532
20640,2011-08-01,18260
20640,2011-09-01,10506
20640,2011-10-01,10246
20640,2011-11-01,12849
20640,2011-12-01,15118
20640,2012-01-01,9205
20640,2012-02-01,9212
20640,2012-03-01,11717
20640,2012-04-01,11385
20640,2012-05-01,14969
20640,2012-06-01,16119
20640,2012-07-01,11071
20640,2012-08-01,12851
20640,2012-09-01,12127
20640,2012-10-01,14358
20640,2012-11-01,13365
20640,2012-12-01,15863
20640,2013-01-01,9890
20640,2013-02-01,9922
20640,2013-03-01,12365
20640,2013-04-01,11643
20640,2013-05-01,12348
20640,2013-06-01,13783
20640,2013-07-01,11842
20640,2013-08-01,10488
20640,2013-09-01,10115
20640,2013-10-01,13553
20640,2013-11-01,12478
20640,2013-12-01,14968
20640,2014-01-01,8238
20640,2014-02-01,9890
20640,2014-03-01,9361
20640,2014-04-01,13298
20640,2014-05-01,13324
20640,2014-06-01,13014
20640,2014-07-01,9361
20640,2014-08-01,12304
20640,2014-09-01,11775
20640,2014-10-01,12100
20640,2014-11-01,12124
20640,2014-12-01,15715
20640,2015-01-01,9224
20640,2015-02-01,7358
20640,2015-03-01,12865
20640,2015-04-01,10172
20640,2015-05-01,10943
20640,2015-06-01,12117
20640,2015-07-01,11146
20640,2015-08-01,9257
20640,2015-09-01,8591
20640,2015-10-01,10489
20640,2015-11-01,10185
20640,2015-12-01,14718
20640,2016-01-01,6018
20640,2016-02-01,6055
20640,2016-03-01,7493
20640,2016-04-01,7666
20640,2016-05-01,7845
20640,2016-06-01,7995
20640,2016-07-01,6686
20640,2016-08-01,7428
20640,2016-09-01,10020
20640,2016-10-01,8893
20640,2016-11-01,9559
20640,2016-12-01,10582
20640,2017-01-01,7571
20640,2017-02-01,6181
20640,2017-03-01,9662
20640,2017-04-01,6883
20640,2017-05-01,7417
20640,2017-06-01,10148
20640,2017-07-01,6694
20640,2017-08-01,7285
20640,2017-09-01,6822
20640,2017-10-01,7628
20640,2017-11-01,8189
20640,2017-12-01,10706
20640,2018-01-01,6365
20640,2018-02-01,5837
20640,2018-03-01,9348
20640,2018-04-01,10692
20640,2018-05-01,7777
20640,2018-06-01,10032
20640,2018-07-01,7914
20640,2018-08-01,9035
20640,2018-09-01,7530
20640,2018-10-01,10449
20640,2018-11-01,9823
20640,2018-12-01,10814
20640,2019-01-01,7492
20640,2019-02-01,8203
20640,2019-03-01,9211
20640,2019-04-01,9823
20640,2019-05-01,11662
20640,2019-06-01,11792
20640,2019-07-01,11600
20640,2019-08-01,11106
20640,2019-09-01,10964
20640,2019-10-01,12967
20640,2019-11-01,12418
20640,2019-12-01,16293
20640,2020-01-01,8996
20640,2020-02-01,8652
20640,2020-03-01,14171
20640,2020-04-01,18862
20640,2020-05-01,17143
20640,2020-06-01,25996
20640,2020-07-01,29155
20640,2020-08-01,13284
20640,2020-09-01,22034
20640,2020-10-01,20129
20640,2020-11-01,25430
20640,2020-12-01,21069
20640,2021-01-01,7258
20640,2021-02-01,8957
20640,2021-03-01,14570
20640,2021-04-01,11068
20640,2021-05-01,14623
20640,2021-06-01,16744
20640,2021-07-01,11488
20640,2021-08-01,14149
20640,2021-09-01,15021
20640,2021-10-01,13142
20640,2021-11-01,14928
20640,2021-12-01,14072
20640,2022-01-01,12293
20640,2022-02-01,12159
20640,2022-03-01,15268
20640,2022-04-01,14830
20640,2022-05-01,23327
20640,2022-06-01,19126
20640,2022-07-01,16042
20640,2022-08-01,16772
20640,2022-09-01,17782
20640,2022-10-01,15508
20640,2022-11-01,15132
20640,2022-12-01,16291
20640,2023-01-01,12735
20640,2023-02-01,9906
20640,2023-03-01,13847
20640,2023-04-01,10645
20640,2023-05-01,12030
20640,2023-06-01,16998
20640,2023-07-01,12371
20640,2023-08-01,14154
20640,2023-09-01,13265
20640,2023-10-01,13945
20640,2023-11-01,15781
20640,2023-12-01,16847
20640,2024-01-01,12393
20640,2024-02-01,12317
20640,2024-03-01,16610
20640,2024-04-01,14113
20640,2024-05-01,14270
20640,2024-06-01,14873
20640,2024-07-01,15528
20640,2024-08-01,13381
20640,2024-09-01,15291
20640,2024-10-01,13319
20640,2024-11-01,11985
20640,2024-12-01,14248
20640,2025-01-01,9616
20640,2025-02-01,9795
20640,2025-03-01,13998
20640,2025-04-01,11775
20640,2025-05-01,12709
20640,2025-06-01,16104
20640,2025-07-01,13041
20640,2025-08-01,14105
20640,2025-09-01,17552
20640,2025-10-01,20047
20640,2025-11-01,17965
20640,2025-12-01,29635
20640,2026-01-01,13950
20640,2026-02-01,8675
20640,2026-03-01,10323
20640,2026-04-01,14328
20640,2026-05-01,9060
20640,2026-06-01,10696
20641,2011-03-01,3543
20641,2011-04-01,3349
20641,2011-05-01,4160
20641,2011-06-01,4435
20641,2011-07-01,3723
20641,2011-08-01,4261
20641,2011-09-01,4346
20641,2011-10-01,4187
20641,2011-11-01,4735
20641,2011-12-01,5111
20641,2012-01-01,3405
20641,2012-02-01,3240
20641,2012-03-01,4508
20641,2012-04-01,4573
20641,2012-05-01,5604
20641,2012-06-01,5288
20641,2012-07-01,4636
20641,2012-08-01,5292
20641,2012-09-01,4519
20641,2012-10-01,5273
20641,2012-11-01,5477
20641,2012-12-01,6381
20641,2013-01-01,4845
20641,2013-02-01,4440
20641,2013-03-01,5074
20641,2013-04-01,5674
20641,2013-05-01,6024
20641,2013-06-01,6190
20641,2013-07-01,4882
20641,2013-08-01,5472
20641,2013-09-01,5316
20641,2013-10-01,5279
20641,2013-11-01,4138
20641,2013-12-01,4496
20641,2014-01-01,3442
20641,2014-02-01,3130
20641,2014-03-01,3158
20641,2014-04-01,3240
20641,2014-05-01,3385
20641,2014-06-01,3655
20641,2014-07-01,3139
20641,2014-08-01,3220
20641,2014-09-01,3569
20641,2014-10-01,3841
20641,2014-11-01,4288
20641,2014-12-01,5264
20641,2015-01-01,3242
20641,2015-02-01,3002
20641,2015-03-01,3784
20641,2015-04-01,3365
20641,2015-05-01,3338
20641,2015-06-01,3027
20641,2015-07-01,2261
20641,2015-08-01,2990
20641,2015-09-01,3016
20641,2015-10-01,3236
20641,2015-11-01,3233
20641,2015-12-01,3589
20641,2016-01-01,2345
20641,2016-02-01,2467
20641,2016-03-01,2552
20641,2016-04-01,2326
20641,2016-05-01,2042
20641,2016-06-01,2427
20641,2016-07-01,1594
20641,2016-08-01,1717
20641,2016-09-01,1691
20641,2016-10-01,1652
20641,2016-11-01,1557
20641,2016-12-01,1830
20641,2017-01-01,1076
20641,2017-02-01,1130
20641,2017-03-01,1602
20641,2017-04-01,1220
20641,2017-05-01,1201
20641,2017-06-01,1711
20641,2017-07-01,1139
20641,2017-08-01,1250
20641,2017-09-01,1374
20641,2017-10-01,1485
20641,2017-11-01,1622
20641,2017-12-01,2587
20641,2018-01-01,1301
20641,2018-02-01,1264
20641,2018-03-01,1486
20641,2018-04-01,1571
20641,2018-05-01,1512
20641,2018-06-01,2063
20641,2018-07-01,1618
20641,2018-08-01,1878
20641,2018-09-01,1751
20641,2018-10-01,2140
20641,2018-11-01,2140
20641,2018-12-01,2584
20641,2019-01-01,1655
20641,2019-02-01,1840
20641,2019-03-01,2454
20641,2019-04-01,2449
20641,2019-05-01,2532
20641,2019-06-01,2795
20641,2019-07-01,2532
20641,2019-08-01,2342
20641,2019-09-01,2835
20641,2019-10-01,2692
20641,2019-11-01,2850
20641,2019-12-01,3873
20641,2020-01-01,2210
20641,2020-02-01,2324
20641,2020-03-01,3417
20641,2020-04-01,2420
20641,2020-05-01,2018
20641,2020-06-01,2424
20641,2020-07-01,1976
20641,2020-08-01,2327
20641,2020-09-01,2714
20641,2020-10-01,2476
20641,2020-11-01,2485
20641,2020-12-01,1373
20641,2021-01-01,1310
20641,2021-02-01,1402
20641,2021-03-01,1571
20641,2021-04-01,1444
20641,2021-05-01,1274
20641,2021-06-01,1385
20641,2021-07-01,1111
20641,2021-08-01,1324
20641,2021-09-01,1282
20641,2021-10-01,1269
20641,2021-11-01,1496
20641,2021-12-01,1762
20641,2022-01-01,1506
20641,2022-02-01,1334
20641,2022-03-01,1986
20641,2022-04-01,1703
20641,2022-05-01,2071
20641,2022-06-01,1577
20641,2022-07-01,1471
20641,2022-08-01,1632
20641,2022-09-01,1546
20641,2022-10-01,1401
20641,2022-11-01,1409
20641,2022-12-01,1258
20641,2023-01-01,1303
20641,2023-02-01,1166
20641,2023-03-01,1305
20641,2023-04-01,1217
20641,2023-05-01,1248
20641,2023-06-01,1146
20641,2023-07-01,1295
20641,2023-08-01,1377
20641,2023-09-01,1209
20641,2023-10-01,1228
20641,2023-11-01,1334
20641,2023-12-01,1191
20641,2024-01-01,1401
20641,2024-02-01,1194
20641,2024-03-01,1224
20641,2024-04-01,1397
20641,2024-05-01,1536
20641,2024-06-01,1406
20641,2024-07-01,1364
20641,2024-08-01,1532
20641,2024-09-01,1149
20641,2024-10-01,976
20641,2024-11-01,1514
20641,2024-12-01,1143
20641,2025-01-01,1125
20641,2025-02-01,959
20641,2025-03-01,890
20641,2025-04-01,953
20641,2025-05-01,1007
20641,2025-06-01,853
20641,2025-07-01,923
20641,2025-08-01,818
20641,2025-09-01,1005
20641,2025-10-01,1038
20641,2025-11-01,839
20641,2025-12-01,932
20641,2026-01-01,848
20641,2026-02-01,750
20641,2026-03-01,750
20641,2026-04-01,708
20641,2026-05-01,724
20641,2026-06-01,804
20642,2011-03-01,22853
20642,2011-04-01,20543
20642,2011-05-01,24759
20642,2011-06-01,26328
20642,2011-07-01,23518
20642,2011-08-01,31680
20642,2011-09-01,23769
20642,2011-10-01,22915
20642,2011-11-01,26981
20642,2011-12-01,31941
20642,2012-01-01,19567
20642,2012-02-01,19982
20642,2012-03-01,26571
20642,2012-04-01,25618
20642,2012-05-01,30497
20642,2012-06-01,29639
20642,2012-07-01,24496
20642,2012-08-01,26643
20642,2012-09-01,25004
20642,2012-10-01,29651
20642,2012-11-01,28418
20642,2012-12-01,34181
20642,2013-01-01,22130
20642,2013-02-01,21893
20642,2013-03-01,25886
20642,2013-04-01,25505
20642,2013-05-01,26382
20642,2013-06-01,28457
20642,2013-07-01,23861
20642,2013-08-01,23278
20642,2013-09-01,22932
20642,2013-10-01,27729
20642,2013-11-01,26235
20642,2013-12-01,31061
20642,2014-01-01,18160
20642,2014-02-01,20358
20642,2014-03-01,20088
20642,2014-04-01,25440
20642,2014-05-01,25602
20642,2014-06-01,24629
20642,2014-07-01,20559
20642,2014-08-01,22441
20642,2014-09-01,23746
20642,2014-10-01,23695
20642,2014-11-01,23543
20642,2014-12-01,30889
20642,2015-01-01,19791
20642,2015-02-01,16927
20642,2015-03-01,25165
20642,2015-04-01,20937
20642,2015-05-01,21999
20642,2015-06-01,22840
20642,2015-07-01,19895
20642,2015-08-01,17470
20642,2015-09-01,18178
20642,2015-10-01,19258
20642,2015-11-01,19205
20642,2015-12-01,25272
20642,2016-01-01,13054
20642,2016-02-01,13761
20642,2016-03-01,16849
20642,2016-04-01,15273
20642,2016-05-01,15455
20642,2016-06-01,17452
20642,2016-07-01,13127
20642,2016-08-01,13876
20642,2016-09-01,16395
20642,2016-10-01,15744
20642,2016-11-01,16732
20642,2016-12-01,19774
20642,2017-01-01,12718
20642,2017-02-01,10902
20642,2017-03-01,16017
20642,2017-04-01,11000
20642,2017-05-01,12817
20642,2017-06-01,16051
20642,2017-07-01,10773
20642,2017-08-01,11954
20642,2017-09-01,11990
20642,2017-10-01,12691
20642,2017-11-01,13728
20642,2017-12-01,18378
20642,2018-01-01,11175
20642,2018-02-01,10875
20642,2018-03-01,14383
20642,2018-04-01,15015
20642,2018-05-01,12555
20642,2018-06-01,15366
20642,2018-07-01,12651
20642,2018-08-01,14706
20642,2018-09-01,12448
20642,2018-10-01,16444
20642,2018-11-01,15926
20642,2018-12-01,18144
20642,2019-01-01,12476
20642,2019-02-01,13411
20642,2019-03-01,15996
20642,2019-04-01,15766
20642,2019-05-01,18669
20642,2019-06-01,19771
20642,2019-07-01,19731
20642,2019-08-01,18973
20642,2019-09-01,18816
20642,2019-10-01,21050
20642,2019-11-01,21226
20642,2019-12-01,28469
20642,2020-01-01,16760
20642,2020-02-01,15632
20642,2020-03-01,29174
20642,2020-04-01,44769
20642,2020-05-01,33192
20642,2020-06-01,38911
20642,2020-07-01,38185
20642,2020-08-01,22184
20642,2020-09-01,32674
20642,2020-10-01,28412
20642,2020-11-01,36552
20642,2020-12-01,31278
20642,2021-01-01,11413
20642,2021-02-01,14196
20642,2021-03-01,23400
20642,2021-04-01,18120
20642,2021-05-01,21784
20642,2021-06-01,23157
20642,2021-07-01,19951
20642,2021-08-01,20118
20642,2021-09-01,22535
20642,2021-10-01,23183
20642,2021-11-01,23254
20642,2021-12-01,23875
20642,2022-01-01,21161
20642,2022-02-01,20431
20642,2022-03-01,26784
20642,2022-04-01,22304
20642,2022-05-01,33400
20642,2022-06-01,28533
20642,2022-07-01,22917
20642,2022-08-01,27496
20642,2022-09-01,28693
20642,2022-10-01,25538
20642,2022-11-01,26308
20642,2022-12-01,26870
20642,2023-01-01,23928
20642,2023-02-01,18629
20642,2023-03-01,23686
20642,2023-04-01,17931
20642,2023-05-01,20447
20642,2023-06-01,25592
20642,2023-07-01,22267
20642,2023-08-01,24102
20642,2023-09-01,23434
20642,2023-10-01,22468
20642,2023-11-01,24374
20642,2023-12-01,30036
20642,2024-01-01,22338
20642,2024-02-01,18440
20642,2024-03-01,27529
20642,2024-04-01,25007
20642,2024-05-01,21264
20642,2024-06-01,24872
20642,2024-07-01,23661
20642,2024-08-01,26703
20642,2024-09-01,32424
20642,2024-10-01,29463
20642,2024-11-01,30692
20642,2024-12-01,37184
20642,2025-01-01,19914
20642,2025-02-01,25339
20642,2025-03-01,29096
20642,2025-04-01,23052
20642,2025-05-01,24903
20642,2025-06-01,32993
20642,2025-07-01,25481
20642,2025-08-01,24746
20642,2025-09-01,35540
20642,2025-10-01,34910
20642,2025-11-01,32084
20642,2025-12-01,57826
20642,2026-01-01,38862
20642,2026-02-01,38815
20642,2026-03-01,47815
20642,2026-04-01,44585
20642,2026-05-01,51287
20642,2026-06-01,55473
20643,2011-03-01,22469
20643,2011-04-01,21663
20643,2011-05-01,23136
20643,2011-06-01,23065
20643,2011-07-01,22876
20643,2011-08-01,23442
20643,2011-09-01,22186
20643,2011-10-01,22202
20643,2011-11-01,22080
20643,2011-12-01,24097
20643,2012-01-01,22630
20643,2012-02-01,20730
20643,2012-03-01,22956
20643,2012-04-01,22600
20643,2012-05-01,23497
20643,2012-06-01,21767
20643,2012-07-01,23111
20643,2012-08-01,22709
20643,2012-09-01,20418
20643,2012-10-01,22705
20643,2012-11-01,21997
20643,2012-12-01,22379
20643,2013-01-01,22644
20643,2013-02-01,19891
20643,2013-03-01,20289
20643,2013-04-01,21526
20643,2013-05-01,21508
20643,2013-06-01,20693
20643,2013-07-01,22704
20643,2013-08-01,21310
20643,2013-09-01,20325
20643,2013-10-01,23091
20643,2013-11-01,21368
20643,2013-12-01,23170
20643,2014-01-01,22642
20643,2014-02-01,21139
20643,2014-03-01,21417
20643,2014-04-01,20885
20643,2014-05-01,20932
20643,2014-06-01,20946
20643,2014-07-01,21198
20643,2014-08-01,20891
20643,2014-09-01,20726
20643,2014-10-01,21323
20643,2014-11-01,20113
20643,2014-12-01,23827
20643,2015-01-01,21478
20643,2015-02-01,19487
20643,2015-03-01,22811
20643,2015-04-01,22502
20643,2015-05-01,20551
20643,2015-06-01,21649
20643,2015-07-01,21664
20643,2015-08-01,20169
20643,2015-09-01,20424
20643,2015-10-01,20899
20643,2015-11-01,19939
20643,2015-12-01,21695
20643,2016-01-01,19028
20643,2016-02-01,19024
20643,2016-03-01,20779
20643,2016-04-01,18781
20643,2016-05-01,19227
20643,2016-06-01,19617
20643,2016-07-01,18736
20643,2016-08-01,18788
20643,2016-09-01,18442
20643,2016-10-01,16999
20643,2016-11-01,17032
20643,2016-12-01,19169
20643,2017-01-01,17930
20643,2017-02-01,15245
20643,2017-03-01,18672
20643,2017-04-01,16010
20643,2017-05-01,17109
20643,2017-06-01,15893
20643,2017-07-01,15574
20643,2017-08-01,15691
20643,2017-09-01,15726
20643,2017-10-01,16054
20643,2017-11-01,17061
20643,2017-12-01,17015
20643,2018-01-01,17325
20643,2018-02-01,15485
20643,2018-03-01,16465
20643,2018-04-01,16759
20643,2018-05-01,16652
20643,2018-06-01,16307
20643,2018-07-01,17059
20643,2018-08-01,16728
20643,2018-09-01,15191
20643,2018-10-01,16259
20643,2018-11-01,16147
20643,2018-12-01,16679
20643,2019-01-01,16381
20643,2019-02-01,14999
20643,2019-03-01,15635
20643,2019-04-01,15619
20643,2019-05-01,15736
20643,2019-06-01,14308
20643,2019-07-01,15892
20643,2019-08-01,14655
20643,2019-09-01,13636
20643,2019-10-01,14717
20643,2019-11-01,14253
20643,2019-12-01,15471
20643,2020-01-01,14614
20643,2020-02-01,13286
20643,2020-03-01,17169
20643,2020-04-01,10138
20643,2020-05-01,9363
20643,2020-06-01,9963
20643,2020-07-01,9155
20643,2020-08-01,9040
20643,2020-09-01,8298
20643,2020-10-01,9407
20643,2020-11-01,9858
20643,2020-12-01,9800
20643,2021-01-01,8669
20643,2021-02-01,8801
20643,2021-03-01,10624
20643,2021-04-01,9365
20643,2021-05-01,9378
20643,2021-06-01,10551
20643,2021-07-01,9750
20643,2021-08-01,10304
20643,2021-09-01,10956
20643,2021-10-01,11007
20643,2021-11-01,11360
20643,2021-12-01,13631
20643,2022-01-01,13134
20643,2022-02-01,10932
20643,2022-03-01,13990
20643,2022-04-01,12037
20643,2022-05-01,12523
20643,2022-06-01,12935
20643,2022-07-01,12609
20643,2022-08-01,13543
20643,2022-09-01,12917
20643,2022-10-01,12348
20643,2022-11-01,11810
20643,2022-12-01,12622
20643,2023-01-01,12850
20643,2023-02-01,11235
20643,2023-03-01,12383
20643,2023-04-01,11233
20643,2023-05-01,12261
20643,2023-06-01,11846
20643,2023-07-01,11103
20643,2023-08-01,11535
20643,2023-09-01,11636
20643,2023-10-01,12231
20643,2023-11-01,13749
20643,2023-12-01,16960
20643,2024-01-01,17555
20643,2024-02-01,15263
20643,2024-03-01,15657
20643,2024-04-01,17680
20643,2024-05-01,16543
20643,2024-06-01,16906
20643,2024-07-01,18145
20643,2024-08-01,18684
20643,2024-09-01,17930
20643,2024-10-01,18523
20643,2024-11-01,18685
20643,2024-12-01,19913
20643,2025-01-01,20076
20643,2025-02-01,18486
20643,2025-03-01,19465
20643,2025-04-01,19963
20643,2025-05-01,19311
20643,2025-06-01,20384
20643,2025-07-01,20134
20643,2025-08-01,19310
20643,2025-09-01,19890
20643,2025-10-01,20511
20643,2025-11-01,19570
20643,2025-12-01,23211
20643,2026-01-01,21687
20643,2026-02-01,20236
20643,2026-03-01,22611
20643,2026-04-01,22070
20643,2026-05-01,19898
20643,2026-06-01,21674
20644,2011-03-01,18579
20644,2011-04-01,17277
20644,2011-05-01,19173
20644,2011-06-01,18288
20644,2011-07-01,17910
20644,2011-08-01,19285
20644,2011-09-01,18055
20644,2011-10-01,18268
20644,2011-11-01,18569
20644,2011-12-01,18405
20644,2012-01-01,18868
20644,2012-02-01,17323
20644,2012-03-01,19315
20644,2012-04-01,18785
20644,2012-05-01,19551
20644,2012-06-01,18339
20644,2012-07-01,19407
20644,2012-08-01,19543
20644,2012-09-01,17350
20644,2012-10-01,19963
20644,2012-11-01,18927
20644,2012-12-01,18117
20644,2013-01-01,19902
20644,2013-02-01,17786
20644,2013-03-01,18511
20644,2013-04-01,20334
20644,2013-05-01,19940
20644,2013-06-01,18596
20644,2013-07-01,20334
20644,2013-08-01,19898
20644,2013-09-01,19490
20644,2013-10-01,20901
20644,2013-11-01,19561
20644,2013-12-01,19945
20644,2014-01-01,21046
20644,2014-02-01,19480
20644,2014-03-01,20009
20644,2014-04-01,20269
20644,2014-05-01,20492
20644,2014-06-01,19926
20644,2014-07-01,20589
20644,2014-08-01,19258
20644,2014-09-01,20275
20644,2014-10-01,20259
20644,2014-11-01,19137
20644,2014-12-01,20992
20644,2015-01-01,21271
20644,2015-02-01,19736
20644,2015-03-01,23165
20644,2015-04-01,22467
20644,2015-05-01,21520
20644,2015-06-01,22655
20644,2015-07-01,22455
20644,2015-08-01,21463
20644,2015-09-01,21590
20644,2015-10-01,21710
20644,2015-11-01,21215
20644,2015-12-01,21233
20644,2016-01-01,19937
20644,2016-02-01,19582
20644,2016-03-01,20759
20644,2016-04-01,19246
20644,2016-05-01,19824
20644,2016-06-01,19350
20644,2016-07-01,18229
20644,2016-08-01,19366
20644,2016-09-01,18133
20644,2016-10-01,18156
20644,2016-11-01,17802
20644,2016-12-01,17460
20644,2017-01-01,17783
20644,2017-02-01,14712
20644,2017-03-01,19439
20644,2017-04-01,15637
20644,2017-05-01,17705
20644,2017-06-01,16424
20644,2017-07-01,15840
20644,2017-08-01,16612
20644,2017-09-01,15656
20644,2017-10-01,16811
20644,2017-11-01,17178
20644,2017-12-01,17888
20644,2018-01-01,17876
20644,2018-02-01,16072
20644,2018-03-01,17096
20644,2018-04-01,17460
20644,2018-05-01,17037
20644,2018-06-01,16675
20644,2018-07-01,17099
20644,2018-08-01,17112
20644,2018-09-01,15643
20644,2018-10-01,17794
20644,2018-11-01,17753
20644,2018-12-01,16888
20644,2019-01-01,19006
20644,2019-02-01,16760
20644,2019-03-01,17389
20644,2019-04-01,18280
20644,2019-05-01,18713
20644,2019-06-01,17195
20644,2019-07-01,19714
20644,2019-08-01,18422
20644,2019-09-01,19062
20644,2019-10-01,19769
20644,2019-11-01,18182
20644,2019-12-01,19261
20644,2020-01-01,19883
20644,2020-02-01,18508
20644,2020-03-01,19556
20644,2020-04-01,13965
20644,2020-05-01,12858
20644,2020-06-01,11159
20644,2020-07-01,11504
20644,2020-08-01,11198
20644,2020-09-01,11249
20644,2020-10-01,11966
20644,2020-11-01,12584
20644,2020-12-01,13201
20644,2021-01-01,13315
20644,2021-02-01,12955
20644,2021-03-01,15726
20644,2021-04-01,14711
20644,2021-05-01,15138
20644,2021-06-01,16200
20644,2021-07-01,16063
20644,2021-08-01,17173
20644,2021-09-01,18098
20644,2021-10-01,18353
20644,2021-11-01,20272
20644,2021-12-01,22316
20644,2022-01-01,21825
20644,2022-02-01,20060
20644,2022-03-01,24298
20644,2022-04-01,20939
20644,2022-05-01,22742
20644,2022-06-01,21940
20644,2022-07-01,21811
20644,2022-08-01,22251
20644,2022-09-01,20967
20644,2022-10-01,20416
20644,2022-11-01,21090
20644,2022-12-01,21602
20644,2023-01-01,22131
20644,2023-02-01,19614
20644,2023-03-01,23021
20644,2023-04-01,21057
20644,2023-05-01,23064
20644,2023-06-01,21946
20644,2023-07-01,20878
20644,2023-08-01,21647
20644,2023-09-01,20514
20644,2023-10-01,22645
20644,2023-11-01,22103
20644,2023-12-01,20623
20644,2024-01-01,23308
20644,2024-02-01,20994
20644,2024-03-01,22141
20644,2024-04-01,23814
20644,2024-05-01,22174
20644,2024-06-01,20580
20644,2024-07-01,22640
20644,2024-08-01,22251
20644,2024-09-01,22426
20644,2024-10-01,23767
20644,2024-11-01,22812
20644,2024-12-01,23330
20644,2025-01-01,24914
20644,2025-02-01,23168
20644,2025-03-01,24386
20644,2025-04-01,24549
20644,2025-05-01,25077
20644,2025-06-01,24005
20644,2025-07-01,25165
20644,2025-08-01,23437
20644,2025-09-01,25590
20644,2025-10-01,26638
20644,2025-11-01,23778
20644,2025-12-01,25678
20644,2026-01-01,25352
20644,2026-02-01,22808
20644,2026-03-01,26158
20644,2026-04-01,24956
20644,2026-05-01,25704
20644,2026-06-01,26750
20645,2011-03-01,1084
20645,2011-04-01,1031
20645,2011-05-01,1148
20645,2011-06-01,1202
20645,2011-07-01,1220
20645,2011-08-01,1324
20645,2011-09-01,1280
20645,2011-10-01,1144
20645,2011-11-01,1224
20645,2011-12-01,1357
20645,2012-01-01,1030
20645,2012-02-01,1011
20645,2012-03-01,1323
20645,2012-04-01,1131
20645,2012-05-01,1210
20645,2012-06-01,1250
20645,2012-07-01,1140
20645,2012-08-01,1243
20645,2012-09-01,980
20645,2012-10-01,1089
20645,2012-11-01,1058
20645,2012-12-01,1071
20645,2013-01-01,854
20645,2013-02-01,869
20645,2013-03-01,997
20645,2013-04-01,1175
20645,2013-05-01,1176
20645,2013-06-01,1085
20645,2013-07-01,1076
20645,2013-08-01,1138
20645,2013-09-01,1102
20645,2013-10-01,1161
20645,2013-11-01,997
20645,2013-12-01,1113
20645,2014-01-01,834
20645,2014-02-01,978
20645,2014-03-01,984
20645,2014-04-01,1006
20645,2014-05-01,1100
20645,2014-06-01,1010
20645,2014-07-01,936
20645,2014-08-01,1031
20645,2014-09-01,1279
20645,2014-10-01,1203
20645,2014-11-01,1003
20645,2014-12-01,1180
20645,2015-01-01,701
20645,2015-02-01,637
20645,2015-03-01,914
20645,2015-04-01,827
20645,2015-05-01,776
20645,2015-06-01,772
20645,2015-07-01,836
20645,2015-08-01,802
20645,2015-09-01,792
20645,2015-10-01,758
20645,2015-11-01,767
20645,2015-12-01,852
20645,2016-01-01,566
20645,2016-02-01,634
20645,2016-03-01,708
20645,2016-04-01,678
20645,2016-05-01,669
20645,2016-06-01,802
20645,2016-07-01,810
20645,2016-08-01,896
20645,2016-09-01,765
20645,2016-10-01,668
20645,2016-11-01,717
20645,2016-12-01,857
20645,2017-01-01,606
20645,2017-02-01,663
20645,2017-03-01,919
20645,2017-04-01,792
20645,2017-05-01,963
20645,2017-06-01,983
20645,2017-07-01,956
20645,2017-08-01,1156
20645,2017-09-01,1103
20645,2017-10-01,1214
20645,2017-11-01,1224
20645,2017-12-01,1328
20645,2018-01-01,1187
20645,2018-02-01,1200
20645,2018-03-01,1703
20645,2018-04-01,1790
20645,2018-05-01,1655
20645,2018-06-01,1539
20645,2018-07-01,1705
20645,2018-08-01,2084
20645,2018-09-01,1764
20645,2018-10-01,2061
20645,2018-11-01,2027
20645,2018-12-01,2194
20645,2019-01-01,1691
20645,2019-02-01,2138
20645,2019-03-01,2433
20645,2019-04-01,2905
20645,2019-05-01,3122
20645,2019-06-01,2763
20645,2019-07-01,3147
20645,2019-08-01,3361
20645,2019-09-01,3584
20645,2019-10-01,3865
20645,2019-11-01,3596
20645,2019-12-01,3632
20645,2020-01-01,2674
20645,2020-02-01,2783
20645,2020-03-01,3217
20645,2020-04-01,1351
20645,2020-05-01,1673
20645,2020-06-01,2549
20645,2020-07-01,3253
20645,2020-08-01,2873
20645,2020-09-01,3231
20645,2020-10-01,3120
20645,2020-11-01,3592
20645,2020-12-01,4044
20645,2021-01-01,2158
20645,2021-02-01,3266
20645,2021-03-01,4782
20645,2021-04-01,4440
20645,2021-05-01,4793
20645,2021-06-01,4914
20645,2021-07-01,4923
20645,2021-08-01,5525
20645,2021-09-01,4838
20645,2021-10-01,4653
20645,2021-11-01,4243
20645,2021-12-01,5192
20645,2022-01-01,3154
20645,2022-02-01,4028
20645,2022-03-01,4588
20645,2022-04-01,3881
20645,2022-05-01,4826
20645,2022-06-01,4723
20645,2022-07-01,4966
20645,2022-08-01,5663
20645,2022-09-01,5554
20645,2022-10-01,4867
20645,2022-11-01,4771
20645,2022-12-01,5433
20645,2023-01-01,3684
20645,2023-02-01,3652
20645,2023-03-01,4931
20645,2023-04-01,3785
20645,2023-05-01,4405
20645,2023-06-01,4220
20645,2023-07-01,4408
20645,2023-08-01,5279
20645,2023-09-01,4910
20645,2023-10-01,5186
20645,2023-11-01,4888
20645,2023-12-01,5127
20645,2024-01-01,3819
20645,2024-02-01,4396
20645,2024-03-01,4886
20645,2024-04-01,5335
20645,2024-05-01,4832
20645,2024-06-01,4912
20645,2024-07-01,5270
20645,2024-08-01,5752
20645,2024-09-01,5698
20645,2024-10-01,5763
20645,2024-11-01,5240
20645,2024-12-01,5514
20645,2025-01-01,3501
20645,2025-02-01,4378
20645,2025-03-01,4604
20645,2025-04-01,4863
20645,2025-05-01,4738
20645,2025-06-01,4804
20645,2025-07-01,5343
20645,2025-08-01,4865
20645,2025-09-01,5603
20645,2025-10-01,5999
20645,2025-11-01,4793
20645,2025-12-01,5279
20645,2026-01-01,3259
20645,2026-02-01,3499
20645,2026-03-01,4319
20645,2026-04-01,4298
20645,2026-05-01,3790
20645,2026-06-01,3580
20646,2011-03-01,243
20646,2011-04-01,248
20646,2011-05-01,278
20646,2011-06-01,269
20646,2011-07-01,436
20646,2011-08-01,434
20646,2011-09-01,543
20646,2011-10-01,314
20646,2011-11-01,807
20646,2011-12-01,982
20646,2012-01-01,299
20646,2012-02-01,468
20646,2012-03-01,683
20646,2012-04-01,252
20646,2012-05-01,260
20646,2012-06-01,386
20646,2012-07-01,296
20646,2012-08-01,415
20646,2012-09-01,389
20646,2012-10-01,526
20646,2012-11-01,319
20646,2012-12-01,658
20646,2013-01-01,340
20646,2013-02-01,426
20646,2013-03-01,598
20646,2013-04-01,354
20646,2013-05-01,371
20646,2013-06-01,301
20646,2013-07-01,354
20646,2013-08-01,517
20646,2013-09-01,498
20646,2013-10-01,460
20646,2013-11-01,581
20646,2013-12-01,767
20646,2014-01-01,463
20646,2014-02-01,666
20646,2014-03-01,550
20646,2014-04-01,594
20646,2014-05-01,819
20646,2014-06-01,651
20646,2014-07-01,794
20646,2014-08-01,527
20646,2014-09-01,826
20646,2014-10-01,844
20646,2014-11-01,443
20646,2014-12-01,654
20646,2015-01-01,493
20646,2015-02-01,308
20646,2015-03-01,383
20646,2015-04-01,525
20646,2015-05-01,668
20646,2015-06-01,502
20646,2015-07-01,480
20646,2015-08-01,367
20646,2015-09-01,349
20646,2015-10-01,328
20646,2015-11-01,316
20646,2015-12-01,474
20646,2016-01-01,260
20646,2016-02-01,470
20646,2016-03-01,303
20646,2016-04-01,499
20646,2016-05-01,482
20646,2016-06-01,345
20646,2016-07-01,319
20646,2016-08-01,382
20646,2016-09-01,371
20646,2016-10-01,499
20646,2016-11-01,359
20646,2016-12-01,579
20646,2017-01-01,414
20646,2017-02-01,239
20646,2017-03-01,544
20646,2017-04-01,234
20646,2017-05-01,427
20646,2017-06-01,392
20646,2017-07-01,351
20646,2017-08-01,270
20646,2017-09-01,392
20646,2017-10-01,497
20646,2017-11-01,247
20646,2017-12-01,392
20646,2018-01-01,315
20646,2018-02-01,552
20646,2018-03-01,341
20646,2018-04-01,373
20646,2018-05-01,344
20646,2018-06-01,411
20646,2018-07-01,445
20646,2018-08-01,423
20646,2018-09-01,419
20646,2018-10-01,382
20646,2018-11-01,362
20646,2018-12-01,480
20646,2019-01-01,447
20646,2019-02-01,482
20646,2019-03-01,579
20646,2019-04-01,545
20646,2019-05-01,629
20646,2019-06-01,761
20646,2019-07-01,865
20646,2019-08-01,871
20646,2019-09-01,994
20646,2019-10-01,904
20646,2019-11-01,816
20646,2019-12-01,901
20646,2020-01-01,796
20646,2020-02-01,819
20646,2020-03-01,979
20646,2020-04-01,859
20646,2020-05-01,908
20646,2020-06-01,1170
20646,2020-07-01,928
20646,2020-08-01,956
20646,2020-09-01,1309
20646,2020-10-01,1002
20646,2020-11-01,1249
20646,2020-12-01,1165
20646,2021-01-01,681
20646,2021-02-01,847
20646,2021-03-01,1378
20646,2021-04-01,1167
20646,2021-05-01,1179
20646,2021-06-01,1265
20646,2021-07-01,1471
20646,2021-08-01,1389
20646,2021-09-01,1680
20646,2021-10-01,1445
20646,2021-11-01,1568
20646,2021-12-01,1887
20646,2022-01-01,1401
20646,2022-02-01,1169
20646,2022-03-01,1528
20646,2022-04-01,1504
20646,2022-05-01,1860
20646,2022-06-01,1631
20646,2022-07-01,1770
20646,2022-08-01,1884
20646,2022-09-01,1868
20646,2022-10-01,1729
20646,2022-11-01,1461
20646,2022-12-01,1687
20646,2023-01-01,1229
20646,2023-02-01,1103
20646,2023-03-01,1326
20646,2023-04-01,1067
20646,2023-05-01,1414
20646,2023-06-01,1291
20646,2023-07-01,1349
20646,2023-08-01,1506
20646,2023-09-01,1373
20646,2023-10-01,1367
20646,2023-11-01,1224
20646,2023-12-01,1450
20646,2024-01-01,1105
20646,2024-02-01,1192
20646,2024-03-01,1203
20646,2024-04-01,1404
20646,2024-05-01,1360
20646,2024-06-01,1541
20646,2024-07-01,1630
20646,2024-08-01,1611
20646,2024-09-01,1538
20646,2024-10-01,1554
20646,2024-11-01,1192
20646,2024-12-01,1378
20646,2025-01-01,1463
20646,2025-02-01,1802
20646,2025-03-01,1704
20646,2025-04-01,1095
20646,2025-05-01,1273
20646,2025-06-01,1747
20646,2025-07-01,1384
20646,2025-08-01,1259
20646,2025-09-01,1355
20646,2025-10-01,1444
20646,2025-11-01,1115
20646,2025-12-01,1904
20646,2026-01-01,1170
20646,2026-02-01,1326
20646,2026-03-01,1562
20646,2026-04-01,1186
20646,2026-05-01,1577
20646,2026-06-01,1745
20648,2011-03-01,499
20648,2011-04-01,471
20648,2011-05-01,546
20648,2011-06-01,472
20648,2011-07-01,451
20648,2011-08-01,422
20648,2011-09-01,390
20648,2011-10-01,362
20648,2011-11-01,364
20648,2011-12-01,409
20648,2012-01-01,335
20648,2012-02-01,347
20648,2012-03-01,382
20648,2012-04-01,341
20648,2012-05-01,316
20648,2012-06-01,282
20648,2012-07-01,302
20648,2012-08-01,260
20648,2012-09-01,268
20648,2012-10-01,297
20648,2012-11-01,227
20648,2012-12-01,243
20648,2013-01-01,184
20648,2013-02-01,164
20648,2013-03-01,193
20648,2013-04-01,266
20648,2013-05-01,261
20648,2013-06-01,243
20648,2013-07-01,250
20648,2013-08-01,254
20648,2013-09-01,247
20648,2013-10-01,257
20648,2013-11-01,211
20648,2013-12-01,261
20648,2014-01-01,164
20648,2014-02-01,167
20648,2014-03-01,230
20648,2014-04-01,216
20648,2014-05-01,220
20648,2014-06-01,245
20648,2014-07-01,228
20648,2014-08-01,225
20648,2014-09-01,220
20648,2014-10-01,235
20648,2014-11-01,230
20648,2014-12-01,305
20648,2015-01-01,236
20648,2015-02-01,124
20648,2015-03-01,146
20648,2015-04-01,161
20648,2015-05-01,159
20648,2015-06-01,161
20648,2015-07-01,132
20648,2015-08-01,213
20648,2015-09-01,154
20648,2015-10-01,117
20648,2015-11-01,132
20648,2015-12-01,209
20648,2016-01-01,112
20648,2016-02-01,90
20648,2016-03-01,153
20648,2016-04-01,127
20648,2016-05-01,106
20648,2016-06-01,121
20648,2016-07-01,110
20648,2016-08-01,121
20648,2016-09-01,111
20648,2016-10-01,112
20648,2016-11-01,158
20648,2016-12-01,124
20648,2017-01-01,79
20648,2017-02-01,90
20648,2017-03-01,120
20648,2017-04-01,128
20648,2017-05-01,197
20648,2017-06-01,108
20648,2017-07-01,149
20648,2017-08-01,134
20648,2017-09-01,104
20648,2017-10-01,133
20648,2017-11-01,119
20648,2017-12-01,183
20648,2018-01-01,100
20648,2018-02-01,142
20648,2018-03-01,135
20648,2018-04-01,130
20648,2018-05-01,103
20648,2018-06-01,88
20648,2018-07-01,107
20648,2018-08-01,111
20648,2018-09-01,126
20648,2018-10-01,134
20648,2018-11-01,91
20648,2018-12-01,134
20648,2019-01-01,83
20648,2019-02-01,83
20648,2019-03-01,142
20648,2019-04-01,130
20648,2019-05-01,104
20648,2019-06-01,98
20648,2019-07-01,159
20648,2019-08-01,165
20648,2019-09-01,159
20648,2019-10-01,219
20648,2019-11-01,120
20648,2019-12-01,151
20648,2020-01-01,69
20648,2020-02-01,119
20648,2020-03-01,95
20648,2020-04-01,22
20648,2020-05-01,17
20648,2020-06-01,36
20648,2020-07-01,72
20648,2020-08-01,80
20648,2020-09-01,51
20648,2020-10-01,38
20648,2020-11-01,31
20648,2020-12-01,92
20648,2021-01-01,36
20648,2021-02-01,52
20648,2021-03-01,82
20648,2021-04-01,82
20648,2021-05-01,82
20648,2021-06-01,78
20648,2021-07-01,85
20648,2021-08-01,88
20648,2021-09-01,82
20648,2021-10-01,57
20648,2021-11-01,133
20648,2021-12-01,131
20648,2022-01-01,117
20648,2022-02-01,84
20648,2022-03-01,149
20648,2022-04-01,100
20648,2022-05-01,64
20648,2022-06-01,67
20648,2022-07-01,107
20648,2022-08-01,75
20648,2022-09-01,84
20648,2022-10-01,81
20648,2022-11-01,91
20648,2022-12-01,153
20648,2023-01-01,66
20648,2023-02-01,49
20648,2023-03-01,80
20648,2023-04-01,79
20648,2023-05-01,55
20648,2023-06-01,85
20648,2023-07-01,81
20648,2023-08-01,94
20648,2023-09-01,96
20648,2023-10-01,85
20648,2023-11-01,93
20648,2023-12-01,126
20648,2024-01-01,72
20648,2024-02-01,79
20648,2024-03-01,121
20648,2024-04-01,101
20648,2024-05-01,128
20648,2024-06-01,119
20648,2024-07-01,152
20648,2024-08-01,213
20648,2024-09-01,99
20648,2024-10-01,197
20648,2024-11-01,135
20648,2024-12-01,136
20648,2025-01-01,215
20648,2025-02-01,92
20648,2025-03-01,224
20648,2025-04-01,138
20648,2025-05-01,122
20648,2025-06-01,141
20648,2025-07-01,153
20648,2025-08-01,178
20648,2025-09-01,285
20648,2025-10-01,136
20648,2025-11-01,121
20648,2025-12-01,170
20648,2026-01-01,74
20648,2026-02-01,84
20648,2026-03-01,114
20648,2026-04-01,69
20648,2026-05-01,87
20648,2026-06-01,65
20649,2011-03-01,501
20649,2011-04-01,415
20649,2011-05-01,598
20649,2011-06-01,435
20649,2011-07-01,795
20649,2011-08-01,551
20649,2011-09-01,524
20649,2011-10-01,584
20649,2011-11-01,426
20649,2011-12-01,614
20649,2012-01-01,455
20649,2012-02-01,359
20649,2012-03-01,452
20649,2012-04-01,387
20649,2012-05-01,411
20649,2012-06-01,363
20649,2012-07-01,417
20649,2012-08-01,384
20649,2012-09-01,676
20649,2012-10-01,574
20649,2012-11-01,460
20649,2012-12-01,590
20649,2013-01-01,684
20649,2013-02-01,451
20649,2013-03-01,492
20649,2013-04-01,326
20649,2013-05-01,476
20649,2013-06-01,337
20649,2013-07-01,349
20649,2013-08-01,557
20649,2013-09-01,284
20649,2013-10-01,557
20649,2013-11-01,774
20649,2013-12-01,417
20649,2014-01-01,752
20649,2014-02-01,320
20649,2014-03-01,369
20649,2014-04-01,659
20649,2014-05-01,515
20649,2014-06-01,499
20649,2014-07-01,308
20649,2014-08-01,528
20649,2014-09-01,515
20649,2014-10-01,274
20649,2014-11-01,291
20649,2014-12-01,387
20649,2015-01-01,794
20649,2015-02-01,341
20649,2015-03-01,374
20649,2015-04-01,436
20649,2015-05-01,327
20649,2015-06-01,292
20649,2015-07-01,431
20649,2015-08-01,255
20649,2015-09-01,242
20649,2015-10-01,411
20649,2015-11-01,224
20649,2015-12-01,474
20649,2016-01-01,248
20649,2016-02-01,203
20649,2016-03-01,276
20649,2016-04-01,195
20649,2016-05-01,209
20649,2016-06-01,361
20649,2016-07-01,285
20649,2016-08-01,152
20649,2016-09-01,197
20649,2016-10-01,956
20649,2016-11-01,216
20649,2016-12-01,391
20649,2017-01-01,207
20649,2017-02-01,120
20649,2017-03-01,263
20649,2017-04-01,139
20649,2017-05-01,188
20649,2017-06-01,257
20649,2017-07-01,214
20649,2017-08-01,192
20649,2017-09-01,259
20649,2017-10-01,695
20649,2017-11-01,187
20649,2017-12-01,302
20649,2018-01-01,225
20649,2018-02-01,144
20649,2018-03-01,206
20649,2018-04-01,259
20649,2018-05-01,177
20649,2018-06-01,232
20649,2018-07-01,306
20649,2018-08-01,288
20649,2018-09-01,266
20649,2018-10-01,354
20649,2018-11-01,189
20649,2018-12-01,271
20649,2019-01-01,1140
20649,2019-02-01,318
20649,2019-03-01,260
20649,2019-04-01,331
20649,2019-05-01,732
20649,2019-06-01,293
20649,2019-07-01,421
20649,2019-08-01,261
20649,2019-09-01,459
20649,2019-10-01,363
20649,2019-11-01,445
20649,2019-12-01,625
20649,2020-01-01,421
20649,2020-02-01,380
20649,2020-03-01,387
20649,2020-04-01,645
20649,2020-05-01,210
20649,2020-06-01,169
20649,2020-07-01,742
20649,2020-08-01,314
20649,2020-09-01,442
20649,2020-10-01,788
20649,2020-11-01,359
20649,2020-12-01,383
20649,2021-01-01,456
20649,2021-02-01,447
20649,2021-03-01,435
20649,2021-04-01,549
20649,2021-05-01,350
20649,2021-06-01,540
20649,2021-07-01,1257
20649,2021-08-01,760
20649,2021-09-01,552
20649,2021-10-01,498
20649,2021-11-01,775
20649,2021-12-01,1110
20649,2022-01-01,338
20649,2022-02-01,300
20649,2022-03-01,341
20649,2022-04-01,853
20649,2022-05-01,405
20649,2022-06-01,383
20649,2022-07-01,1313
20649,2022-08-01,657
20649,2022-09-01,376
20649,2022-10-01,523
20649,2022-11-01,764
20649,2022-12-01,751
20649,2023-01-01,369
20649,2023-02-01,317
20649,2023-03-01,638
20649,2023-04-01,345
20649,2023-05-01,441
20649,2023-06-01,626
20649,2023-07-01,582
20649,2023-08-01,460
20649,2023-09-01,1189
20649,2023-10-01,529
20649,2023-11-01,664
20649,2023-12-01,683
20649,2024-01-01,1480
20649,2024-02-01,475
20649,2024-03-01,665
20649,2024-04-01,863
20649,2024-05-01,435
20649,2024-06-01,946
20649,2024-07-01,526
20649,2024-08-01,560
20649,2024-09-01,503
20649,2024-10-01,1303
20649,2024-11-01,533
20649,2024-12-01,825
20649,2025-01-01,684
20649,2025-02-01,400
20649,2025-03-01,723
20649,2025-04-01,537
20649,2025-05-01,880
20649,2025-06-01,906
20649,2025-07-01,903
20649,2025-08-01,770
20649,2025-09-01,741
20649,2025-10-01,601
20649,2025-11-01,637
20649,2025-12-01,846
20649,2026-01-01,590
20649,2026-02-01,765
20649,2026-03-01,454
20649,2026-04-01,653
20649,2026-05-01,591
20649,2026-06-01,624
20650,2011-03-01,1000
20650,2011-04-01,887
20650,2011-05-01,1144
20650,2011-06-01,907
20650,2011-07-01,1247
20650,2011-08-01,974
20650,2011-09-01,914
20650,2011-10-01,945
20650,2011-11-01,789
20650,2011-12-01,1023
20650,2012-01-01,790
20650,2012-02-01,706
20650,2012-03-01,834
20650,2012-04-01,728
20650,2012-05-01,727
20650,2012-06-01,645
20650,2012-07-01,718
20650,2012-08-01,644
20650,2012-09-01,944
20650,2012-10-01,871
20650,2012-11-01,687
20650,2012-12-01,833
20650,2013-01-01,868
20650,2013-02-01,615
20650,2013-03-01,686
20650,2013-04-01,593
20650,2013-05-01,737
20650,2013-06-01,580
20650,2013-07-01,599
20650,2013-08-01,811
20650,2013-09-01,531
20650,2013-10-01,814
20650,2013-11-01,985
20650,2013-12-01,678
20650,2014-01-01,916
20650,2014-02-01,486
20650,2014-03-01,599
20650,2014-04-01,876
20650,2014-05-01,735
20650,2014-06-01,744
20650,2014-07-01,537
20650,2014-08-01,753
20650,2014-09-01,735
20650,2014-10-01,509
20650,2014-11-01,521
20650,2014-12-01,692
20650,2015-01-01,1030
20650,2015-02-01,465
20650,2015-03-01,521
20650,2015-04-01,598
20650,2015-05-01,486
20650,2015-06-01,452
20650,2015-07-01,563
20650,2015-08-01,468
20650,2015-09-01,396
20650,2015-10-01,528
20650,2015-11-01,357
20650,2015-12-01,683
20650,2016-01-01,360
20650,2016-02-01,293
20650,2016-03-01,428
20650,2016-04-01,322
20650,2016-05-01,315
20650,2016-06-01,482
20650,2016-07-01,395
20650,2016-08-01,273
20650,2016-09-01,309
20650,2016-10-01,1068
20650,2016-11-01,374
20650,2016-12-01,515
20650,2017-01-01,285
20650,2017-02-01,210
20650,2017-03-01,382
20650,2017-04-01,267
20650,2017-05-01,384
20650,2017-06-01,365
20650,2017-07-01,364
20650,2017-08-01,326
20650,2017-09-01,363
20650,2017-10-01,828
20650,2017-11-01,306
20650,2017-12-01,486
20650,2018-01-01,326
20650,2018-02-01,286
20650,2018-03-01,342
20650,2018-04-01,390
20650,2018-05-01,279
20650,2018-06-01,320
20650,2018-07-01,413
20650,2018-08-01,399
20650,2018-09-01,392
20650,2018-10-01,488
20650,2018-11-01,280
20650,2018-12-01,405
20650,2019-01-01,1223
20650,2019-02-01,401
20650,2019-03-01,402
20650,2019-04-01,461
20650,2019-05-01,837
20650,2019-06-01,390
20650,2019-07-01,580
20650,2019-08-01,426
20650,2019-09-01,618
20650,2019-10-01,582
20650,2019-11-01,565
20650,2019-12-01,777
20650,2020-01-01,490
20650,2020-02-01,499
20650,2020-03-01,481
20650,2020-04-01,666
20650,2020-05-01,227
20650,2020-06-01,205
20650,2020-07-01,814
20650,2020-08-01,394
20650,2020-09-01,492
20650,2020-10-01,826
20650,2020-11-01,390
20650,2020-12-01,475
20650,2021-01-01,492
20650,2021-02-01,500
20650,2021-03-01,517
20650,2021-04-01,631
20650,2021-05-01,431
20650,2021-06-01,618
20650,2021-07-01,1342
20650,2021-08-01,847
20650,2021-09-01,634
20650,2021-10-01,556
20650,2021-11-01,908
20650,2021-12-01,1240
20650,2022-01-01,455
20650,2022-02-01,383
20650,2022-03-01,490
20650,2022-04-01,953
20650,2022-05-01,470
20650,2022-06-01,450
20650,2022-07-01,1420
20650,2022-08-01,732
20650,2022-09-01,460
20650,2022-10-01,604
20650,2022-11-01,855
20650,2022-12-01,905
20650,2023-01-01,435
20650,2023-02-01,366
20650,2023-03-01,718
20650,2023-04-01,424
20650,2023-05-01,496
20650,2023-06-01,712
20650,2023-07-01,662
20650,2023-08-01,554
20650,2023-09-01,1286
20650,2023-10-01,614
20650,2023-11-01,758
20650,2023-12-01,808
20650,2024-01-01,1552
20650,2024-02-01,554
20650,2024-03-01,786
20650,2024-04-01,964
20650,2024-05-01,562
20650,2024-06-01,1066
20650,2024-07-01,679
20650,2024-08-01,773
20650,2024-09-01,602
20650,2024-10-01,1501
20650,2024-11-01,668
20650,2024-12-01,961
20650,2025-01-01,899
20650,2025-02-01,492
20650,2025-03-01,946
20650,2025-04-01,675
20650,2025-05-01,1003
20650,2025-06-01,1047
20650,2025-07-01,1056
20650,2025-08-01,949
20650,2025-09-01,1026
20650,2025-10-01,738
20650,2025-11-01,758
20650,2025-12-01,1016
20650,2026-01-01,665
20650,2026-02-01,849
20650,2026-03-01,568
20650,2026-04-01,722
20650,2026-05-01,678
20650,2026-06-01,689
20651,2011-03-01,2328
20651,2011-04-01,2034
20651,2011-05-01,2226
20651,2011-06-01,2123
20651,2011-07-01,1944
20651,2011-08-01,2263
20651,2011-09-01,2292
20651,2011-10-01,2248
20651,2011-11-01,2130
20651,2011-12-01,2307
20651,2012-01-01,1718
20651,2012-02-01,1586
20651,2012-03-01,1921
20651,2012-04-01,1745
20651,2012-05-01,1731
20651,2012-06-01,1786
20651,2012-07-01,1775
20651,2012-08-01,1998
20651,2012-09-01,1982
20651,2012-10-01,2239
20651,2012-11-01,2212
20651,2012-12-01,2061
20651,2013-01-01,1982
20651,2013-02-01,1910
20651,2013-03-01,2101
20651,2013-04-01,2091
20651,2013-05-01,1884
20651,2013-06-01,2030
20651,2013-07-01,1812
20651,2013-08-01,2079
20651,2013-09-01,2414
20651,2013-10-01,2369
20651,2013-11-01,2397
20651,2013-12-01,2654
20651,2014-01-01,2078
20651,2014-02-01,1909
20651,2014-03-01,2000
20651,2014-04-01,1781
20651,2014-05-01,1647
20651,2014-06-01,1969
20651,2014-07-01,1674
20651,2014-08-01,1738
20651,2014-09-01,2596
20651,2014-10-01,2352
20651,2014-11-01,2118
20651,2014-12-01,2831
20651,2015-01-01,1423
20651,2015-02-01,1325
20651,2015-03-01,2016
20651,2015-04-01,1616
20651,2015-05-01,1454
20651,2015-06-01,1584
20651,2015-07-01,1428
20651,2015-08-01,1390
20651,2015-09-01,1897
20651,2015-10-01,1648
20651,2015-11-01,1549
20651,2015-12-01,1840
20651,2016-01-01,945
20651,2016-02-01,1142
20651,2016-03-01,1230
20651,2016-04-01,1065
20651,2016-05-01,1131
20651,2016-06-01,1322
20651,2016-07-01,984
20651,2016-08-01,1285
20651,2016-09-01,1391
20651,2016-10-01,1041
20651,2016-11-01,1272
20651,2016-12-01,1616
20651,2017-01-01,944
20651,2017-02-01,806
20651,2017-03-01,1207
20651,2017-04-01,900
20651,2017-05-01,1113
20651,2017-06-01,1209
20651,2017-07-01,946
20651,2017-08-01,1031
20651,2017-09-01,1227
20651,2017-10-01,1073
20651,2017-11-01,1124
20651,2017-12-01,1480
20651,2018-01-01,894
20651,2018-02-01,878
20651,2018-03-01,916
20651,2018-04-01,811
20651,2018-05-01,797
20651,2018-06-01,881
20651,2018-07-01,840
20651,2018-08-01,923
20651,2018-09-01,846
20651,2018-10-01,1131
20651,2018-11-01,1256
20651,2018-12-01,1344
20651,2019-01-01,742
20651,2019-02-01,876
20651,2019-03-01,756
20651,2019-04-01,765
20651,2019-05-01,622
20651,2019-06-01,539
20651,2019-07-01,636
20651,2019-08-01,709
20651,2019-09-01,838
20651,2019-10-01,914
20651,2019-11-01,811
20651,2019-12-01,1056
20651,2020-01-01,591
20651,2020-02-01,561
20651,2020-03-01,827
20651,2020-04-01,301
20651,2020-05-01,591
20651,2020-06-01,515
20651,2020-07-01,641
20651,2020-08-01,813
20651,2020-09-01,1244
20651,2020-10-01,798
20651,2020-11-01,1121
20651,2020-12-01,852
20651,2021-01-01,630
20651,2021-02-01,778
20651,2021-03-01,730
20651,2021-04-01,939
20651,2021-05-01,986
20651,2021-06-01,994
20651,2021-07-01,896
20651,2021-08-01,951
20651,2021-09-01,1181
20651,2021-10-01,870
20651,2021-11-01,1180
20651,2021-12-01,1494
20651,2022-01-01,621
20651,2022-02-01,808
20651,2022-03-01,1197
20651,2022-04-01,568
20651,2022-05-01,801
20651,2022-06-01,862
20651,2022-07-01,523
20651,2022-08-01,808
20651,2022-09-01,979
20651,2022-10-01,1152
20651,2022-11-01,1028
20651,2022-12-01,1152
20651,2023-01-01,701
20651,2023-02-01,751
20651,2023-03-01,849
20651,2023-04-01,815
20651,2023-05-01,963
20651,2023-06-01,1086
20651,2023-07-01,758
20651,2023-08-01,851
20651,2023-09-01,1056
20651,2023-10-01,887
20651,2023-11-01,792
20651,2023-12-01,1148
20651,2024-01-01,712
20651,2024-02-01,965
20651,2024-03-01,1117
20651,2024-04-01,842
20651,2024-05-01,1066
20651,2024-06-01,903
20651,2024-07-01,826
20651,2024-08-01,1003
20651,2024-09-01,903
20651,2024-10-01,974
20651,2024-11-01,1066
20651,2024-12-01,942
20651,2025-01-01,813
20651,2025-02-01,889
20651,2025-03-01,1155
20651,2025-04-01,696
20651,2025-05-01,972
20651,2025-06-01,1643
20651,2025-07-01,656
20651,2025-08-01,784
20651,2025-09-01,1881
20651,2025-10-01,1091
20651,2025-11-01,1087
20651,2025-12-01,1507
20651,2026-01-01,800
20651,2026-02-01,874
20651,2026-03-01,1101
20651,2026-04-01,716
20651,2026-05-01,762
20651,2026-06-01,1330
20652,2011-03-01,6819
20652,2011-04-01,5839
20652,2011-05-01,7104
20652,2011-06-01,7070
20652,2011-07-01,6428
20652,2011-08-01,7094
20652,2011-09-01,6807
20652,2011-10-01,6182
20652,2011-11-01,6774
20652,2011-12-01,8577
20652,2012-01-01,5335
20652,2012-02-01,5627
20652,2012-03-01,7174
20652,2012-04-01,5934
20652,2012-05-01,8478
20652,2012-06-01,8274
20652,2012-07-01,7408
20652,2012-08-01,7856
20652,2012-09-01,6170
20652,2012-10-01,7440
20652,2012-11-01,7694
20652,2012-12-01,8033
20652,2013-01-01,6129
20652,2013-02-01,5008
20652,2013-03-01,6557
20652,2013-04-01,7047
20652,2013-05-01,7359
20652,2013-06-01,6888
20652,2013-07-01,6566
20652,2013-08-01,7162
20652,2013-09-01,7220
20652,2013-10-01,7277
20652,2013-11-01,8092
20652,2013-12-01,9690
20652,2014-01-01,6143
20652,2014-02-01,7248
20652,2014-03-01,7951
20652,2014-04-01,7529
20652,2014-05-01,7932
20652,2014-06-01,7276
20652,2014-07-01,6534
20652,2014-08-01,7151
20652,2014-09-01,8325
20652,2014-10-01,8191
20652,2014-11-01,8202
20652,2014-12-01,10108
20652,2015-01-01,5877
20652,2015-02-01,6653
20652,2015-03-01,8105
20652,2015-04-01,6239
20652,2015-05-01,6286
20652,2015-06-01,7498
20652,2015-07-01,6583
20652,2015-08-01,6894
20652,2015-09-01,6685
20652,2015-10-01,6171
20652,2015-11-01,6600
20652,2015-12-01,8646
20652,2016-01-01,4082
20652,2016-02-01,5381
20652,2016-03-01,6944
20652,2016-04-01,5345
20652,2016-05-01,5819
20652,2016-06-01,6135
20652,2016-07-01,5629
20652,2016-08-01,6657
20652,2016-09-01,6360
20652,2016-10-01,5916
20652,2016-11-01,6644
20652,2016-12-01,8267
20652,2017-01-01,4908
20652,2017-02-01,5026
20652,2017-03-01,7464
20652,2017-04-01,5237
20652,2017-05-01,7047
20652,2017-06-01,7486
20652,2017-07-01,6828
20652,2017-08-01,7946
20652,2017-09-01,7101
20652,2017-10-01,7225
20652,2017-11-01,7626
20652,2017-12-01,9137
20652,2018-01-01,5519
20652,2018-02-01,5847
20652,2018-03-01,8271
20652,2018-04-01,7806
20652,2018-05-01,6531
20652,2018-06-01,8446
20652,2018-07-01,7831
20652,2018-08-01,9775
20652,2018-09-01,8775
20652,2018-10-01,9020
20652,2018-11-01,9467
20652,2018-12-01,11163
20652,2019-01-01,5555
20652,2019-02-01,8563
20652,2019-03-01,8880
20652,2019-04-01,8400
20652,2019-05-01,9858
20652,2019-06-01,10586
20652,2019-07-01,9669
20652,2019-08-01,10352
20652,2019-09-01,11363
20652,2019-10-01,9934
20652,2019-11-01,10363
20652,2019-12-01,13729
20652,2020-01-01,6586
20652,2020-02-01,8047
20652,2020-03-01,8643
20652,2020-04-01,3024
20652,2020-05-01,4037
20652,2020-06-01,6504
20652,2020-07-01,8485
20652,2020-08-01,9252
20652,2020-09-01,9919
20652,2020-10-01,9310
20652,2020-11-01,9431
20652,2020-12-01,9209
20652,2021-01-01,7080
20652,2021-02-01,7597
20652,2021-03-01,9191
20652,2021-04-01,8568
20652,2021-05-01,9032
20652,2021-06-01,9754
20652,2021-07-01,8565
20652,2021-08-01,9186
20652,2021-09-01,9889
20652,2021-10-01,8309
20652,2021-11-01,10437
20652,2021-12-01,11433
20652,2022-01-01,7432
20652,2022-02-01,9183
20652,2022-03-01,11769
20652,2022-04-01,9894
20652,2022-05-01,13199
20652,2022-06-01,12220
20652,2022-07-01,11707
20652,2022-08-01,15786
20652,2022-09-01,13895
20652,2022-10-01,14906
20652,2022-11-01,14832
20652,2022-12-01,16050
20652,2023-01-01,11434
20652,2023-02-01,12245
20652,2023-03-01,18014
20652,2023-04-01,13700
20652,2023-05-01,17958
20652,2023-06-01,19673
20652,2023-07-01,15858
20652,2023-08-01,18600
20652,2023-09-01,16749
20652,2023-10-01,16633
20652,2023-11-01,16191
20652,2023-12-01,16252
20652,2024-01-01,12727
20652,2024-02-01,13122
20652,2024-03-01,13714
20652,2024-04-01,15094
20652,2024-05-01,12996
20652,2024-06-01,12939
20652,2024-07-01,14468
20652,2024-08-01,11708
20652,2024-09-01,12192
20652,2024-10-01,10817
20652,2024-11-01,9906
20652,2024-12-01,13601
20652,2025-01-01,8622
20652,2025-02-01,8462
20652,2025-03-01,8566
20652,2025-04-01,8755
20652,2025-05-01,8204
20652,2025-06-01,9941
20652,2025-07-01,9829
20652,2025-08-01,10050
20652,2025-09-01,11001
20652,2025-10-01,10885
20652,2025-11-01,8732
20652,2025-12-01,11863
20652,2026-01-01,5736
20652,2026-02-01,7130
20652,2026-03-01,10742
20652,2026-04-01,8764
20652,2026-05-01,9423
20652,2026-06-01,11740
20655,2011-03-01,1472
20655,2011-04-01,1390
20655,2011-05-01,1252
20655,2011-06-01,1244
20655,2011-07-01,1514
20655,2011-08-01,2034
20655,2011-09-01,2043
20655,2011-10-01,2141
20655,2011-11-01,2449
20655,2011-12-01,1898
20655,2012-01-01,1839
20655,2012-02-01,1788
20655,2012-03-01,2018
20655,2012-04-01,1935
20655,2012-05-01,2056
20655,2012-06-01,1731
20655,2012-07-01,1881
20655,2012-08-01,1915
20655,2012-09-01,2272
20655,2012-10-01,2423
20655,2012-11-01,2561
20655,2012-12-01,2716
20655,2013-01-01,2201
20655,2013-02-01,2022
20655,2013-03-01,3472
20655,2013-04-01,2469
20655,2013-05-01,2865
20655,2013-06-01,3071
20655,2013-07-01,2524
20655,2013-08-01,2391
20655,2013-09-01,2345
20655,2013-10-01,2531
20655,2013-11-01,2394
20655,2013-12-01,2406
20655,2014-01-01,2416
20655,2014-02-01,2428
20655,2014-03-01,2481
20655,2014-04-01,2507
20655,2014-05-01,2585
20655,2014-06-01,2131
20655,2014-07-01,2594
20655,2014-08-01,2586
20655,2014-09-01,2655
20655,2014-10-01,2836
20655,2014-11-01,3143
20655,2014-12-01,3013
20655,2015-01-01,3000
20655,2015-02-01,2783
20655,2015-03-01,3421
20655,2015-04-01,3417
20655,2015-05-01,3328
20655,2015-06-01,3270
20655,2015-07-01,3639
20655,2015-08-01,3500
20655,2015-09-01,3579
20655,2015-10-01,3351
20655,2015-11-01,3203
20655,2015-12-01,2946
20655,2016-01-01,2926
20655,2016-02-01,3168
20655,2016-03-01,3214
20655,2016-04-01,3229
20655,2016-05-01,3520
20655,2016-06-01,3434
20655,2016-07-01,3293
20655,2016-08-01,3772
20655,2016-09-01,3442
20655,2016-10-01,3895
20655,2016-11-01,3388
20655,2016-12-01,3120
20655,2017-01-01,2880
20655,2017-02-01,2697
20655,2017-03-01,4152
20655,2017-04-01,2969
20655,2017-05-01,3727
20655,2017-06-01,3495
20655,2017-07-01,3523
20655,2017-08-01,4126
20655,2017-09-01,3713
20655,2017-10-01,3921
20655,2017-11-01,5996
20655,2017-12-01,4740
20655,2018-01-01,4020
20655,2018-02-01,3878
20655,2018-03-01,5535
20655,2018-04-01,4607
20655,2018-05-01,5272
20655,2018-06-01,4324
20655,2018-07-01,4405
20655,2018-08-01,4863
20655,2018-09-01,4470
20655,2018-10-01,5001
20655,2018-11-01,5235
20655,2018-12-01,4760
20655,2019-01-01,5007
20655,2019-02-01,5344
20655,2019-03-01,5329
20655,2019-04-01,5716
20655,2019-05-01,6353
20655,2019-06-01,4726
20655,2019-07-01,5171
20655,2019-08-01,5912
20655,2019-09-01,5970
20655,2019-10-01,6572
20655,2019-11-01,6362
20655,2019-12-01,5382
20655,2020-01-01,5570
20655,2020-02-01,5102
20655,2020-03-01,4465
20655,2020-04-01,3111
20655,2020-05-01,3346
20655,2020-06-01,3783
20655,2020-07-01,4233
20655,2020-08-01,4354
20655,2020-09-01,4830
20655,2020-10-01,5420
20655,2020-11-01,5652
20655,2020-12-01,6293
20655,2021-01-01,7041
20655,2021-02-01,5853
20655,2021-03-01,7615
20655,2021-04-01,7576
20655,2021-05-01,8472
20655,2021-06-01,9850
20655,2021-07-01,6378
20655,2021-08-01,6684
20655,2021-09-01,6939
20655,2021-10-01,7189
20655,2021-11-01,8077
20655,2021-12-01,8113
20655,2022-01-01,7177
20655,2022-02-01,7005
20655,2022-03-01,9337
20655,2022-04-01,8828
20655,2022-05-01,9622
20655,2022-06-01,8885
20655,2022-07-01,9364
20655,2022-08-01,10178
20655,2022-09-01,10262
20655,2022-10-01,9889
20655,2022-11-01,10454
20655,2022-12-01,10113
20655,2023-01-01,9224
20655,2023-02-01,9086
20655,2023-03-01,11866
20655,2023-04-01,9870
20655,2023-05-01,11298
20655,2023-06-01,10974
20655,2023-07-01,11003
20655,2023-08-01,12077
20655,2023-09-01,10777
20655,2023-10-01,11914
20655,2023-11-01,11872
20655,2023-12-01,11623
20655,2024-01-01,11884
20655,2024-02-01,10916
20655,2024-03-01,11825
20655,2024-04-01,12536
20655,2024-05-01,13310
20655,2024-06-01,12423
20655,2024-07-01,15004
20655,2024-08-01,14066
20655,2024-09-01,15093
20655,2024-10-01,16292
20655,2024-11-01,16590
20655,2024-12-01,15587
20655,2025-01-01,14795
20655,2025-02-01,16587
20655,2025-03-01,17607
20655,2025-04-01,17483
20655,2025-05-01,16441
20655,2025-06-01,17436
20655,2025-07-01,16934
20655,2025-08-01,19170
20655,2025-09-01,16455
20655,2025-10-01,20263
20655,2025-11-01,18424
20655,2025-12-01,20935
20655,2026-01-01,17700
20655,2026-02-01,15682
20655,2026-03-01,23985
20655,2026-04-01,20408
20655,2026-05-01,19835
20655,2026-06-01,19300
20656,2011-03-01,2386
20656,2011-04-01,2321
20656,2011-05-01,2269
20656,2011-06-01,2323
20656,2011-07-01,2800
20656,2011-08-01,2995
20656,2011-09-01,3099
20656,2011-10-01,3306
20656,2011-11-01,3555
20656,2011-12-01,2969
20656,2012-01-01,2723
20656,2012-02-01,2649
20656,2012-03-01,2944
20656,2012-04-01,2986
20656,2012-05-01,3120
20656,2012-06-01,2933
20656,2012-07-01,3004
20656,2012-08-01,3014
20656,2012-09-01,3389
20656,2012-10-01,3574
20656,2012-11-01,3941
20656,2012-12-01,4110
20656,2013-01-01,3562
20656,2013-02-01,3333
20656,2013-03-01,4807
20656,2013-04-01,3970
20656,2013-05-01,4381
20656,2013-06-01,4607
20656,2013-07-01,4083
20656,2013-08-01,4054
20656,2013-09-01,4844
20656,2013-10-01,4477
20656,2013-11-01,4747
20656,2013-12-01,5015
20656,2014-01-01,4337
20656,2014-02-01,4381
20656,2014-03-01,5461
20656,2014-04-01,4851
20656,2014-05-01,4785
20656,2014-06-01,5312
20656,2014-07-01,4882
20656,2014-08-01,5367
20656,2014-09-01,5433
20656,2014-10-01,5162
20656,2014-11-01,5409
20656,2014-12-01,5877
20656,2015-01-01,5244
20656,2015-02-01,5201
20656,2015-03-01,6390
20656,2015-04-01,5871
20656,2015-05-01,5818
20656,2015-06-01,6193
20656,2015-07-01,6172
20656,2015-08-01,5939
20656,2015-09-01,6569
20656,2015-10-01,5991
20656,2015-11-01,5695
20656,2015-12-01,6147
20656,2016-01-01,5254
20656,2016-02-01,5579
20656,2016-03-01,5429
20656,2016-04-01,5299
20656,2016-05-01,5583
20656,2016-06-01,5472
20656,2016-07-01,5118
20656,2016-08-01,5630
20656,2016-09-01,5380
20656,2016-10-01,5799
20656,2016-11-01,5400
20656,2016-12-01,5057
20656,2017-01-01,4722
20656,2017-02-01,4183
20656,2017-03-01,6018
20656,2017-04-01,3833
20656,2017-05-01,4963
20656,2017-06-01,4997
20656,2017-07-01,4857
20656,2017-08-01,5421
20656,2017-09-01,5216
20656,2017-10-01,5285
20656,2017-11-01,7613
20656,2017-12-01,6767
20656,2018-01-01,5026
20656,2018-02-01,4811
20656,2018-03-01,6534
20656,2018-04-01,5455
20656,2018-05-01,6219
20656,2018-06-01,5672
20656,2018-07-01,5454
20656,2018-08-01,5693
20656,2018-09-01,5787
20656,2018-10-01,6038
20656,2018-11-01,6303
20656,2018-12-01,6163
20656,2019-01-01,6024
20656,2019-02-01,6295
20656,2019-03-01,6846
20656,2019-04-01,6687
20656,2019-05-01,7479
20656,2019-06-01,6699
20656,2019-07-01,6783
20656,2019-08-01,7148
20656,2019-09-01,7503
20656,2019-10-01,7536
20656,2019-11-01,7405
20656,2019-12-01,7904
20656,2020-01-01,6580
20656,2020-02-01,6236
20656,2020-03-01,7587
20656,2020-04-01,4435
20656,2020-05-01,4572
20656,2020-06-01,5796
20656,2020-07-01,6062
20656,2020-08-01,5336
20656,2020-09-01,6026
20656,2020-10-01,6502
20656,2020-11-01,6548
20656,2020-12-01,7272
20656,2021-01-01,8001
20656,2021-02-01,6765
20656,2021-03-01,9026
20656,2021-04-01,8712
20656,2021-05-01,9595
20656,2021-06-01,11449
20656,2021-07-01,7557
20656,2021-08-01,7837
20656,2021-09-01,8797
20656,2021-10-01,8603
20656,2021-11-01,9572
20656,2021-12-01,11099
20656,2022-01-01,8969
20656,2022-02-01,8600
20656,2022-03-01,12648
20656,2022-04-01,10800
20656,2022-05-01,12592
20656,2022-06-01,12603
20656,2022-07-01,11864
20656,2022-08-01,13578
20656,2022-09-01,14329
20656,2022-10-01,12895
20656,2022-11-01,14360
20656,2022-12-01,17441
20656,2023-01-01,12309
20656,2023-02-01,13204
20656,2023-03-01,18981
20656,2023-04-01,15341
20656,2023-05-01,16471
20656,2023-06-01,17859
20656,2023-07-01,14741
20656,2023-08-01,18213
20656,2023-09-01,19048
20656,2023-10-01,19008
20656,2023-11-01,20123
20656,2023-12-01,18031
20656,2024-01-01,16376
20656,2024-02-01,17629
20656,2024-03-01,21332
20656,2024-04-01,18999
20656,2024-05-01,17473
20656,2024-06-01,17961
20656,2024-07-01,19063
20656,2024-08-01,19758
20656,2024-09-01,20461
20656,2024-10-01,19877
20656,2024-11-01,19473
20656,2024-12-01,20438
20656,2025-01-01,18220
20656,2025-02-01,20849
20656,2025-03-01,23540
20656,2025-04-01,20840
20656,2025-05-01,22356
20656,2025-06-01,23831
20656,2025-07-01,20898
20656,2025-08-01,22738
20656,2025-09-01,22414
20656,2025-10-01,23746
20656,2025-11-01,22554
20656,2025-12-01,26709
20656,2026-01-01,22795
20656,2026-02-01,19591
20656,2026-03-01,30145
20656,2026-04-01,25926
20656,2026-05-01,24440
20656,2026-06-01,27373
20657,2011-03-01,7723
20657,2011-04-01,8120
20657,2011-05-01,8512
20657,2011-06-01,7373
20657,2011-07-01,8066
20657,2011-08-01,8970
20657,2011-09-01,9383
20657,2011-10-01,6074
20657,2011-11-01,6276
20657,2011-12-01,7538
20657,2012-01-01,7030
20657,2012-02-01,6010
20657,2012-03-01,10366
20657,2012-04-01,10928
20657,2012-05-01,9265
20657,2012-06-01,7283
20657,2012-07-01,8751
20657,2012-08-01,9427
20657,2012-09-01,7725
20657,2012-10-01,7547
20657,2012-11-01,6865
20657,2012-12-01,5611
20657,2013-01-01,5046
20657,2013-02-01,6099
20657,2013-03-01,7806
20657,2013-04-01,7331
20657,2013-05-01,10365
20657,2013-06-01,8293
20657,2013-07-01,7447
20657,2013-08-01,8107
20657,2013-09-01,6960
20657,2013-10-01,6346
20657,2013-11-01,5616
20657,2013-12-01,7027
20657,2014-01-01,5786
20657,2014-02-01,8201
20657,2014-03-01,8011
20657,2014-04-01,7687
20657,2014-05-01,8865
20657,2014-06-01,8727
20657,2014-07-01,8058
20657,2014-08-01,6998
20657,2014-09-01,6401
20657,2014-10-01,8574
20657,2014-11-01,6701
20657,2014-12-01,8331
20657,2015-01-01,9413
20657,2015-02-01,6234
20657,2015-03-01,8091
20657,2015-04-01,12246
20657,2015-05-01,11337
20657,2015-06-01,10807
20657,2015-07-01,9877
20657,2015-08-01,7482
20657,2015-09-01,10649
20657,2015-10-01,9120
20657,2015-11-01,8712
20657,2015-12-01,11326
20657,2016-01-01,8306
20657,2016-02-01,7512
20657,2016-03-01,10994
20657,2016-04-01,10238
20657,2016-05-01,13787
20657,2016-06-01,9021
20657,2016-07-01,8068
20657,2016-08-01,6867
20657,2016-09-01,7560
20657,2016-10-01,7249
20657,2016-11-01,7824
20657,2016-12-01,8031
20657,2017-01-01,6166
20657,2017-02-01,6942
20657,2017-03-01,9783
20657,2017-04-01,7666
20657,2017-05-01,8435
20657,2017-06-01,8388
20657,2017-07-01,7853
20657,2017-08-01,6059
20657,2017-09-01,7487
20657,2017-10-01,6939
20657,2017-11-01,7023
20657,2017-12-01,7876
20657,2018-01-01,5996
20657,2018-02-01,9414
20657,2018-03-01,12772
20657,2018-04-01,14641
20657,2018-05-01,13148
20657,2018-06-01,11294
20657,2018-07-01,9839
20657,2018-08-01,11780
20657,2018-09-01,9120
20657,2018-10-01,10808
20657,2018-11-01,7215
20657,2018-12-01,10344
20657,2019-01-01,9642
20657,2019-02-01,9597
20657,2019-03-01,11792
20657,2019-04-01,12024
20657,2019-05-01,12885
20657,2019-06-01,9592
20657,2019-07-01,8969
20657,2019-08-01,12241
20657,2019-09-01,10628
20657,2019-10-01,8208
20657,2019-11-01,9696
20657,2019-12-01,10347
20657,2020-01-01,7201
20657,2020-02-01,7935
20657,2020-03-01,31562
20657,2020-04-01,13870
20657,2020-05-01,8865
20657,2020-06-01,7849
20657,2020-07-01,7401
20657,2020-08-01,10644
20657,2020-09-01,7415
20657,2020-10-01,6344
20657,2020-11-01,6391
20657,2020-12-01,6446
20657,2021-01-01,7699
20657,2021-02-01,8739
20657,2021-03-01,19870
20657,2021-04-01,22138
20657,2021-05-01,17465
20657,2021-06-01,12724
20657,2021-07-01,12442
20657,2021-08-01,10618
20657,2021-09-01,12559
20657,2021-10-01,11202
20657,2021-11-01,8978
20657,2021-12-01,11848
20657,2022-01-01,13568
20657,2022-02-01,14603
20657,2022-03-01,25606
20657,2022-04-01,22620
20657,2022-05-01,16139
20657,2022-06-01,16582
20657,2022-07-01,14690
20657,2022-08-01,13115
20657,2022-09-01,13453
20657,2022-10-01,11697
20657,2022-11-01,11727
20657,2022-12-01,14773
20657,2023-01-01,11526
20657,2023-02-01,15322
20657,2023-03-01,20081
20657,2023-04-01,14636
20657,2023-05-01,15261
20657,2023-06-01,14745
20657,2023-07-01,12610
20657,2023-08-01,12703
20657,2023-09-01,11832
20657,2023-10-01,10533
20657,2023-11-01,11851
20657,2023-12-01,10267
20657,2024-01-01,10541
20657,2024-02-01,10057
20657,2024-03-01,16284
20657,2024-04-01,18214
20657,2024-05-01,14979
20657,2024-06-01,16150
20657,2024-07-01,13479
20657,2024-08-01,18087
20657,2024-09-01,15223
20657,2024-10-01,14354
20657,2024-11-01,10855
20657,2024-12-01,13609
20657,2025-01-01,12785
20657,2025-02-01,12839
20657,2025-03-01,13221
20657,2025-04-01,18988
20657,2025-05-01,16221
20657,2025-06-01,20024
20657,2025-07-01,15194
20657,2025-08-01,15370
20657,2025-09-01,13856
20657,2025-10-01,12408
20657,2025-11-01,9313
20657,2025-12-01,13024
20657,2026-01-01,10637
20657,2026-02-01,13438
20657,2026-03-01,16074
20657,2026-04-01,13332
20657,2026-05-01,13803
20657,2026-06-01,14385
20658,2011-03-01,526
20658,2011-04-01,408
20658,2011-05-01,550
20658,2011-06-01,459
20658,2011-07-01,385
20658,2011-08-01,566
20658,2011-09-01,451
20658,2011-10-01,500
20658,2011-11-01,591
20658,2011-12-01,651
20658,2012-01-01,475
20658,2012-02-01,423
20658,2012-03-01,513
20658,2012-04-01,540
20658,2012-05-01,1407
20658,2012-06-01,1575
20658,2012-07-01,723
20658,2012-08-01,734
20658,2012-09-01,432
20658,2012-10-01,571
20658,2012-11-01,542
20658,2012-12-01,601
20658,2013-01-01,607
20658,2013-02-01,416
20658,2013-03-01,478
20658,2013-04-01,398
20658,2013-05-01,473
20658,2013-06-01,624
20658,2013-07-01,695
20658,2013-08-01,618
20658,2013-09-01,616
20658,2013-10-01,565
20658,2013-11-01,516
20658,2013-12-01,627
20658,2014-01-01,542
20658,2014-02-01,569
20658,2014-03-01,560
20658,2014-04-01,511
20658,2014-05-01,483
20658,2014-06-01,525
20658,2014-07-01,708
20658,2014-08-01,451
20658,2014-09-01,615
20658,2014-10-01,515
20658,2014-11-01,491
20658,2014-12-01,619
20658,2015-01-01,505
20658,2015-02-01,558
20658,2015-03-01,627
20658,2015-04-01,596
20658,2015-05-01,505
20658,2015-06-01,523
20658,2015-07-01,512
20658,2015-08-01,611
20658,2015-09-01,423
20658,2015-10-01,470
20658,2015-11-01,642
20658,2015-12-01,411
20658,2016-01-01,372
20658,2016-02-01,292
20658,2016-03-01,326
20658,2016-04-01,306
20658,2016-05-01,268
20658,2016-06-01,260
20658,2016-07-01,211
20658,2016-08-01,317
20658,2016-09-01,306
20658,2016-10-01,223
20658,2016-11-01,294
20658,2016-12-01,314
20658,2017-01-01,379
20658,2017-02-01,163
20658,2017-03-01,316
20658,2017-04-01,202
20658,2017-05-01,290
20658,2017-06-01,352
20658,2017-07-01,388
20658,2017-08-01,408
20658,2017-09-01,318
20658,2017-10-01,262
20658,2017-11-01,290
20658,2017-12-01,300
20658,2018-01-01,280
20658,2018-02-01,402
20658,2018-03-01,291
20658,2018-04-01,336
20658,2018-05-01,327
20658,2018-06-01,421
20658,2018-07-01,426
20658,2018-08-01,343
20658,2018-09-01,417
20658,2018-10-01,320
20658,2018-11-01,282
20658,2018-12-01,372
20658,2019-01-01,358
20658,2019-02-01,229
20658,2019-03-01,217
20658,2019-04-01,271
20658,2019-05-01,384
20658,2019-06-01,324
20658,2019-07-01,292
20658,2019-08-01,284
20658,2019-09-01,323
20658,2019-10-01,383
20658,2019-11-01,412
20658,2019-12-01,574
20658,2020-01-01,521
20658,2020-02-01,272
20658,2020-03-01,622
20658,2020-04-01,419
20658,2020-05-01,312
20658,2020-06-01,521
20658,2020-07-01,413
20658,2020-08-01,549
20658,2020-09-01,427
20658,2020-10-01,643
20658,2020-11-01,601
20658,2020-12-01,688
20658,2021-01-01,606
20658,2021-02-01,663
20658,2021-03-01,851
20658,2021-04-01,851
20658,2021-05-01,995
20658,2021-06-01,616
20658,2021-07-01,683
20658,2021-08-01,686
20658,2021-09-01,581
20658,2021-10-01,1188
20658,2021-11-01,1063
20658,2021-12-01,1311
20658,2022-01-01,1339
20658,2022-02-01,1213
20658,2022-03-01,1193
20658,2022-04-01,923
20658,2022-05-01,1887
20658,2022-06-01,1623
20658,2022-07-01,1692
20658,2022-08-01,1793
20658,2022-09-01,1528
20658,2022-10-01,1407
20658,2022-11-01,1450
20658,2022-12-01,1431
20658,2023-01-01,957
20658,2023-02-01,866
20658,2023-03-01,1068
20658,2023-04-01,689
20658,2023-05-01,781
20658,2023-06-01,951
20658,2023-07-01,1071
20658,2023-08-01,1141
20658,2023-09-01,1111
20658,2023-10-01,773
20658,2023-11-01,705
20658,2023-12-01,731
20658,2024-01-01,1066
20658,2024-02-01,1218
20658,2024-03-01,938
20658,2024-04-01,836
20658,2024-05-01,1007
20658,2024-06-01,1050
20658,2024-07-01,1405
20658,2024-08-01,1336
20658,2024-09-01,1247
20658,2024-10-01,1294
20658,2024-11-01,1453
20658,2024-12-01,1491
20658,2025-01-01,2407
20658,2025-02-01,1424
20658,2025-03-01,966
20658,2025-04-01,1263
20658,2025-05-01,782
20658,2025-06-01,1204
20658,2025-07-01,1152
20658,2025-08-01,962
20658,2025-09-01,1247
20658,2025-10-01,1154
20658,2025-11-01,667
20658,2025-12-01,1333
20658,2026-01-01,1325
20658,2026-02-01,870
20658,2026-03-01,1239
20658,2026-04-01,714
20658,2026-05-01,1293
20658,2026-06-01,1414
20659,2011-03-01,1440
20659,2011-04-01,3168
20659,2011-05-01,2007
20659,2011-06-01,2330
20659,2011-07-01,1414
20659,2011-08-01,2442
20659,2011-09-01,2481
20659,2011-10-01,1560
20659,2011-11-01,4332
20659,2011-12-01,4061
20659,2012-01-01,2831
20659,2012-02-01,1855
20659,2012-03-01,4324
20659,2012-04-01,2460
20659,2012-05-01,4299
20659,2012-06-01,4038
20659,2012-07-01,3629
20659,2012-08-01,2439
20659,2012-09-01,3547
20659,2012-10-01,5445
20659,2012-11-01,3027
20659,2012-12-01,2046
20659,2013-01-01,1366
20659,2013-02-01,4915
20659,2013-03-01,4584
20659,2013-04-01,5934
20659,2013-05-01,11141
20659,2013-06-01,2978
20659,2013-07-01,2231
20659,2013-08-01,2514
20659,2013-09-01,3495
20659,2013-10-01,3269
20659,2013-11-01,1762
20659,2013-12-01,4862
20659,2014-01-01,2219
20659,2014-02-01,2110
20659,2014-03-01,3288
20659,2014-04-01,2732
20659,2014-05-01,4231
20659,2014-06-01,4845
20659,2014-07-01,2097
20659,2014-08-01,3086
20659,2014-09-01,3654
20659,2014-10-01,2437
20659,2014-11-01,3425
20659,2014-12-01,3625
20659,2015-01-01,2035
20659,2015-02-01,1735
20659,2015-03-01,3028
20659,2015-04-01,2681
20659,2015-05-01,3274
20659,2015-06-01,8029
20659,2015-07-01,2813
20659,2015-08-01,3628
20659,2015-09-01,4928
20659,2015-10-01,3682
20659,2015-11-01,4450
20659,2015-12-01,5571
20659,2016-01-01,1844
20659,2016-02-01,2319
20659,2016-03-01,3244
20659,2016-04-01,2770
20659,2016-05-01,3087
20659,2016-06-01,4195
20659,2016-07-01,1582
20659,2016-08-01,2178
20659,2016-09-01,3449
20659,2016-10-01,1542
20659,2016-11-01,2511
20659,2016-12-01,3407
20659,2017-01-01,2577
20659,2017-02-01,2592
20659,2017-03-01,4368
20659,2017-04-01,2268
20659,2017-05-01,4232
20659,2017-06-01,10683
20659,2017-07-01,1430
20659,2017-08-01,11140
20659,2017-09-01,3572
20659,2017-10-01,2829
20659,2017-11-01,2526
20659,2017-12-01,4560
20659,2018-01-01,4495
20659,2018-02-01,9191
20659,2018-03-01,5636
20659,2018-04-01,3915
20659,2018-05-01,5750
20659,2018-06-01,7253
20659,2018-07-01,3965
20659,2018-08-01,5152
20659,2018-09-01,4025
20659,2018-10-01,3029
20659,2018-11-01,2744
20659,2018-12-01,6251
20659,2019-01-01,5041
20659,2019-02-01,5221
20659,2019-03-01,4279
20659,2019-04-01,5024
20659,2019-05-01,5407
20659,2019-06-01,5937
20659,2019-07-01,3984
20659,2019-08-01,3868
20659,2019-09-01,3820
20659,2019-10-01,5057
20659,2019-11-01,4635
20659,2019-12-01,5761
20659,2020-01-01,3680
20659,2020-02-01,5033
20659,2020-03-01,18415
20659,2020-04-01,10255
20659,2020-05-01,9135
20659,2020-06-01,3323
20659,2020-07-01,1056
20659,2020-08-01,2030
20659,2020-09-01,748
20659,2020-10-01,2128
20659,2020-11-01,997
20659,2020-12-01,2487
20659,2021-01-01,2040
20659,2021-02-01,6130
20659,2021-03-01,9642
20659,2021-04-01,3910
20659,2021-05-01,5570
20659,2021-06-01,6776
20659,2021-07-01,3353
20659,2021-08-01,5959
20659,2021-09-01,6686
20659,2021-10-01,5047
20659,2021-11-01,4899
20659,2021-12-01,10680
20659,2022-01-01,4621
20659,2022-02-01,8686
20659,2022-03-01,9851
20659,2022-04-01,7028
20659,2022-05-01,6361
20659,2022-06-01,5593
20659,2022-07-01,4529
20659,2022-08-01,5001
20659,2022-09-01,4427
20659,2022-10-01,5147
20659,2022-11-01,3476
20659,2022-12-01,5858
20659,2023-01-01,2985
20659,2023-02-01,5079
20659,2023-03-01,8154
20659,2023-04-01,3637
20659,2023-05-01,6173
20659,2023-06-01,7228
20659,2023-07-01,3863
20659,2023-08-01,4706
20659,2023-09-01,4693
20659,2023-10-01,5372
20659,2023-11-01,5535
20659,2023-12-01,10913
20659,2024-01-01,5211
20659,2024-02-01,6084
20659,2024-03-01,6332
20659,2024-04-01,4568
20659,2024-05-01,5603
20659,2024-06-01,9342
20659,2024-07-01,6741
20659,2024-08-01,4353
20659,2024-09-01,5027
20659,2024-10-01,3173
20659,2024-11-01,3249
20659,2024-12-01,10378
20659,2025-01-01,7451
20659,2025-02-01,4853
20659,2025-03-01,4351
20659,2025-04-01,10436
20659,2025-05-01,6488
20659,2025-06-01,8282
20659,2025-07-01,9818
20659,2025-08-01,7467
20659,2025-09-01,6996
20659,2025-10-01,5573
20659,2025-11-01,6580
20659,2025-12-01,7128
20659,2026-01-01,9071
20659,2026-02-01,6718
20659,2026-03-01,6925
20659,2026-04-01,7765
20659,2026-05-01,8177
20659,2026-06-01,10185
20660,2011-03-01,798
20660,2011-04-01,502
20660,2011-05-01,582
20660,2011-06-01,509
20660,2011-07-01,557
20660,2011-08-01,338
20660,2011-09-01,509
20660,2011-10-01,415
20660,2011-11-01,299
20660,2011-12-01,464
20660,2012-01-01,261
20660,2012-02-01,350
20660,2012-03-01,681
20660,2012-04-01,789
20660,2012-05-01,790
20660,2012-06-01,1495
20660,2012-07-01,610
20660,2012-08-01,808
20660,2012-09-01,541
20660,2012-10-01,417
20660,2012-11-01,734
20660,2012-12-01,2741
20660,2013-01-01,2213
20660,2013-02-01,230
20660,2013-03-01,251
20660,2013-04-01,366
20660,2013-05-01,370
20660,2013-06-01,1540
20660,2013-07-01,668
20660,2013-08-01,582
20660,2013-09-01,3311
20660,2013-10-01,403
20660,2013-11-01,1093
20660,2013-12-01,2131
20660,2014-01-01,336
20660,2014-02-01,210
20660,2014-03-01,2326
20660,2014-04-01,1300
20660,2014-05-01,435
20660,2014-06-01,659
20660,2014-07-01,1413
20660,2014-08-01,276
20660,2014-09-01,1153
20660,2014-10-01,231
20660,2014-11-01,699
20660,2014-12-01,817
20660,2015-01-01,275
20660,2015-02-01,260
20660,2015-03-01,1069
20660,2015-04-01,79
20660,2015-05-01,381
20660,2015-06-01,120
20660,2015-07-01,480
20660,2015-08-01,274
20660,2015-09-01,1036
20660,2015-10-01,256
20660,2015-11-01,1569
20660,2015-12-01,2568
20660,2016-01-01,455
20660,2016-02-01,401
20660,2016-03-01,635
20660,2016-04-01,351
20660,2016-05-01,430
20660,2016-06-01,244
20660,2016-07-01,294
20660,2016-08-01,164
20660,2016-09-01,369
20660,2016-10-01,81
20660,2016-11-01,282
20660,2016-12-01,291
20660,2017-01-01,18
20660,2017-02-01,33
20660,2017-03-01,167
20660,2017-04-01,2606
20660,2017-05-01,200
20660,2017-06-01,134
20660,2017-07-01,58
20660,2017-08-01,189
20660,2017-09-01,164
20660,2017-10-01,248
20660,2017-11-01,149
20660,2017-12-01,1185
20660,2018-01-01,82
20660,2018-02-01,125
20660,2018-03-01,69
20660,2018-04-01,180
20660,2018-05-01,140
20660,2018-06-01,439
20660,2018-07-01,89
20660,2018-08-01,109
20660,2018-09-01,101
20660,2018-10-01,125
20660,2018-11-01,104
20660,2018-12-01,93
20660,2019-01-01,75
20660,2019-02-01,113
20660,2019-03-01,126
20660,2019-04-01,108
20660,2019-05-01,132
20660,2019-06-01,253
20660,2019-07-01,102
20660,2019-08-01,151
20660,2019-09-01,206
20660,2019-10-01,126
20660,2019-11-01,164
20660,2019-12-01,165
20660,2020-01-01,46
20660,2020-02-01,386
20660,2020-03-01,452
20660,2020-04-01,407
20660,2020-05-01,256
20660,2020-06-01,2760
20660,2020-07-01,206
20660,2020-08-01,321
20660,2020-09-01,311
20660,2020-10-01,278
20660,2020-11-01,254
20660,2020-12-01,471
20660,2021-01-01,30
20660,2021-02-01,80
20660,2021-03-01,305
20660,2021-04-01,233
20660,2021-05-01,103
20660,2021-06-01,490
20660,2021-07-01,68
20660,2021-08-01,344
20660,2021-09-01,168
20660,2021-10-01,414
20660,2021-11-01,124
20660,2021-12-01,480
20660,2022-01-01,87
20660,2022-02-01,297
20660,2022-03-01,407
20660,2022-04-01,95
20660,2022-05-01,268
20660,2022-06-01,710
20660,2022-07-01,289
20660,2022-08-01,405
20660,2022-09-01,676
20660,2022-10-01,287
20660,2022-11-01,265
20660,2022-12-01,162
20660,2023-01-01,91
20660,2023-02-01,86
20660,2023-03-01,365
20660,2023-04-01,356
20660,2023-05-01,466
20660,2023-06-01,1013
20660,2023-07-01,277
20660,2023-08-01,327
20660,2023-09-01,345
20660,2023-10-01,321
20660,2023-11-01,347
20660,2023-12-01,149
20660,2024-01-01,169
20660,2024-02-01,272
20660,2024-03-01,461
20660,2024-04-01,735
20660,2024-05-01,759
20660,2024-06-01,346
20660,2024-07-01,481
20660,2024-08-01,475
20660,2024-09-01,362
20660,2024-10-01,345
20660,2024-11-01,212
20660,2024-12-01,242
20660,2025-01-01,113
20660,2025-02-01,402
20660,2025-03-01,284
20660,2025-04-01,498
20660,2025-05-01,579
20660,2025-06-01,499
20660,2025-07-01,534
20660,2025-08-01,300
20660,2025-09-01,352
20660,2025-10-01,433
20660,2025-11-01,257
20660,2025-12-01,239
20660,2026-01-01,89
20660,2026-02-01,136
20660,2026-03-01,174
20660,2026-04-01,281
20660,2026-05-01,296
20660,2026-06-01,490
20661,2011-03-01,6507
20661,2011-04-01,5595
20661,2011-05-01,5631
20661,2011-06-01,7132
20661,2011-07-01,5565
20661,2011-08-01,5766
20661,2011-09-01,6726
20661,2011-10-01,6755
20661,2011-11-01,6843
20661,2011-12-01,11275
20661,2012-01-01,6087
20661,2012-02-01,5540
20661,2012-03-01,7966
20661,2012-04-01,6823
20661,2012-05-01,6807
20661,2012-06-01,9679
20661,2012-07-01,7350
20661,2012-08-01,8180
20661,2012-09-01,9360
20661,2012-10-01,8945
20661,2012-11-01,8198
20661,2012-12-01,10933
20661,2013-01-01,5766
20661,2013-02-01,6290
20661,2013-03-01,8793
20661,2013-04-01,8069
20661,2013-05-01,9048
20661,2013-06-01,9396
20661,2013-07-01,7707
20661,2013-08-01,8540
20661,2013-09-01,9537
20661,2013-10-01,8690
20661,2013-11-01,9234
20661,2013-12-01,11589
20661,2014-01-01,7511
20661,2014-02-01,7399
20661,2014-03-01,9834
20661,2014-04-01,8311
20661,2014-05-01,7938
20661,2014-06-01,9886
20661,2014-07-01,7430
20661,2014-08-01,7820
20661,2014-09-01,11025
20661,2014-10-01,8353
20661,2014-11-01,8939
20661,2014-12-01,11049
20661,2015-01-01,6041
20661,2015-02-01,6046
20661,2015-03-01,10114
20661,2015-04-01,6392
20661,2015-05-01,8862
20661,2015-06-01,9251
20661,2015-07-01,8157
20661,2015-08-01,8142
20661,2015-09-01,8495
20661,2015-10-01,6740
20661,2015-11-01,7487
20661,2015-12-01,10629
20661,2016-01-01,6446
20661,2016-02-01,7420
20661,2016-03-01,8607
20661,2016-04-01,7909
20661,2016-05-01,7455
20661,2016-06-01,9678
20661,2016-07-01,6981
20661,2016-08-01,8338
20661,2016-09-01,9177
20661,2016-10-01,7606
20661,2016-11-01,8624
20661,2016-12-01,13253
20661,2017-01-01,8186
20661,2017-02-01,3942
20661,2017-03-01,5257
20661,2017-04-01,4524
20661,2017-05-01,4766
20661,2017-06-01,4238
20661,2017-07-01,2814
20661,2017-08-01,3138
20661,2017-09-01,3204
20661,2017-10-01,4186
20661,2017-11-01,3378
20661,2017-12-01,6280
20661,2018-01-01,2300
20661,2018-02-01,1770
20661,2018-03-01,2211
20661,2018-04-01,1802
20661,2018-05-01,1596
20661,2018-06-01,1813
20661,2018-07-01,2094
20661,2018-08-01,3233
20661,2018-09-01,2731
20661,2018-10-01,2973
20661,2018-11-01,3985
20661,2018-12-01,3246
20661,2019-01-01,2235
20661,2019-02-01,2510
20661,2019-03-01,3309
20661,2019-04-01,3267
20661,2019-05-01,3566
20661,2019-06-01,2091
20661,2019-07-01,2343
20661,2019-08-01,2653
20661,2019-09-01,2862
20661,2019-10-01,4831
20661,2019-11-01,3825
20661,2019-12-01,5736
20661,2020-01-01,2805
20661,2020-02-01,3040
20661,2020-03-01,3602
20661,2020-04-01,3918
20661,2020-05-01,3054
20661,2020-06-01,4258
20661,2020-07-01,5810
20661,2020-08-01,5502
20661,2020-09-01,3698
20661,2020-10-01,4363
20661,2020-11-01,4284
20661,2020-12-01,4704
20661,2021-01-01,4400
20661,2021-02-01,4311
20661,2021-03-01,5357
20661,2021-04-01,5075
20661,2021-05-01,4365
20661,2021-06-01,6130
20661,2021-07-01,5331
20661,2021-08-01,6677
20661,2021-09-01,4622
20661,2021-10-01,4242
20661,2021-11-01,5930
20661,2021-12-01,4217
20661,2022-01-01,5396
20661,2022-02-01,4111
20661,2022-03-01,4714
20661,2022-04-01,4646
20661,2022-05-01,4900
20661,2022-06-01,5985
20661,2022-07-01,4847
20661,2022-08-01,4677
20661,2022-09-01,5378
20661,2022-10-01,3420
20661,2022-11-01,5402
20661,2022-12-01,8574
20661,2023-01-01,7087
20661,2023-02-01,3602
20661,2023-03-01,4324
20661,2023-04-01,4851
20661,2023-05-01,5928
20661,2023-06-01,8850
20661,2023-07-01,6173
20661,2023-08-01,4007
20661,2023-09-01,4689
20661,2023-10-01,3218
20661,2023-11-01,4653
20661,2023-12-01,5826
20661,2024-01-01,2561
20661,2024-02-01,3996
20661,2024-03-01,3576
20661,2024-04-01,4408
20661,2024-05-01,6453
20661,2024-06-01,3949
20661,2024-07-01,8777
20661,2024-08-01,6068
20661,2024-09-01,7102
20661,2024-10-01,4531
20661,2024-11-01,5100
20661,2024-12-01,12144
20661,2025-01-01,5608
20661,2025-02-01,5558
20661,2025-03-01,3727
20661,2025-04-01,12576
20661,2025-05-01,9071
20661,2025-06-01,10571
20661,2025-07-01,10161
20661,2025-08-01,7253
20661,2025-09-01,8455
20661,2025-10-01,7233
20661,2025-11-01,6158
20661,2025-12-01,12063
20661,2026-01-01,9470
20661,2026-02-01,5746
20661,2026-03-01,12836
20661,2026-04-01,17494
20661,2026-05-01,8296
20661,2026-06-01,9703
20662,2011-03-01,81342
20662,2011-04-01,76370
20662,2011-05-01,86981
20662,2011-06-01,85337
20662,2011-07-01,84000
20662,2011-08-01,91737
20662,2011-09-01,88129
20662,2011-10-01,86639
20662,2011-11-01,90974
20662,2011-12-01,96629
20662,2012-01-01,87551
20662,2012-02-01,82900
20662,2012-03-01,90358
20662,2012-04-01,89618
20662,2012-05-01,96553
20662,2012-06-01,88188
20662,2012-07-01,90920
20662,2012-08-01,91261
20662,2012-09-01,84462
20662,2012-10-01,101255
20662,2012-11-01,95827
20662,2012-12-01,101228
20662,2013-01-01,99066
20662,2013-02-01,90327
20662,2013-03-01,95699
20662,2013-04-01,104806
20662,2013-05-01,104999
20662,2013-06-01,97051
20662,2013-07-01,107567
20662,2013-08-01,105721
20662,2013-09-01,102442
20662,2013-10-01,109630
20662,2013-11-01,105033
20662,2013-12-01,118521
20662,2014-01-01,108337
20662,2014-02-01,106237
20662,2014-03-01,105385
20662,2014-04-01,108376
20662,2014-05-01,111963
20662,2014-06-01,108390
20662,2014-07-01,114847
20662,2014-08-01,109546
20662,2014-09-01,116369
20662,2014-10-01,124091
20662,2014-11-01,112390
20662,2014-12-01,130105
20662,2015-01-01,113017
20662,2015-02-01,101022
20662,2015-03-01,119086
20662,2015-04-01,111715
20662,2015-05-01,113250
20662,2015-06-01,114149
20662,2015-07-01,114625
20662,2015-08-01,111083
20662,2015-09-01,110402
20662,2015-10-01,109498
20662,2015-11-01,114635
20662,2015-12-01,121503
20662,2016-01-01,103508
20662,2016-02-01,106054
20662,2016-03-01,112509
20662,2016-04-01,106139
20662,2016-05-01,114529
20662,2016-06-01,113802
20662,2016-07-01,110430
20662,2016-08-01,119029
20662,2016-09-01,108839
20662,2016-10-01,114147
20662,2016-11-01,120500
20662,2016-12-01,123526
20662,2017-01-01,116764
20662,2017-02-01,101993
20662,2017-03-01,129337
20662,2017-04-01,109942
20662,2017-05-01,127898
20662,2017-06-01,123740
20662,2017-07-01,122292
20662,2017-08-01,126522
20662,2017-09-01,118891
20662,2017-10-01,129709
20662,2017-11-01,133426
20662,2017-12-01,133564
20662,2018-01-01,134298
20662,2018-02-01,120198
20662,2018-03-01,132679
20662,2018-04-01,133244
20662,2018-05-01,136876
20662,2018-06-01,132242
20662,2018-07-01,136590
20662,2018-08-01,146416
20662,2018-09-01,128804
20662,2018-10-01,147123
20662,2018-11-01,158358
20662,2018-12-01,155452
20662,2019-01-01,151951
20662,2019-02-01,144635
20662,2019-03-01,144935
20662,2019-04-01,155721
20662,2019-05-01,162443
20662,2019-06-01,150344
20662,2019-07-01,170420
20662,2019-08-01,164732
20662,2019-09-01,163807
20662,2019-10-01,175422
20662,2019-11-01,173160
20662,2019-12-01,190450
20662,2020-01-01,174771
20662,2020-02-01,158885
20662,2020-03-01,159145
20662,2020-04-01,126869
20662,2020-05-01,129546
20662,2020-06-01,147027
20662,2020-07-01,156290
20662,2020-08-01,159898
20662,2020-09-01,167122
20662,2020-10-01,175492
20662,2020-11-01,186771
20662,2020-12-01,189398
20662,2021-01-01,160894
20662,2021-02-01,160893
20662,2021-03-01,179811
20662,2021-04-01,180481
20662,2021-05-01,196614
20662,2021-06-01,198759
20662,2021-07-01,203613
20662,2021-08-01,216160
20662,2021-09-01,213069
20662,2021-10-01,213604
20662,2021-11-01,236128
20662,2021-12-01,238006
20662,2022-01-01,213948
20662,2022-02-01,202518
20662,2022-03-01,246102
20662,2022-04-01,239812
20662,2022-05-01,256345
20662,2022-06-01,244843
20662,2022-07-01,245797
20662,2022-08-01,262679
20662,2022-09-01,255910
20662,2022-10-01,264468
20662,2022-11-01,250861
20662,2022-12-01,251542
20662,2023-01-01,243102
20662,2023-02-01,217802
20662,2023-03-01,251799
20662,2023-04-01,226541
20662,2023-05-01,255810
20662,2023-06-01,246244
20662,2023-07-01,247676
20662,2023-08-01,261963
20662,2023-09-01,249298
20662,2023-10-01,266465
20662,2023-11-01,276869
20662,2023-12-01,271593
20662,2024-01-01,281901
20662,2024-02-01,257380
20662,2024-03-01,266646
20662,2024-04-01,280878
20662,2024-05-01,288135
20662,2024-06-01,274357
20662,2024-07-01,305313
20662,2024-08-01,290634
20662,2024-09-01,293651
20662,2024-10-01,309785
20662,2024-11-01,302672
20662,2024-12-01,316521
20662,2025-01-01,302776
20662,2025-02-01,292382
20662,2025-03-01,301525
20662,2025-04-01,309954
20662,2025-05-01,307922
20662,2025-06-01,308072
20662,2025-07-01,322378
20662,2025-08-01,318002
20662,2025-09-01,328210
20662,2025-10-01,344987
20662,2025-11-01,337678
20662,2025-12-01,363245
20662,2026-01-01,331734
20662,2026-02-01,304395
20662,2026-03-01,352829
20662,2026-04-01,338748
20662,2026-05-01,333567
20662,2026-06-01,338402
20663,2011-03-01,26690
20663,2011-04-01,25006
20663,2011-05-01,28626
20663,2011-06-01,28068
20663,2011-07-01,26992
20663,2011-08-01,29650
20663,2011-09-01,27866
20663,2011-10-01,25755
20663,2011-11-01,29025
20663,2011-12-01,27653
20663,2012-01-01,25760
20663,2012-02-01,24572
20663,2012-03-01,27510
20663,2012-04-01,26619
20663,2012-05-01,30812
20663,2012-06-01,30083
20663,2012-07-01,28655
20663,2012-08-01,31343
20663,2012-09-01,23816
20663,2012-10-01,29858
20663,2012-11-01,27449
20663,2012-12-01,26315
20663,2013-01-01,28898
20663,2013-02-01,26687
20663,2013-03-01,29560
20663,2013-04-01,32463
20663,2013-05-01,32386
20663,2013-06-01,30115
20663,2013-07-01,31537
20663,2013-08-01,33121
20663,2013-09-01,29820
20663,2013-10-01,32138
20663,2013-11-01,30263
20663,2013-12-01,30831
20663,2014-01-01,31024
20663,2014-02-01,32727
20663,2014-03-01,28848
20663,2014-04-01,31075
20663,2014-05-01,32068
20663,2014-06-01,30614
20663,2014-07-01,31707
20663,2014-08-01,29596
20663,2014-09-01,32188
20663,2014-10-01,38130
20663,2014-11-01,32741
20663,2014-12-01,33095
20663,2015-01-01,28597
20663,2015-02-01,25450
20663,2015-03-01,31009
20663,2015-04-01,28043
20663,2015-05-01,27545
20663,2015-06-01,28604
20663,2015-07-01,28638
20663,2015-08-01,26874
20663,2015-09-01,27139
20663,2015-10-01,23201
20663,2015-11-01,25703
20663,2015-12-01,26473
20663,2016-01-01,22588
20663,2016-02-01,23413
20663,2016-03-01,25363
20663,2016-04-01,23829
20663,2016-05-01,25304
20663,2016-06-01,26955
20663,2016-07-01,25062
20663,2016-08-01,27191
20663,2016-09-01,22352
20663,2016-10-01,24277
20663,2016-11-01,25248
20663,2016-12-01,25259
20663,2017-01-01,25606
20663,2017-02-01,24134
20663,2017-03-01,28938
20663,2017-04-01,24855
20663,2017-05-01,30581
20663,2017-06-01,29992
20663,2017-07-01,27957
20663,2017-08-01,30702
20663,2017-09-01,27933
20663,2017-10-01,30018
20663,2017-11-01,29565
20663,2017-12-01,29776
20663,2018-01-01,31223
20663,2018-02-01,28246
20663,2018-03-01,32000
20663,2018-04-01,31771
20663,2018-05-01,33608
20663,2018-06-01,32447
20663,2018-07-01,33073
20663,2018-08-01,36253
20663,2018-09-01,31524
20663,2018-10-01,36605
20663,2018-11-01,35588
20663,2018-12-01,34955
20663,2019-01-01,37571
20663,2019-02-01,36856
20663,2019-03-01,35670
20663,2019-04-01,39025
20663,2019-05-01,41022
20663,2019-06-01,37983
20663,2019-07-01,42892
20663,2019-08-01,42256
20663,2019-09-01,41870
20663,2019-10-01,46397
20663,2019-11-01,42102
20663,2019-12-01,45819
20663,2020-01-01,44028
20663,2020-02-01,40888
20663,2020-03-01,42701
20663,2020-04-01,36571
20663,2020-05-01,35754
20663,2020-06-01,42837
20663,2020-07-01,43590
20663,2020-08-01,45047
20663,2020-09-01,48259
20663,2020-10-01,50160
20663,2020-11-01,49244
20663,2020-12-01,48477
20663,2021-01-01,36883
20663,2021-02-01,39103
20663,2021-03-01,45491
20663,2021-04-01,48120
20663,2021-05-01,51095
20663,2021-06-01,52696
20663,2021-07-01,52427
20663,2021-08-01,54994
20663,2021-09-01,52539
20663,2021-10-01,49275
20663,2021-11-01,48084
20663,2021-12-01,45929
20663,2022-01-01,40716
20663,2022-02-01,38204
20663,2022-03-01,46130
20663,2022-04-01,51295
20663,2022-05-01,50090
20663,2022-06-01,46467
20663,2022-07-01,45402
20663,2022-08-01,50424
20663,2022-09-01,48686
20663,2022-10-01,54493
20663,2022-11-01,47819
20663,2022-12-01,44944
20663,2023-01-01,49498
20663,2023-02-01,40561
20663,2023-03-01,46360
20663,2023-04-01,40454
20663,2023-05-01,47609
20663,2023-06-01,44383
20663,2023-07-01,45122
20663,2023-08-01,52274
20663,2023-09-01,50847
20663,2023-10-01,54196
20663,2023-11-01,52628
20663,2023-12-01,49775
20663,2024-01-01,59914
20663,2024-02-01,53806
20663,2024-03-01,54363
20663,2024-04-01,60403
20663,2024-05-01,59263
20663,2024-06-01,57474
20663,2024-07-01,65285
20663,2024-08-01,64241
20663,2024-09-01,62346
20663,2024-10-01,66717
20663,2024-11-01,58566
20663,2024-12-01,57946
20663,2025-01-01,63163
20663,2025-02-01,58002
20663,2025-03-01,58445
20663,2025-04-01,63030
20663,2025-05-01,58612
20663,2025-06-01,58169
20663,2025-07-01,64440
20663,2025-08-01,63006
20663,2025-09-01,71037
20663,2025-10-01,73321
20663,2025-11-01,62403
20663,2025-12-01,68112
20663,2026-01-01,68289
20663,2026-02-01,62905
20663,2026-03-01,75850
20663,2026-04-01,69385
20663,2026-05-01,64944
20663,2026-06-01,67781
20664,2011-03-01,54653
20664,2011-04-01,51364
20664,2011-05-01,58355
20664,2011-06-01,57269
20664,2011-07-01,57007
20664,2011-08-01,62087
20664,2011-09-01,60263
20664,2011-10-01,60884
20664,2011-11-01,61949
20664,2011-12-01,68977
20664,2012-01-01,61791
20664,2012-02-01,58328
20664,2012-03-01,62848
20664,2012-04-01,62999
20664,2012-05-01,65742
20664,2012-06-01,58105
20664,2012-07-01,62264
20664,2012-08-01,59918
20664,2012-09-01,60646
20664,2012-10-01,71397
20664,2012-11-01,68378
20664,2012-12-01,74913
20664,2013-01-01,70168
20664,2013-02-01,63641
20664,2013-03-01,66139
20664,2013-04-01,72343
20664,2013-05-01,72613
20664,2013-06-01,66936
20664,2013-07-01,76031
20664,2013-08-01,72599
20664,2013-09-01,72622
20664,2013-10-01,77492
20664,2013-11-01,74770
20664,2013-12-01,87690
20664,2014-01-01,77313
20664,2014-02-01,73510
20664,2014-03-01,76537
20664,2014-04-01,77302
20664,2014-05-01,79894
20664,2014-06-01,77776
20664,2014-07-01,83140
20664,2014-08-01,79949
20664,2014-09-01,84182
20664,2014-10-01,85961
20664,2014-11-01,79649
20664,2014-12-01,97011
20664,2015-01-01,84420
20664,2015-02-01,75572
20664,2015-03-01,88077
20664,2015-04-01,83672
20664,2015-05-01,85705
20664,2015-06-01,85544
20664,2015-07-01,85987
20664,2015-08-01,84209
20664,2015-09-01,83263
20664,2015-10-01,86297
20664,2015-11-01,88932
20664,2015-12-01,95030
20664,2016-01-01,80920
20664,2016-02-01,82641
20664,2016-03-01,87146
20664,2016-04-01,82309
20664,2016-05-01,89226
20664,2016-06-01,86847
20664,2016-07-01,85368
20664,2016-08-01,91838
20664,2016-09-01,86487
20664,2016-10-01,89871
20664,2016-11-01,95252
20664,2016-12-01,98267
20664,2017-01-01,91157
20664,2017-02-01,77859
20664,2017-03-01,100398
20664,2017-04-01,85087
20664,2017-05-01,97317
20664,2017-06-01,93748
20664,2017-07-01,94335
20664,2017-08-01,95820
20664,2017-09-01,90958
20664,2017-10-01,99690
20664,2017-11-01,103861
20664,2017-12-01,103788
20664,2018-01-01,103076
20664,2018-02-01,91953
20664,2018-03-01,100679
20664,2018-04-01,101473
20664,2018-05-01,103268
20664,2018-06-01,99795
20664,2018-07-01,103518
20664,2018-08-01,110164
20664,2018-09-01,97280
20664,2018-10-01,110518
20664,2018-11-01,122770
20664,2018-12-01,120497
20664,2019-01-01,114380
20664,2019-02-01,107779
20664,2019-03-01,109265
20664,2019-04-01,116696
20664,2019-05-01,121421
20664,2019-06-01,112361
20664,2019-07-01,127527
20664,2019-08-01,122476
20664,2019-09-01,121937
20664,2019-10-01,129025
20664,2019-11-01,131059
20664,2019-12-01,144630
20664,2020-01-01,130743
20664,2020-02-01,117997
20664,2020-03-01,116444
20664,2020-04-01,90298
20664,2020-05-01,93792
20664,2020-06-01,104189
20664,2020-07-01,112701
20664,2020-08-01,114851
20664,2020-09-01,118863
20664,2020-10-01,125332
20664,2020-11-01,137527
20664,2020-12-01,140921
20664,2021-01-01,124012
20664,2021-02-01,121790
20664,2021-03-01,134320
20664,2021-04-01,132361
20664,2021-05-01,145519
20664,2021-06-01,146063
20664,2021-07-01,151186
20664,2021-08-01,161165
20664,2021-09-01,160531
20664,2021-10-01,164328
20664,2021-11-01,188044
20664,2021-12-01,192077
20664,2022-01-01,173232
20664,2022-02-01,164314
20664,2022-03-01,199972
20664,2022-04-01,188517
20664,2022-05-01,206255
20664,2022-06-01,198376
20664,2022-07-01,200395
20664,2022-08-01,212255
20664,2022-09-01,207224
20664,2022-10-01,209976
20664,2022-11-01,203042
20664,2022-12-01,206598
20664,2023-01-01,193604
20664,2023-02-01,177242
20664,2023-03-01,205439
20664,2023-04-01,186087
20664,2023-05-01,208201
20664,2023-06-01,201862
20664,2023-07-01,202554
20664,2023-08-01,209689
20664,2023-09-01,198451
20664,2023-10-01,212270
20664,2023-11-01,224240
20664,2023-12-01,221818
20664,2024-01-01,221987
20664,2024-02-01,203574
20664,2024-03-01,212283
20664,2024-04-01,220475
20664,2024-05-01,228872
20664,2024-06-01,216884
20664,2024-07-01,240028
20664,2024-08-01,226394
20664,2024-09-01,231305
20664,2024-10-01,243067
20664,2024-11-01,244106
20664,2024-12-01,258576
20664,2025-01-01,239612
20664,2025-02-01,234380
20664,2025-03-01,243080
20664,2025-04-01,246924
20664,2025-05-01,249310
20664,2025-06-01,249902
20664,2025-07-01,257938
20664,2025-08-01,254996
20664,2025-09-01,257172
20664,2025-10-01,271666
20664,2025-11-01,275274
20664,2025-12-01,295133
20664,2026-01-01,263445
20664,2026-02-01,241490
20664,2026-03-01,276979
20664,2026-04-01,269363
20664,2026-05-01,268622
20664,2026-06-01,270621
20665,2011-03-01,23978
20665,2011-04-01,22810
20665,2011-05-01,25500
20665,2011-06-01,24763
20665,2011-07-01,24016
20665,2011-08-01,26507
20665,2011-09-01,24901
20665,2011-10-01,25660
20665,2011-11-01,25761
20665,2011-12-01,25252
20665,2012-01-01,25230
20665,2012-02-01,24547
20665,2012-03-01,26280
20665,2012-04-01,26082
20665,2012-05-01,26792
20665,2012-06-01,25110
20665,2012-07-01,26345
20665,2012-08-01,26202
20665,2012-09-01,23624
20665,2012-10-01,27170
20665,2012-11-01,26226
20665,2012-12-01,25030
20665,2013-01-01,26147
20665,2013-02-01,24850
20665,2013-03-01,25146
20665,2013-04-01,27941
20665,2013-05-01,27084
20665,2013-06-01,25542
20665,2013-07-01,27854
20665,2013-08-01,27030
20665,2013-09-01,26807
20665,2013-10-01,28705
20665,2013-11-01,27398
20665,2013-12-01,28126
20665,2014-01-01,27413
20665,2014-02-01,27366
20665,2014-03-01,28114
20665,2014-04-01,28104
20665,2014-05-01,28451
20665,2014-06-01,28319
20665,2014-07-01,28566
20665,2014-08-01,27352
20665,2014-09-01,28957
20665,2014-10-01,29041
20665,2014-11-01,27452
20665,2014-12-01,29447
20665,2015-01-01,28737
20665,2015-02-01,27868
20665,2015-03-01,32214
20665,2015-04-01,30990
20665,2015-05-01,30346
20665,2015-06-01,31544
20665,2015-07-01,30852
20665,2015-08-01,30319
20665,2015-09-01,30430
20665,2015-10-01,30977
20665,2015-11-01,31090
20665,2015-12-01,30202
20665,2016-01-01,27936
20665,2016-02-01,29751
20665,2016-03-01,31369
20665,2016-04-01,29801
20665,2016-05-01,31392
20665,2016-06-01,30363
20665,2016-07-01,28738
20665,2016-08-01,31193
20665,2016-09-01,29794
20665,2016-10-01,30805
20665,2016-11-01,30656
20665,2016-12-01,30253
20665,2017-01-01,30342
20665,2017-02-01,25714
20665,2017-03-01,34159
20665,2017-04-01,28447
20665,2017-05-01,32003
20665,2017-06-01,30550
20665,2017-07-01,29511
20665,2017-08-01,30740
20665,2017-09-01,29084
20665,2017-10-01,31579
20665,2017-11-01,31661
20665,2017-12-01,29269
20665,2018-01-01,30985
20665,2018-02-01,29492
20665,2018-03-01,30681
20665,2018-04-01,31665
20665,2018-05-01,30626
20665,2018-06-01,30721
20665,2018-07-01,30925
20665,2018-08-01,30592
20665,2018-09-01,27750
20665,2018-10-01,31747
20665,2018-11-01,31849
20665,2018-12-01,29686
20665,2019-01-01,31004
20665,2019-02-01,30545
20665,2019-03-01,30331
20665,2019-04-01,32453
20665,2019-05-01,33282
20665,2019-06-01,30885
20665,2019-07-01,33651
20665,2019-08-01,32420
20665,2019-09-01,31640
20665,2019-10-01,33020
20665,2019-11-01,32190
20665,2019-12-01,31717
20665,2020-01-01,31444
20665,2020-02-01,29824
20665,2020-03-01,31693
20665,2020-04-01,24726
20665,2020-05-01,22036
20665,2020-06-01,22835
20665,2020-07-01,23417
20665,2020-08-01,23508
20665,2020-09-01,24127
20665,2020-10-01,25058
20665,2020-11-01,25878
20665,2020-12-01,25713
20665,2021-01-01,25192
20665,2021-02-01,25504
20665,2021-03-01,29267
20665,2021-04-01,26873
20665,2021-05-01,28226
20665,2021-06-01,27961
20665,2021-07-01,27877
20665,2021-08-01,30305
20665,2021-09-01,29983
20665,2021-10-01,30678
20665,2021-11-01,34215
20665,2021-12-01,33411
20665,2022-01-01,32830
20665,2022-02-01,30044
20665,2022-03-01,38018
20665,2022-04-01,34146
20665,2022-05-01,37398
20665,2022-06-01,35646
20665,2022-07-01,35033
20665,2022-08-01,38519
20665,2022-09-01,36776
20665,2022-10-01,37067
20665,2022-11-01,37904
20665,2022-12-01,37362
20665,2023-01-01,37979
20665,2023-02-01,35538
20665,2023-03-01,40133
20665,2023-04-01,36281
20665,2023-05-01,41474
20665,2023-06-01,38958
20665,2023-07-01,37557
20665,2023-08-01,39118
20665,2023-09-01,37524
20665,2023-10-01,40256
20665,2023-11-01,40211
20665,2023-12-01,37763
20665,2024-01-01,40933
20665,2024-02-01,38843
20665,2024-03-01,38609
20665,2024-04-01,42033
20665,2024-05-01,40559
20665,2024-06-01,38458
20665,2024-07-01,42413
20665,2024-08-01,41665
20665,2024-09-01,42682
20665,2024-10-01,44404
20665,2024-11-01,43440
20665,2024-12-01,44704
20665,2025-01-01,44477
20665,2025-02-01,44062
20665,2025-03-01,44868
20665,2025-04-01,44907
20665,2025-05-01,46022
20665,2025-06-01,45205
20665,2025-07-01,46353
20665,2025-08-01,44908
20665,2025-09-01,48217
20665,2025-10-01,48785
20665,2025-11-01,46154
20665,2025-12-01,48968
20665,2026-01-01,47075
20665,2026-02-01,44516
20665,2026-03-01,50445
20665,2026-04-01,47848
20665,2026-05-01,46609
20665,2026-06-01,47794
20666,2011-03-01,6198
20666,2011-04-01,5871
20666,2011-05-01,6663
20666,2011-06-01,6786
20666,2011-07-01,6327
20666,2011-08-01,7061
20666,2011-09-01,6630
20666,2011-10-01,6390
20666,2011-11-01,6999
20666,2011-12-01,6865
20666,2012-01-01,6777
20666,2012-02-01,6580
20666,2012-03-01,7548
20666,2012-04-01,7261
20666,2012-05-01,8113
20666,2012-06-01,7489
20666,2012-07-01,6890
20666,2012-08-01,7159
20666,2012-09-01,6045
20666,2012-10-01,7272
20666,2012-11-01,6794
20666,2012-12-01,6627
20666,2013-01-01,7199
20666,2013-02-01,6273
20666,2013-03-01,7070
20666,2013-04-01,7657
20666,2013-05-01,7699
20666,2013-06-01,6887
20666,2013-07-01,7080
20666,2013-08-01,7136
20666,2013-09-01,6762
20666,2013-10-01,7118
20666,2013-11-01,6501
20666,2013-12-01,6639
20666,2014-01-01,7013
20666,2014-02-01,6606
20666,2014-03-01,6603
20666,2014-04-01,6982
20666,2014-05-01,7080
20666,2014-06-01,6650
20666,2014-07-01,6906
20666,2014-08-01,6840
20666,2014-09-01,7344
20666,2014-10-01,7458
20666,2014-11-01,6473
20666,2014-12-01,7215
20666,2015-01-01,7072
20666,2015-02-01,6281
20666,2015-03-01,8269
20666,2015-04-01,7421
20666,2015-05-01,7125
20666,2015-06-01,7567
20666,2015-07-01,7068
20666,2015-08-01,6871
20666,2015-09-01,6686
20666,2015-10-01,5940
20666,2015-11-01,6234
20666,2015-12-01,7329
20666,2016-01-01,6199
20666,2016-02-01,6380
20666,2016-03-01,7204
20666,2016-04-01,6691
20666,2016-05-01,6858
20666,2016-06-01,7072
20666,2016-07-01,6179
20666,2016-08-01,6555
20666,2016-09-01,5618
20666,2016-10-01,6291
20666,2016-11-01,5931
20666,2016-12-01,5807
20666,2017-01-01,6195
20666,2017-02-01,5769
20666,2017-03-01,6915
20666,2017-04-01,6178
20666,2017-05-01,7392
20666,2017-06-01,7375
20666,2017-07-01,6532
20666,2017-08-01,6920
20666,2017-09-01,6635
20666,2017-10-01,6877
20666,2017-11-01,6601
20666,2017-12-01,7106
20666,2018-01-01,7571
20666,2018-02-01,6956
20666,2018-03-01,7741
20666,2018-04-01,7811
20666,2018-05-01,8394
20666,2018-06-01,8082
20666,2018-07-01,8186
20666,2018-08-01,8712
20666,2018-09-01,7473
20666,2018-10-01,8947
20666,2018-11-01,8559
20666,2018-12-01,9752
20666,2019-01-01,10248
20666,2019-02-01,8932
20666,2019-03-01,8769
20666,2019-04-01,9324
20666,2019-05-01,10319
20666,2019-06-01,9471
20666,2019-07-01,10377
20666,2019-08-01,10110
20666,2019-09-01,9946
20666,2019-10-01,12041
20666,2019-11-01,10333
20666,2019-12-01,11251
20666,2020-01-01,11760
20666,2020-02-01,10274
20666,2020-03-01,12417
20666,2020-04-01,11994
20666,2020-05-01,9647
20666,2020-06-01,11525
20666,2020-07-01,9449
20666,2020-08-01,10219
20666,2020-09-01,12308
20666,2020-10-01,10824
20666,2020-11-01,11065
20666,2020-12-01,12383
20666,2021-01-01,9600
20666,2021-02-01,9913
20666,2021-03-01,13249
20666,2021-04-01,12174
20666,2021-05-01,12478
20666,2021-06-01,14133
20666,2021-07-01,14819
20666,2021-08-01,16292
20666,2021-09-01,16409
20666,2021-10-01,15494
20666,2021-11-01,15473
20666,2021-12-01,14819
20666,2022-01-01,17639
20666,2022-02-01,13812
20666,2022-03-01,15779
20666,2022-04-01,14477
20666,2022-05-01,15536
20666,2022-06-01,15210
20666,2022-07-01,14125
20666,2022-08-01,15560
20666,2022-09-01,15116
20666,2022-10-01,13986
20666,2022-11-01,13477
20666,2022-12-01,14924
20666,2023-01-01,14607
20666,2023-02-01,12149
20666,2023-03-01,15228
20666,2023-04-01,12534
20666,2023-05-01,14774
20666,2023-06-01,13956
20666,2023-07-01,13740
20666,2023-08-01,15752
20666,2023-09-01,14908
20666,2023-10-01,15215
20666,2023-11-01,15511
20666,2023-12-01,14376
20666,2024-01-01,18200
20666,2024-02-01,16949
20666,2024-03-01,16536
20666,2024-04-01,18552
20666,2024-05-01,19029
20666,2024-06-01,17003
20666,2024-07-01,20201
20666,2024-08-01,20170
20666,2024-09-01,19946
20666,2024-10-01,22033
20666,2024-11-01,19420
20666,2024-12-01,20521
20666,2025-01-01,22880
20666,2025-02-01,20026
20666,2025-03-01,20057
20666,2025-04-01,20788
20666,2025-05-01,21364
20666,2025-06-01,21169
20666,2025-07-01,23002
20666,2025-08-01,21591
20666,2025-09-01,24386
20666,2025-10-01,25495
20666,2025-11-01,19821
20666,2025-12-01,21753
20666,2026-01-01,23003
20666,2026-02-01,20184
20666,2026-03-01,22388
20666,2026-04-01,20828
20666,2026-05-01,20197
20666,2026-06-01,21115
20667,2011-03-01,1466
20667,2011-04-01,1474
20667,2011-05-01,2128
20667,2011-06-01,2033
20667,2011-07-01,1981
20667,2011-08-01,2084
20667,2011-09-01,1727
20667,2011-10-01,1866
20667,2011-11-01,2079
20667,2011-12-01,2124
20667,2012-01-01,1935
20667,2012-02-01,1667
20667,2012-03-01,2296
20667,2012-04-01,2140
20667,2012-05-01,2828
20667,2012-06-01,2797
20667,2012-07-01,2890
20667,2012-08-01,3145
20667,2012-09-01,2381
20667,2012-10-01,2811
20667,2012-11-01,2794
20667,2012-12-01,2625
20667,2013-01-01,2523
20667,2013-02-01,2196
20667,2013-03-01,2409
20667,2013-04-01,2699
20667,2013-05-01,3102
20667,2013-06-01,2640
20667,2013-07-01,2603
20667,2013-08-01,2601
20667,2013-09-01,2295
20667,2013-10-01,2554
20667,2013-11-01,2638
20667,2013-12-01,2531
20667,2014-01-01,2400
20667,2014-02-01,2246
20667,2014-03-01,2191
20667,2014-04-01,2466
20667,2014-05-01,2696
20667,2014-06-01,2462
20667,2014-07-01,2763
20667,2014-08-01,2634
20667,2014-09-01,2623
20667,2014-10-01,2627
20667,2014-11-01,2589
20667,2014-12-01,2786
20667,2015-01-01,2738
20667,2015-02-01,2591
20667,2015-03-01,3546
20667,2015-04-01,3436
20667,2015-05-01,3247
20667,2015-06-01,3379
20667,2015-07-01,3564
20667,2015-08-01,3444
20667,2015-09-01,3380
20667,2015-10-01,3015
20667,2015-11-01,3427
20667,2015-12-01,3229
20667,2016-01-01,3053
20667,2016-02-01,2415
20667,2016-03-01,2562
20667,2016-04-01,2338
20667,2016-05-01,2531
20667,2016-06-01,2584
20667,2016-07-01,2342
20667,2016-08-01,2534
20667,2016-09-01,2103
20667,2016-10-01,2260
20667,2016-11-01,2262
20667,2016-12-01,2174
20667,2017-01-01,2174
20667,2017-02-01,1884
20667,2017-03-01,2319
20667,2017-04-01,1748
20667,2017-05-01,2230
20667,2017-06-01,1971
20667,2017-07-01,1686
20667,2017-08-01,1817
20667,2017-09-01,1690
20667,2017-10-01,1892
20667,2017-11-01,2005
20667,2017-12-01,1883
20667,2018-01-01,2106
20667,2018-02-01,1806
20667,2018-03-01,1992
20667,2018-04-01,2099
20667,2018-05-01,2205
20667,2018-06-01,2340
20667,2018-07-01,2419
20667,2018-08-01,2513
20667,2018-09-01,2131
20667,2018-10-01,2461
20667,2018-11-01,2429
20667,2018-12-01,2138
20667,2019-01-01,2468
20667,2019-02-01,2463
20667,2019-03-01,2561
20667,2019-04-01,2713
20667,2019-05-01,3237
20667,2019-06-01,2979
20667,2019-07-01,3422
20667,2019-08-01,3381
20667,2019-09-01,3566
20667,2019-10-01,3451
20667,2019-11-01,3244
20667,2019-12-01,3277
20667,2020-01-01,3448
20667,2020-02-01,3012
20667,2020-03-01,5906
20667,2020-04-01,8629
20667,2020-05-01,9296
20667,2020-06-01,6867
20667,2020-07-01,4822
20667,2020-08-01,3912
20667,2020-09-01,3743
20667,2020-10-01,3498
20667,2020-11-01,3715
20667,2020-12-01,3417
20667,2021-01-01,3458
20667,2021-02-01,3387
20667,2021-03-01,4401
20667,2021-04-01,4138
20667,2021-05-01,3860
20667,2021-06-01,3883
20667,2021-07-01,3891
20667,2021-08-01,4201
20667,2021-09-01,4693
20667,2021-10-01,4451
20667,2021-11-01,5135
20667,2021-12-01,5403
20667,2022-01-01,4666
20667,2022-02-01,5059
20667,2022-03-01,6118
20667,2022-04-01,5316
20667,2022-05-01,5769
20667,2022-06-01,5527
20667,2022-07-01,5251
20667,2022-08-01,5854
20667,2022-09-01,6405
20667,2022-10-01,6365
20667,2022-11-01,7092
20667,2022-12-01,6778
20667,2023-01-01,6930
20667,2023-02-01,6104
20667,2023-03-01,8224
20667,2023-04-01,6271
20667,2023-05-01,7122
20667,2023-06-01,6626
20667,2023-07-01,6773
20667,2023-08-01,7391
20667,2023-09-01,6513
20667,2023-10-01,6175
20667,2023-11-01,5990
20667,2023-12-01,5600
20667,2024-01-01,5909
20667,2024-02-01,4840
20667,2024-03-01,4768
20667,2024-04-01,5519
20667,2024-05-01,4897
20667,2024-06-01,4851
20667,2024-07-01,5385
20667,2024-08-01,4896
20667,2024-09-01,4414
20667,2024-10-01,4309
20667,2024-11-01,4156
20667,2024-12-01,4711
20667,2025-01-01,4389
20667,2025-02-01,4009
20667,2025-03-01,4248
20667,2025-04-01,4463
20667,2025-05-01,4750
20667,2025-06-01,4649
20667,2025-07-01,4455
20667,2025-08-01,4219
20667,2025-09-01,4450
20667,2025-10-01,4605
20667,2025-11-01,4224
20667,2025-12-01,4460
20667,2026-01-01,3804
20667,2026-02-01,3638
20667,2026-03-01,4666
20667,2026-04-01,4284
20667,2026-05-01,4410
20667,2026-06-01,5179
20668,2011-03-01,813
20668,2011-04-01,804
20668,2011-05-01,929
20668,2011-06-01,929
20668,2011-07-01,1022
20668,2011-08-01,917
20668,2011-09-01,852
20668,2011-10-01,766
20668,2011-11-01,745
20668,2011-12-01,694
20668,2012-01-01,851
20668,2012-02-01,839
20668,2012-03-01,952
20668,2012-04-01,987
20668,2012-05-01,1227
20668,2012-06-01,1086
20668,2012-07-01,1034
20668,2012-08-01,1108
20668,2012-09-01,951
20668,2012-10-01,1104
20668,2012-11-01,941
20668,2012-12-01,741
20668,2013-01-01,1030
20668,2013-02-01,961
20668,2013-03-01,1086
20668,2013-04-01,1218
20668,2013-05-01,1215
20668,2013-06-01,1132
20668,2013-07-01,1132
20668,2013-08-01,1178
20668,2013-09-01,1054
20668,2013-10-01,1104
20668,2013-11-01,943
20668,2013-12-01,908
20668,2014-01-01,1140
20668,2014-02-01,1157
20668,2014-03-01,1079
20668,2014-04-01,1170
20668,2014-05-01,1215
20668,2014-06-01,1092
20668,2014-07-01,1173
20668,2014-08-01,1121
20668,2014-09-01,1158
20668,2014-10-01,1114
20668,2014-11-01,967
20668,2014-12-01,847
20668,2015-01-01,983
20668,2015-02-01,864
20668,2015-03-01,1085
20668,2015-04-01,991
20668,2015-05-01,996
20668,2015-06-01,967
20668,2015-07-01,929
20668,2015-08-01,897
20668,2015-09-01,929
20668,2015-10-01,796
20668,2015-11-01,716
20668,2015-12-01,605
20668,2016-01-01,710
20668,2016-02-01,730
20668,2016-03-01,795
20668,2016-04-01,856
20668,2016-05-01,852
20668,2016-06-01,916
20668,2016-07-01,815
20668,2016-08-01,921
20668,2016-09-01,785
20668,2016-10-01,715
20668,2016-11-01,715
20668,2016-12-01,696
20668,2017-01-01,821
20668,2017-02-01,742
20668,2017-03-01,886
20668,2017-04-01,791
20668,2017-05-01,967
20668,2017-06-01,900
20668,2017-07-01,880
20668,2017-08-01,1049
20668,2017-09-01,909
20668,2017-10-01,978
20668,2017-11-01,923
20668,2017-12-01,772
20668,2018-01-01,1073
20668,2018-02-01,901
20668,2018-03-01,1002
20668,2018-04-01,1115
20668,2018-05-01,1145
20668,2018-06-01,1068
20668,2018-07-01,1158
20668,2018-08-01,1252
20668,2018-09-01,1012
20668,2018-10-01,1202
20668,2018-11-01,1154
20668,2018-12-01,1004
20668,2019-01-01,1412
20668,2019-02-01,1326
20668,2019-03-01,1227
20668,2019-04-01,1620
20668,2019-05-01,1640
20668,2019-06-01,1529
20668,2019-07-01,1709
20668,2019-08-01,1597
20668,2019-09-01,1497
20668,2019-10-01,1626
20668,2019-11-01,1407
20668,2019-12-01,1338
20668,2020-01-01,1636
20668,2020-02-01,1419
20668,2020-03-01,1437
20668,2020-04-01,1149
20668,2020-05-01,1157
20668,2020-06-01,1174
20668,2020-07-01,1158
20668,2020-08-01,1071
20668,2020-09-01,1210
20668,2020-10-01,1198
20668,2020-11-01,1257
20668,2020-12-01,1018
20668,2021-01-01,1278
20668,2021-02-01,1275
20668,2021-03-01,1428
20668,2021-04-01,1519
20668,2021-05-01,1602
20668,2021-06-01,1684
20668,2021-07-01,1666
20668,2021-08-01,1793
20668,2021-09-01,1626
20668,2021-10-01,1600
20668,2021-11-01,1434
20668,2021-12-01,1195
20668,2022-01-01,1255
20668,2022-02-01,1227
20668,2022-03-01,1421
20668,2022-04-01,1346
20668,2022-05-01,1455
20668,2022-06-01,1524
20668,2022-07-01,1511
20668,2022-08-01,1687
20668,2022-09-01,1572
20668,2022-10-01,9478
20668,2022-11-01,3968
20668,2022-12-01,1290
20668,2023-01-01,1614
20668,2023-02-01,1377
20668,2023-03-01,1554
20668,2023-04-01,1387
20668,2023-05-01,1704
20668,2023-06-01,1582
20668,2023-07-01,1538
20668,2023-08-01,1648
20668,2023-09-01,1505
20668,2023-10-01,1616
20668,2023-11-01,1555
20668,2023-12-01,1217
20668,2024-01-01,1565
20668,2024-02-01,1478
20668,2024-03-01,1426
20668,2024-04-01,1714
20668,2024-05-01,1725
20668,2024-06-01,1556
20668,2024-07-01,1666
20668,2024-08-01,1788
20668,2024-09-01,1744
20668,2024-10-01,1786
20668,2024-11-01,1520
20668,2024-12-01,1255
20668,2025-01-01,1698
20668,2025-02-01,1567
20668,2025-03-01,2250
20668,2025-04-01,5596
20668,2025-05-01,3086
20668,2025-06-01,2589
20668,2025-07-01,5112
20668,2025-08-01,6066
20668,2025-09-01,6400
20668,2025-10-01,6678
20668,2025-11-01,6680
20668,2025-12-01,6787
20668,2026-01-01,9216
20668,2026-02-01,7146
20668,2026-03-01,10864
20668,2026-04-01,9952
20668,2026-05-01,7758
20668,2026-06-01,7679
20669,2011-03-01,5378
20669,2011-04-01,5047
20669,2011-05-01,5800
20669,2011-06-01,6064
20669,2011-07-01,6020
20669,2011-08-01,6771
20669,2011-09-01,6298
20669,2011-10-01,5316
20669,2011-11-01,6973
20669,2011-12-01,5362
20669,2012-01-01,4927
20669,2012-02-01,4791
20669,2012-03-01,5615
20669,2012-04-01,6201
20669,2012-05-01,7916
20669,2012-06-01,7339
20669,2012-07-01,6862
20669,2012-08-01,7923
20669,2012-09-01,5869
20669,2012-10-01,7306
20669,2012-11-01,6495
20669,2012-12-01,5498
20669,2013-01-01,6741
20669,2013-02-01,6794
20669,2013-03-01,7681
20669,2013-04-01,8694
20669,2013-05-01,8606
20669,2013-06-01,8456
20669,2013-07-01,8441
20669,2013-08-01,9451
20669,2013-09-01,7817
20669,2013-10-01,8006
20669,2013-11-01,7610
20669,2013-12-01,6920
20669,2014-01-01,7352
20669,2014-02-01,8797
20669,2014-03-01,7494
20669,2014-04-01,8141
20669,2014-05-01,8640
20669,2014-06-01,8613
20669,2014-07-01,7604
20669,2014-08-01,6703
20669,2014-09-01,6892
20669,2014-10-01,10145
20669,2014-11-01,7755
20669,2014-12-01,6740
20669,2015-01-01,6398
20669,2015-02-01,6092
20669,2015-03-01,7265
20669,2015-04-01,6774
20669,2015-05-01,6604
20669,2015-06-01,6556
20669,2015-07-01,6234
20669,2015-08-01,6311
20669,2015-09-01,6964
20669,2015-10-01,5367
20669,2015-11-01,7275
20669,2015-12-01,5925
20669,2016-01-01,4729
20669,2016-02-01,4979
20669,2016-03-01,5371
20669,2016-04-01,5321
20669,2016-05-01,5649
20669,2016-06-01,5817
20669,2016-07-01,5594
20669,2016-08-01,6118
20669,2016-09-01,4742
20669,2016-10-01,5376
20669,2016-11-01,5259
20669,2016-12-01,4915
20669,2017-01-01,5417
20669,2017-02-01,5569
20669,2017-03-01,6400
20669,2017-04-01,6095
20669,2017-05-01,6985
20669,2017-06-01,7110
20669,2017-07-01,6345
20669,2017-08-01,7259
20669,2017-09-01,6382
20669,2017-10-01,6709
20669,2017-11-01,6537
20669,2017-12-01,6504
20669,2018-01-01,6305
20669,2018-02-01,6723
20669,2018-03-01,7196
20669,2018-04-01,7174
20669,2018-05-01,7711
20669,2018-06-01,7518
20669,2018-07-01,7188
20669,2018-08-01,8004
20669,2018-09-01,7031
20669,2018-10-01,7646
20669,2018-11-01,7885
20669,2018-12-01,6344
20669,2019-01-01,8328
20669,2019-02-01,8270
20669,2019-03-01,7933
20669,2019-04-01,8414
20669,2019-05-01,8978
20669,2019-06-01,8886
20669,2019-07-01,9414
20669,2019-08-01,9373
20669,2019-09-01,10135
20669,2019-10-01,10276
20669,2019-11-01,9755
20669,2019-12-01,11047
20669,2020-01-01,10026
20669,2020-02-01,9697
20669,2020-03-01,9396
20669,2020-04-01,7808
20669,2020-05-01,8409
20669,2020-06-01,9165
20669,2020-07-01,10766
20669,2020-08-01,10025
20669,2020-09-01,11924
20669,2020-10-01,9919
20669,2020-11-01,9991
20669,2020-12-01,9197
20669,2021-01-01,9373
20669,2021-02-01,10308
20669,2021-03-01,11613
20669,2021-04-01,11420
20669,2021-05-01,13054
20669,2021-06-01,12519
20669,2021-07-01,11477
20669,2021-08-01,12092
20669,2021-09-01,10880
20669,2021-10-01,9226
20669,2021-11-01,8536
20669,2021-12-01,7478
20669,2022-01-01,5699
20669,2022-02-01,6758
20669,2022-03-01,7490
20669,2022-04-01,7138
20669,2022-05-01,8119
20669,2022-06-01,6631
20669,2022-07-01,8436
20669,2022-08-01,9566
20669,2022-09-01,8453
20669,2022-10-01,8328
20669,2022-11-01,7184
20669,2022-12-01,6201
20669,2023-01-01,8816
20669,2023-02-01,7436
20669,2023-03-01,8454
20669,2023-04-01,6991
20669,2023-05-01,7982
20669,2023-06-01,7370
20669,2023-07-01,7381
20669,2023-08-01,9201
20669,2023-09-01,8546
20669,2023-10-01,8112
20669,2023-11-01,7876
20669,2023-12-01,6547
20669,2024-01-01,8261
20669,2024-02-01,8075
20669,2024-03-01,8229
20669,2024-04-01,8845
20669,2024-05-01,8346
20669,2024-06-01,8119
20669,2024-07-01,9168
20669,2024-08-01,9721
20669,2024-09-01,8723
20669,2024-10-01,8813
20669,2024-11-01,7501
20669,2024-12-01,6639
20669,2025-01-01,7705
20669,2025-02-01,7996
20669,2025-03-01,8481
20669,2025-04-01,8502
20669,2025-05-01,8220
20669,2025-06-01,8479
20669,2025-07-01,7878
20669,2025-08-01,7682
20669,2025-09-01,8396
20669,2025-10-01,8629
20669,2025-11-01,6930
20669,2025-12-01,6309
20669,2026-01-01,7322
20669,2026-02-01,7427
20669,2026-03-01,8706
20669,2026-04-01,8053
20669,2026-05-01,8429
20669,2026-06-01,7935
20670,2011-03-01,2711
20670,2011-04-01,2304
20670,2011-05-01,2779
20670,2011-06-01,2424
20670,2011-07-01,2158
20670,2011-08-01,2483
20670,2011-09-01,2434
20670,2011-10-01,2195
20670,2011-11-01,2390
20670,2011-12-01,2179
20670,2012-01-01,2836
20670,2012-02-01,2957
20670,2012-03-01,2607
20670,2012-04-01,2594
20670,2012-05-01,2956
20670,2012-06-01,2839
20670,2012-07-01,2725
20670,2012-08-01,2615
20670,2012-09-01,1948
20670,2012-10-01,2786
20670,2012-11-01,2658
20670,2012-12-01,2226
20670,2013-01-01,3581
20670,2013-02-01,3914
20670,2013-03-01,3572
20670,2013-04-01,3703
20670,2013-05-01,3769
20670,2013-06-01,3239
20670,2013-07-01,3378
20670,2013-08-01,3413
20670,2013-09-01,2894
20670,2013-10-01,3442
20670,2013-11-01,3053
20670,2013-12-01,2947
20670,2014-01-01,3579
20670,2014-02-01,5548
20670,2014-03-01,3603
20670,2014-04-01,3649
20670,2014-05-01,3591
20670,2014-06-01,3639
20670,2014-07-01,4091
20670,2014-08-01,3586
20670,2014-09-01,3701
20670,2014-10-01,6001
20670,2014-11-01,5363
20670,2014-12-01,4472
20670,2015-01-01,4221
20670,2015-02-01,4347
20670,2015-03-01,4414
20670,2015-04-01,3776
20670,2015-05-01,3875
20670,2015-06-01,3952
20670,2015-07-01,3981
20670,2015-08-01,3809
20670,2015-09-01,3556
20670,2015-10-01,2593
20670,2015-11-01,2594
20670,2015-12-01,2411
20670,2016-01-01,3481
20670,2016-02-01,4115
20670,2016-03-01,3907
20670,2016-04-01,3662
20670,2016-05-01,3925
20670,2016-06-01,4378
20670,2016-07-01,4080
20670,2016-08-01,4376
20670,2016-09-01,3103
20670,2016-10-01,3753
20670,2016-11-01,4243
20670,2016-12-01,3835
20670,2017-01-01,4535
20670,2017-02-01,4846
20670,2017-03-01,5103
20670,2017-04-01,4070
20670,2017-05-01,5798
20670,2017-06-01,4955
20670,2017-07-01,4752
20670,2017-08-01,4956
20670,2017-09-01,4240
20670,2017-10-01,4940
20670,2017-11-01,4965
20670,2017-12-01,4696
20670,2018-01-01,5772
20670,2018-02-01,5103
20670,2018-03-01,5171
20670,2018-04-01,5003
20670,2018-05-01,5628
20670,2018-06-01,5364
20670,2018-07-01,5564
20670,2018-08-01,5641
20670,2018-09-01,5229
20670,2018-10-01,6020
20670,2018-11-01,5124
20670,2018-12-01,5337
20670,2019-01-01,5465
20670,2019-02-01,6848
20670,2019-03-01,6267
20670,2019-04-01,6552
20670,2019-05-01,6236
20670,2019-06-01,5702
20670,2019-07-01,6935
20670,2019-08-01,6789
20670,2019-09-01,6396
20670,2019-10-01,7331
20670,2019-11-01,6391
20670,2019-12-01,6724
20670,2020-01-01,6641
20670,2020-02-01,7668
20670,2020-03-01,7988
20670,2020-04-01,8425
20670,2020-05-01,7072
20670,2020-06-01,8371
20670,2020-07-01,8475
20670,2020-08-01,9548
20670,2020-09-01,7425
20670,2020-10-01,12273
20670,2020-11-01,11099
20670,2020-12-01,8702
20670,2021-01-01,4050
20670,2021-02-01,4562
20670,2021-03-01,5263
20670,2021-04-01,9365
20670,2021-05-01,9103
20670,2021-06-01,8229
20670,2021-07-01,8040
20670,2021-08-01,8147
20670,2021-09-01,7976
20670,2021-10-01,7350
20670,2021-11-01,7163
20670,2021-12-01,5883
20670,2022-01-01,2575
20670,2022-02-01,2995
20670,2022-03-01,5803
20670,2022-04-01,13355
20670,2022-05-01,8503
20670,2022-06-01,7191
20670,2022-07-01,6724
20670,2022-08-01,6878
20670,2022-09-01,6863
20670,2022-10-01,6828
20670,2022-11-01,7435
20670,2022-12-01,6270
20670,2023-01-01,9243
20670,2023-02-01,6530
20670,2023-03-01,3922
20670,2023-04-01,5150
20670,2023-05-01,5462
20670,2023-06-01,4322
20670,2023-07-01,4801
20670,2023-08-01,6645
20670,2023-09-01,8427
20670,2023-10-01,8873
20670,2023-11-01,8208
20670,2023-12-01,7208
20670,2024-01-01,11102
20670,2024-02-01,9496
20670,2024-03-01,8426
20670,2024-04-01,8764
20670,2024-05-01,7905
20670,2024-06-01,8356
20670,2024-07-01,9438
20670,2024-08-01,9014
20670,2024-09-01,8800
20670,2024-10-01,8283
20670,2024-11-01,7489
20670,2024-12-01,6014
20670,2025-01-01,9714
20670,2025-02-01,8809
20670,2025-03-01,8175
20670,2025-04-01,7047
20670,2025-05-01,3110
20670,2025-06-01,3202
20670,2025-07-01,4787
20670,2025-08-01,4594
20670,2025-09-01,5676
20670,2025-10-01,5712
20670,2025-11-01,4712
20670,2025-12-01,5125
20670,2026-01-01,4788
20670,2026-02-01,6394
20670,2026-03-01,6519
20670,2026-04-01,4969
20670,2026-05-01,3710
20670,2026-06-01,4112
20671,2011-03-01,8902
20671,2011-04-01,8154
20671,2011-05-01,9507
20671,2011-06-01,9417
20671,2011-07-01,9200
20671,2011-08-01,10171
20671,2011-09-01,9583
20671,2011-10-01,8278
20671,2011-11-01,10108
20671,2011-12-01,8235
20671,2012-01-01,8614
20671,2012-02-01,8587
20671,2012-03-01,9173
20671,2012-04-01,9783
20671,2012-05-01,12098
20671,2012-06-01,11265
20671,2012-07-01,10622
20671,2012-08-01,11646
20671,2012-09-01,8767
20671,2012-10-01,11196
20671,2012-11-01,10093
20671,2012-12-01,8466
20671,2013-01-01,11352
20671,2013-02-01,11669
20671,2013-03-01,12339
20671,2013-04-01,13615
20671,2013-05-01,13591
20671,2013-06-01,12828
20671,2013-07-01,12951
20671,2013-08-01,14042
20671,2013-09-01,11765
20671,2013-10-01,12551
20671,2013-11-01,11606
20671,2013-12-01,10775
20671,2014-01-01,12072
20671,2014-02-01,15503
20671,2014-03-01,12175
20671,2014-04-01,12960
20671,2014-05-01,13447
20671,2014-06-01,13344
20671,2014-07-01,12868
20671,2014-08-01,11410
20671,2014-09-01,11751
20671,2014-10-01,17259
20671,2014-11-01,14085
20671,2014-12-01,12058
20671,2015-01-01,11603
20671,2015-02-01,11302
20671,2015-03-01,12764
20671,2015-04-01,11541
20671,2015-05-01,11475
20671,2015-06-01,11475
20671,2015-07-01,11144
20671,2015-08-01,11016
20671,2015-09-01,11449
20671,2015-10-01,8756
20671,2015-11-01,10585
20671,2015-12-01,8941
20671,2016-01-01,8920
20671,2016-02-01,9824
20671,2016-03-01,10074
20671,2016-04-01,9840
20671,2016-05-01,10426
20671,2016-06-01,11111
20671,2016-07-01,10488
20671,2016-08-01,11414
20671,2016-09-01,8630
20671,2016-10-01,9843
20671,2016-11-01,10216
20671,2016-12-01,9445
20671,2017-01-01,10773
20671,2017-02-01,11157
20671,2017-03-01,12389
20671,2017-04-01,10956
20671,2017-05-01,13750
20671,2017-06-01,12966
20671,2017-07-01,11977
20671,2017-08-01,13264
20671,2017-09-01,11531
20671,2017-10-01,12627
20671,2017-11-01,12424
20671,2017-12-01,11972
20671,2018-01-01,13150
20671,2018-02-01,12728
20671,2018-03-01,13369
20671,2018-04-01,13292
20671,2018-05-01,14484
20671,2018-06-01,13949
20671,2018-07-01,13909
20671,2018-08-01,14898
20671,2018-09-01,13272
20671,2018-10-01,14868
20671,2018-11-01,14163
20671,2018-12-01,12685
20671,2019-01-01,15205
20671,2019-02-01,16444
20671,2019-03-01,15427
20671,2019-04-01,16586
20671,2019-05-01,16854
20671,2019-06-01,16117
20671,2019-07-01,18058
20671,2019-08-01,17760
20671,2019-09-01,18028
20671,2019-10-01,19232
20671,2019-11-01,17554
20671,2019-12-01,19109
20671,2020-01-01,18303
20671,2020-02-01,18784
20671,2020-03-01,18821
20671,2020-04-01,17381
20671,2020-05-01,16638
20671,2020-06-01,18710
20671,2020-07-01,20399
20671,2020-08-01,20644
20671,2020-09-01,20559
20671,2020-10-01,23390
20671,2020-11-01,22346
20671,2020-12-01,18917
20671,2021-01-01,14701
20671,2021-02-01,16145
20671,2021-03-01,18304
20671,2021-04-01,22304
20671,2021-05-01,23759
20671,2021-06-01,22432
20671,2021-07-01,21183
20671,2021-08-01,22033
20671,2021-09-01,20482
20671,2021-10-01,18176
20671,2021-11-01,17133
20671,2021-12-01,14555
20671,2022-01-01,9528
20671,2022-02-01,10980
20671,2022-03-01,14714
20671,2022-04-01,21839
20671,2022-05-01,18078
20671,2022-06-01,15346
20671,2022-07-01,16670
20671,2022-08-01,18130
20671,2022-09-01,16888
20671,2022-10-01,24634
20671,2022-11-01,18587
20671,2022-12-01,13761
20671,2023-01-01,19672
20671,2023-02-01,15343
20671,2023-03-01,13930
20671,2023-04-01,13528
20671,2023-05-01,15148
20671,2023-06-01,13273
20671,2023-07-01,13720
20671,2023-08-01,17495
20671,2023-09-01,18477
20671,2023-10-01,18601
20671,2023-11-01,17638
20671,2023-12-01,14972
20671,2024-01-01,20928
20671,2024-02-01,19049
20671,2024-03-01,18080
20671,2024-04-01,19323
20671,2024-05-01,17976
20671,2024-06-01,18031
20671,2024-07-01,20273
20671,2024-08-01,20523
20671,2024-09-01,19268
20671,2024-10-01,18882
20671,2024-11-01,16510
20671,2024-12-01,13908
20671,2025-01-01,19117
20671,2025-02-01,18371
20671,2025-03-01,18906
20671,2025-04-01,21145
20671,2025-05-01,14417
20671,2025-06-01,14271
20671,2025-07-01,17777
20671,2025-08-01,18342
20671,2025-09-01,20472
20671,2025-10-01,21018
20671,2025-11-01,18322
20671,2025-12-01,18221
20671,2026-01-01,21326
20671,2026-02-01,20968
20671,2026-03-01,26090
20671,2026-04-01,22973
20671,2026-05-01,19897
20671,2026-06-01,19726
20672,2011-03-01,15100
20672,2011-04-01,14025
20672,2011-05-01,16170
20672,2011-06-01,16203
20672,2011-07-01,15527
20672,2011-08-01,17232
20672,2011-09-01,16214
20672,2011-10-01,14668
20672,2011-11-01,17107
20672,2011-12-01,15100
20672,2012-01-01,15390
20672,2012-02-01,15167
20672,2012-03-01,16722
20672,2012-04-01,17044
20672,2012-05-01,20211
20672,2012-06-01,18754
20672,2012-07-01,17512
20672,2012-08-01,18805
20672,2012-09-01,14812
20672,2012-10-01,18468
20672,2012-11-01,16887
20672,2012-12-01,15093
20672,2013-01-01,18551
20672,2013-02-01,17941
20672,2013-03-01,19409
20672,2013-04-01,21272
20672,2013-05-01,21290
20672,2013-06-01,19715
20672,2013-07-01,20031
20672,2013-08-01,21179
20672,2013-09-01,18527
20672,2013-10-01,19669
20672,2013-11-01,18107
20672,2013-12-01,17414
20672,2014-01-01,19085
20672,2014-02-01,22109
20672,2014-03-01,18778
20672,2014-04-01,19941
20672,2014-05-01,20526
20672,2014-06-01,19994
20672,2014-07-01,19774
20672,2014-08-01,18250
20672,2014-09-01,19094
20672,2014-10-01,24718
20672,2014-11-01,20558
20672,2014-12-01,19273
20672,2015-01-01,18674
20672,2015-02-01,17584
20672,2015-03-01,21033
20672,2015-04-01,18962
20672,2015-05-01,18600
20672,2015-06-01,19041
20672,2015-07-01,18211
20672,2015-08-01,17887
20672,2015-09-01,18136
20672,2015-10-01,14696
20672,2015-11-01,16819
20672,2015-12-01,16270
20672,2016-01-01,15119
20672,2016-02-01,16203
20672,2016-03-01,17278
20672,2016-04-01,16531
20672,2016-05-01,17284
20672,2016-06-01,18183
20672,2016-07-01,16667
20672,2016-08-01,17970
20672,2016-09-01,14248
20672,2016-10-01,16134
20672,2016-11-01,16147
20672,2016-12-01,15252
20672,2017-01-01,16969
20672,2017-02-01,16926
20672,2017-03-01,19304
20672,2017-04-01,17134
20672,2017-05-01,21142
20672,2017-06-01,20341
20672,2017-07-01,18508
20672,2017-08-01,20183
20672,2017-09-01,18166
20672,2017-10-01,19504
20672,2017-11-01,19025
20672,2017-12-01,19078
20672,2018-01-01,20722
20672,2018-02-01,19684
20672,2018-03-01,21110
20672,2018-04-01,21103
20672,2018-05-01,22879
20672,2018-06-01,22032
20672,2018-07-01,22095
20672,2018-08-01,23610
20672,2018-09-01,20745
20672,2018-10-01,23815
20672,2018-11-01,22722
20672,2018-12-01,22437
20672,2019-01-01,25453
20672,2019-02-01,25376
20672,2019-03-01,24196
20672,2019-04-01,25910
20672,2019-05-01,27173
20672,2019-06-01,25588
20672,2019-07-01,28436
20672,2019-08-01,27869
20672,2019-09-01,27974
20672,2019-10-01,31273
20672,2019-11-01,27887
20672,2019-12-01,30360
20672,2020-01-01,30062
20672,2020-02-01,29058
20672,2020-03-01,31238
20672,2020-04-01,29375
20672,2020-05-01,26285
20672,2020-06-01,30236
20672,2020-07-01,29848
20672,2020-08-01,30863
20672,2020-09-01,32867
20672,2020-10-01,34214
20672,2020-11-01,33412
20672,2020-12-01,31301
20672,2021-01-01,24301
20672,2021-02-01,26058
20672,2021-03-01,31553
20672,2021-04-01,34478
20672,2021-05-01,36237
20672,2021-06-01,36566
20672,2021-07-01,36002
20672,2021-08-01,38325
20672,2021-09-01,36892
20672,2021-10-01,33670
20672,2021-11-01,32606
20672,2021-12-01,29374
20672,2022-01-01,27167
20672,2022-02-01,24792
20672,2022-03-01,30494
20672,2022-04-01,36316
20672,2022-05-01,33614
20672,2022-06-01,30556
20672,2022-07-01,30795
20672,2022-08-01,33691
20672,2022-09-01,32004
20672,2022-10-01,38620
20672,2022-11-01,32064
20672,2022-12-01,28684
20672,2023-01-01,34279
20672,2023-02-01,27492
20672,2023-03-01,29158
20672,2023-04-01,26062
20672,2023-05-01,29922
20672,2023-06-01,27229
20672,2023-07-01,27460
20672,2023-08-01,33247
20672,2023-09-01,33385
20672,2023-10-01,33816
20672,2023-11-01,33150
20672,2023-12-01,29348
20672,2024-01-01,39127
20672,2024-02-01,35998
20672,2024-03-01,34616
20672,2024-04-01,37875
20672,2024-05-01,37005
20672,2024-06-01,35034
20672,2024-07-01,40474
20672,2024-08-01,40693
20672,2024-09-01,39214
20672,2024-10-01,40915
20672,2024-11-01,35930
20672,2024-12-01,34429
20672,2025-01-01,41997
20672,2025-02-01,38397
20672,2025-03-01,38964
20672,2025-04-01,41933
20672,2025-05-01,35781
20672,2025-06-01,35440
20672,2025-07-01,40779
20672,2025-08-01,39933
20672,2025-09-01,44859
20672,2025-10-01,46513
20672,2025-11-01,38143
20672,2025-12-01,39975
20672,2026-01-01,44329
20672,2026-02-01,41152
20672,2026-03-01,48478
20672,2026-04-01,43801
20672,2026-05-01,40095
20672,2026-06-01,40841
20673,2011-03-01,8276
20673,2011-04-01,7837
20673,2011-05-01,8691
20673,2011-06-01,8193
20673,2011-07-01,8080
20673,2011-08-01,9305
20673,2011-09-01,8869
20673,2011-10-01,8241
20673,2011-11-01,8878
20673,2011-12-01,9289
20673,2012-01-01,7638
20673,2012-02-01,6765
20673,2012-03-01,7719
20673,2012-04-01,6651
20673,2012-05-01,7411
20673,2012-06-01,8416
20673,2012-07-01,8269
20673,2012-08-01,9456
20673,2012-09-01,6312
20673,2012-10-01,8198
20673,2012-11-01,7605
20673,2012-12-01,8409
20673,2013-01-01,7715
20673,2013-02-01,6466
20673,2013-03-01,7093
20673,2013-04-01,7663
20673,2013-05-01,7444
20673,2013-06-01,6958
20673,2013-07-01,7869
20673,2013-08-01,8265
20673,2013-09-01,7663
20673,2013-10-01,8668
20673,2013-11-01,8185
20673,2013-12-01,9462
20673,2014-01-01,8408
20673,2014-02-01,7228
20673,2014-03-01,6654
20673,2014-04-01,7589
20673,2014-05-01,7694
20673,2014-06-01,6853
20673,2014-07-01,7887
20673,2014-08-01,7664
20673,2014-09-01,8502
20673,2014-10-01,8654
20673,2014-11-01,8138
20673,2014-12-01,10125
20673,2015-01-01,7797
20673,2015-02-01,5961
20673,2015-03-01,7321
20673,2015-04-01,6537
20673,2015-05-01,6404
20673,2015-06-01,6703
20673,2015-07-01,6998
20673,2015-08-01,6403
20673,2015-09-01,6226
20673,2015-10-01,5943
20673,2015-11-01,6154
20673,2015-12-01,7098
20673,2016-01-01,5520
20673,2016-02-01,5199
20673,2016-03-01,5988
20673,2016-04-01,5270
20673,2016-05-01,5607
20673,2016-06-01,5891
20673,2016-07-01,5858
20673,2016-08-01,6378
20673,2016-09-01,5837
20673,2016-10-01,5991
20673,2016-11-01,6634
20673,2016-12-01,7231
20673,2017-01-01,6662
20673,2017-02-01,5772
20673,2017-03-01,7417
20673,2017-04-01,5909
20673,2017-05-01,7280
20673,2017-06-01,7010
20673,2017-07-01,7136
20673,2017-08-01,8110
20673,2017-09-01,7274
20673,2017-10-01,8021
20673,2017-11-01,8218
20673,2017-12-01,8483
20673,2018-01-01,8552
20673,2018-02-01,6926
20673,2018-03-01,8606
20673,2018-04-01,8462
20673,2018-05-01,8260
20673,2018-06-01,7452
20673,2018-07-01,8353
20673,2018-08-01,9419
20673,2018-09-01,8037
20673,2018-10-01,9386
20673,2018-11-01,9510
20673,2018-12-01,9540
20673,2019-01-01,9663
20673,2019-02-01,9006
20673,2019-03-01,8586
20673,2019-04-01,9823
20673,2019-05-01,10196
20673,2019-06-01,9118
20673,2019-07-01,11207
20673,2019-08-01,10921
20673,2019-09-01,10534
20673,2019-10-01,11652
20673,2019-11-01,11134
20673,2019-12-01,12133
20673,2020-01-01,11413
20673,2020-02-01,9399
20673,2020-03-01,8649
20673,2020-04-01,4338
20673,2020-05-01,6259
20673,2020-06-01,9096
20673,2020-07-01,10698
20673,2020-08-01,10819
20673,2020-09-01,11951
20673,2020-10-01,12272
20673,2020-11-01,12707
20673,2020-12-01,13915
20673,2021-01-01,10355
20673,2021-02-01,10932
20673,2021-03-01,11186
20673,2021-04-01,11058
20673,2021-05-01,11703
20673,2021-06-01,12581
20673,2021-07-01,13128
20673,2021-08-01,13319
20673,2021-09-01,12141
20673,2021-10-01,11747
20673,2021-11-01,11432
20673,2021-12-01,12443
20673,2022-01-01,10507
20673,2022-02-01,10357
20673,2022-03-01,11750
20673,2022-04-01,10565
20673,2022-05-01,12209
20673,2022-06-01,11584
20673,2022-07-01,10935
20673,2022-08-01,12577
20673,2022-09-01,11922
20673,2022-10-01,11589
20673,2022-11-01,11617
20673,2022-12-01,12034
20673,2023-01-01,11602
20673,2023-02-01,9954
20673,2023-03-01,13067
20673,2023-04-01,10451
20673,2023-05-01,12677
20673,2023-06-01,12703
20673,2023-07-01,13259
20673,2023-08-01,14493
20673,2023-09-01,13191
20673,2023-10-01,14504
20673,2023-11-01,15080
20673,2023-12-01,16398
20673,2024-01-01,16385
20673,2024-02-01,14721
20673,2024-03-01,15874
20673,2024-04-01,17688
20673,2024-05-01,16983
20673,2024-06-01,16826
20673,2024-07-01,19255
20673,2024-08-01,18244
20673,2024-09-01,18129
20673,2024-10-01,19929
20673,2024-11-01,18149
20673,2024-12-01,18610
20673,2025-01-01,16649
20673,2025-02-01,16000
20673,2025-03-01,15658
20673,2025-04-01,16550
20673,2025-05-01,17520
20673,2025-06-01,17244
20673,2025-07-01,19470
20673,2025-08-01,18489
20673,2025-09-01,20498
20673,2025-10-01,21748
20673,2025-11-01,19736
20673,2025-12-01,23105
20673,2026-01-01,19917
20673,2026-02-01,18412
20673,2026-03-01,22733
20673,2026-04-01,21129
20673,2026-05-01,20278
20673,2026-06-01,20853
20674,2011-03-01,724
20674,2011-04-01,655
20674,2011-05-01,745
20674,2011-06-01,696
20674,2011-07-01,693
20674,2011-08-01,762
20674,2011-09-01,692
20674,2011-10-01,709
20674,2011-11-01,748
20674,2011-12-01,985
20674,2012-01-01,740
20674,2012-02-01,643
20674,2012-03-01,732
20674,2012-04-01,724
20674,2012-05-01,861
20674,2012-06-01,758
20674,2012-07-01,825
20674,2012-08-01,851
20674,2012-09-01,712
20674,2012-10-01,889
20674,2012-11-01,833
20674,2012-12-01,979
20674,2013-01-01,806
20674,2013-02-01,650
20674,2013-03-01,735
20674,2013-04-01,833
20674,2013-05-01,870
20674,2013-06-01,778
20674,2013-07-01,873
20674,2013-08-01,850
20674,2013-09-01,814
20674,2013-10-01,816
20674,2013-11-01,770
20674,2013-12-01,996
20674,2014-01-01,799
20674,2014-02-01,674
20674,2014-03-01,659
20674,2014-04-01,650
20674,2014-05-01,733
20674,2014-06-01,694
20674,2014-07-01,684
20674,2014-08-01,658
20674,2014-09-01,732
20674,2014-10-01,734
20674,2014-11-01,650
20674,2014-12-01,856
20674,2015-01-01,612
20674,2015-02-01,508
20674,2015-03-01,608
20674,2015-04-01,555
20674,2015-05-01,583
20674,2015-06-01,592
20674,2015-07-01,555
20674,2015-08-01,528
20674,2015-09-01,508
20674,2015-10-01,517
20674,2015-11-01,556
20674,2015-12-01,619
20674,2016-01-01,467
20674,2016-02-01,470
20674,2016-03-01,481
20674,2016-04-01,409
20674,2016-05-01,473
20674,2016-06-01,453
20674,2016-07-01,457
20674,2016-08-01,510
20674,2016-09-01,445
20674,2016-10-01,432
20674,2016-11-01,454
20674,2016-12-01,549
20674,2017-01-01,475
20674,2017-02-01,356
20674,2017-03-01,467
20674,2017-04-01,393
20674,2017-05-01,473
20674,2017-06-01,447
20674,2017-07-01,470
20674,2017-08-01,494
20674,2017-09-01,446
20674,2017-10-01,477
20674,2017-11-01,513
20674,2017-12-01,552
20674,2018-01-01,506
20674,2018-02-01,402
20674,2018-03-01,432
20674,2018-04-01,442
20674,2018-05-01,451
20674,2018-06-01,437
20674,2018-07-01,478
20674,2018-08-01,561
20674,2018-09-01,460
20674,2018-10-01,506
20674,2018-11-01,556
20674,2018-12-01,591
20674,2019-01-01,547
20674,2019-02-01,491
20674,2019-03-01,473
20674,2019-04-01,534
20674,2019-05-01,559
20674,2019-06-01,474
20674,2019-07-01,591
20674,2019-08-01,554
20674,2019-09-01,535
20674,2019-10-01,585
20674,2019-11-01,553
20674,2019-12-01,649
20674,2020-01-01,548
20674,2020-02-01,467
20674,2020-03-01,392
20674,2020-04-01,338
20674,2020-05-01,457
20674,2020-06-01,641
20674,2020-07-01,642
20674,2020-08-01,718
20674,2020-09-01,688
20674,2020-10-01,749
20674,2020-11-01,783
20674,2020-12-01,771
20674,2021-01-01,611
20674,2021-02-01,624
20674,2021-03-01,762
20674,2021-04-01,720
20674,2021-05-01,773
20674,2021-06-01,784
20674,2021-07-01,892
20674,2021-08-01,926
20674,2021-09-01,906
20674,2021-10-01,923
20674,2021-11-01,1207
20674,2021-12-01,1152
20674,2022-01-01,1004
20674,2022-02-01,1167
20674,2022-03-01,1261
20674,2022-04-01,1127
20674,2022-05-01,1148
20674,2022-06-01,951
20674,2022-07-01,987
20674,2022-08-01,1193
20674,2022-09-01,1095
20674,2022-10-01,1081
20674,2022-11-01,1260
20674,2022-12-01,1330
20674,2023-01-01,1021
20674,2023-02-01,870
20674,2023-03-01,1022
20674,2023-04-01,875
20674,2023-05-01,997
20674,2023-06-01,884
20674,2023-07-01,936
20674,2023-08-01,1066
20674,2023-09-01,971
20674,2023-10-01,1031
20674,2023-11-01,1225
20674,2023-12-01,1095
20674,2024-01-01,1206
20674,2024-02-01,1021
20674,2024-03-01,1075
20674,2024-04-01,1253
20674,2024-05-01,1261
20674,2024-06-01,1233
20674,2024-07-01,1445
20674,2024-08-01,1349
20674,2024-09-01,1309
20674,2024-10-01,1414
20674,2024-11-01,1361
20674,2024-12-01,1436
20674,2025-01-01,1267
20674,2025-02-01,1174
20674,2025-03-01,1126
20674,2025-04-01,1245
20674,2025-05-01,1329
20674,2025-06-01,1255
20674,2025-07-01,1116
20674,2025-08-01,982
20674,2025-09-01,1150
20674,2025-10-01,1220
20674,2025-11-01,1132
20674,2025-12-01,1224
20674,2026-01-01,1074
20674,2026-02-01,977
20674,2026-03-01,1173
20674,2026-04-01,1087
20674,2026-05-01,1180
20674,2026-06-01,1363
20676,2011-03-01,331
20676,2011-04-01,416
20676,2011-05-01,701
20676,2011-06-01,617
20676,2011-07-01,588
20676,2011-08-01,323
20676,2011-09-01,170
20676,2011-10-01,126
20676,2011-11-01,148
20676,2011-12-01,155
20676,2012-01-01,117
20676,2012-02-01,101
20676,2012-03-01,117
20676,2012-04-01,81
20676,2012-05-01,120
20676,2012-06-01,151
20676,2012-07-01,88
20676,2012-08-01,101
20676,2012-09-01,50
20676,2012-10-01,66
20676,2012-11-01,48
20676,2012-12-01,62
20676,2013-01-01,50
20676,2013-02-01,32
20676,2013-03-01,40
20676,2013-04-01,49
20676,2013-05-01,53
20676,2013-06-01,71
20676,2013-07-01,72
20676,2013-08-01,67
20676,2013-09-01,61
20676,2013-10-01,64
20676,2013-11-01,67
20676,2013-12-01,77
20676,2014-01-01,65
20676,2014-02-01,50
20676,2014-03-01,40
20676,2014-04-01,68
20676,2014-05-01,59
20676,2014-06-01,53
20676,2014-07-01,47
20676,2014-08-01,47
20676,2014-09-01,51
20676,2014-10-01,57
20676,2014-11-01,59
20676,2014-12-01,75
20676,2015-01-01,44
20676,2015-02-01,45
20676,2015-03-01,104
20676,2015-04-01,108
20676,2015-05-01,92
20676,2015-06-01,110
20676,2015-07-01,118
20676,2015-08-01,95
20676,2015-09-01,95
20676,2015-10-01,88
20676,2015-11-01,103
20676,2015-12-01,117
20676,2016-01-01,85
20676,2016-02-01,88
20676,2016-03-01,102
20676,2016-04-01,67
20676,2016-05-01,42
20676,2016-06-01,40
20676,2016-07-01,31
20676,2016-08-01,31
20676,2016-09-01,37
20676,2016-10-01,34
20676,2016-11-01,36
20676,2016-12-01,38
20676,2017-01-01,25
20676,2017-02-01,23
20676,2017-03-01,33
20676,2017-04-01,24
20676,2017-05-01,29
20676,2017-06-01,24
20676,2017-07-01,28
20676,2017-08-01,29
20676,2017-09-01,28
20676,2017-10-01,27
20676,2017-11-01,33
20676,2017-12-01,39
20676,2018-01-01,29
20676,2018-02-01,21
20676,2018-03-01,34
20676,2018-04-01,32
20676,2018-05-01,29
20676,2018-06-01,29
20676,2018-07-01,34
20676,2018-08-01,41
20676,2018-09-01,38
20676,2018-10-01,52
20676,2018-11-01,49
20676,2018-12-01,53
20676,2019-01-01,45
20676,2019-02-01,43
20676,2019-03-01,47
20676,2019-04-01,55
20676,2019-05-01,56
20676,2019-06-01,51
20676,2019-07-01,67
20676,2019-08-01,24
20676,2019-09-01,7
20676,2019-10-01,7
20676,2019-11-01,4
20676,2019-12-01,6
20676,2020-01-01,6
20676,2020-02-01,9
20676,2020-03-01,7
20676,2020-04-01,2
20676,2020-05-01,2
20676,2020-06-01,5
20676,2020-07-01,4
20676,2020-08-01,4
20676,2020-09-01,2
20676,2020-10-01,4
20676,2020-11-01,4
20676,2020-12-01,5
20676,2021-01-01,4
20676,2021-02-01,5
20676,2021-03-01,4
20676,2021-04-01,4
20676,2021-05-01,6
20676,2021-06-01,6
20676,2021-07-01,5
20676,2021-08-01,8
20676,2021-09-01,7
20676,2021-10-01,6
20676,2021-11-01,4
20676,2021-12-01,4
20676,2022-01-01,3
20676,2022-02-01,4
20676,2022-03-01,9
20676,2022-04-01,9
20676,2022-05-01,21
20676,2022-06-01,1
20676,2022-07-01,8
20676,2022-08-01,1
20676,2022-09-01,0
20676,2022-10-01,1
20676,2022-11-01,1
20676,2022-12-01,1
20676,2023-01-01,1
20676,2023-02-01,1
20676,2023-03-01,0
20676,2023-04-01,1
20676,2023-05-01,1
20676,2023-06-01,1
20676,2023-07-01,0
20676,2023-08-01,0
20676,2023-09-01,4
20676,2023-10-01,2
20676,2023-11-01,0
20676,2023-12-01,0
20676,2024-01-01,1
20676,2024-02-01,0
20676,2024-03-01,1
20676,2024-04-01,1
20676,2024-05-01,1
20676,2024-06-01,0
20676,2024-07-01,1
20676,2024-08-01,0
20676,2024-09-01,0
20676,2024-10-01,0
20676,2024-11-01,0
20676,2024-12-01,0
20676,2025-01-01,0
20676,2025-02-01,1
20676,2025-03-01,1
20676,2025-04-01,0
20676,2025-05-01,0
20676,2025-06-01,0
20676,2025-07-01,0
20676,2025-08-01,0
20676,2025-09-01,0
20676,2025-10-01,0
20676,2025-11-01,0
20676,2025-12-01,0
20676,2026-01-01,0
20676,2026-02-01,1
20676,2026-03-01,0
20676,2026-04-01,0
20676,2026-05-01,0
20676,2026-06-01,0
20677,2011-03-01,12
20677,2011-04-01,2
20677,2011-05-01,4
20677,2011-06-01,9
20677,2011-07-01,8
20677,2011-08-01,11
20677,2011-09-01,7
20677,2011-10-01,8
20677,2011-11-01,7
20677,2011-12-01,8
20677,2012-01-01,2
20677,2012-02-01,2
20677,2012-03-01,4
20677,2012-04-01,3
20677,2012-05-01,7
20677,2012-06-01,12
20677,2012-07-01,7
20677,2012-08-01,4
20677,2012-09-01,3
20677,2012-10-01,3
20677,2012-11-01,1
20677,2012-12-01,10
20677,2013-01-01,4
20677,2013-02-01,4
20677,2013-03-01,4
20677,2013-04-01,5
20677,2013-05-01,4
20677,2013-06-01,4
20677,2013-07-01,3
20677,2013-08-01,2
20677,2013-09-01,8
20677,2013-10-01,17
20677,2013-11-01,16
20677,2013-12-01,3
20677,2014-01-01,1
20677,2014-02-01,0
20677,2014-03-01,12
20677,2014-04-01,3
20677,2014-05-01,14
20677,2014-06-01,1
20677,2014-07-01,1
20677,2014-08-01,4
20677,2014-09-01,2
20677,2014-10-01,58
20677,2014-11-01,2
20677,2014-12-01,2
20677,2015-01-01,2
20677,2015-02-01,15
20677,2015-03-01,0
20677,2015-04-01,0
20677,2015-05-01,20
20677,2015-06-01,9
20677,2015-07-01,2
20677,2015-08-01,0
20677,2015-09-01,1
20677,2015-10-01,3
20677,2015-11-01,1
20677,2015-12-01,1
20677,2016-01-01,0
20677,2016-02-01,0
20677,2016-03-01,1
20677,2016-04-01,0
20677,2016-05-01,2
20677,2016-06-01,2
20677,2016-07-01,1
20677,2016-08-01,2
20677,2016-09-01,3
20677,2016-10-01,1
20677,2016-11-01,5
20677,2016-12-01,0
20677,2017-01-01,10
20677,2017-02-01,0
20677,2017-03-01,10
20677,2017-04-01,5
20677,2017-05-01,0
20677,2017-06-01,0
20677,2017-07-01,5
20677,2017-08-01,14
20677,2017-09-01,9
20677,2017-10-01,6
20677,2017-11-01,6
20677,2017-12-01,3
20677,2018-01-01,3
20677,2018-02-01,4
20677,2018-03-01,6
20677,2018-04-01,5
20677,2018-05-01,1
20677,2018-06-01,0
20677,2018-07-01,3
20677,2018-08-01,0
20677,2018-09-01,8
20677,2018-10-01,4
20677,2018-11-01,2
20677,2018-12-01,10
20677,2019-01-01,2
20677,2019-02-01,0
20677,2019-03-01,20
20677,2019-04-01,0
20677,2019-05-01,3
20677,2019-06-01,4
20677,2019-07-01,6
20677,2019-08-01,13
20677,2019-09-01,4
20677,2019-10-01,6
20677,2019-11-01,2
20677,2019-12-01,8
20677,2020-01-01,1
20677,2020-02-01,5
20677,2020-03-01,2
20677,2020-04-01,2
20677,2020-05-01,0
20677,2020-06-01,1
20677,2020-07-01,10
20677,2020-08-01,2
20677,2020-09-01,0
20677,2020-10-01,3
20677,2020-11-01,1
20677,2020-12-01,32
20677,2021-01-01,1
20677,2021-02-01,6
20677,2021-03-01,10
20677,2021-04-01,10
20677,2021-05-01,13
20677,2021-06-01,14
20677,2021-07-01,62
20677,2021-08-01,4
20677,2021-09-01,68
20677,2021-10-01,4
20677,2021-11-01,19
20677,2021-12-01,41
20677,2022-01-01,1
20677,2022-02-01,3
20677,2022-03-01,21
20677,2022-04-01,35
20677,2022-05-01,8
20677,2022-06-01,10
20677,2022-07-01,1
20677,2022-08-01,63
20677,2022-09-01,30
20677,2022-10-01,33
20677,2022-11-01,18
20677,2022-12-01,78
20677,2023-01-01,57
20677,2023-02-01,2
20677,2023-03-01,3
20677,2023-04-01,25
20677,2023-05-01,20
20677,2023-06-01,3
20677,2023-07-01,0
20677,2023-08-01,68
20677,2023-09-01,47
20677,2023-10-01,19
20677,2023-11-01,8
20677,2023-12-01,25
20677,2024-01-01,16
20677,2024-02-01,0
20677,2024-03-01,25
20677,2024-04-01,33
20677,2024-05-01,30
20677,2024-06-01,12
20677,2024-07-01,67
20677,2024-08-01,40
20677,2024-09-01,29
20677,2024-10-01,19
20677,2024-11-01,20
20677,2024-12-01,3
20677,2025-01-01,0
20677,2025-02-01,20
20677,2025-03-01,8
20677,2025-04-01,0
20677,2025-05-01,22
20677,2025-06-01,17
20677,2025-07-01,27
20677,2025-08-01,1
20677,2025-09-01,17
20677,2025-10-01,17
20677,2025-11-01,3
20677,2025-12-01,26
20677,2026-01-01,28
20677,2026-02-01,6
20677,2026-03-01,0
20677,2026-04-01,1
20677,2026-05-01,1
20677,2026-06-01,0
20678,2011-03-01,343
20678,2011-04-01,418
20678,2011-05-01,706
20678,2011-06-01,625
20678,2011-07-01,595
20678,2011-08-01,334
20678,2011-09-01,178
20678,2011-10-01,134
20678,2011-11-01,155
20678,2011-12-01,163
20678,2012-01-01,119
20678,2012-02-01,103
20678,2012-03-01,121
20678,2012-04-01,85
20678,2012-05-01,126
20678,2012-06-01,163
20678,2012-07-01,95
20678,2012-08-01,105
20678,2012-09-01,54
20678,2012-10-01,69
20678,2012-11-01,50
20678,2012-12-01,72
20678,2013-01-01,55
20678,2013-02-01,36
20678,2013-03-01,44
20678,2013-04-01,54
20678,2013-05-01,57
20678,2013-06-01,75
20678,2013-07-01,74
20678,2013-08-01,69
20678,2013-09-01,69
20678,2013-10-01,81
20678,2013-11-01,84
20678,2013-12-01,80
20678,2014-01-01,66
20678,2014-02-01,50
20678,2014-03-01,53
20678,2014-04-01,70
20678,2014-05-01,73
20678,2014-06-01,54
20678,2014-07-01,49
20678,2014-08-01,51
20678,2014-09-01,53
20678,2014-10-01,115
20678,2014-11-01,61
20678,2014-12-01,76
20678,2015-01-01,46
20678,2015-02-01,60
20678,2015-03-01,104
20678,2015-04-01,108
20678,2015-05-01,112
20678,2015-06-01,119
20678,2015-07-01,120
20678,2015-08-01,95
20678,2015-09-01,96
20678,2015-10-01,91
20678,2015-11-01,105
20678,2015-12-01,118
20678,2016-01-01,85
20678,2016-02-01,89
20678,2016-03-01,103
20678,2016-04-01,67
20678,2016-05-01,44
20678,2016-06-01,42
20678,2016-07-01,32
20678,2016-08-01,33
20678,2016-09-01,41
20678,2016-10-01,35
20678,2016-11-01,41
20678,2016-12-01,39
20678,2017-01-01,36
20678,2017-02-01,23
20678,2017-03-01,42
20678,2017-04-01,29
20678,2017-05-01,30
20678,2017-06-01,25
20678,2017-07-01,33
20678,2017-08-01,43
20678,2017-09-01,37
20678,2017-10-01,33
20678,2017-11-01,39
20678,2017-12-01,42
20678,2018-01-01,32
20678,2018-02-01,25
20678,2018-03-01,40
20678,2018-04-01,37
20678,2018-05-01,30
20678,2018-06-01,29
20678,2018-07-01,37
20678,2018-08-01,41
20678,2018-09-01,46
20678,2018-10-01,56
20678,2018-11-01,51
20678,2018-12-01,63
20678,2019-01-01,46
20678,2019-02-01,43
20678,2019-03-01,67
20678,2019-04-01,55
20678,2019-05-01,59
20678,2019-06-01,55
20678,2019-07-01,72
20678,2019-08-01,37
20678,2019-09-01,11
20678,2019-10-01,13
20678,2019-11-01,5
20678,2019-12-01,13
20678,2020-01-01,7
20678,2020-02-01,14
20678,2020-03-01,9
20678,2020-04-01,4
20678,2020-05-01,2
20678,2020-06-01,6
20678,2020-07-01,14
20678,2020-08-01,6
20678,2020-09-01,2
20678,2020-10-01,7
20678,2020-11-01,5
20678,2020-12-01,37
20678,2021-01-01,5
20678,2021-02-01,10
20678,2021-03-01,14
20678,2021-04-01,15
20678,2021-05-01,19
20678,2021-06-01,20
20678,2021-07-01,68
20678,2021-08-01,12
20678,2021-09-01,76
20678,2021-10-01,10
20678,2021-11-01,23
20678,2021-12-01,44
20678,2022-01-01,4
20678,2022-02-01,7
20678,2022-03-01,31
20678,2022-04-01,44
20678,2022-05-01,30
20678,2022-06-01,11
20678,2022-07-01,8
20678,2022-08-01,64
20678,2022-09-01,31
20678,2022-10-01,34
20678,2022-11-01,19
20678,2022-12-01,78
20678,2023-01-01,58
20678,2023-02-01,2
20678,2023-03-01,3
20678,2023-04-01,26
20678,2023-05-01,21
20678,2023-06-01,3
20678,2023-07-01,0
20678,2023-08-01,69
20678,2023-09-01,51
20678,2023-10-01,21
20678,2023-11-01,8
20678,2023-12-01,25
20678,2024-01-01,17
20678,2024-02-01,0
20678,2024-03-01,26
20678,2024-04-01,34
20678,2024-05-01,31
20678,2024-06-01,12
20678,2024-07-01,68
20678,2024-08-01,40
20678,2024-09-01,29
20678,2024-10-01,19
20678,2024-11-01,20
20678,2024-12-01,3
20678,2025-01-01,0
20678,2025-02-01,21
20678,2025-03-01,9
20678,2025-04-01,0
20678,2025-05-01,22
20678,2025-06-01,17
20678,2025-07-01,27
20678,2025-08-01,1
20678,2025-09-01,17
20678,2025-10-01,17
20678,2025-11-01,3
20678,2025-12-01,26
20678,2026-01-01,28
20678,2026-02-01,6
20678,2026-03-01,0
20678,2026-04-01,1
20678,2026-05-01,1
20678,2026-06-01,0
20679,2011-03-01,12798
20679,2011-04-01,13665
20679,2011-05-01,12861
20679,2011-06-01,12652
20679,2011-07-01,12047
20679,2011-08-01,11774
20679,2011-09-01,13823
20679,2011-10-01,14184
20679,2011-11-01,13051
20679,2011-12-01,12536
20679,2012-01-01,12770
20679,2012-02-01,12765
20679,2012-03-01,12914
20679,2012-04-01,12937
20679,2012-05-01,12994
20679,2012-06-01,14104
20679,2012-07-01,12977
20679,2012-08-01,13317
20679,2012-09-01,14031
20679,2012-10-01,14079
20679,2012-11-01,13901
20679,2012-12-01,14116
20679,2013-01-01,14742
20679,2013-02-01,15016
20679,2013-03-01,14839
20679,2013-04-01,15086
20679,2013-05-01,15464
20679,2013-06-01,15073
20679,2013-07-01,15150
20679,2013-08-01,15786
20679,2013-09-01,16217
20679,2013-10-01,16324
20679,2013-11-01,16387
20679,2013-12-01,16674
20679,2014-01-01,17427
20679,2014-02-01,18442
20679,2014-03-01,18515
20679,2014-04-01,17756
20679,2014-05-01,17690
20679,2014-06-01,17576
20679,2014-07-01,16827
20679,2014-08-01,16694
20679,2014-09-01,15767
20679,2014-10-01,16357
20679,2014-11-01,16119
20679,2014-12-01,15961
20679,2015-01-01,17388
20679,2015-02-01,17111
20679,2015-03-01,17458
20679,2015-04-01,16919
20679,2015-05-01,16081
20679,2015-06-01,15375
20679,2015-07-01,14539
20679,2015-08-01,14703
20679,2015-09-01,14942
20679,2015-10-01,15642
20679,2015-11-01,15637
20679,2015-12-01,14545
20679,2016-01-01,15242
20679,2016-02-01,16324
20679,2016-03-01,15036
20679,2016-04-01,15233
20679,2016-05-01,15093
20679,2016-06-01,14793
20679,2016-07-01,14137
20679,2016-08-01,14409
20679,2016-09-01,14866
20679,2016-10-01,15402
20679,2016-11-01,15733
20679,2016-12-01,14429
20679,2017-01-01,15301
20679,2017-02-01,13859
20679,2017-03-01,16576
20679,2017-04-01,15063
20679,2017-05-01,16327
20679,2017-06-01,14936
20679,2017-07-01,15164
20679,2017-08-01,14936
20679,2017-09-01,15934
20679,2017-10-01,16439
20679,2017-11-01,17443
20679,2017-12-01,16064
20679,2018-01-01,17608
20679,2018-02-01,17000
20679,2018-03-01,17290
20679,2018-04-01,16358
20679,2018-05-01,14794
20679,2018-06-01,15254
20679,2018-07-01,15521
20679,2018-08-01,14645
20679,2018-09-01,14397
20679,2018-10-01,15203
20679,2018-11-01,16467
20679,2018-12-01,14807
20679,2019-01-01,16402
20679,2019-02-01,16360
20679,2019-03-01,17123
20679,2019-04-01,16391
20679,2019-05-01,17155
20679,2019-06-01,16515
20679,2019-07-01,17490
20679,2019-08-01,16578
20679,2019-09-01,16300
20679,2019-10-01,16601
20679,2019-11-01,17418
20679,2019-12-01,16298
20679,2020-01-01,18663
20679,2020-02-01,17500
20679,2020-03-01,18897
20679,2020-04-01,18705
20679,2020-05-01,14974
20679,2020-06-01,14503
20679,2020-07-01,12161
20679,2020-08-01,12433
20679,2020-09-01,13513
20679,2020-10-01,13904
20679,2020-11-01,14194
20679,2020-12-01,13657
20679,2021-01-01,16309
20679,2021-02-01,15361
20679,2021-03-01,17039
20679,2021-04-01,17021
20679,2021-05-01,16934
20679,2021-06-01,16934
20679,2021-07-01,17741
20679,2021-08-01,18533
20679,2021-09-01,20253
20679,2021-10-01,21536
20679,2021-11-01,23468
20679,2021-12-01,23796
20679,2022-01-01,25799
20679,2022-02-01,23018
20679,2022-03-01,29031
20679,2022-04-01,26936
20679,2022-05-01,26857
20679,2022-06-01,27689
20679,2022-07-01,27962
20679,2022-08-01,29108
20679,2022-09-01,31529
20679,2022-10-01,30961
20679,2022-11-01,31492
20679,2022-12-01,30191
20679,2023-01-01,31959
20679,2023-02-01,30505
20679,2023-03-01,30772
20679,2023-04-01,29622
20679,2023-05-01,29644
20679,2023-06-01,30361
20679,2023-07-01,28225
20679,2023-08-01,28540
20679,2023-09-01,29588
20679,2023-10-01,29768
20679,2023-11-01,33032
20679,2023-12-01,28975
20679,2024-01-01,31024
20679,2024-02-01,31078
20679,2024-03-01,29704
20679,2024-04-01,30633
20679,2024-05-01,30106
20679,2024-06-01,29135
20679,2024-07-01,29237
20679,2024-08-01,30961
20679,2024-09-01,29242
20679,2024-10-01,30130
20679,2024-11-01,31857
20679,2024-12-01,30379
20679,2025-01-01,34105
20679,2025-02-01,32320
20679,2025-03-01,34979
20679,2025-04-01,32463
20679,2025-05-01,32986
20679,2025-06-01,32948
20679,2025-07-01,33430
20679,2025-08-01,32894
20679,2025-09-01,33168
20679,2025-10-01,33769
20679,2025-11-01,34887
20679,2025-12-01,35976
20679,2026-01-01,39022
20679,2026-02-01,35759
20679,2026-03-01,37895
20679,2026-04-01,39277
20679,2026-05-01,39332
20679,2026-06-01,38607
20680,2011-03-01,2354
20680,2011-04-01,1540
20680,2011-05-01,1716
20680,2011-06-01,1710
20680,2011-07-01,1757
20680,2011-08-01,1906
20680,2011-09-01,1903
20680,2011-10-01,1665
20680,2011-11-01,1965
20680,2011-12-01,2264
20680,2012-01-01,2101
20680,2012-02-01,1992
20680,2012-03-01,2163
20680,2012-04-01,1957
20680,2012-05-01,2015
20680,2012-06-01,1820
20680,2012-07-01,1893
20680,2012-08-01,1821
20680,2012-09-01,1687
20680,2012-10-01,1975
20680,2012-11-01,1965
20680,2012-12-01,1975
20680,2013-01-01,1982
20680,2013-02-01,1860
20680,2013-03-01,2006
20680,2013-04-01,2323
20680,2013-05-01,2348
20680,2013-06-01,2104
20680,2013-07-01,2204
20680,2013-08-01,2378
20680,2013-09-01,2443
20680,2013-10-01,2430
20680,2013-11-01,2260
20680,2013-12-01,2392
20680,2014-01-01,2441
20680,2014-02-01,2562
20680,2014-03-01,2440
20680,2014-04-01,2729
20680,2014-05-01,2557
20680,2014-06-01,2458
20680,2014-07-01,2583
20680,2014-08-01,2499
20680,2014-09-01,2430
20680,2014-10-01,2360
20680,2014-11-01,2324
20680,2014-12-01,2543
20680,2015-01-01,2583
20680,2015-02-01,2587
20680,2015-03-01,2783
20680,2015-04-01,2702
20680,2015-05-01,2609
20680,2015-06-01,2833
20680,2015-07-01,2803
20680,2015-08-01,2971
20680,2015-09-01,2584
20680,2015-10-01,2480
20680,2015-11-01,2350
20680,2015-12-01,2307
20680,2016-01-01,2284
20680,2016-02-01,2373
20680,2016-03-01,2614
20680,2016-04-01,2443
20680,2016-05-01,2601
20680,2016-06-01,2591
20680,2016-07-01,2458
20680,2016-08-01,2418
20680,2016-09-01,2291
20680,2016-10-01,2335
20680,2016-11-01,2332
20680,2016-12-01,2269
20680,2017-01-01,2321
20680,2017-02-01,2186
20680,2017-03-01,2634
20680,2017-04-01,2673
20680,2017-05-01,4812
20680,2017-06-01,3644
20680,2017-07-01,3587
20680,2017-08-01,3399
20680,2017-09-01,3209
20680,2017-10-01,3301
20680,2017-11-01,3306
20680,2017-12-01,3134
20680,2018-01-01,3262
20680,2018-02-01,3357
20680,2018-03-01,3775
20680,2018-04-01,3684
20680,2018-05-01,3875
20680,2018-06-01,3812
20680,2018-07-01,3969
20680,2018-08-01,4083
20680,2018-09-01,4170
20680,2018-10-01,4214
20680,2018-11-01,4508
20680,2018-12-01,4184
20680,2019-01-01,4233
20680,2019-02-01,4452
20680,2019-03-01,4824
20680,2019-04-01,4897
20680,2019-05-01,5280
20680,2019-06-01,4912
20680,2019-07-01,5224
20680,2019-08-01,5088
20680,2019-09-01,4885
20680,2019-10-01,5178
20680,2019-11-01,4774
20680,2019-12-01,4710
20680,2020-01-01,4775
20680,2020-02-01,5050
20680,2020-03-01,5545
20680,2020-04-01,5995
20680,2020-05-01,5178
20680,2020-06-01,4339
20680,2020-07-01,3846
20680,2020-08-01,3407
20680,2020-09-01,3628
20680,2020-10-01,3941
20680,2020-11-01,4144
20680,2020-12-01,4112
20680,2021-01-01,4303
20680,2021-02-01,4711
20680,2021-03-01,5475
20680,2021-04-01,5172
20680,2021-05-01,5101
20680,2021-06-01,5106
20680,2021-07-01,5181
20680,2021-08-01,5588
20680,2021-09-01,5948
20680,2021-10-01,6113
20680,2021-11-01,6629
20680,2021-12-01,6850
20680,2022-01-01,6890
20680,2022-02-01,7009
20680,2022-03-01,8734
20680,2022-04-01,7826
20680,2022-05-01,8323
20680,2022-06-01,8113
20680,2022-07-01,8197
20680,2022-08-01,8461
20680,2022-09-01,8891
20680,2022-10-01,8968
20680,2022-11-01,9012
20680,2022-12-01,9227
20680,2023-01-01,9542
20680,2023-02-01,9300
20680,2023-03-01,10937
20680,2023-04-01,9878
20680,2023-05-01,10876
20680,2023-06-01,10444
20680,2023-07-01,10084
20680,2023-08-01,10818
20680,2023-09-01,12457
20680,2023-10-01,11907
20680,2023-11-01,12415
20680,2023-12-01,11865
20680,2024-01-01,12932
20680,2024-02-01,12777
20680,2024-03-01,13146
20680,2024-04-01,14039
20680,2024-05-01,13393
20680,2024-06-01,12801
20680,2024-07-01,13055
20680,2024-08-01,12821
20680,2024-09-01,12436
20680,2024-10-01,13668
20680,2024-11-01,12757
20680,2024-12-01,13623
20680,2025-01-01,14526
20680,2025-02-01,14383
20680,2025-03-01,15134
20680,2025-04-01,14884
20680,2025-05-01,15627
20680,2025-06-01,14377
20680,2025-07-01,15457
20680,2025-08-01,15364
20680,2025-09-01,16223
20680,2025-10-01,18647
20680,2025-11-01,16647
20680,2025-12-01,17574
20680,2026-01-01,18251
20680,2026-02-01,17633
20680,2026-03-01,19734
20680,2026-04-01,18186
20680,2026-05-01,18018
20680,2026-06-01,17314
20681,2011-03-01,30674
20681,2011-04-01,28554
20681,2011-05-01,32854
20681,2011-06-01,32505
20681,2011-07-01,32992
20681,2011-08-01,35580
20681,2011-09-01,35362
20681,2011-10-01,35224
20681,2011-11-01,36189
20681,2011-12-01,43724
20681,2012-01-01,36560
20681,2012-02-01,33781
20681,2012-03-01,36569
20681,2012-04-01,36917
20681,2012-05-01,38949
20681,2012-06-01,32995
20681,2012-07-01,35919
20681,2012-08-01,33717
20681,2012-09-01,37022
20681,2012-10-01,44227
20681,2012-11-01,42153
20681,2012-12-01,49883
20681,2013-01-01,44021
20681,2013-02-01,38791
20681,2013-03-01,40992
20681,2013-04-01,44402
20681,2013-05-01,45529
20681,2013-06-01,41394
20681,2013-07-01,48176
20681,2013-08-01,45569
20681,2013-09-01,45814
20681,2013-10-01,48787
20681,2013-11-01,47371
20681,2013-12-01,59564
20681,2014-01-01,49900
20681,2014-02-01,46145
20681,2014-03-01,48423
20681,2014-04-01,49197
20681,2014-05-01,51443
20681,2014-06-01,49457
20681,2014-07-01,54574
20681,2014-08-01,52597
20681,2014-09-01,55225
20681,2014-10-01,56920
20681,2014-11-01,52197
20681,2014-12-01,67563
20681,2015-01-01,55683
20681,2015-02-01,47704
20681,2015-03-01,55863
20681,2015-04-01,52682
20681,2015-05-01,55359
20681,2015-06-01,54000
20681,2015-07-01,55135
20681,2015-08-01,53890
20681,2015-09-01,52834
20681,2015-10-01,55320
20681,2015-11-01,57842
20681,2015-12-01,64827
20681,2016-01-01,52983
20681,2016-02-01,52890
20681,2016-03-01,55777
20681,2016-04-01,52508
20681,2016-05-01,57834
20681,2016-06-01,56484
20681,2016-07-01,56630
20681,2016-08-01,60645
20681,2016-09-01,56693
20681,2016-10-01,59065
20681,2016-11-01,64597
20681,2016-12-01,68015
20681,2017-01-01,60815
20681,2017-02-01,52145
20681,2017-03-01,66240
20681,2017-04-01,56640
20681,2017-05-01,65314
20681,2017-06-01,63198
20681,2017-07-01,64824
20681,2017-08-01,65080
20681,2017-09-01,61874
20681,2017-10-01,68111
20681,2017-11-01,72200
20681,2017-12-01,74519
20681,2018-01-01,72090
20681,2018-02-01,62461
20681,2018-03-01,69998
20681,2018-04-01,69809
20681,2018-05-01,72642
20681,2018-06-01,69074
20681,2018-07-01,72593
20681,2018-08-01,79571
20681,2018-09-01,69530
20681,2018-10-01,78771
20681,2018-11-01,90921
20681,2018-12-01,90810
20681,2019-01-01,83376
20681,2019-02-01,77234
20681,2019-03-01,78935
20681,2019-04-01,84243
20681,2019-05-01,88138
20681,2019-06-01,81477
20681,2019-07-01,93877
20681,2019-08-01,90056
20681,2019-09-01,90297
20681,2019-10-01,96005
20681,2019-11-01,98869
20681,2019-12-01,112913
20681,2020-01-01,99299
20681,2020-02-01,88173
20681,2020-03-01,84752
20681,2020-04-01,65572
20681,2020-05-01,71757
20681,2020-06-01,81354
20681,2020-07-01,89284
20681,2020-08-01,91343
20681,2020-09-01,94736
20681,2020-10-01,100275
20681,2020-11-01,111650
20681,2020-12-01,115208
20681,2021-01-01,98820
20681,2021-02-01,96287
20681,2021-03-01,105053
20681,2021-04-01,105488
20681,2021-05-01,117293
20681,2021-06-01,118102
20681,2021-07-01,123309
20681,2021-08-01,130860
20681,2021-09-01,130548
20681,2021-10-01,133650
20681,2021-11-01,153829
20681,2021-12-01,158666
20681,2022-01-01,140402
20681,2022-02-01,134269
20681,2022-03-01,161954
20681,2022-04-01,154371
20681,2022-05-01,168857
20681,2022-06-01,162730
20681,2022-07-01,165362
20681,2022-08-01,173736
20681,2022-09-01,170448
20681,2022-10-01,172909
20681,2022-11-01,165138
20681,2022-12-01,169236
20681,2023-01-01,155625
20681,2023-02-01,141703
20681,2023-03-01,165306
20681,2023-04-01,149806
20681,2023-05-01,166728
20681,2023-06-01,162904
20681,2023-07-01,164997
20681,2023-08-01,170571
20681,2023-09-01,160927
20681,2023-10-01,172013
20681,2023-11-01,184029
20681,2023-12-01,184056
20681,2024-01-01,181054
20681,2024-02-01,164731
20681,2024-03-01,173674
20681,2024-04-01,178442
20681,2024-05-01,188313
20681,2024-06-01,178425
20681,2024-07-01,197615
20681,2024-08-01,184728
20681,2024-09-01,188623
20681,2024-10-01,198663
20681,2024-11-01,200666
20681,2024-12-01,213872
20681,2025-01-01,195135
20681,2025-02-01,190318
20681,2025-03-01,198212
20681,2025-04-01,202017
20681,2025-05-01,203288
20681,2025-06-01,204697
20681,2025-07-01,211585
20681,2025-08-01,210088
20681,2025-09-01,208955
20681,2025-10-01,222881
20681,2025-11-01,229121
20681,2025-12-01,246165
20681,2026-01-01,216370
20681,2026-02-01,196974
20681,2026-03-01,226534
20681,2026-04-01,221515
20681,2026-05-01,222014
20681,2026-06-01,222827
20682,2011-03-01,45827
20682,2011-04-01,43759
20682,2011-05-01,47431
20682,2011-06-01,46867
20682,2011-07-01,46796
20682,2011-08-01,49260
20682,2011-09-01,51088
20682,2011-10-01,51073
20682,2011-11-01,51205
20682,2011-12-01,58524
20682,2012-01-01,51430
20682,2012-02-01,48538
20682,2012-03-01,51646
20682,2012-04-01,51811
20682,2012-05-01,53958
20682,2012-06-01,48919
20682,2012-07-01,50789
20682,2012-08-01,48855
20682,2012-09-01,52740
20682,2012-10-01,60281
20682,2012-11-01,58019
20682,2012-12-01,65975
20682,2013-01-01,60745
20682,2013-02-01,55666
20682,2013-03-01,57838
20682,2013-04-01,61811
20682,2013-05-01,63342
20682,2013-06-01,58570
20682,2013-07-01,65530
20682,2013-08-01,63734
20682,2013-09-01,64474
20682,2013-10-01,67541
20682,2013-11-01,66018
20682,2013-12-01,78630
20682,2014-01-01,69768
20682,2014-02-01,67149
20682,2014-03-01,69378
20682,2014-04-01,69682
20682,2014-05-01,71689
20682,2014-06-01,69490
20682,2014-07-01,73983
20682,2014-08-01,71790
20682,2014-09-01,73421
20682,2014-10-01,75637
20682,2014-11-01,70639
20682,2014-12-01,86067
20682,2015-01-01,75654
20682,2015-02-01,67402
20682,2015-03-01,76104
20682,2015-04-01,72303
20682,2015-05-01,74049
20682,2015-06-01,72208
20682,2015-07-01,72476
20682,2015-08-01,71564
20682,2015-09-01,70360
20682,2015-10-01,73441
20682,2015-11-01,75829
20682,2015-12-01,81679
20682,2016-01-01,70509
20682,2016-02-01,71587
20682,2016-03-01,73427
20682,2016-04-01,70185
20682,2016-05-01,75528
20682,2016-06-01,73868
20682,2016-07-01,73225
20682,2016-08-01,77472
20682,2016-09-01,73850
20682,2016-10-01,76803
20682,2016-11-01,82662
20682,2016-12-01,84712
20682,2017-01-01,78436
20682,2017-02-01,68190
20682,2017-03-01,85449
20682,2017-04-01,74376
20682,2017-05-01,86452
20682,2017-06-01,81778
20682,2017-07-01,83574
20682,2017-08-01,83415
20682,2017-09-01,81017
20682,2017-10-01,87851
20682,2017-11-01,92949
20682,2017-12-01,93717
20682,2018-01-01,92960
20682,2018-02-01,82817
20682,2018-03-01,91063
20682,2018-04-01,89850
20682,2018-05-01,91311
20682,2018-06-01,88141
20682,2018-07-01,92083
20682,2018-08-01,98299
20682,2018-09-01,88098
20682,2018-10-01,98187
20682,2018-11-01,111896
20682,2018-12-01,109801
20682,2019-01-01,104011
20682,2019-02-01,98046
20682,2019-03-01,100882
20682,2019-04-01,105532
20682,2019-05-01,110574
20682,2019-06-01,102904
20682,2019-07-01,116591
20682,2019-08-01,111722
20682,2019-09-01,111483
20682,2019-10-01,117784
20682,2019-11-01,121061
20682,2019-12-01,133921
20682,2020-01-01,122737
20682,2020-02-01,110723
20682,2020-03-01,109194
20682,2020-04-01,90273
20682,2020-05-01,91908
20682,2020-06-01,100196
20682,2020-07-01,105290
20682,2020-08-01,107183
20682,2020-09-01,111878
20682,2020-10-01,118120
20682,2020-11-01,129988
20682,2020-12-01,132977
20682,2021-01-01,119432
20682,2021-02-01,116359
20682,2021-03-01,127567
20682,2021-04-01,127681
20682,2021-05-01,139327
20682,2021-06-01,140141
20682,2021-07-01,146231
20682,2021-08-01,154982
20682,2021-09-01,156748
20682,2021-10-01,161300
20682,2021-11-01,183925
20682,2021-12-01,189311
20682,2022-01-01,173092
20682,2022-02-01,164297
20682,2022-03-01,199718
20682,2022-04-01,189134
20682,2022-05-01,204038
20682,2022-06-01,198532
20682,2022-07-01,201521
20682,2022-08-01,211304
20682,2022-09-01,210867
20682,2022-10-01,212838
20682,2022-11-01,205642
20682,2022-12-01,208654
20682,2023-01-01,197126
20682,2023-02-01,181509
20682,2023-03-01,207015
20682,2023-04-01,189306
20682,2023-05-01,207247
20682,2023-06-01,203709
20682,2023-07-01,203307
20682,2023-08-01,209929
20682,2023-09-01,202972
20682,2023-10-01,213688
20682,2023-11-01,229476
20682,2023-12-01,224895
20682,2024-01-01,225010
20682,2024-02-01,208586
20682,2024-03-01,216524
20682,2024-04-01,223114
20682,2024-05-01,231812
20682,2024-06-01,220361
20682,2024-07-01,239906
20682,2024-08-01,228510
20682,2024-09-01,230302
20682,2024-10-01,242461
20682,2024-11-01,245280
20682,2024-12-01,257873
20682,2025-01-01,243766
20682,2025-02-01,237021
20682,2025-03-01,248325
20682,2025-04-01,249364
20682,2025-05-01,251900
20682,2025-06-01,252022
20682,2025-07-01,260471
20682,2025-08-01,258347
20682,2025-09-01,258346
20682,2025-10-01,275298
20682,2025-11-01,280655
20682,2025-12-01,299715
20682,2026-01-01,273643
20682,2026-02-01,250365
20682,2026-03-01,284163
20682,2026-04-01,278978
20682,2026-05-01,279364
20682,2026-06-01,278748
20683,2011-03-01,286
20683,2011-04-01,268
20683,2011-05-01,338
20683,2011-06-01,330
20683,2011-07-01,279
20683,2011-08-01,312
20683,2011-09-01,300
20683,2011-10-01,301
20683,2011-11-01,315
20683,2011-12-01,300
20683,2012-01-01,286
20683,2012-02-01,261
20683,2012-03-01,285
20683,2012-04-01,269
20683,2012-05-01,337
20683,2012-06-01,309
20683,2012-07-01,292
20683,2012-08-01,336
20683,2012-09-01,287
20683,2012-10-01,340
20683,2012-11-01,306
20683,2012-12-01,281
20683,2013-01-01,298
20683,2013-02-01,251
20683,2013-03-01,256
20683,2013-04-01,264
20683,2013-05-01,274
20683,2013-06-01,255
20683,2013-07-01,256
20683,2013-08-01,251
20683,2013-09-01,241
20683,2013-10-01,263
20683,2013-11-01,245
20683,2013-12-01,238
20683,2014-01-01,227
20683,2014-02-01,220
20683,2014-03-01,214
20683,2014-04-01,224
20683,2014-05-01,241
20683,2014-06-01,262
20683,2014-07-01,236
20683,2014-08-01,211
20683,2014-09-01,237
20683,2014-10-01,245
20683,2014-11-01,203
20683,2014-12-01,198
20683,2015-01-01,180
20683,2015-02-01,157
20683,2015-03-01,186
20683,2015-04-01,174
20683,2015-05-01,176
20683,2015-06-01,181
20683,2015-07-01,177
20683,2015-08-01,160
20683,2015-09-01,170
20683,2015-10-01,159
20683,2015-11-01,156
20683,2015-12-01,156
20683,2016-01-01,127
20683,2016-02-01,120
20683,2016-03-01,124
20683,2016-04-01,110
20683,2016-05-01,116
20683,2016-06-01,111
20683,2016-07-01,100
20683,2016-08-01,111
20683,2016-09-01,95
20683,2016-10-01,100
20683,2016-11-01,101
20683,2016-12-01,95
20683,2017-01-01,84
20683,2017-02-01,72
20683,2017-03-01,88
20683,2017-04-01,68
20683,2017-05-01,83
20683,2017-06-01,79
20683,2017-07-01,74
20683,2017-08-01,80
20683,2017-09-01,78
20683,2017-10-01,88
20683,2017-11-01,82
20683,2017-12-01,78
20683,2018-01-01,84
20683,2018-02-01,74
20683,2018-03-01,88
20683,2018-04-01,86
20683,2018-05-01,83
20683,2018-06-01,77
20683,2018-07-01,76
20683,2018-08-01,80
20683,2018-09-01,68
20683,2018-10-01,83
20683,2018-11-01,76
20683,2018-12-01,68
20683,2019-01-01,68
20683,2019-02-01,62
20683,2019-03-01,64
20683,2019-04-01,66
20683,2019-05-01,76
20683,2019-06-01,60
20683,2019-07-01,73
20683,2019-08-01,67
20683,2019-09-01,64
20683,2019-10-01,73
20683,2019-11-01,62
20683,2019-12-01,64
20683,2020-01-01,62
20683,2020-02-01,57
20683,2020-03-01,58
20683,2020-04-01,44
20683,2020-05-01,39
20683,2020-06-01,42
20683,2020-07-01,44
20683,2020-08-01,42
20683,2020-09-01,43
20683,2020-10-01,46
20683,2020-11-01,39
20683,2020-12-01,45
20683,2021-01-01,38
20683,2021-02-01,41
20683,2021-03-01,47
20683,2021-04-01,45
20683,2021-05-01,53
20683,2021-06-01,55
20683,2021-07-01,53
20683,2021-08-01,61
20683,2021-09-01,60
20683,2021-10-01,60
20683,2021-11-01,60
20683,2021-12-01,68
20683,2022-01-01,60
20683,2022-02-01,58
20683,2022-03-01,72
20683,2022-04-01,66
20683,2022-05-01,80
20683,2022-06-01,77
20683,2022-07-01,70
20683,2022-08-01,82
20683,2022-09-01,73
20683,2022-10-01,76
20683,2022-11-01,60
20683,2022-12-01,53
20683,2023-01-01,47
20683,2023-02-01,40
20683,2023-03-01,40
20683,2023-04-01,32
20683,2023-05-01,36
20683,2023-06-01,32
20683,2023-07-01,24
20683,2023-08-01,30
20683,2023-09-01,32
20683,2023-10-01,32
20683,2023-11-01,31
20683,2023-12-01,27
20683,2024-01-01,34
20683,2024-02-01,27
20683,2024-03-01,27
20683,2024-04-01,28
20683,2024-05-01,25
20683,2024-06-01,25
20683,2024-07-01,29
20683,2024-08-01,30
20683,2024-09-01,24
20683,2024-10-01,30
20683,2024-11-01,23
20683,2024-12-01,23
20683,2025-01-01,22
20683,2025-02-01,22
20683,2025-03-01,23
20683,2025-04-01,23
20683,2025-05-01,25
20683,2025-06-01,25
20683,2025-07-01,22
20683,2025-08-01,19
20683,2025-09-01,20
20683,2025-10-01,22
20683,2025-11-01,22
20683,2025-12-01,21
20683,2026-01-01,6
20683,2026-02-01,4
20683,2026-03-01,5
20683,2026-04-01,3
20683,2026-05-01,3
20683,2026-06-01,3
20684,2011-03-01,1961
20684,2011-04-01,1804
20684,2011-05-01,1978
20684,2011-06-01,2020
20684,2011-07-01,1817
20684,2011-08-01,1707
20684,2011-09-01,1613
20684,2011-10-01,1702
20684,2011-11-01,1823
20684,2011-12-01,1815
20684,2012-01-01,1586
20684,2012-02-01,1632
20684,2012-03-01,1930
20684,2012-04-01,1847
20684,2012-05-01,1865
20684,2012-06-01,1683
20684,2012-07-01,1662
20684,2012-08-01,1791
20684,2012-09-01,1638
20684,2012-10-01,1894
20684,2012-11-01,1768
20684,2012-12-01,1482
20684,2013-01-01,1474
20684,2013-02-01,1343
20684,2013-03-01,2023
20684,2013-04-01,2377
20684,2013-05-01,2452
20684,2013-06-01,2334
20684,2013-07-01,2432
20684,2013-08-01,2508
20684,2013-09-01,2506
20684,2013-10-01,2640
20684,2013-11-01,2873
20684,2013-12-01,2641
20684,2014-01-01,2438
20684,2014-02-01,2446
20684,2014-03-01,2490
20684,2014-04-01,2600
20684,2014-05-01,2801
20684,2014-06-01,2757
20684,2014-07-01,3078
20684,2014-08-01,2762
20684,2014-09-01,3569
20684,2014-10-01,3664
20684,2014-11-01,3132
20684,2014-12-01,2567
20684,2015-01-01,1288
20684,2015-02-01,1181
20684,2015-03-01,1757
20684,2015-04-01,1706
20684,2015-05-01,1670
20684,2015-06-01,1968
20684,2015-07-01,2576
20684,2015-08-01,1800
20684,2015-09-01,2003
20684,2015-10-01,1794
20684,2015-11-01,1914
20684,2015-12-01,2213
20684,2016-01-01,1269
20684,2016-02-01,1332
20684,2016-03-01,1389
20684,2016-04-01,1442
20684,2016-05-01,1780
20684,2016-06-01,2275
20684,2016-07-01,1948
20684,2016-08-01,2189
20684,2016-09-01,1686
20684,2016-10-01,1585
20684,2016-11-01,1870
20684,2016-12-01,2093
20684,2017-01-01,1381
20684,2017-02-01,984
20684,2017-03-01,1620
20684,2017-04-01,1322
20684,2017-05-01,1574
20684,2017-06-01,2090
20684,2017-07-01,1735
20684,2017-08-01,1792
20684,2017-09-01,1931
20684,2017-10-01,1896
20684,2017-11-01,1687
20684,2017-12-01,1544
20684,2018-01-01,1328
20684,2018-02-01,1135
20684,2018-03-01,1725
20684,2018-04-01,1641
20684,2018-05-01,1907
20684,2018-06-01,2420
20684,2018-07-01,2033
20684,2018-08-01,2542
20684,2018-09-01,2168
20684,2018-10-01,2760
20684,2018-11-01,2674
20684,2018-12-01,2256
20684,2019-01-01,1794
20684,2019-02-01,1878
20684,2019-03-01,2284
20684,2019-04-01,2637
20684,2019-05-01,2959
20684,2019-06-01,2687
20684,2019-07-01,2513
20684,2019-08-01,2808
20684,2019-09-01,2750
20684,2019-10-01,2800
20684,2019-11-01,2460
20684,2019-12-01,2600
20684,2020-01-01,1935
20684,2020-02-01,1893
20684,2020-03-01,2355
20684,2020-04-01,2473
20684,2020-05-01,2712
20684,2020-06-01,2818
20684,2020-07-01,2344
20684,2020-08-01,2599
20684,2020-09-01,2708
20684,2020-10-01,2872
20684,2020-11-01,2299
20684,2020-12-01,2407
20684,2021-01-01,1572
20684,2021-02-01,1438
20684,2021-03-01,1928
20684,2021-04-01,1804
20684,2021-05-01,2311
20684,2021-06-01,2690
20684,2021-07-01,2285
20684,2021-08-01,2351
20684,2021-09-01,2465
20684,2021-10-01,2865
20684,2021-11-01,2756
20684,2021-12-01,2848
20684,2022-01-01,1972
20684,2022-02-01,1823
20684,2022-03-01,2523
20684,2022-04-01,3178
20684,2022-05-01,3011
20684,2022-06-01,3288
20684,2022-07-01,2605
20684,2022-08-01,2817
20684,2022-09-01,3561
20684,2022-10-01,3094
20684,2022-11-01,2799
20684,2022-12-01,2764
20684,2023-01-01,2491
20684,2023-02-01,2202
20684,2023-03-01,3070
20684,2023-04-01,3008
20684,2023-05-01,3955
20684,2023-06-01,3532
20684,2023-07-01,3443
20684,2023-08-01,3369
20684,2023-09-01,3217
20684,2023-10-01,4791
20684,2023-11-01,3134
20684,2023-12-01,2882
20684,2024-01-01,3144
20684,2024-02-01,2040
20684,2024-03-01,2745
20684,2024-04-01,3525
20684,2024-05-01,3958
20684,2024-06-01,4343
20684,2024-07-01,4014
20684,2024-08-01,3884
20684,2024-09-01,3640
20684,2024-10-01,4410
20684,2024-11-01,3083
20684,2024-12-01,3445
20684,2025-01-01,3229
20684,2025-02-01,2387
20684,2025-03-01,2666
20684,2025-04-01,3278
20684,2025-05-01,3936
20684,2025-06-01,4188
20684,2025-07-01,3026
20684,2025-08-01,3582
20684,2025-09-01,4494
20684,2025-10-01,3800
20684,2025-11-01,3368
20684,2025-12-01,3762
20684,2026-01-01,2935
20684,2026-02-01,2354
20684,2026-03-01,3461
20684,2026-04-01,3366
20684,2026-05-01,3388
20684,2026-06-01,4720
20685,2011-03-01,23174
20685,2011-04-01,22430
20685,2011-05-01,25679
20685,2011-06-01,29253
20685,2011-07-01,28639
20685,2011-08-01,33191
20685,2011-09-01,30067
20685,2011-10-01,27045
20685,2011-11-01,32369
20685,2011-12-01,40141
20685,2012-01-01,21656
20685,2012-02-01,21723
20685,2012-03-01,25863
20685,2012-04-01,25155
20685,2012-05-01,29814
20685,2012-06-01,29899
20685,2012-07-01,31303
20685,2012-08-01,38724
20685,2012-09-01,35389
20685,2012-10-01,40766
20685,2012-11-01,36176
20685,2012-12-01,57365
20685,2013-01-01,29246
20685,2013-02-01,30143
20685,2013-03-01,36854
20685,2013-04-01,40567
20685,2013-05-01,45489
20685,2013-06-01,54541
20685,2013-07-01,37695
20685,2013-08-01,45213
20685,2013-09-01,41765
20685,2013-10-01,44314
20685,2013-11-01,42990
20685,2013-12-01,62300
20685,2014-01-01,38572
20685,2014-02-01,40110
20685,2014-03-01,40721
20685,2014-04-01,41848
20685,2014-05-01,42246
20685,2014-06-01,48406
20685,2014-07-01,41959
20685,2014-08-01,45853
20685,2014-09-01,49926
20685,2014-10-01,47996
20685,2014-11-01,42466
20685,2014-12-01,58871
20685,2015-01-01,33776
20685,2015-02-01,26867
20685,2015-03-01,38587
20685,2015-04-01,36820
20685,2015-05-01,34054
20685,2015-06-01,42625
20685,2015-07-01,36766
20685,2015-08-01,35945
20685,2015-09-01,39738
20685,2015-10-01,35424
20685,2015-11-01,34361
20685,2015-12-01,47766
20685,2016-01-01,20766
20685,2016-02-01,20924
20685,2016-03-01,29241
20685,2016-04-01,28437
20685,2016-05-01,28025
20685,2016-06-01,38193
20685,2016-07-01,29042
20685,2016-08-01,30469
20685,2016-09-01,28538
20685,2016-10-01,25328
20685,2016-11-01,28970
20685,2016-12-01,40528
20685,2017-01-01,20091
20685,2017-02-01,20446
20685,2017-03-01,25589
20685,2017-04-01,26058
20685,2017-05-01,28625
20685,2017-06-01,34346
20685,2017-07-01,25658
20685,2017-08-01,30440
20685,2017-09-01,27377
20685,2017-10-01,27967
20685,2017-11-01,25945
20685,2017-12-01,33390
20685,2018-01-01,19065
20685,2018-02-01,18063
20685,2018-03-01,24537
20685,2018-04-01,25712
20685,2018-05-01,29173
20685,2018-06-01,31916
20685,2018-07-01,27060
20685,2018-08-01,37097
20685,2018-09-01,28329
20685,2018-10-01,29000
20685,2018-11-01,28073
20685,2018-12-01,37555
20685,2019-01-01,19011
20685,2019-02-01,21734
20685,2019-03-01,21689
20685,2019-04-01,23617
20685,2019-05-01,27814
20685,2019-06-01,31254
20685,2019-07-01,27674
20685,2019-08-01,32738
20685,2019-09-01,31665
20685,2019-10-01,33327
20685,2019-11-01,31157
20685,2019-12-01,32386
20685,2020-01-01,20983
20685,2020-02-01,20207
20685,2020-03-01,27206
20685,2020-04-01,31185
20685,2020-05-01,34702
20685,2020-06-01,38061
20685,2020-07-01,59313
20685,2020-08-01,65722
20685,2020-09-01,65903
20685,2020-10-01,46717
20685,2020-11-01,49715
20685,2020-12-01,50242
20685,2021-01-01,25302
20685,2021-02-01,28619
20685,2021-03-01,42479
20685,2021-04-01,39345
20685,2021-05-01,44273
20685,2021-06-01,48694
20685,2021-07-01,63038
20685,2021-08-01,58082
20685,2021-09-01,58799
20685,2021-10-01,47061
20685,2021-11-01,45005
20685,2021-12-01,48817
20685,2022-01-01,32314
20685,2022-02-01,33848
20685,2022-03-01,44380
20685,2022-04-01,38491
20685,2022-05-01,49437
20685,2022-06-01,58986
20685,2022-07-01,64515
20685,2022-08-01,83673
20685,2022-09-01,71237
20685,2022-10-01,59910
20685,2022-11-01,55895
20685,2022-12-01,58683
20685,2023-01-01,41819
20685,2023-02-01,38010
20685,2023-03-01,56901
20685,2023-04-01,42310
20685,2023-05-01,53179
20685,2023-06-01,53287
20685,2023-07-01,66946
20685,2023-08-01,93228
20685,2023-09-01,73406
20685,2023-10-01,70386
20685,2023-11-01,58867
20685,2023-12-01,61376
20685,2024-01-01,46532
20685,2024-02-01,46573
20685,2024-03-01,60489
20685,2024-04-01,57679
20685,2024-05-01,60685
20685,2024-06-01,62436
20685,2024-07-01,65195
20685,2024-08-01,85090
20685,2024-09-01,76960
20685,2024-10-01,81624
20685,2024-11-01,63786
20685,2024-12-01,71669
20685,2025-01-01,51091
20685,2025-02-01,60962
20685,2025-03-01,59007
20685,2025-04-01,70926
20685,2025-05-01,68584
20685,2025-06-01,68064
20685,2025-07-01,72266
20685,2025-08-01,82394
20685,2025-09-01,88936
20685,2025-10-01,80878
20685,2025-11-01,68135
20685,2025-12-01,87451
20685,2026-01-01,55818
20685,2026-02-01,54545
20685,2026-03-01,74474
20685,2026-04-01,64604
20685,2026-05-01,75015
20685,2026-06-01,78727
20686,2011-03-01,13885
20686,2011-04-01,12696
20686,2011-05-01,14236
20686,2011-06-01,16843
20686,2011-07-01,17045
20686,2011-08-01,17873
20686,2011-09-01,15800
20686,2011-10-01,15398
20686,2011-11-01,19501
20686,2011-12-01,26687
20686,2012-01-01,11072
20686,2012-02-01,12084
20686,2012-03-01,13677
20686,2012-04-01,13904
20686,2012-05-01,15811
20686,2012-06-01,15393
20686,2012-07-01,18446
20686,2012-08-01,19987
20686,2012-09-01,20173
20686,2012-10-01,23053
20686,2012-11-01,19069
20686,2012-12-01,38447
20686,2013-01-01,15704
20686,2013-02-01,17529
20686,2013-03-01,20525
20686,2013-04-01,22350
20686,2013-05-01,25634
20686,2013-06-01,31554
20686,2013-07-01,18342
20686,2013-08-01,23234
20686,2013-09-01,21923
20686,2013-10-01,23228
20686,2013-11-01,22586
20686,2013-12-01,38852
20686,2014-01-01,21876
20686,2014-02-01,23349
20686,2014-03-01,24713
20686,2014-04-01,22616
20686,2014-05-01,19324
20686,2014-06-01,25086
20686,2014-07-01,20908
20686,2014-08-01,22326
20686,2014-09-01,25551
20686,2014-10-01,24323
20686,2014-11-01,21743
20686,2014-12-01,34425
20686,2015-01-01,15672
20686,2015-02-01,13150
20686,2015-03-01,20577
20686,2015-04-01,18641
20686,2015-05-01,18273
20686,2015-06-01,23094
20686,2015-07-01,17936
20686,2015-08-01,15386
20686,2015-09-01,21109
20686,2015-10-01,19220
20686,2015-11-01,17914
20686,2015-12-01,28372
20686,2016-01-01,9930
20686,2016-02-01,9501
20686,2016-03-01,14387
20686,2016-04-01,13530
20686,2016-05-01,12308
20686,2016-06-01,18299
20686,2016-07-01,14414
20686,2016-08-01,12678
20686,2016-09-01,13493
20686,2016-10-01,11112
20686,2016-11-01,12760
20686,2016-12-01,19255
20686,2017-01-01,7720
20686,2017-02-01,8222
20686,2017-03-01,10094
20686,2017-04-01,12063
20686,2017-05-01,11116
20686,2017-06-01,14069
20686,2017-07-01,9988
20686,2017-08-01,9680
20686,2017-09-01,10066
20686,2017-10-01,10721
20686,2017-11-01,9682
20686,2017-12-01,16585
20686,2018-01-01,6493
20686,2018-02-01,6368
20686,2018-03-01,9783
20686,2018-04-01,9670
20686,2018-05-01,11331
20686,2018-06-01,11736
20686,2018-07-01,8972
20686,2018-08-01,14249
20686,2018-09-01,8534
20686,2018-10-01,7986
20686,2018-11-01,9779
20686,2018-12-01,18943
20686,2019-01-01,7331
20686,2019-02-01,7562
20686,2019-03-01,6937
20686,2019-04-01,6088
20686,2019-05-01,7554
20686,2019-06-01,9963
20686,2019-07-01,7757
20686,2019-08-01,10280
20686,2019-09-01,9021
20686,2019-10-01,9032
20686,2019-11-01,10039
20686,2019-12-01,10478
20686,2020-01-01,5391
20686,2020-02-01,5171
20686,2020-03-01,8015
20686,2020-04-01,11159
20686,2020-05-01,13940
20686,2020-06-01,14448
20686,2020-07-01,33063
20686,2020-08-01,35787
20686,2020-09-01,36616
20686,2020-10-01,17681
20686,2020-11-01,22281
20686,2020-12-01,20875
20686,2021-01-01,5312
20686,2021-02-01,7355
20686,2021-03-01,11486
20686,2021-04-01,7551
20686,2021-05-01,9543
20686,2021-06-01,11493
20686,2021-07-01,26590
20686,2021-08-01,15525
20686,2021-09-01,18923
20686,2021-10-01,10558
20686,2021-11-01,9727
20686,2021-12-01,13476
20686,2022-01-01,6979
20686,2022-02-01,11017
20686,2022-03-01,15359
20686,2022-04-01,10506
20686,2022-05-01,14909
20686,2022-06-01,16003
20686,2022-07-01,18325
20686,2022-08-01,27009
20686,2022-09-01,21087
20686,2022-10-01,18256
20686,2022-11-01,18566
20686,2022-12-01,21581
20686,2023-01-01,12238
20686,2023-02-01,12134
20686,2023-03-01,19272
20686,2023-04-01,13229
20686,2023-05-01,17891
20686,2023-06-01,17283
20686,2023-07-01,22702
20686,2023-08-01,32353
20686,2023-09-01,21878
20686,2023-10-01,23982
20686,2023-11-01,18499
20686,2023-12-01,22092
20686,2024-01-01,14045
20686,2024-02-01,12514
20686,2024-03-01,21728
20686,2024-04-01,17575
20686,2024-05-01,19281
20686,2024-06-01,22961
20686,2024-07-01,19036
20686,2024-08-01,28618
20686,2024-09-01,22581
20686,2024-10-01,32698
20686,2024-11-01,23629
20686,2024-12-01,29572
20686,2025-01-01,16105
20686,2025-02-01,25119
20686,2025-03-01,23090
20686,2025-04-01,31879
20686,2025-05-01,28300
20686,2025-06-01,25980
20686,2025-07-01,29263
20686,2025-08-01,32762
20686,2025-09-01,38577
20686,2025-10-01,32487
20686,2025-11-01,27744
20686,2025-12-01,43219
20686,2026-01-01,23150
20686,2026-02-01,21054
20686,2026-03-01,30019
20686,2026-04-01,24644
20686,2026-05-01,31490
20686,2026-06-01,32061
20687,2011-03-01,1420
20687,2011-04-01,1082
20687,2011-05-01,1234
20687,2011-06-01,1863
20687,2011-07-01,157
20687,2011-08-01,418
20687,2011-09-01,833
20687,2011-10-01,472
20687,2011-11-01,795
20687,2011-12-01,1298
20687,2012-01-01,458
20687,2012-02-01,326
20687,2012-03-01,806
20687,2012-04-01,786
20687,2012-05-01,769
20687,2012-06-01,1073
20687,2012-07-01,345
20687,2012-08-01,486
20687,2012-09-01,1377
20687,2012-10-01,1712
20687,2012-11-01,954
20687,2012-12-01,1307
20687,2013-01-01,602
20687,2013-02-01,934
20687,2013-03-01,1424
20687,2013-04-01,635
20687,2013-05-01,1382
20687,2013-06-01,8326
20687,2013-07-01,713
20687,2013-08-01,981
20687,2013-09-01,2345
20687,2013-10-01,841
20687,2013-11-01,1841
20687,2013-12-01,4774
20687,2014-01-01,1295
20687,2014-02-01,1376
20687,2014-03-01,1472
20687,2014-04-01,1497
20687,2014-05-01,1934
20687,2014-06-01,2604
20687,2014-07-01,388
20687,2014-08-01,400
20687,2014-09-01,794
20687,2014-10-01,272
20687,2014-11-01,1250
20687,2014-12-01,771
20687,2015-01-01,722
20687,2015-02-01,328
20687,2015-03-01,2134
20687,2015-04-01,5015
20687,2015-05-01,1244
20687,2015-06-01,1314
20687,2015-07-01,747
20687,2015-08-01,749
20687,2015-09-01,4897
20687,2015-10-01,952
20687,2015-11-01,595
20687,2015-12-01,964
20687,2016-01-01,423
20687,2016-02-01,606
20687,2016-03-01,3380
20687,2016-04-01,2006
20687,2016-05-01,1852
20687,2016-06-01,2368
20687,2016-07-01,1330
20687,2016-08-01,1228
20687,2016-09-01,1101
20687,2016-10-01,1268
20687,2016-11-01,1070
20687,2016-12-01,1000
20687,2017-01-01,359
20687,2017-02-01,677
20687,2017-03-01,1493
20687,2017-04-01,2860
20687,2017-05-01,2190
20687,2017-06-01,2954
20687,2017-07-01,848
20687,2017-08-01,1307
20687,2017-09-01,1952
20687,2017-10-01,1557
20687,2017-11-01,1219
20687,2017-12-01,3546
20687,2018-01-01,1104
20687,2018-02-01,948
20687,2018-03-01,2801
20687,2018-04-01,2813
20687,2018-05-01,1870
20687,2018-06-01,3624
20687,2018-07-01,789
20687,2018-08-01,3977
20687,2018-09-01,784
20687,2018-10-01,1047
20687,2018-11-01,1031
20687,2018-12-01,1336
20687,2019-01-01,1025
20687,2019-02-01,1214
20687,2019-03-01,1248
20687,2019-04-01,1726
20687,2019-05-01,2509
20687,2019-06-01,2060
20687,2019-07-01,1198
20687,2019-08-01,1618
20687,2019-09-01,1801
20687,2019-10-01,1758
20687,2019-11-01,1906
20687,2019-12-01,1789
20687,2020-01-01,695
20687,2020-02-01,757
20687,2020-03-01,1423
20687,2020-04-01,1924
20687,2020-05-01,1508
20687,2020-06-01,1644
20687,2020-07-01,1409
20687,2020-08-01,1561
20687,2020-09-01,2939
20687,2020-10-01,1644
20687,2020-11-01,1841
20687,2020-12-01,1854
20687,2021-01-01,798
20687,2021-02-01,1969
20687,2021-03-01,2463
20687,2021-04-01,1378
20687,2021-05-01,1930
20687,2021-06-01,1597
20687,2021-07-01,968
20687,2021-08-01,1577
20687,2021-09-01,2715
20687,2021-10-01,2331
20687,2021-11-01,2414
20687,2021-12-01,3698
20687,2022-01-01,1888
20687,2022-02-01,2131
20687,2022-03-01,3965
20687,2022-04-01,1552
20687,2022-05-01,3128
20687,2022-06-01,5632
20687,2022-07-01,1909
20687,2022-08-01,2157
20687,2022-09-01,1669
20687,2022-10-01,1063
20687,2022-11-01,882
20687,2022-12-01,1386
20687,2023-01-01,657
20687,2023-02-01,676
20687,2023-03-01,2260
20687,2023-04-01,2155
20687,2023-05-01,1312
20687,2023-06-01,793
20687,2023-07-01,5719
20687,2023-08-01,14155
20687,2023-09-01,4698
20687,2023-10-01,3278
20687,2023-11-01,3100
20687,2023-12-01,4504
20687,2024-01-01,1841
20687,2024-02-01,1932
20687,2024-03-01,4293
20687,2024-04-01,2350
20687,2024-05-01,2088
20687,2024-06-01,3258
20687,2024-07-01,1509
20687,2024-08-01,3344
20687,2024-09-01,2781
20687,2024-10-01,1535
20687,2024-11-01,1654
20687,2024-12-01,2584
20687,2025-01-01,1095
20687,2025-02-01,2507
20687,2025-03-01,3628
20687,2025-04-01,2808
20687,2025-05-01,4714
20687,2025-06-01,4257
20687,2025-07-01,2556
20687,2025-08-01,5077
20687,2025-09-01,7020
20687,2025-10-01,3109
20687,2025-11-01,3567
20687,2025-12-01,7634
20687,2026-01-01,2976
20687,2026-02-01,2787
20687,2026-03-01,7794
20687,2026-04-01,2498
20687,2026-05-01,3746
20687,2026-06-01,4352
20688,2011-03-01,2730
20688,2011-04-01,1894
20688,2011-05-01,1928
20688,2011-06-01,2122
20688,2011-07-01,2199
20688,2011-08-01,3564
20688,2011-09-01,2713
20688,2011-10-01,2286
20688,2011-11-01,2082
20688,2011-12-01,2199
20688,2012-01-01,1197
20688,2012-02-01,1463
20688,2012-03-01,1905
20688,2012-04-01,1861
20688,2012-05-01,1861
20688,2012-06-01,1909
20688,2012-07-01,2287
20688,2012-08-01,4351
20688,2012-09-01,3454
20688,2012-10-01,3452
20688,2012-11-01,2484
20688,2012-12-01,2492
20688,2013-01-01,1274
20688,2013-02-01,1950
20688,2013-03-01,1869
20688,2013-04-01,2225
20688,2013-05-01,2441
20688,2013-06-01,3450
20688,2013-07-01,2160
20688,2013-08-01,3071
20688,2013-09-01,2795
20688,2013-10-01,2983
20688,2013-11-01,2691
20688,2013-12-01,3503
20688,2014-01-01,1766
20688,2014-02-01,2598
20688,2014-03-01,2374
20688,2014-04-01,2486
20688,2014-05-01,2578
20688,2014-06-01,4589
20688,2014-07-01,3239
20688,2014-08-01,3293
20688,2014-09-01,3479
20688,2014-10-01,2707
20688,2014-11-01,2537
20688,2014-12-01,3834
20688,2015-01-01,1737
20688,2015-02-01,2134
20688,2015-03-01,2245
20688,2015-04-01,1920
20688,2015-05-01,1940
20688,2015-06-01,4905
20688,2015-07-01,3182
20688,2015-08-01,3369
20688,2015-09-01,3191
20688,2015-10-01,2822
20688,2015-11-01,3114
20688,2015-12-01,3666
20688,2016-01-01,1434
20688,2016-02-01,1342
20688,2016-03-01,1939
20688,2016-04-01,1905
20688,2016-05-01,2369
20688,2016-06-01,4423
20688,2016-07-01,2256
20688,2016-08-01,2925
20688,2016-09-01,2815
20688,2016-10-01,2328
20688,2016-11-01,3817
20688,2016-12-01,5217
20688,2017-01-01,2105
20688,2017-02-01,1870
20688,2017-03-01,2283
20688,2017-04-01,1715
20688,2017-05-01,2337
20688,2017-06-01,5145
20688,2017-07-01,1748
20688,2017-08-01,2496
20688,2017-09-01,2652
20688,2017-10-01,3026
20688,2017-11-01,2473
20688,2017-12-01,2563
20688,2018-01-01,1437
20688,2018-02-01,1795
20688,2018-03-01,2060
20688,2018-04-01,2193
20688,2018-05-01,2622
20688,2018-06-01,2453
20688,2018-07-01,2170
20688,2018-08-01,4039
20688,2018-09-01,2745
20688,2018-10-01,2215
20688,2018-11-01,1796
20688,2018-12-01,1269
20688,2019-01-01,421
20688,2019-02-01,1103
20688,2019-03-01,476
20688,2019-04-01,1096
20688,2019-05-01,730
20688,2019-06-01,3160
20688,2019-07-01,1685
20688,2019-08-01,2951
20688,2019-09-01,3056
20688,2019-10-01,2429
20688,2019-11-01,1777
20688,2019-12-01,1623
20688,2020-01-01,740
20688,2020-02-01,1171
20688,2020-03-01,1891
20688,2020-04-01,1996
20688,2020-05-01,1854
20688,2020-06-01,2189
20688,2020-07-01,3466
20688,2020-08-01,2434
20688,2020-09-01,2166
20688,2020-10-01,1157
20688,2020-11-01,1371
20688,2020-12-01,979
20688,2021-01-01,431
20688,2021-02-01,734
20688,2021-03-01,2314
20688,2021-04-01,1322
20688,2021-05-01,1733
20688,2021-06-01,2927
20688,2021-07-01,2632
20688,2021-08-01,5826
20688,2021-09-01,4078
20688,2021-10-01,1908
20688,2021-11-01,1197
20688,2021-12-01,1237
20688,2022-01-01,700
20688,2022-02-01,1396
20688,2022-03-01,2062
20688,2022-04-01,1373
20688,2022-05-01,968
20688,2022-06-01,1531
20688,2022-07-01,1985
20688,2022-08-01,3756
20688,2022-09-01,4281
20688,2022-10-01,3324
20688,2022-11-01,2087
20688,2022-12-01,2186
20688,2023-01-01,1273
20688,2023-02-01,1291
20688,2023-03-01,1918
20688,2023-04-01,1144
20688,2023-05-01,1214
20688,2023-06-01,1363
20688,2023-07-01,2046
20688,2023-08-01,3608
20688,2023-09-01,3279
20688,2023-10-01,3114
20688,2023-11-01,1213
20688,2023-12-01,1617
20688,2024-01-01,772
20688,2024-02-01,564
20688,2024-03-01,1812
20688,2024-04-01,1169
20688,2024-05-01,1120
20688,2024-06-01,2004
20688,2024-07-01,1753
20688,2024-08-01,5033
20688,2024-09-01,4759
20688,2024-10-01,2701
20688,2024-11-01,1467
20688,2024-12-01,2435
20688,2025-01-01,1322
20688,2025-02-01,1809
20688,2025-03-01,1764
20688,2025-04-01,3453
20688,2025-05-01,3960
20688,2025-06-01,2187
20688,2025-07-01,2030
20688,2025-08-01,2264
20688,2025-09-01,2973
20688,2025-10-01,2268
20688,2025-11-01,1431
20688,2025-12-01,1662
20688,2026-01-01,1154
20688,2026-02-01,2148
20688,2026-03-01,2161
20688,2026-04-01,2232
20688,2026-05-01,2965
20688,2026-06-01,3207
20689,2011-03-01,4150
20689,2011-04-01,2976
20689,2011-05-01,3162
20689,2011-06-01,3985
20689,2011-07-01,2355
20689,2011-08-01,3983
20689,2011-09-01,3547
20689,2011-10-01,2758
20689,2011-11-01,2877
20689,2011-12-01,3497
20689,2012-01-01,1656
20689,2012-02-01,1789
20689,2012-03-01,2711
20689,2012-04-01,2647
20689,2012-05-01,2631
20689,2012-06-01,2982
20689,2012-07-01,2632
20689,2012-08-01,4838
20689,2012-09-01,4831
20689,2012-10-01,5164
20689,2012-11-01,3438
20689,2012-12-01,3800
20689,2013-01-01,1876
20689,2013-02-01,2884
20689,2013-03-01,3292
20689,2013-04-01,2860
20689,2013-05-01,3823
20689,2013-06-01,11776
20689,2013-07-01,2873
20689,2013-08-01,4052
20689,2013-09-01,5140
20689,2013-10-01,3824
20689,2013-11-01,4532
20689,2013-12-01,8277
20689,2014-01-01,3061
20689,2014-02-01,3974
20689,2014-03-01,3845
20689,2014-04-01,3983
20689,2014-05-01,4511
20689,2014-06-01,7193
20689,2014-07-01,3627
20689,2014-08-01,3693
20689,2014-09-01,4273
20689,2014-10-01,2979
20689,2014-11-01,3786
20689,2014-12-01,4605
20689,2015-01-01,2460
20689,2015-02-01,2462
20689,2015-03-01,4379
20689,2015-04-01,6935
20689,2015-05-01,3185
20689,2015-06-01,6219
20689,2015-07-01,3929
20689,2015-08-01,4118
20689,2015-09-01,8087
20689,2015-10-01,3774
20689,2015-11-01,3709
20689,2015-12-01,4630
20689,2016-01-01,1857
20689,2016-02-01,1948
20689,2016-03-01,5319
20689,2016-04-01,3912
20689,2016-05-01,4220
20689,2016-06-01,6791
20689,2016-07-01,3586
20689,2016-08-01,4153
20689,2016-09-01,3916
20689,2016-10-01,3596
20689,2016-11-01,4888
20689,2016-12-01,6217
20689,2017-01-01,2463
20689,2017-02-01,2547
20689,2017-03-01,3776
20689,2017-04-01,4576
20689,2017-05-01,4527
20689,2017-06-01,8099
20689,2017-07-01,2597
20689,2017-08-01,3803
20689,2017-09-01,4604
20689,2017-10-01,4583
20689,2017-11-01,3692
20689,2017-12-01,6109
20689,2018-01-01,2541
20689,2018-02-01,2743
20689,2018-03-01,4861
20689,2018-04-01,5006
20689,2018-05-01,4493
20689,2018-06-01,6077
20689,2018-07-01,2959
20689,2018-08-01,8016
20689,2018-09-01,3529
20689,2018-10-01,3262
20689,2018-11-01,2827
20689,2018-12-01,2606
20689,2019-01-01,1446
20689,2019-02-01,2317
20689,2019-03-01,1725
20689,2019-04-01,2822
20689,2019-05-01,3240
20689,2019-06-01,5219
20689,2019-07-01,2883
20689,2019-08-01,4569
20689,2019-09-01,4857
20689,2019-10-01,4187
20689,2019-11-01,3683
20689,2019-12-01,3412
20689,2020-01-01,1435
20689,2020-02-01,1928
20689,2020-03-01,3314
20689,2020-04-01,3920
20689,2020-05-01,3362
20689,2020-06-01,3833
20689,2020-07-01,4876
20689,2020-08-01,3995
20689,2020-09-01,5105
20689,2020-10-01,2800
20689,2020-11-01,3213
20689,2020-12-01,2833
20689,2021-01-01,1229
20689,2021-02-01,2703
20689,2021-03-01,4777
20689,2021-04-01,2699
20689,2021-05-01,3663
20689,2021-06-01,4524
20689,2021-07-01,3600
20689,2021-08-01,7403
20689,2021-09-01,6793
20689,2021-10-01,4239
20689,2021-11-01,3612
20689,2021-12-01,4936
20689,2022-01-01,2588
20689,2022-02-01,3527
20689,2022-03-01,6027
20689,2022-04-01,2925
20689,2022-05-01,4095
20689,2022-06-01,7164
20689,2022-07-01,3894
20689,2022-08-01,5913
20689,2022-09-01,5949
20689,2022-10-01,4387
20689,2022-11-01,2969
20689,2022-12-01,3572
20689,2023-01-01,1930
20689,2023-02-01,1967
20689,2023-03-01,4178
20689,2023-04-01,3300
20689,2023-05-01,2527
20689,2023-06-01,2156
20689,2023-07-01,7765
20689,2023-08-01,17763
20689,2023-09-01,7977
20689,2023-10-01,6392
20689,2023-11-01,4312
20689,2023-12-01,6121
20689,2024-01-01,2613
20689,2024-02-01,2495
20689,2024-03-01,6105
20689,2024-04-01,3518
20689,2024-05-01,3208
20689,2024-06-01,5261
20689,2024-07-01,3262
20689,2024-08-01,8377
20689,2024-09-01,7540
20689,2024-10-01,4237
20689,2024-11-01,3121
20689,2024-12-01,5019
20689,2025-01-01,2416
20689,2025-02-01,4316
20689,2025-03-01,5392
20689,2025-04-01,6261
20689,2025-05-01,8674
20689,2025-06-01,6444
20689,2025-07-01,4586
20689,2025-08-01,7341
20689,2025-09-01,9993
20689,2025-10-01,5377
20689,2025-11-01,4998
20689,2025-12-01,9296
20689,2026-01-01,4130
20689,2026-02-01,4935
20689,2026-03-01,9955
20689,2026-04-01,4730
20689,2026-05-01,6711
20689,2026-06-01,7559
20690,2011-03-01,335
20690,2011-04-01,207
20690,2011-05-01,178
20690,2011-06-01,391
20690,2011-07-01,236
20690,2011-08-01,553
20690,2011-09-01,429
20690,2011-10-01,249
20690,2011-11-01,417
20690,2011-12-01,391
20690,2012-01-01,198
20690,2012-02-01,401
20690,2012-03-01,403
20690,2012-04-01,353
20690,2012-05-01,431
20690,2012-06-01,776
20690,2012-07-01,520
20690,2012-08-01,379
20690,2012-09-01,543
20690,2012-10-01,801
20690,2012-11-01,515
20690,2012-12-01,834
20690,2013-01-01,521
20690,2013-02-01,336
20690,2013-03-01,464
20690,2013-04-01,654
20690,2013-05-01,647
20690,2013-06-01,655
20690,2013-07-01,676
20690,2013-08-01,1195
20690,2013-09-01,619
20690,2013-10-01,1162
20690,2013-11-01,642
20690,2013-12-01,634
20690,2014-01-01,840
20690,2014-02-01,2843
20690,2014-03-01,2470
20690,2014-04-01,1010
20690,2014-05-01,1912
20690,2014-06-01,1263
20690,2014-07-01,1101
20690,2014-08-01,970
20690,2014-09-01,824
20690,2014-10-01,1250
20690,2014-11-01,1487
20690,2014-12-01,2055
20690,2015-01-01,1696
20690,2015-02-01,1266
20690,2015-03-01,875
20690,2015-04-01,757
20690,2015-05-01,920
20690,2015-06-01,1144
20690,2015-07-01,925
20690,2015-08-01,986
20690,2015-09-01,966
20690,2015-10-01,853
20690,2015-11-01,1042
20690,2015-12-01,878
20690,2016-01-01,434
20690,2016-02-01,786
20690,2016-03-01,1223
20690,2016-04-01,1012
20690,2016-05-01,947
20690,2016-06-01,1140
20690,2016-07-01,796
20690,2016-08-01,645
20690,2016-09-01,847
20690,2016-10-01,495
20690,2016-11-01,404
20690,2016-12-01,567
20690,2017-01-01,510
20690,2017-02-01,299
20690,2017-03-01,352
20690,2017-04-01,337
20690,2017-05-01,288
20690,2017-06-01,219
20690,2017-07-01,305
20690,2017-08-01,293
20690,2017-09-01,151
20690,2017-10-01,238
20690,2017-11-01,191
20690,2017-12-01,414
20690,2018-01-01,135
20690,2018-02-01,200
20690,2018-03-01,236
20690,2018-04-01,120
20690,2018-05-01,91
20690,2018-06-01,252
20690,2018-07-01,99
20690,2018-08-01,211
20690,2018-09-01,358
20690,2018-10-01,149
20690,2018-11-01,179
20690,2018-12-01,592
20690,2019-01-01,129
20690,2019-02-01,110
20690,2019-03-01,113
20690,2019-04-01,138
20690,2019-05-01,121
20690,2019-06-01,293
20690,2019-07-01,212
20690,2019-08-01,235
20690,2019-09-01,163
20690,2019-10-01,139
20690,2019-11-01,123
20690,2019-12-01,221
20690,2020-01-01,293
20690,2020-02-01,170
20690,2020-03-01,436
20690,2020-04-01,469
20690,2020-05-01,543
20690,2020-06-01,370
20690,2020-07-01,525
20690,2020-08-01,365
20690,2020-09-01,697
20690,2020-10-01,497
20690,2020-11-01,544
20690,2020-12-01,853
20690,2021-01-01,671
20690,2021-02-01,542
20690,2021-03-01,942
20690,2021-04-01,591
20690,2021-05-01,765
20690,2021-06-01,1236
20690,2021-07-01,983
20690,2021-08-01,1154
20690,2021-09-01,950
20690,2021-10-01,1328
20690,2021-11-01,954
20690,2021-12-01,1590
20690,2022-01-01,652
20690,2022-02-01,872
20690,2022-03-01,1277
20690,2022-04-01,970
20690,2022-05-01,1933
20690,2022-06-01,996
20690,2022-07-01,1096
20690,2022-08-01,1376
20690,2022-09-01,1355
20690,2022-10-01,1369
20690,2022-11-01,1546
20690,2022-12-01,1435
20690,2023-01-01,921
20690,2023-02-01,976
20690,2023-03-01,2002
20690,2023-04-01,1209
20690,2023-05-01,1469
20690,2023-06-01,1543
20690,2023-07-01,1343
20690,2023-08-01,1684
20690,2023-09-01,1909
20690,2023-10-01,1685
20690,2023-11-01,1591
20690,2023-12-01,1865
20690,2024-01-01,1745
20690,2024-02-01,1361
20690,2024-03-01,1420
20690,2024-04-01,1585
20690,2024-05-01,2021
20690,2024-06-01,1774
20690,2024-07-01,1846
20690,2024-08-01,2056
20690,2024-09-01,1940
20690,2024-10-01,1938
20690,2024-11-01,1848
20690,2024-12-01,2156
20690,2025-01-01,1281
20690,2025-02-01,1840
20690,2025-03-01,2061
20690,2025-04-01,2377
20690,2025-05-01,2554
20690,2025-06-01,2657
20690,2025-07-01,2251
20690,2025-08-01,2208
20690,2025-09-01,2348
20690,2025-10-01,2444
20690,2025-11-01,2219
20690,2025-12-01,2873
20690,2026-01-01,1879
20690,2026-02-01,1814
20690,2026-03-01,2492
20690,2026-04-01,2859
20690,2026-05-01,2849
20690,2026-06-01,2751
20691,2011-03-01,1632
20691,2011-04-01,1355
20691,2011-05-01,1549
20691,2011-06-01,1775
20691,2011-07-01,1569
20691,2011-08-01,1532
20691,2011-09-01,1389
20691,2011-10-01,1371
20691,2011-11-01,1546
20691,2011-12-01,1704
20691,2012-01-01,1510
20691,2012-02-01,1525
20691,2012-03-01,1869
20691,2012-04-01,1567
20691,2012-05-01,1660
20691,2012-06-01,1905
20691,2012-07-01,1596
20691,2012-08-01,1780
20691,2012-09-01,1557
20691,2012-10-01,1878
20691,2012-11-01,1701
20691,2012-12-01,1584
20691,2013-01-01,1378
20691,2013-02-01,1392
20691,2013-03-01,1694
20691,2013-04-01,1478
20691,2013-05-01,1864
20691,2013-06-01,1799
20691,2013-07-01,1859
20691,2013-08-01,1974
20691,2013-09-01,1869
20691,2013-10-01,1752
20691,2013-11-01,1581
20691,2013-12-01,1955
20691,2014-01-01,1414
20691,2014-02-01,1569
20691,2014-03-01,1799
20691,2014-04-01,1527
20691,2014-05-01,1341
20691,2014-06-01,1285
20691,2014-07-01,1387
20691,2014-08-01,1371
20691,2014-09-01,1904
20691,2014-10-01,1694
20691,2014-11-01,1609
20691,2014-12-01,1955
20691,2015-01-01,1529
20691,2015-02-01,932
20691,2015-03-01,1120
20691,2015-04-01,1106
20691,2015-05-01,1002
20691,2015-06-01,1215
20691,2015-07-01,1045
20691,2015-08-01,1101
20691,2015-09-01,1059
20691,2015-10-01,940
20691,2015-11-01,1021
20691,2015-12-01,1239
20691,2016-01-01,842
20691,2016-02-01,688
20691,2016-03-01,934
20691,2016-04-01,1002
20691,2016-05-01,1006
20691,2016-06-01,1618
20691,2016-07-01,1073
20691,2016-08-01,745
20691,2016-09-01,771
20691,2016-10-01,700
20691,2016-11-01,769
20691,2016-12-01,697
20691,2017-01-01,514
20691,2017-02-01,560
20691,2017-03-01,728
20691,2017-04-01,465
20691,2017-05-01,526
20691,2017-06-01,585
20691,2017-07-01,465
20691,2017-08-01,564
20691,2017-09-01,483
20691,2017-10-01,456
20691,2017-11-01,495
20691,2017-12-01,555
20691,2018-01-01,352
20691,2018-02-01,334
20691,2018-03-01,488
20691,2018-04-01,351
20691,2018-05-01,379
20691,2018-06-01,336
20691,2018-07-01,902
20691,2018-08-01,573
20691,2018-09-01,564
20691,2018-10-01,528
20691,2018-11-01,467
20691,2018-12-01,620
20691,2019-01-01,323
20691,2019-02-01,435
20691,2019-03-01,366
20691,2019-04-01,417
20691,2019-05-01,366
20691,2019-06-01,503
20691,2019-07-01,586
20691,2019-08-01,473
20691,2019-09-01,534
20691,2019-10-01,587
20691,2019-11-01,496
20691,2019-12-01,555
20691,2020-01-01,396
20691,2020-02-01,297
20691,2020-03-01,849
20691,2020-04-01,710
20691,2020-05-01,784
20691,2020-06-01,559
20691,2020-07-01,572
20691,2020-08-01,388
20691,2020-09-01,417
20691,2020-10-01,334
20691,2020-11-01,333
20691,2020-12-01,703
20691,2021-01-01,460
20691,2021-02-01,268
20691,2021-03-01,521
20691,2021-04-01,281
20691,2021-05-01,328
20691,2021-06-01,400
20691,2021-07-01,306
20691,2021-08-01,448
20691,2021-09-01,538
20691,2021-10-01,342
20691,2021-11-01,623
20691,2021-12-01,681
20691,2022-01-01,550
20691,2022-02-01,502
20691,2022-03-01,575
20691,2022-04-01,586
20691,2022-05-01,582
20691,2022-06-01,695
20691,2022-07-01,606
20691,2022-08-01,781
20691,2022-09-01,950
20691,2022-10-01,986
20691,2022-11-01,961
20691,2022-12-01,916
20691,2023-01-01,645
20691,2023-02-01,629
20691,2023-03-01,995
20691,2023-04-01,886
20691,2023-05-01,1048
20691,2023-06-01,957
20691,2023-07-01,951
20691,2023-08-01,914
20691,2023-09-01,1011
20691,2023-10-01,920
20691,2023-11-01,890
20691,2023-12-01,1021
20691,2024-01-01,682
20691,2024-02-01,740
20691,2024-03-01,894
20691,2024-04-01,883
20691,2024-05-01,1141
20691,2024-06-01,1265
20691,2024-07-01,924
20691,2024-08-01,947
20691,2024-09-01,925
20691,2024-10-01,853
20691,2024-11-01,753
20691,2024-12-01,867
20691,2025-01-01,591
20691,2025-02-01,765
20691,2025-03-01,693
20691,2025-04-01,820
20691,2025-05-01,887
20691,2025-06-01,798
20691,2025-07-01,985
20691,2025-08-01,1025
20691,2025-09-01,1008
20691,2025-10-01,1116
20691,2025-11-01,1025
20691,2025-12-01,939
20691,2026-01-01,588
20691,2026-02-01,667
20691,2026-03-01,1062
20691,2026-04-01,1113
20691,2026-05-01,943
20691,2026-06-01,1081
20692,2011-03-01,1967
20692,2011-04-01,1562
20692,2011-05-01,1727
20692,2011-06-01,2166
20692,2011-07-01,1805
20692,2011-08-01,2085
20692,2011-09-01,1818
20692,2011-10-01,1621
20692,2011-11-01,1962
20692,2011-12-01,2094
20692,2012-01-01,1708
20692,2012-02-01,1926
20692,2012-03-01,2272
20692,2012-04-01,1920
20692,2012-05-01,2091
20692,2012-06-01,2681
20692,2012-07-01,2116
20692,2012-08-01,2158
20692,2012-09-01,2101
20692,2012-10-01,2679
20692,2012-11-01,2215
20692,2012-12-01,2418
20692,2013-01-01,1900
20692,2013-02-01,1729
20692,2013-03-01,2158
20692,2013-04-01,2132
20692,2013-05-01,2512
20692,2013-06-01,2455
20692,2013-07-01,2535
20692,2013-08-01,3170
20692,2013-09-01,2489
20692,2013-10-01,2915
20692,2013-11-01,2223
20692,2013-12-01,2588
20692,2014-01-01,2255
20692,2014-02-01,4412
20692,2014-03-01,4269
20692,2014-04-01,2537
20692,2014-05-01,3253
20692,2014-06-01,2548
20692,2014-07-01,2488
20692,2014-08-01,2341
20692,2014-09-01,2728
20692,2014-10-01,2944
20692,2014-11-01,3096
20692,2014-12-01,4010
20692,2015-01-01,3225
20692,2015-02-01,2198
20692,2015-03-01,1994
20692,2015-04-01,1863
20692,2015-05-01,1922
20692,2015-06-01,2359
20692,2015-07-01,1970
20692,2015-08-01,2087
20692,2015-09-01,2025
20692,2015-10-01,1793
20692,2015-11-01,2064
20692,2015-12-01,2116
20692,2016-01-01,1276
20692,2016-02-01,1474
20692,2016-03-01,2157
20692,2016-04-01,2013
20692,2016-05-01,1952
20692,2016-06-01,2757
20692,2016-07-01,1869
20692,2016-08-01,1390
20692,2016-09-01,1618
20692,2016-10-01,1195
20692,2016-11-01,1173
20692,2016-12-01,1264
20692,2017-01-01,1024
20692,2017-02-01,860
20692,2017-03-01,1080
20692,2017-04-01,802
20692,2017-05-01,813
20692,2017-06-01,805
20692,2017-07-01,770
20692,2017-08-01,856
20692,2017-09-01,634
20692,2017-10-01,694
20692,2017-11-01,686
20692,2017-12-01,970
20692,2018-01-01,487
20692,2018-02-01,533
20692,2018-03-01,724
20692,2018-04-01,471
20692,2018-05-01,470
20692,2018-06-01,589
20692,2018-07-01,1001
20692,2018-08-01,784
20692,2018-09-01,923
20692,2018-10-01,678
20692,2018-11-01,646
20692,2018-12-01,1213
20692,2019-01-01,451
20692,2019-02-01,545
20692,2019-03-01,479
20692,2019-04-01,555
20692,2019-05-01,487
20692,2019-06-01,796
20692,2019-07-01,798
20692,2019-08-01,708
20692,2019-09-01,698
20692,2019-10-01,726
20692,2019-11-01,619
20692,2019-12-01,776
20692,2020-01-01,689
20692,2020-02-01,468
20692,2020-03-01,1285
20692,2020-04-01,1179
20692,2020-05-01,1326
20692,2020-06-01,929
20692,2020-07-01,1097
20692,2020-08-01,753
20692,2020-09-01,1114
20692,2020-10-01,832
20692,2020-11-01,877
20692,2020-12-01,1556
20692,2021-01-01,1130
20692,2021-02-01,809
20692,2021-03-01,1463
20692,2021-04-01,871
20692,2021-05-01,1092
20692,2021-06-01,1636
20692,2021-07-01,1289
20692,2021-08-01,1602
20692,2021-09-01,1488
20692,2021-10-01,1670
20692,2021-11-01,1577
20692,2021-12-01,2271
20692,2022-01-01,1202
20692,2022-02-01,1374
20692,2022-03-01,1852
20692,2022-04-01,1557
20692,2022-05-01,2515
20692,2022-06-01,1691
20692,2022-07-01,1702
20692,2022-08-01,2157
20692,2022-09-01,2304
20692,2022-10-01,2355
20692,2022-11-01,2507
20692,2022-12-01,2351
20692,2023-01-01,1566
20692,2023-02-01,1604
20692,2023-03-01,2996
20692,2023-04-01,2095
20692,2023-05-01,2517
20692,2023-06-01,2500
20692,2023-07-01,2294
20692,2023-08-01,2599
20692,2023-09-01,2920
20692,2023-10-01,2605
20692,2023-11-01,2481
20692,2023-12-01,2886
20692,2024-01-01,2427
20692,2024-02-01,2101
20692,2024-03-01,2314
20692,2024-04-01,2468
20692,2024-05-01,3162
20692,2024-06-01,3039
20692,2024-07-01,2770
20692,2024-08-01,3003
20692,2024-09-01,2865
20692,2024-10-01,2791
20692,2024-11-01,2601
20692,2024-12-01,3023
20692,2025-01-01,1871
20692,2025-02-01,2606
20692,2025-03-01,2754
20692,2025-04-01,3196
20692,2025-05-01,3441
20692,2025-06-01,3456
20692,2025-07-01,3236
20692,2025-08-01,3233
20692,2025-09-01,3355
20692,2025-10-01,3560
20692,2025-11-01,3244
20692,2025-12-01,3811
20692,2026-01-01,2467
20692,2026-02-01,2481
20692,2026-03-01,3555
20692,2026-04-01,3972
20692,2026-05-01,3791
20692,2026-06-01,3832
20693,2011-03-01,50
20693,2011-04-01,92
20693,2011-05-01,187
20693,2011-06-01,252
20693,2011-07-01,388
20693,2011-08-01,225
20693,2011-09-01,199
20693,2011-10-01,336
20693,2011-11-01,360
20693,2011-12-01,568
20693,2012-01-01,484
20693,2012-02-01,426
20693,2012-03-01,322
20693,2012-04-01,540
20693,2012-05-01,306
20693,2012-06-01,818
20693,2012-07-01,1295
20693,2012-08-01,2489
20693,2012-09-01,1530
20693,2012-10-01,1894
20693,2012-11-01,926
20693,2012-12-01,1209
20693,2013-01-01,832
20693,2013-02-01,1011
20693,2013-03-01,1745
20693,2013-04-01,2010
20693,2013-05-01,1127
20693,2013-06-01,689
20693,2013-07-01,553
20693,2013-08-01,329
20693,2013-09-01,782
20693,2013-10-01,607
20693,2013-11-01,374
20693,2013-12-01,995
20693,2014-01-01,821
20693,2014-02-01,246
20693,2014-03-01,132
20693,2014-04-01,87
20693,2014-05-01,73
20693,2014-06-01,213
20693,2014-07-01,889
20693,2014-08-01,690
20693,2014-09-01,886
20693,2014-10-01,1017
20693,2014-11-01,271
20693,2014-12-01,418
20693,2015-01-01,189
20693,2015-02-01,134
20693,2015-03-01,33
20693,2015-04-01,71
20693,2015-05-01,105
20693,2015-06-01,152
20693,2015-07-01,88
20693,2015-08-01,196
20693,2015-09-01,73
20693,2015-10-01,1291
20693,2015-11-01,327
20693,2015-12-01,978
20693,2016-01-01,511
20693,2016-02-01,385
20693,2016-03-01,121
20693,2016-04-01,393
20693,2016-05-01,290
20693,2016-06-01,629
20693,2016-07-01,2666
20693,2016-08-01,1828
20693,2016-09-01,1078
20693,2016-10-01,1037
20693,2016-11-01,513
20693,2016-12-01,709
20693,2017-01-01,534
20693,2017-02-01,462
20693,2017-03-01,566
20693,2017-04-01,265
20693,2017-05-01,331
20693,2017-06-01,403
20693,2017-07-01,311
20693,2017-08-01,194
20693,2017-09-01,206
20693,2017-10-01,422
20693,2017-11-01,388
20693,2017-12-01,431
20693,2018-01-01,303
20693,2018-02-01,89
20693,2018-03-01,298
20693,2018-04-01,95
20693,2018-05-01,168
20693,2018-06-01,381
20693,2018-07-01,219
20693,2018-08-01,225
20693,2018-09-01,77
20693,2018-10-01,93
20693,2018-11-01,123
20693,2018-12-01,378
20693,2019-01-01,57
20693,2019-02-01,13
20693,2019-03-01,5
20693,2019-04-01,23
20693,2019-05-01,91
20693,2019-06-01,3
20693,2019-07-01,8
20693,2019-08-01,17
20693,2019-09-01,27
20693,2019-10-01,20
20693,2019-11-01,36
20693,2019-12-01,23
20693,2020-01-01,10
20693,2020-02-01,11
20693,2020-03-01,21
20693,2020-04-01,132
20693,2020-05-01,635
20693,2020-06-01,562
20693,2020-07-01,307
20693,2020-08-01,114
20693,2020-09-01,165
20693,2020-10-01,256
20693,2020-11-01,843
20693,2020-12-01,1479
20693,2021-01-01,34
20693,2021-02-01,15
20693,2021-03-01,50
20693,2021-04-01,45
20693,2021-05-01,54
20693,2021-06-01,140
20693,2021-07-01,48
20693,2021-08-01,42
20693,2021-09-01,133
20693,2021-10-01,18
20693,2021-11-01,32
20693,2021-12-01,29
20693,2022-01-01,14
20693,2022-02-01,159
20693,2022-03-01,46
20693,2022-04-01,77
20693,2022-05-01,80
20693,2022-06-01,85
20693,2022-07-01,91
20693,2022-08-01,112
20693,2022-09-01,167
20693,2022-10-01,321
20693,2022-11-01,274
20693,2022-12-01,248
20693,2023-01-01,157
20693,2023-02-01,104
20693,2023-03-01,151
20693,2023-04-01,115
20693,2023-05-01,191
20693,2023-06-01,247
20693,2023-07-01,543
20693,2023-08-01,510
20693,2023-09-01,583
20693,2023-10-01,297
20693,2023-11-01,319
20693,2023-12-01,315
20693,2024-01-01,267
20693,2024-02-01,271
20693,2024-03-01,656
20693,2024-04-01,484
20693,2024-05-01,462
20693,2024-06-01,342
20693,2024-07-01,869
20693,2024-08-01,1142
20693,2024-09-01,772
20693,2024-10-01,423
20693,2024-11-01,377
20693,2024-12-01,506
20693,2025-01-01,271
20693,2025-02-01,258
20693,2025-03-01,197
20693,2025-04-01,404
20693,2025-05-01,212
20693,2025-06-01,207
20693,2025-07-01,332
20693,2025-08-01,259
20693,2025-09-01,295
20693,2025-10-01,1033
20693,2025-11-01,442
20693,2025-12-01,1543
20693,2026-01-01,284
20693,2026-02-01,229
20693,2026-03-01,290
20693,2026-04-01,133
20693,2026-05-01,194
20693,2026-06-01,210
20694,2011-03-01,6007
20694,2011-04-01,6592
20694,2011-05-01,7528
20694,2011-06-01,8587
20694,2011-07-01,11079
20694,2011-08-01,9646
20694,2011-09-01,8465
20694,2011-10-01,8730
20694,2011-11-01,12273
20694,2011-12-01,16520
20694,2012-01-01,5655
20694,2012-02-01,6625
20694,2012-03-01,7371
20694,2012-04-01,7703
20694,2012-05-01,7923
20694,2012-06-01,7359
20694,2012-07-01,11088
20694,2012-08-01,9216
20694,2012-09-01,10449
20694,2012-10-01,11269
20694,2012-11-01,10950
20694,2012-12-01,27944
20694,2013-01-01,9852
20694,2013-02-01,7456
20694,2013-03-01,10886
20694,2013-04-01,13667
20694,2013-05-01,15780
20694,2013-06-01,13886
20694,2013-07-01,11187
20694,2013-08-01,12693
20694,2013-09-01,11641
20694,2013-10-01,12611
20694,2013-11-01,13026
20694,2013-12-01,22706
20694,2014-01-01,13832
20694,2014-02-01,13065
20694,2014-03-01,13911
20694,2014-04-01,12352
20694,2014-05-01,8129
20694,2014-06-01,12322
20694,2014-07-01,11493
20694,2014-08-01,12797
20694,2014-09-01,13634
20694,2014-10-01,13885
20694,2014-11-01,11535
20694,2014-12-01,21958
20694,2015-01-01,7818
20694,2015-02-01,7021
20694,2015-03-01,11867
20694,2015-04-01,8304
20694,2015-05-01,10860
20694,2015-06-01,11874
20694,2015-07-01,7450
20694,2015-08-01,7404
20694,2015-09-01,8067
20694,2015-10-01,10779
20694,2015-11-01,9476
20694,2015-12-01,14904
20694,2016-01-01,5023
20694,2016-02-01,3923
20694,2016-03-01,4706
20694,2016-04-01,5806
20694,2016-05-01,4245
20694,2016-06-01,5763
20694,2016-07-01,4045
20694,2016-08-01,3684
20694,2016-09-01,4820
20694,2016-10-01,3961
20694,2016-11-01,4788
20694,2016-12-01,8308
20694,2017-01-01,2650
20694,2017-02-01,3411
20694,2017-03-01,3447
20694,2017-04-01,5322
20694,2017-05-01,4249
20694,2017-06-01,3526
20694,2017-07-01,4896
20694,2017-08-01,3055
20694,2017-09-01,3577
20694,2017-10-01,3241
20694,2017-11-01,3697
20694,2017-12-01,7709
20694,2018-01-01,2304
20694,2018-02-01,2082
20694,2018-03-01,2625
20694,2018-04-01,3137
20694,2018-05-01,5294
20694,2018-06-01,3122
20694,2018-07-01,3520
20694,2018-08-01,4178
20694,2018-09-01,2781
20694,2018-10-01,2695
20694,2018-11-01,4366
20694,2018-12-01,11958
20694,2019-01-01,4043
20694,2019-02-01,3538
20694,2019-03-01,3820
20694,2019-04-01,1615
20694,2019-05-01,2540
20694,2019-06-01,2676
20694,2019-07-01,2579
20694,2019-08-01,3691
20694,2019-09-01,1900
20694,2019-10-01,2413
20694,2019-11-01,3655
20694,2019-12-01,3478
20694,2020-01-01,1054
20694,2020-02-01,1620
20694,2020-03-01,1747
20694,2020-04-01,4208
20694,2020-05-01,5456
20694,2020-06-01,5136
20694,2020-07-01,4403
20694,2020-08-01,5516
20694,2020-09-01,2479
20694,2020-10-01,2249
20694,2020-11-01,1865
20694,2020-12-01,4087
20694,2021-01-01,1347
20694,2021-02-01,2001
20694,2021-03-01,3111
20694,2021-04-01,1805
20694,2021-05-01,2415
20694,2021-06-01,2606
20694,2021-07-01,2813
20694,2021-08-01,3223
20694,2021-09-01,4213
20694,2021-10-01,2252
20694,2021-11-01,2247
20694,2021-12-01,3019
20694,2022-01-01,1602
20694,2022-02-01,3404
20694,2022-03-01,3876
20694,2022-04-01,3594
20694,2022-05-01,6052
20694,2022-06-01,4120
20694,2022-07-01,3779
20694,2022-08-01,7227
20694,2022-09-01,3452
20694,2022-10-01,5251
20694,2022-11-01,6598
20694,2022-12-01,8565
20694,2023-01-01,4256
20694,2023-02-01,2985
20694,2023-03-01,5456
20694,2023-04-01,2362
20694,2023-05-01,3569
20694,2023-06-01,4942
20694,2023-07-01,4934
20694,2023-08-01,5145
20694,2023-09-01,5634
20694,2023-10-01,5300
20694,2023-11-01,4891
20694,2023-12-01,6646
20694,2024-01-01,4851
20694,2024-02-01,2380
20694,2024-03-01,5881
20694,2024-04-01,4032
20694,2024-05-01,4047
20694,2024-06-01,5619
20694,2024-07-01,4486
20694,2024-08-01,7038
20694,2024-09-01,4327
20694,2024-10-01,9404
20694,2024-11-01,5278
20694,2024-12-01,7282
20694,2025-01-01,3914
20694,2025-02-01,6189
20694,2025-03-01,3289
20694,2025-04-01,6511
20694,2025-05-01,4717
20694,2025-06-01,5074
20694,2025-07-01,9864
20694,2025-08-01,8192
20694,2025-09-01,9610
20694,2025-10-01,8334
20694,2025-11-01,9059
20694,2025-12-01,17070
20694,2026-01-01,5306
20694,2026-02-01,5201
20694,2026-03-01,8175
20694,2026-04-01,5796
20694,2026-05-01,4196
20694,2026-06-01,6476
20695,2011-03-01,156
20695,2011-04-01,115
20695,2011-05-01,156
20695,2011-06-01,112
20695,2011-07-01,188
20695,2011-08-01,155
20695,2011-09-01,249
20695,2011-10-01,501
20695,2011-11-01,186
20695,2011-12-01,153
20695,2012-01-01,71
20695,2012-02-01,79
20695,2012-03-01,258
20695,2012-04-01,302
20695,2012-05-01,105
20695,2012-06-01,158
20695,2012-07-01,331
20695,2012-08-01,149
20695,2012-09-01,155
20695,2012-10-01,227
20695,2012-11-01,204
20695,2012-12-01,204
20695,2013-01-01,134
20695,2013-02-01,125
20695,2013-03-01,221
20695,2013-04-01,277
20695,2013-05-01,157
20695,2013-06-01,176
20695,2013-07-01,184
20695,2013-08-01,179
20695,2013-09-01,323
20695,2013-10-01,439
20695,2013-11-01,518
20695,2013-12-01,508
20695,2014-01-01,441
20695,2014-02-01,225
20695,2014-03-01,439
20695,2014-04-01,212
20695,2014-05-01,254
20695,2014-06-01,130
20695,2014-07-01,226
20695,2014-08-01,394
20695,2014-09-01,526
20695,2014-10-01,624
20695,2014-11-01,219
20695,2014-12-01,553
20695,2015-01-01,294
20695,2015-02-01,295
20695,2015-03-01,309
20695,2015-04-01,305
20695,2015-05-01,484
20695,2015-06-01,533
20695,2015-07-01,264
20695,2015-08-01,399
20695,2015-09-01,395
20695,2015-10-01,289
20695,2015-11-01,356
20695,2015-12-01,752
20695,2016-01-01,358
20695,2016-02-01,306
20695,2016-03-01,383
20695,2016-04-01,291
20695,2016-05-01,274
20695,2016-06-01,354
20695,2016-07-01,382
20695,2016-08-01,343
20695,2016-09-01,348
20695,2016-10-01,384
20695,2016-11-01,408
20695,2016-12-01,475
20695,2017-01-01,309
20695,2017-02-01,258
20695,2017-03-01,248
20695,2017-04-01,358
20695,2017-05-01,259
20695,2017-06-01,221
20695,2017-07-01,246
20695,2017-08-01,379
20695,2017-09-01,150
20695,2017-10-01,264
20695,2017-11-01,306
20695,2017-12-01,293
20695,2018-01-01,210
20695,2018-02-01,123
20695,2018-03-01,241
20695,2018-04-01,145
20695,2018-05-01,242
20695,2018-06-01,151
20695,2018-07-01,175
20695,2018-08-01,233
20695,2018-09-01,291
20695,2018-10-01,315
20695,2018-11-01,252
20695,2018-12-01,412
20695,2019-01-01,557
20695,2019-02-01,244
20695,2019-03-01,157
20695,2019-04-01,161
20695,2019-05-01,268
20695,2019-06-01,220
20695,2019-07-01,204
20695,2019-08-01,232
20695,2019-09-01,209
20695,2019-10-01,263
20695,2019-11-01,300
20695,2019-12-01,634
20695,2020-01-01,173
20695,2020-02-01,102
20695,2020-03-01,196
20695,2020-04-01,224
20695,2020-05-01,240
20695,2020-06-01,156
20695,2020-07-01,173
20695,2020-08-01,141
20695,2020-09-01,107
20695,2020-10-01,131
20695,2020-11-01,196
20695,2020-12-01,327
20695,2021-01-01,149
20695,2021-02-01,206
20695,2021-03-01,255
20695,2021-04-01,437
20695,2021-05-01,140
20695,2021-06-01,146
20695,2021-07-01,207
20695,2021-08-01,574
20695,2021-09-01,326
20695,2021-10-01,194
20695,2021-11-01,417
20695,2021-12-01,373
20695,2022-01-01,122
20695,2022-02-01,479
20695,2022-03-01,331
20695,2022-04-01,163
20695,2022-05-01,264
20695,2022-06-01,406
20695,2022-07-01,173
20695,2022-08-01,658
20695,2022-09-01,342
20695,2022-10-01,292
20695,2022-11-01,303
20695,2022-12-01,878
20695,2023-01-01,350
20695,2023-02-01,196
20695,2023-03-01,519
20695,2023-04-01,122
20695,2023-05-01,166
20695,2023-06-01,747
20695,2023-07-01,320
20695,2023-08-01,246
20695,2023-09-01,273
20695,2023-10-01,851
20695,2023-11-01,315
20695,2023-12-01,271
20695,2024-01-01,355
20695,2024-02-01,315
20695,2024-03-01,294
20695,2024-04-01,590
20695,2024-05-01,465
20695,2024-06-01,844
20695,2024-07-01,278
20695,2024-08-01,1501
20695,2024-09-01,440
20695,2024-10-01,454
20695,2024-11-01,427
20695,2024-12-01,399
20695,2025-01-01,349
20695,2025-02-01,295
20695,2025-03-01,312
20695,2025-04-01,377
20695,2025-05-01,266
20695,2025-06-01,312
20695,2025-07-01,766
20695,2025-08-01,233
20695,2025-09-01,289
20695,2025-10-01,835
20695,2025-11-01,401
20695,2025-12-01,462
20695,2026-01-01,470
20695,2026-02-01,234
20695,2026-03-01,418
20695,2026-04-01,326
20695,2026-05-01,241
20695,2026-06-01,290
20696,2011-03-01,6213
20696,2011-04-01,6799
20696,2011-05-01,7871
20696,2011-06-01,8950
20696,2011-07-01,11655
20696,2011-08-01,10025
20696,2011-09-01,8913
20696,2011-10-01,9566
20696,2011-11-01,12818
20696,2011-12-01,17241
20696,2012-01-01,6209
20696,2012-02-01,7131
20696,2012-03-01,7951
20696,2012-04-01,8545
20696,2012-05-01,8334
20696,2012-06-01,8335
20696,2012-07-01,12715
20696,2012-08-01,11853
20696,2012-09-01,12134
20696,2012-10-01,13390
20696,2012-11-01,12080
20696,2012-12-01,29357
20696,2013-01-01,10818
20696,2013-02-01,8592
20696,2013-03-01,12853
20696,2013-04-01,15954
20696,2013-05-01,17064
20696,2013-06-01,14751
20696,2013-07-01,11924
20696,2013-08-01,13202
20696,2013-09-01,12746
20696,2013-10-01,13657
20696,2013-11-01,13917
20696,2013-12-01,24209
20696,2014-01-01,15094
20696,2014-02-01,13536
20696,2014-03-01,14482
20696,2014-04-01,12651
20696,2014-05-01,8457
20696,2014-06-01,12665
20696,2014-07-01,12608
20696,2014-08-01,13881
20696,2014-09-01,15046
20696,2014-10-01,15526
20696,2014-11-01,12024
20696,2014-12-01,22929
20696,2015-01-01,8301
20696,2015-02-01,7451
20696,2015-03-01,12209
20696,2015-04-01,8679
20696,2015-05-01,11450
20696,2015-06-01,12559
20696,2015-07-01,7802
20696,2015-08-01,8000
20696,2015-09-01,8534
20696,2015-10-01,12360
20696,2015-11-01,10160
20696,2015-12-01,16634
20696,2016-01-01,5893
20696,2016-02-01,4615
20696,2016-03-01,5209
20696,2016-04-01,6490
20696,2016-05-01,4809
20696,2016-06-01,6745
20696,2016-07-01,7093
20696,2016-08-01,5855
20696,2016-09-01,6245
20696,2016-10-01,5382
20696,2016-11-01,5708
20696,2016-12-01,9492
20696,2017-01-01,3492
20696,2017-02-01,4132
20696,2017-03-01,4262
20696,2017-04-01,5944
20696,2017-05-01,4840
20696,2017-06-01,4150
20696,2017-07-01,5454
20696,2017-08-01,3628
20696,2017-09-01,3933
20696,2017-10-01,3927
20696,2017-11-01,4392
20696,2017-12-01,8433
20696,2018-01-01,2816
20696,2018-02-01,2294
20696,2018-03-01,3163
20696,2018-04-01,3378
20696,2018-05-01,5705
20696,2018-06-01,3654
20696,2018-07-01,3914
20696,2018-08-01,4637
20696,2018-09-01,3149
20696,2018-10-01,3103
20696,2018-11-01,4741
20696,2018-12-01,12747
20696,2019-01-01,4657
20696,2019-02-01,3795
20696,2019-03-01,3981
20696,2019-04-01,1798
20696,2019-05-01,2898
20696,2019-06-01,2898
20696,2019-07-01,2792
20696,2019-08-01,3939
20696,2019-09-01,2135
20696,2019-10-01,2696
20696,2019-11-01,3991
20696,2019-12-01,4135
20696,2020-01-01,1237
20696,2020-02-01,1733
20696,2020-03-01,1964
20696,2020-04-01,4564
20696,2020-05-01,6332
20696,2020-06-01,5854
20696,2020-07-01,4883
20696,2020-08-01,5770
20696,2020-09-01,2751
20696,2020-10-01,2636
20696,2020-11-01,2903
20696,2020-12-01,5892
20696,2021-01-01,1530
20696,2021-02-01,2222
20696,2021-03-01,3416
20696,2021-04-01,2287
20696,2021-05-01,2609
20696,2021-06-01,2892
20696,2021-07-01,3068
20696,2021-08-01,3840
20696,2021-09-01,4672
20696,2021-10-01,2465
20696,2021-11-01,2695
20696,2021-12-01,3421
20696,2022-01-01,1737
20696,2022-02-01,4041
20696,2022-03-01,4252
20696,2022-04-01,3835
20696,2022-05-01,6397
20696,2022-06-01,4611
20696,2022-07-01,4043
20696,2022-08-01,7997
20696,2022-09-01,3960
20696,2022-10-01,5863
20696,2022-11-01,7175
20696,2022-12-01,9691
20696,2023-01-01,4763
20696,2023-02-01,3285
20696,2023-03-01,6127
20696,2023-04-01,2598
20696,2023-05-01,3927
20696,2023-06-01,5936
20696,2023-07-01,5796
20696,2023-08-01,5900
20696,2023-09-01,6490
20696,2023-10-01,6448
20696,2023-11-01,5525
20696,2023-12-01,7232
20696,2024-01-01,5473
20696,2024-02-01,2966
20696,2024-03-01,6830
20696,2024-04-01,5106
20696,2024-05-01,4974
20696,2024-06-01,6806
20696,2024-07-01,5633
20696,2024-08-01,9681
20696,2024-09-01,5539
20696,2024-10-01,10281
20696,2024-11-01,6083
20696,2024-12-01,8186
20696,2025-01-01,4534
20696,2025-02-01,6742
20696,2025-03-01,3799
20696,2025-04-01,7292
20696,2025-05-01,5195
20696,2025-06-01,5593
20696,2025-07-01,10963
20696,2025-08-01,8684
20696,2025-09-01,10194
20696,2025-10-01,10202
20696,2025-11-01,9902
20696,2025-12-01,19075
20696,2026-01-01,6059
20696,2026-02-01,5665
20696,2026-03-01,8882
20696,2026-04-01,6255
20696,2026-05-01,4632
20696,2026-06-01,6976
20697,2011-03-01,1554
20697,2011-04-01,1359
20697,2011-05-01,1476
20697,2011-06-01,1742
20697,2011-07-01,1230
20697,2011-08-01,1780
20697,2011-09-01,1522
20697,2011-10-01,1453
20697,2011-11-01,1843
20697,2011-12-01,3854
20697,2012-01-01,1499
20697,2012-02-01,1239
20697,2012-03-01,743
20697,2012-04-01,791
20697,2012-05-01,2755
20697,2012-06-01,1396
20697,2012-07-01,984
20697,2012-08-01,1137
20697,2012-09-01,1107
20697,2012-10-01,1820
20697,2012-11-01,1335
20697,2012-12-01,2872
20697,2013-01-01,1110
20697,2013-02-01,4324
20697,2013-03-01,2222
20697,2013-04-01,1404
20697,2013-05-01,2235
20697,2013-06-01,2572
20697,2013-07-01,1010
20697,2013-08-01,2811
20697,2013-09-01,1548
20697,2013-10-01,2832
20697,2013-11-01,1914
20697,2013-12-01,3777
20697,2014-01-01,1466
20697,2014-02-01,1428
20697,2014-03-01,2117
20697,2014-04-01,3445
20697,2014-05-01,3104
20697,2014-06-01,2680
20697,2014-07-01,2185
20697,2014-08-01,2410
20697,2014-09-01,3505
20697,2014-10-01,2874
20697,2014-11-01,2836
20697,2014-12-01,2881
20697,2015-01-01,1686
20697,2015-02-01,1039
20697,2015-03-01,1995
20697,2015-04-01,1164
20697,2015-05-01,1717
20697,2015-06-01,1957
20697,2015-07-01,4235
20697,2015-08-01,1183
20697,2015-09-01,2462
20697,2015-10-01,1293
20697,2015-11-01,1981
20697,2015-12-01,4992
20697,2016-01-01,904
20697,2016-02-01,1465
20697,2016-03-01,1701
20697,2016-04-01,1115
20697,2016-05-01,1326
20697,2016-06-01,2005
20697,2016-07-01,1865
20697,2016-08-01,1280
20697,2016-09-01,1714
20697,2016-10-01,939
20697,2016-11-01,991
20697,2016-12-01,2282
20697,2017-01-01,740
20697,2017-02-01,684
20697,2017-03-01,976
20697,2017-04-01,741
20697,2017-05-01,935
20697,2017-06-01,1015
20697,2017-07-01,1168
20697,2017-08-01,1393
20697,2017-09-01,895
20697,2017-10-01,1518
20697,2017-11-01,913
20697,2017-12-01,1073
20697,2018-01-01,649
20697,2018-02-01,798
20697,2018-03-01,1035
20697,2018-04-01,815
20697,2018-05-01,663
20697,2018-06-01,1417
20697,2018-07-01,1099
20697,2018-08-01,811
20697,2018-09-01,933
20697,2018-10-01,943
20697,2018-11-01,1565
20697,2018-12-01,2377
20697,2019-01-01,776
20697,2019-02-01,904
20697,2019-03-01,752
20697,2019-04-01,912
20697,2019-05-01,929
20697,2019-06-01,1049
20697,2019-07-01,1285
20697,2019-08-01,1063
20697,2019-09-01,1331
20697,2019-10-01,1424
20697,2019-11-01,1745
20697,2019-12-01,2156
20697,2020-01-01,2030
20697,2020-02-01,1042
20697,2020-03-01,1452
20697,2020-04-01,1496
20697,2020-05-01,2920
20697,2020-06-01,3832
20697,2020-07-01,22207
20697,2020-08-01,25268
20697,2020-09-01,27646
20697,2020-10-01,11413
20697,2020-11-01,15288
20697,2020-12-01,10594
20697,2021-01-01,1422
20697,2021-02-01,1620
20697,2021-03-01,1830
20697,2021-04-01,1693
20697,2021-05-01,2178
20697,2021-06-01,2441
20697,2021-07-01,18634
20697,2021-08-01,2680
20697,2021-09-01,5971
20697,2021-10-01,2184
20697,2021-11-01,1844
20697,2021-12-01,2848
20697,2022-01-01,1452
20697,2022-02-01,2075
20697,2022-03-01,3227
20697,2022-04-01,2190
20697,2022-05-01,1902
20697,2022-06-01,2538
20697,2022-07-01,8686
20697,2022-08-01,10943
20697,2022-09-01,8873
20697,2022-10-01,5651
20697,2022-11-01,5916
20697,2022-12-01,5968
20697,2023-01-01,3979
20697,2023-02-01,5278
20697,2023-03-01,5971
20697,2023-04-01,5236
20697,2023-05-01,8920
20697,2023-06-01,6691
20697,2023-07-01,6846
20697,2023-08-01,6091
20697,2023-09-01,4491
20697,2023-10-01,8537
20697,2023-11-01,6180
20697,2023-12-01,5854
20697,2024-01-01,3531
20697,2024-02-01,4952
20697,2024-03-01,6479
20697,2024-04-01,6483
20697,2024-05-01,7937
20697,2024-06-01,7855
20697,2024-07-01,7371
20697,2024-08-01,7556
20697,2024-09-01,6637
20697,2024-10-01,15389
20697,2024-11-01,11825
20697,2024-12-01,13344
20697,2025-01-01,7283
20697,2025-02-01,11455
20697,2025-03-01,11145
20697,2025-04-01,15129
20697,2025-05-01,10990
20697,2025-06-01,10487
20697,2025-07-01,10478
20697,2025-08-01,13504
20697,2025-09-01,15035
20697,2025-10-01,13349
20697,2025-11-01,6980
20697,2025-12-01,8716
20697,2026-01-01,7750
20697,2026-02-01,5919
20697,2026-03-01,5843
20697,2026-04-01,7154
20697,2026-05-01,9452
20697,2026-06-01,7673
20698,2011-03-01,9289
20698,2011-04-01,9734
20698,2011-05-01,11443
20698,2011-06-01,12410
20698,2011-07-01,11593
20698,2011-08-01,15317
20698,2011-09-01,14267
20698,2011-10-01,11647
20698,2011-11-01,12869
20698,2011-12-01,13454
20698,2012-01-01,10584
20698,2012-02-01,9638
20698,2012-03-01,12186
20698,2012-04-01,11251
20698,2012-05-01,14002
20698,2012-06-01,14506
20698,2012-07-01,12857
20698,2012-08-01,18738
20698,2012-09-01,15216
20698,2012-10-01,17714
20698,2012-11-01,17106
20698,2012-12-01,18918
20698,2013-01-01,13541
20698,2013-02-01,12614
20698,2013-03-01,16329
20698,2013-04-01,18217
20698,2013-05-01,19855
20698,2013-06-01,22987
20698,2013-07-01,19354
20698,2013-08-01,21979
20698,2013-09-01,19843
20698,2013-10-01,21086
20698,2013-11-01,20405
20698,2013-12-01,23449
20698,2014-01-01,16695
20698,2014-02-01,16761
20698,2014-03-01,16008
20698,2014-04-01,19232
20698,2014-05-01,22922
20698,2014-06-01,23319
20698,2014-07-01,21052
20698,2014-08-01,23528
20698,2014-09-01,24375
20698,2014-10-01,23673
20698,2014-11-01,20723
20698,2014-12-01,24447
20698,2015-01-01,18104
20698,2015-02-01,13717
20698,2015-03-01,18011
20698,2015-04-01,18179
20698,2015-05-01,15782
20698,2015-06-01,19531
20698,2015-07-01,18830
20698,2015-08-01,20558
20698,2015-09-01,18629
20698,2015-10-01,16204
20698,2015-11-01,16447
20698,2015-12-01,19395
20698,2016-01-01,10836
20698,2016-02-01,11423
20698,2016-03-01,14854
20698,2016-04-01,14907
20698,2016-05-01,15717
20698,2016-06-01,19894
20698,2016-07-01,14629
20698,2016-08-01,17792
20698,2016-09-01,15045
20698,2016-10-01,14216
20698,2016-11-01,16210
20698,2016-12-01,21273
20698,2017-01-01,12372
20698,2017-02-01,12225
20698,2017-03-01,15496
20698,2017-04-01,13995
20698,2017-05-01,17509
20698,2017-06-01,20278
20698,2017-07-01,15671
20698,2017-08-01,20760
20698,2017-09-01,17311
20698,2017-10-01,17246
20698,2017-11-01,16262
20698,2017-12-01,16804
20698,2018-01-01,12572
20698,2018-02-01,11695
20698,2018-03-01,14754
20698,2018-04-01,16042
20698,2018-05-01,17842
20698,2018-06-01,20180
20698,2018-07-01,18088
20698,2018-08-01,22848
20698,2018-09-01,19795
20698,2018-10-01,21014
20698,2018-11-01,18293
20698,2018-12-01,18613
20698,2019-01-01,11680
20698,2019-02-01,14172
20698,2019-03-01,14751
20698,2019-04-01,17529
20698,2019-05-01,20261
20698,2019-06-01,21292
20698,2019-07-01,19916
20698,2019-08-01,22459
20698,2019-09-01,22644
20698,2019-10-01,24296
20698,2019-11-01,21118
20698,2019-12-01,21908
20698,2020-01-01,15591
20698,2020-02-01,15036
20698,2020-03-01,19191
20698,2020-04-01,20027
20698,2020-05-01,20762
20698,2020-06-01,23612
20698,2020-07-01,26250
20698,2020-08-01,29936
20698,2020-09-01,29287
20698,2020-10-01,29036
20698,2020-11-01,27434
20698,2020-12-01,29367
20698,2021-01-01,19990
20698,2021-02-01,21264
20698,2021-03-01,30993
20698,2021-04-01,31794
20698,2021-05-01,34730
20698,2021-06-01,37200
20698,2021-07-01,36448
20698,2021-08-01,42558
20698,2021-09-01,39876
20698,2021-10-01,36503
20698,2021-11-01,35277
20698,2021-12-01,35341
20698,2022-01-01,25335
20698,2022-02-01,22831
20698,2022-03-01,29022
20698,2022-04-01,27985
20698,2022-05-01,34528
20698,2022-06-01,42982
20698,2022-07-01,46189
20698,2022-08-01,56663
20698,2022-09-01,50150
20698,2022-10-01,41653
20698,2022-11-01,37328
20698,2022-12-01,37101
20698,2023-01-01,29581
20698,2023-02-01,25876
20698,2023-03-01,37629
20698,2023-04-01,29081
20698,2023-05-01,35288
20698,2023-06-01,36004
20698,2023-07-01,44244
20698,2023-08-01,60875
20698,2023-09-01,51528
20698,2023-10-01,46405
20698,2023-11-01,40368
20698,2023-12-01,39284
20698,2024-01-01,32487
20698,2024-02-01,34059
20698,2024-03-01,38762
20698,2024-04-01,40104
20698,2024-05-01,41404
20698,2024-06-01,39475
20698,2024-07-01,46159
20698,2024-08-01,56472
20698,2024-09-01,54379
20698,2024-10-01,48926
20698,2024-11-01,40156
20698,2024-12-01,42098
20698,2025-01-01,34986
20698,2025-02-01,35843
20698,2025-03-01,35917
20698,2025-04-01,39047
20698,2025-05-01,40284
20698,2025-06-01,42085
20698,2025-07-01,43003
20698,2025-08-01,49632
20698,2025-09-01,50359
20698,2025-10-01,48390
20698,2025-11-01,40391
20698,2025-12-01,44233
20698,2026-01-01,32669
20698,2026-02-01,33491
20698,2026-03-01,44455
20698,2026-04-01,39959
20698,2026-05-01,43525
20698,2026-06-01,46666
20699,2011-03-01,39
20699,2011-04-01,45
20699,2011-05-01,54
20699,2011-06-01,68
20699,2011-07-01,49
20699,2011-08-01,40
20699,2011-09-01,82
20699,2011-10-01,49
20699,2011-11-01,57
20699,2011-12-01,78
20699,2012-01-01,61
20699,2012-02-01,34
20699,2012-03-01,66
20699,2012-04-01,96
20699,2012-05-01,106
20699,2012-06-01,190
20699,2012-07-01,84
20699,2012-08-01,108
20699,2012-09-01,90
20699,2012-10-01,133
20699,2012-11-01,115
20699,2012-12-01,140
20699,2013-01-01,142
20699,2013-02-01,145
20699,2013-03-01,176
20699,2013-04-01,229
20699,2013-05-01,281
20699,2013-06-01,265
20699,2013-07-01,225
20699,2013-08-01,256
20699,2013-09-01,245
20699,2013-10-01,327
20699,2013-11-01,255
20699,2013-12-01,215
20699,2014-01-01,196
20699,2014-02-01,157
20699,2014-03-01,273
20699,2014-04-01,326
20699,2014-05-01,272
20699,2014-06-01,276
20699,2014-07-01,310
20699,2014-08-01,318
20699,2014-09-01,460
20699,2014-10-01,482
20699,2014-11-01,388
20699,2014-12-01,314
20699,2015-01-01,227
20699,2015-02-01,298
20699,2015-03-01,512
20699,2015-04-01,404
20699,2015-05-01,410
20699,2015-06-01,540
20699,2015-07-01,508
20699,2015-08-01,659
20699,2015-09-01,658
20699,2015-10-01,881
20699,2015-11-01,589
20699,2015-12-01,714
20699,2016-01-01,437
20699,2016-02-01,338
20699,2016-03-01,531
20699,2016-04-01,554
20699,2016-05-01,651
20699,2016-06-01,757
20699,2016-07-01,522
20699,2016-08-01,732
20699,2016-09-01,673
20699,2016-10-01,764
20699,2016-11-01,606
20699,2016-12-01,625
20699,2017-01-01,324
20699,2017-02-01,326
20699,2017-03-01,582
20699,2017-04-01,631
20699,2017-05-01,980
20699,2017-06-01,1088
20699,2017-07-01,663
20699,2017-08-01,1058
20699,2017-09-01,967
20699,2017-10-01,938
20699,2017-11-01,732
20699,2017-12-01,636
20699,2018-01-01,471
20699,2018-02-01,455
20699,2018-03-01,540
20699,2018-04-01,695
20699,2018-05-01,963
20699,2018-06-01,1031
20699,2018-07-01,715
20699,2018-08-01,898
20699,2018-09-01,825
20699,2018-10-01,1040
20699,2018-11-01,918
20699,2018-12-01,921
20699,2019-01-01,1412
20699,2019-02-01,1614
20699,2019-03-01,2212
20699,2019-04-01,3631
20699,2019-05-01,4514
20699,2019-06-01,3336
20699,2019-07-01,1588
20699,2019-08-01,1544
20699,2019-09-01,1384
20699,2019-10-01,1644
20699,2019-11-01,1481
20699,2019-12-01,2163
20699,2020-01-01,1542
20699,2020-02-01,1575
20699,2020-03-01,2954
20699,2020-04-01,3062
20699,2020-05-01,3197
20699,2020-06-01,2900
20699,2020-07-01,1550
20699,2020-08-01,2116
20699,2020-09-01,2525
20699,2020-10-01,2659
20699,2020-11-01,3054
20699,2020-12-01,3628
20699,2021-01-01,2755
20699,2021-02-01,3452
20699,2021-03-01,7387
20699,2021-04-01,8727
20699,2021-05-01,8486
20699,2021-06-01,7405
20699,2021-07-01,6503
20699,2021-08-01,6739
20699,2021-09-01,6524
20699,2021-10-01,4762
20699,2021-11-01,4957
20699,2021-12-01,5532
20699,2022-01-01,3651
20699,2022-02-01,4550
20699,2022-03-01,6113
20699,2022-04-01,8485
20699,2022-05-01,11682
20699,2022-06-01,9322
20699,2022-07-01,16106
20699,2022-08-01,15460
20699,2022-09-01,7340
20699,2022-10-01,6105
20699,2022-11-01,4903
20699,2022-12-01,4850
20699,2023-01-01,4945
20699,2023-02-01,5740
20699,2023-03-01,9592
20699,2023-04-01,7096
20699,2023-05-01,9016
20699,2023-06-01,7888
20699,2023-07-01,9365
20699,2023-08-01,13608
20699,2023-09-01,13182
20699,2023-10-01,11166
20699,2023-11-01,10003
20699,2023-12-01,10115
20699,2024-01-01,8651
20699,2024-02-01,9711
20699,2024-03-01,11184
20699,2024-04-01,10542
20699,2024-05-01,9178
20699,2024-06-01,7987
20699,2024-07-01,5637
20699,2024-08-01,8990
20699,2024-09-01,11517
20699,2024-10-01,9803
20699,2024-11-01,7511
20699,2024-12-01,8085
20699,2025-01-01,6725
20699,2025-02-01,7939
20699,2025-03-01,9476
20699,2025-04-01,9207
20699,2025-05-01,9754
20699,2025-06-01,7583
20699,2025-07-01,4852
20699,2025-08-01,5583
20699,2025-09-01,6970
20699,2025-10-01,7131
20699,2025-11-01,6321
20699,2025-12-01,7644
20699,2026-01-01,5061
20699,2026-02-01,4703
20699,2026-03-01,6536
20699,2026-04-01,6277
20699,2026-05-01,7078
20699,2026-06-01,6628
20700,2011-03-01,2523
20700,2011-04-01,2932
20700,2011-05-01,3633
20700,2011-06-01,4209
20700,2011-07-01,3283
20700,2011-08-01,6244
20700,2011-09-01,5882
20700,2011-10-01,4664
20700,2011-11-01,4492
20700,2011-12-01,4502
20700,2012-01-01,2563
20700,2012-02-01,2486
20700,2012-03-01,3185
20700,2012-04-01,3547
20700,2012-05-01,4841
20700,2012-06-01,4924
20700,2012-07-01,3042
20700,2012-08-01,7432
20700,2012-09-01,6274
20700,2012-10-01,6581
20700,2012-11-01,6245
20700,2012-12-01,7410
20700,2013-01-01,2561
20700,2013-02-01,2794
20700,2013-03-01,4354
20700,2013-04-01,5008
20700,2013-05-01,6131
20700,2013-06-01,8995
20700,2013-07-01,5083
20700,2013-08-01,8374
20700,2013-09-01,7540
20700,2013-10-01,7509
20700,2013-11-01,6889
20700,2013-12-01,8354
20700,2014-01-01,4037
20700,2014-02-01,4363
20700,2014-03-01,5018
20700,2014-04-01,6747
20700,2014-05-01,8056
20700,2014-06-01,9287
20700,2014-07-01,6096
20700,2014-08-01,9319
20700,2014-09-01,9070
20700,2014-10-01,8186
20700,2014-11-01,6922
20700,2014-12-01,8954
20700,2015-01-01,3900
20700,2015-02-01,3294
20700,2015-03-01,4164
20700,2015-04-01,4275
20700,2015-05-01,5156
20700,2015-06-01,7790
20700,2015-07-01,7618
20700,2015-08-01,9929
20700,2015-09-01,8377
20700,2015-10-01,6536
20700,2015-11-01,6782
20700,2015-12-01,8505
20700,2016-01-01,3288
20700,2016-02-01,3695
20700,2016-03-01,5398
20700,2016-04-01,5684
20700,2016-05-01,6087
20700,2016-06-01,9721
20700,2016-07-01,5537
20700,2016-08-01,8036
20700,2016-09-01,7192
20700,2016-10-01,5676
20700,2016-11-01,6592
20700,2016-12-01,8527
20700,2017-01-01,4499
20700,2017-02-01,4241
20700,2017-03-01,6462
20700,2017-04-01,5603
20700,2017-05-01,6961
20700,2017-06-01,9193
20700,2017-07-01,5543
20700,2017-08-01,10168
20700,2017-09-01,8732
20700,2017-10-01,8154
20700,2017-11-01,7222
20700,2017-12-01,7940
20700,2018-01-01,4463
20700,2018-02-01,4194
20700,2018-03-01,6032
20700,2018-04-01,6827
20700,2018-05-01,7638
20700,2018-06-01,9712
20700,2018-07-01,8070
20700,2018-08-01,12163
20700,2018-09-01,9701
20700,2018-10-01,9225
20700,2018-11-01,7518
20700,2018-12-01,7510
20700,2019-01-01,2573
20700,2019-02-01,2886
20700,2019-03-01,3463
20700,2019-04-01,4364
20700,2019-05-01,5737
20700,2019-06-01,7807
20700,2019-07-01,7974
20700,2019-08-01,11768
20700,2019-09-01,10456
20700,2019-10-01,9430
20700,2019-11-01,7125
20700,2019-12-01,7265
20700,2020-01-01,4388
20700,2020-02-01,3831
20700,2020-03-01,5391
20700,2020-04-01,7024
20700,2020-05-01,7991
20700,2020-06-01,8919
20700,2020-07-01,11718
20700,2020-08-01,12767
20700,2020-09-01,11353
20700,2020-10-01,9631
20700,2020-11-01,7546
20700,2020-12-01,8030
20700,2021-01-01,4452
20700,2021-02-01,3812
20700,2021-03-01,5697
20700,2021-04-01,6389
20700,2021-05-01,8121
20700,2021-06-01,11736
20700,2021-07-01,12009
20700,2021-08-01,13914
20700,2021-09-01,12790
20700,2021-10-01,13098
20700,2021-11-01,11250
20700,2021-12-01,11095
20700,2022-01-01,7047
20700,2022-02-01,3798
20700,2022-03-01,4749
20700,2022-04-01,4390
20700,2022-05-01,5412
20700,2022-06-01,15147
20700,2022-07-01,10839
20700,2022-08-01,20799
20700,2022-09-01,21503
20700,2022-10-01,16699
20700,2022-11-01,14212
20700,2022-12-01,14935
20700,2023-01-01,9243
20700,2023-02-01,5659
20700,2023-03-01,8138
20700,2023-04-01,6034
20700,2023-05-01,9316
20700,2023-06-01,10676
20700,2023-07-01,17450
20700,2023-08-01,26569
20700,2023-09-01,16978
20700,2023-10-01,14662
20700,2023-11-01,11140
20700,2023-12-01,8960
20700,2024-01-01,6154
20700,2024-02-01,6115
20700,2024-03-01,7280
20700,2024-04-01,8146
20700,2024-05-01,8670
20700,2024-06-01,8206
20700,2024-07-01,16503
20700,2024-08-01,21911
20700,2024-09-01,17543
20700,2024-10-01,14522
20700,2024-11-01,10478
20700,2024-12-01,10292
20700,2025-01-01,6902
20700,2025-02-01,6778
20700,2025-03-01,6146
20700,2025-04-01,8314
20700,2025-05-01,8443
20700,2025-06-01,12593
20700,2025-07-01,16866
20700,2025-08-01,21150
20700,2025-09-01,18784
20700,2025-10-01,15123
20700,2025-11-01,11337
20700,2025-12-01,10718
20700,2026-01-01,7741
20700,2026-02-01,7461
20700,2026-03-01,9032
20700,2026-04-01,8799
20700,2026-05-01,9674
20700,2026-06-01,10073
20701,2011-03-01,2562
20701,2011-04-01,2977
20701,2011-05-01,3687
20701,2011-06-01,4277
20701,2011-07-01,3332
20701,2011-08-01,6284
20701,2011-09-01,5964
20701,2011-10-01,4713
20701,2011-11-01,4550
20701,2011-12-01,4580
20701,2012-01-01,2624
20701,2012-02-01,2520
20701,2012-03-01,3251
20701,2012-04-01,3643
20701,2012-05-01,4948
20701,2012-06-01,5114
20701,2012-07-01,3125
20701,2012-08-01,7540
20701,2012-09-01,6364
20701,2012-10-01,6714
20701,2012-11-01,6360
20701,2012-12-01,7550
20701,2013-01-01,2704
20701,2013-02-01,2940
20701,2013-03-01,4531
20701,2013-04-01,5238
20701,2013-05-01,6413
20701,2013-06-01,9259
20701,2013-07-01,5308
20701,2013-08-01,8631
20701,2013-09-01,7785
20701,2013-10-01,7837
20701,2013-11-01,7144
20701,2013-12-01,8569
20701,2014-01-01,4233
20701,2014-02-01,4520
20701,2014-03-01,5292
20701,2014-04-01,7073
20701,2014-05-01,8328
20701,2014-06-01,9563
20701,2014-07-01,6406
20701,2014-08-01,9637
20701,2014-09-01,9530
20701,2014-10-01,8668
20701,2014-11-01,7310
20701,2014-12-01,9268
20701,2015-01-01,4127
20701,2015-02-01,3592
20701,2015-03-01,4675
20701,2015-04-01,4679
20701,2015-05-01,5566
20701,2015-06-01,8331
20701,2015-07-01,8126
20701,2015-08-01,10588
20701,2015-09-01,9035
20701,2015-10-01,7416
20701,2015-11-01,7371
20701,2015-12-01,9219
20701,2016-01-01,3725
20701,2016-02-01,4033
20701,2016-03-01,5929
20701,2016-04-01,6238
20701,2016-05-01,6737
20701,2016-06-01,10478
20701,2016-07-01,6059
20701,2016-08-01,8769
20701,2016-09-01,7865
20701,2016-10-01,6440
20701,2016-11-01,7198
20701,2016-12-01,9152
20701,2017-01-01,4824
20701,2017-02-01,4567
20701,2017-03-01,7044
20701,2017-04-01,6234
20701,2017-05-01,7941
20701,2017-06-01,10281
20701,2017-07-01,6205
20701,2017-08-01,11226
20701,2017-09-01,9700
20701,2017-10-01,9092
20701,2017-11-01,7953
20701,2017-12-01,8576
20701,2018-01-01,4934
20701,2018-02-01,4650
20701,2018-03-01,6571
20701,2018-04-01,7522
20701,2018-05-01,8601
20701,2018-06-01,10743
20701,2018-07-01,8785
20701,2018-08-01,13061
20701,2018-09-01,10526
20701,2018-10-01,10265
20701,2018-11-01,8436
20701,2018-12-01,8432
20701,2019-01-01,3985
20701,2019-02-01,4500
20701,2019-03-01,5674
20701,2019-04-01,7995
20701,2019-05-01,10251
20701,2019-06-01,11142
20701,2019-07-01,9561
20701,2019-08-01,13313
20701,2019-09-01,11840
20701,2019-10-01,11074
20701,2019-11-01,8606
20701,2019-12-01,9428
20701,2020-01-01,5930
20701,2020-02-01,5406
20701,2020-03-01,8345
20701,2020-04-01,10086
20701,2020-05-01,11188
20701,2020-06-01,11819
20701,2020-07-01,13268
20701,2020-08-01,14883
20701,2020-09-01,13878
20701,2020-10-01,12290
20701,2020-11-01,10600
20701,2020-12-01,11657
20701,2021-01-01,7207
20701,2021-02-01,7264
20701,2021-03-01,13084
20701,2021-04-01,15116
20701,2021-05-01,16607
20701,2021-06-01,19141
20701,2021-07-01,18513
20701,2021-08-01,20653
20701,2021-09-01,19314
20701,2021-10-01,17860
20701,2021-11-01,16207
20701,2021-12-01,16627
20701,2022-01-01,10698
20701,2022-02-01,8348
20701,2022-03-01,10862
20701,2022-04-01,12875
20701,2022-05-01,17094
20701,2022-06-01,24469
20701,2022-07-01,26945
20701,2022-08-01,36259
20701,2022-09-01,28843
20701,2022-10-01,22804
20701,2022-11-01,19115
20701,2022-12-01,19785
20701,2023-01-01,14188
20701,2023-02-01,11399
20701,2023-03-01,17731
20701,2023-04-01,13131
20701,2023-05-01,18332
20701,2023-06-01,18565
20701,2023-07-01,26815
20701,2023-08-01,40178
20701,2023-09-01,30161
20701,2023-10-01,25828
20701,2023-11-01,21143
20701,2023-12-01,19075
20701,2024-01-01,14805
20701,2024-02-01,15826
20701,2024-03-01,18464
20701,2024-04-01,18689
20701,2024-05-01,17848
20701,2024-06-01,16194
20701,2024-07-01,22140
20701,2024-08-01,30901
20701,2024-09-01,29060
20701,2024-10-01,24324
20701,2024-11-01,17988
20701,2024-12-01,18377
20701,2025-01-01,13628
20701,2025-02-01,14717
20701,2025-03-01,15623
20701,2025-04-01,17521
20701,2025-05-01,18197
20701,2025-06-01,20177
20701,2025-07-01,21718
20701,2025-08-01,26733
20701,2025-09-01,25754
20701,2025-10-01,22254
20701,2025-11-01,17658
20701,2025-12-01,18361
20701,2026-01-01,12802
20701,2026-02-01,12164
20701,2026-03-01,15568
20701,2026-04-01,15075
20701,2026-05-01,16753
20701,2026-06-01,16701
20702,2011-03-01,792
20702,2011-04-01,726
20702,2011-05-01,887
20702,2011-06-01,827
20702,2011-07-01,874
20702,2011-08-01,985
20702,2011-09-01,893
20702,2011-10-01,723
20702,2011-11-01,839
20702,2011-12-01,800
20702,2012-01-01,796
20702,2012-02-01,679
20702,2012-03-01,809
20702,2012-04-01,661
20702,2012-05-01,757
20702,2012-06-01,901
20702,2012-07-01,1022
20702,2012-08-01,1247
20702,2012-09-01,1049
20702,2012-10-01,1314
20702,2012-11-01,1171
20702,2012-12-01,1143
20702,2013-01-01,1287
20702,2013-02-01,1143
20702,2013-03-01,1449
20702,2013-04-01,1654
20702,2013-05-01,1684
20702,2013-06-01,1683
20702,2013-07-01,1814
20702,2013-08-01,1826
20702,2013-09-01,1636
20702,2013-10-01,1491
20702,2013-11-01,1291
20702,2013-12-01,1270
20702,2014-01-01,1016
20702,2014-02-01,1022
20702,2014-03-01,880
20702,2014-04-01,951
20702,2014-05-01,1423
20702,2014-06-01,1327
20702,2014-07-01,1330
20702,2014-08-01,1329
20702,2014-09-01,1499
20702,2014-10-01,1485
20702,2014-11-01,1317
20702,2014-12-01,1882
20702,2015-01-01,1731
20702,2015-02-01,1145
20702,2015-03-01,1628
20702,2015-04-01,1538
20702,2015-05-01,1283
20702,2015-06-01,1261
20702,2015-07-01,1189
20702,2015-08-01,1102
20702,2015-09-01,1101
20702,2015-10-01,1060
20702,2015-11-01,910
20702,2015-12-01,1100
20702,2016-01-01,753
20702,2016-02-01,767
20702,2016-03-01,900
20702,2016-04-01,790
20702,2016-05-01,810
20702,2016-06-01,813
20702,2016-07-01,764
20702,2016-08-01,827
20702,2016-09-01,710
20702,2016-10-01,772
20702,2016-11-01,792
20702,2016-12-01,817
20702,2017-01-01,589
20702,2017-02-01,499
20702,2017-03-01,648
20702,2017-04-01,478
20702,2017-05-01,564
20702,2017-06-01,543
20702,2017-07-01,462
20702,2017-08-01,586
20702,2017-09-01,504
20702,2017-10-01,570
20702,2017-11-01,495
20702,2017-12-01,554
20702,2018-01-01,563
20702,2018-02-01,572
20702,2018-03-01,641
20702,2018-04-01,765
20702,2018-05-01,726
20702,2018-06-01,778
20702,2018-07-01,757
20702,2018-08-01,888
20702,2018-09-01,818
20702,2018-10-01,973
20702,2018-11-01,617
20702,2018-12-01,572
20702,2019-01-01,520
20702,2019-02-01,503
20702,2019-03-01,440
20702,2019-04-01,494
20702,2019-05-01,536
20702,2019-06-01,484
20702,2019-07-01,529
20702,2019-08-01,638
20702,2019-09-01,650
20702,2019-10-01,811
20702,2019-11-01,673
20702,2019-12-01,663
20702,2020-01-01,633
20702,2020-02-01,601
20702,2020-03-01,559
20702,2020-04-01,576
20702,2020-05-01,520
20702,2020-06-01,634
20702,2020-07-01,760
20702,2020-08-01,1156
20702,2020-09-01,1268
20702,2020-10-01,1246
20702,2020-11-01,1333
20702,2020-12-01,1644
20702,2021-01-01,1285
20702,2021-02-01,1380
20702,2021-03-01,1824
20702,2021-04-01,1761
20702,2021-05-01,1848
20702,2021-06-01,2061
20702,2021-07-01,1959
20702,2021-08-01,2712
20702,2021-09-01,2414
20702,2021-10-01,2384
20702,2021-11-01,2269
20702,2021-12-01,1772
20702,2022-01-01,1669
20702,2022-02-01,1567
20702,2022-03-01,2181
20702,2022-04-01,1815
20702,2022-05-01,2091
20702,2022-06-01,2245
20702,2022-07-01,2444
20702,2022-08-01,2442
20702,2022-09-01,2543
20702,2022-10-01,2184
20702,2022-11-01,2405
20702,2022-12-01,1961
20702,2023-01-01,2010
20702,2023-02-01,1703
20702,2023-03-01,2575
20702,2023-04-01,2000
20702,2023-05-01,2215
20702,2023-06-01,2180
20702,2023-07-01,2190
20702,2023-08-01,2213
20702,2023-09-01,2149
20702,2023-10-01,2336
20702,2023-11-01,2154
20702,2023-12-01,2286
20702,2024-01-01,1946
20702,2024-02-01,2059
20702,2024-03-01,2305
20702,2024-04-01,2484
20702,2024-05-01,2853
20702,2024-06-01,2866
20702,2024-07-01,3139
20702,2024-08-01,3000
20702,2024-09-01,2935
20702,2024-10-01,3171
20702,2024-11-01,2765
20702,2024-12-01,2751
20702,2025-01-01,2694
20702,2025-02-01,3461
20702,2025-03-01,4124
20702,2025-04-01,4277
20702,2025-05-01,4330
20702,2025-06-01,4086
20702,2025-07-01,4270
20702,2025-08-01,4732
20702,2025-09-01,5306
20702,2025-10-01,5294
20702,2025-11-01,4575
20702,2025-12-01,4135
20702,2026-01-01,3432
20702,2026-02-01,3300
20702,2026-03-01,3988
20702,2026-04-01,3306
20702,2026-05-01,3322
20702,2026-06-01,3500
20703,2011-03-01,5049
20703,2011-04-01,5092
20703,2011-05-01,5906
20703,2011-06-01,6235
20703,2011-07-01,6371
20703,2011-08-01,7181
20703,2011-09-01,6345
20703,2011-10-01,5294
20703,2011-11-01,6217
20703,2011-12-01,6643
20703,2012-01-01,5985
20703,2012-02-01,5390
20703,2012-03-01,7035
20703,2012-04-01,5830
20703,2012-05-01,7028
20703,2012-06-01,7257
20703,2012-07-01,7456
20703,2012-08-01,8464
20703,2012-09-01,6606
20703,2012-10-01,7976
20703,2012-11-01,7483
20703,2012-12-01,8113
20703,2013-01-01,7676
20703,2013-02-01,6703
20703,2013-03-01,8392
20703,2013-04-01,9172
20703,2013-05-01,9752
20703,2013-06-01,9894
20703,2013-07-01,10185
20703,2013-08-01,9478
20703,2013-09-01,8598
20703,2013-10-01,9317
20703,2013-11-01,9235
20703,2013-12-01,9946
20703,2014-01-01,8525
20703,2014-02-01,9304
20703,2014-03-01,8313
20703,2014-04-01,9425
20703,2014-05-01,10935
20703,2014-06-01,10009
20703,2014-07-01,10711
20703,2014-08-01,10050
20703,2014-09-01,10744
20703,2014-10-01,11112
20703,2014-11-01,9765
20703,2014-12-01,10495
20703,2015-01-01,10074
20703,2015-02-01,7358
20703,2015-03-01,9951
20703,2015-04-01,10360
20703,2015-05-01,7195
20703,2015-06-01,7571
20703,2015-07-01,7728
20703,2015-08-01,7206
20703,2015-09-01,6878
20703,2015-10-01,5976
20703,2015-11-01,6240
20703,2015-12-01,7089
20703,2016-01-01,4597
20703,2016-02-01,5037
20703,2016-03-01,6333
20703,2016-04-01,6100
20703,2016-05-01,6348
20703,2016-06-01,6642
20703,2016-07-01,6132
20703,2016-08-01,6751
20703,2016-09-01,5055
20703,2016-10-01,5272
20703,2016-11-01,6242
20703,2016-12-01,9008
20703,2017-01-01,5316
20703,2017-02-01,5614
20703,2017-03-01,6275
20703,2017-04-01,5828
20703,2017-05-01,7221
20703,2017-06-01,7476
20703,2017-07-01,7276
20703,2017-08-01,7409
20703,2017-09-01,5636
20703,2017-10-01,5664
20703,2017-11-01,5786
20703,2017-12-01,5670
20703,2018-01-01,5525
20703,2018-02-01,5195
20703,2018-03-01,5949
20703,2018-04-01,6123
20703,2018-05-01,6741
20703,2018-06-01,6825
20703,2018-07-01,6921
20703,2018-08-01,7177
20703,2018-09-01,6617
20703,2018-10-01,7304
20703,2018-11-01,6853
20703,2018-12-01,7358
20703,2019-01-01,5158
20703,2019-02-01,7456
20703,2019-03-01,6896
20703,2019-04-01,7141
20703,2019-05-01,7512
20703,2019-06-01,8003
20703,2019-07-01,8167
20703,2019-08-01,6605
20703,2019-09-01,7848
20703,2019-10-01,9526
20703,2019-11-01,8783
20703,2019-12-01,9077
20703,2020-01-01,7087
20703,2020-02-01,7222
20703,2020-03-01,8525
20703,2020-04-01,7463
20703,2020-05-01,7553
20703,2020-06-01,9464
20703,2020-07-01,10724
20703,2020-08-01,11586
20703,2020-09-01,11389
20703,2020-10-01,11832
20703,2020-11-01,11935
20703,2020-12-01,13007
20703,2021-01-01,9528
20703,2021-02-01,10787
20703,2021-03-01,14161
20703,2021-04-01,13223
20703,2021-05-01,14440
20703,2021-06-01,14262
20703,2021-07-01,13938
20703,2021-08-01,16272
20703,2021-09-01,15036
20703,2021-10-01,13534
20703,2021-11-01,13927
20703,2021-12-01,14058
20703,2022-01-01,11056
20703,2022-02-01,11104
20703,2022-03-01,14115
20703,2022-04-01,11140
20703,2022-05-01,13137
20703,2022-06-01,14013
20703,2022-07-01,14357
20703,2022-08-01,13908
20703,2022-09-01,13924
20703,2022-10-01,13038
20703,2022-11-01,12915
20703,2022-12-01,12757
20703,2023-01-01,11332
20703,2023-02-01,10799
20703,2023-03-01,14852
20703,2023-04-01,12219
20703,2023-05-01,12954
20703,2023-06-01,13024
20703,2023-07-01,12569
20703,2023-08-01,13544
20703,2023-09-01,14664
20703,2023-10-01,13807
20703,2023-11-01,13364
20703,2023-12-01,14430
20703,2024-01-01,13103
20703,2024-02-01,13546
20703,2024-03-01,15300
20703,2024-04-01,16203
20703,2024-05-01,17843
20703,2024-06-01,17749
20703,2024-07-01,18327
20703,2024-08-01,18633
20703,2024-09-01,17751
20703,2024-10-01,16305
20703,2024-11-01,14728
20703,2024-12-01,15266
20703,2025-01-01,14404
20703,2025-02-01,14466
20703,2025-03-01,13367
20703,2025-04-01,14340
20703,2025-05-01,14245
20703,2025-06-01,14704
20703,2025-07-01,14216
20703,2025-08-01,14362
20703,2025-09-01,15208
20703,2025-10-01,16698
20703,2025-11-01,14977
20703,2025-12-01,18142
20703,2026-01-01,13953
20703,2026-02-01,15510
20703,2026-03-01,21208
20703,2026-04-01,18498
20703,2026-05-01,20244
20703,2026-06-01,23075
20704,2011-03-01,5841
20704,2011-04-01,5818
20704,2011-05-01,6793
20704,2011-06-01,7062
20704,2011-07-01,7245
20704,2011-08-01,8166
20704,2011-09-01,7238
20704,2011-10-01,6017
20704,2011-11-01,7056
20704,2011-12-01,7443
20704,2012-01-01,6781
20704,2012-02-01,6069
20704,2012-03-01,7844
20704,2012-04-01,6490
20704,2012-05-01,7785
20704,2012-06-01,8158
20704,2012-07-01,8478
20704,2012-08-01,9711
20704,2012-09-01,7656
20704,2012-10-01,9290
20704,2012-11-01,8654
20704,2012-12-01,9256
20704,2013-01-01,8963
20704,2013-02-01,7846
20704,2013-03-01,9841
20704,2013-04-01,10826
20704,2013-05-01,11436
20704,2013-06-01,11576
20704,2013-07-01,11999
20704,2013-08-01,11305
20704,2013-09-01,10234
20704,2013-10-01,10808
20704,2013-11-01,10527
20704,2013-12-01,11215
20704,2014-01-01,9541
20704,2014-02-01,10326
20704,2014-03-01,9193
20704,2014-04-01,10376
20704,2014-05-01,12358
20704,2014-06-01,11336
20704,2014-07-01,12041
20704,2014-08-01,11378
20704,2014-09-01,12243
20704,2014-10-01,12597
20704,2014-11-01,11082
20704,2014-12-01,12377
20704,2015-01-01,11805
20704,2015-02-01,8504
20704,2015-03-01,11579
20704,2015-04-01,11898
20704,2015-05-01,8478
20704,2015-06-01,8832
20704,2015-07-01,8916
20704,2015-08-01,8308
20704,2015-09-01,7979
20704,2015-10-01,7036
20704,2015-11-01,7149
20704,2015-12-01,8190
20704,2016-01-01,5350
20704,2016-02-01,5804
20704,2016-03-01,7233
20704,2016-04-01,6889
20704,2016-05-01,7159
20704,2016-06-01,7456
20704,2016-07-01,6896
20704,2016-08-01,7578
20704,2016-09-01,5766
20704,2016-10-01,6044
20704,2016-11-01,7034
20704,2016-12-01,9825
20704,2017-01-01,5906
20704,2017-02-01,6113
20704,2017-03-01,6922
20704,2017-04-01,6306
20704,2017-05-01,7786
20704,2017-06-01,8019
20704,2017-07-01,7738
20704,2017-08-01,7995
20704,2017-09-01,6140
20704,2017-10-01,6234
20704,2017-11-01,6281
20704,2017-12-01,6224
20704,2018-01-01,6088
20704,2018-02-01,5768
20704,2018-03-01,6590
20704,2018-04-01,6888
20704,2018-05-01,7467
20704,2018-06-01,7604
20704,2018-07-01,7679
20704,2018-08-01,8065
20704,2018-09-01,7435
20704,2018-10-01,8278
20704,2018-11-01,7470
20704,2018-12-01,7930
20704,2019-01-01,5678
20704,2019-02-01,7958
20704,2019-03-01,7336
20704,2019-04-01,7635
20704,2019-05-01,8048
20704,2019-06-01,8487
20704,2019-07-01,8696
20704,2019-08-01,7244
20704,2019-09-01,8498
20704,2019-10-01,10337
20704,2019-11-01,9456
20704,2019-12-01,9740
20704,2020-01-01,7720
20704,2020-02-01,7824
20704,2020-03-01,9084
20704,2020-04-01,8039
20704,2020-05-01,8074
20704,2020-06-01,10098
20704,2020-07-01,11483
20704,2020-08-01,12742
20704,2020-09-01,12657
20704,2020-10-01,13078
20704,2020-11-01,13268
20704,2020-12-01,14651
20704,2021-01-01,10813
20704,2021-02-01,12167
20704,2021-03-01,15984
20704,2021-04-01,14984
20704,2021-05-01,16288
20704,2021-06-01,16323
20704,2021-07-01,15896
20704,2021-08-01,18984
20704,2021-09-01,17451
20704,2021-10-01,15918
20704,2021-11-01,16196
20704,2021-12-01,15830
20704,2022-01-01,12725
20704,2022-02-01,12671
20704,2022-03-01,16296
20704,2022-04-01,12955
20704,2022-05-01,15228
20704,2022-06-01,16257
20704,2022-07-01,16801
20704,2022-08-01,16350
20704,2022-09-01,16467
20704,2022-10-01,15222
20704,2022-11-01,15319
20704,2022-12-01,14718
20704,2023-01-01,13341
20704,2023-02-01,12502
20704,2023-03-01,17426
20704,2023-04-01,14219
20704,2023-05-01,15169
20704,2023-06-01,15204
20704,2023-07-01,14759
20704,2023-08-01,15757
20704,2023-09-01,16813
20704,2023-10-01,16142
20704,2023-11-01,15519
20704,2023-12-01,16716
20704,2024-01-01,15049
20704,2024-02-01,15605
20704,2024-03-01,17606
20704,2024-04-01,18686
20704,2024-05-01,20697
20704,2024-06-01,20615
20704,2024-07-01,21466
20704,2024-08-01,21634
20704,2024-09-01,20686
20704,2024-10-01,19476
20704,2024-11-01,17493
20704,2024-12-01,18017
20704,2025-01-01,17098
20704,2025-02-01,17928
20704,2025-03-01,17490
20704,2025-04-01,18617
20704,2025-05-01,18574
20704,2025-06-01,18790
20704,2025-07-01,18486
20704,2025-08-01,19095
20704,2025-09-01,20513
20704,2025-10-01,21992
20704,2025-11-01,19552
20704,2025-12-01,22278
20704,2026-01-01,17384
20704,2026-02-01,18810
20704,2026-03-01,25196
20704,2026-04-01,21803
20704,2026-05-01,23566
20704,2026-06-01,26575
20708,2011-03-01,520
20708,2011-04-01,554
20708,2011-05-01,499
20708,2011-06-01,629
20708,2011-07-01,627
20708,2011-08-01,425
20708,2011-09-01,623
20708,2011-10-01,436
20708,2011-11-01,647
20708,2011-12-01,740
20708,2012-01-01,708
20708,2012-02-01,588
20708,2012-03-01,557
20708,2012-04-01,556
20708,2012-05-01,597
20708,2012-06-01,511
20708,2012-07-01,698
20708,2012-08-01,857
20708,2012-09-01,634
20708,2012-10-01,769
20708,2012-11-01,1091
20708,2012-12-01,1117
20708,2013-01-01,1175
20708,2013-02-01,1158
20708,2013-03-01,1187
20708,2013-04-01,1344
20708,2013-05-01,1096
20708,2013-06-01,883
20708,2013-07-01,903
20708,2013-08-01,948
20708,2013-09-01,851
20708,2013-10-01,1071
20708,2013-11-01,1269
20708,2013-12-01,1835
20708,2014-01-01,1765
20708,2014-02-01,771
20708,2014-03-01,527
20708,2014-04-01,733
20708,2014-05-01,842
20708,2014-06-01,896
20708,2014-07-01,1213
20708,2014-08-01,1235
20708,2014-09-01,1233
20708,2014-10-01,1182
20708,2014-11-01,1075
20708,2014-12-01,1394
20708,2015-01-01,1109
20708,2015-02-01,717
20708,2015-03-01,812
20708,2015-04-01,703
20708,2015-05-01,769
20708,2015-06-01,1300
20708,2015-07-01,731
20708,2015-08-01,655
20708,2015-09-01,709
20708,2015-10-01,971
20708,2015-11-01,914
20708,2015-12-01,804
20708,2016-01-01,981
20708,2016-02-01,805
20708,2016-03-01,884
20708,2016-04-01,933
20708,2016-05-01,901
20708,2016-06-01,937
20708,2016-07-01,783
20708,2016-08-01,649
20708,2016-09-01,736
20708,2016-10-01,935
20708,2016-11-01,1060
20708,2016-12-01,1241
20708,2017-01-01,975
20708,2017-02-01,822
20708,2017-03-01,767
20708,2017-04-01,764
20708,2017-05-01,920
20708,2017-06-01,1071
20708,2017-07-01,929
20708,2017-08-01,665
20708,2017-09-01,732
20708,2017-10-01,1106
20708,2017-11-01,1102
20708,2017-12-01,994
20708,2018-01-01,716
20708,2018-02-01,546
20708,2018-03-01,774
20708,2018-04-01,763
20708,2018-05-01,829
20708,2018-06-01,826
20708,2018-07-01,737
20708,2018-08-01,762
20708,2018-09-01,991
20708,2018-10-01,1494
20708,2018-11-01,1358
20708,2018-12-01,1142
20708,2019-01-01,1083
20708,2019-02-01,814
20708,2019-03-01,830
20708,2019-04-01,869
20708,2019-05-01,856
20708,2019-06-01,506
20708,2019-07-01,475
20708,2019-08-01,700
20708,2019-09-01,1150
20708,2019-10-01,1562
20708,2019-11-01,1723
20708,2019-12-01,1262
20708,2020-01-01,685
20708,2020-02-01,636
20708,2020-03-01,747
20708,2020-04-01,571
20708,2020-05-01,626
20708,2020-06-01,553
20708,2020-07-01,436
20708,2020-08-01,1256
20708,2020-09-01,1879
20708,2020-10-01,2203
20708,2020-11-01,1950
20708,2020-12-01,1379
20708,2021-01-01,791
20708,2021-02-01,535
20708,2021-03-01,463
20708,2021-04-01,397
20708,2021-05-01,336
20708,2021-06-01,202
20708,2021-07-01,496
20708,2021-08-01,1409
20708,2021-09-01,1715
20708,2021-10-01,1354
20708,2021-11-01,1397
20708,2021-12-01,1239
20708,2022-01-01,700
20708,2022-02-01,565
20708,2022-03-01,464
20708,2022-04-01,341
20708,2022-05-01,306
20708,2022-06-01,344
20708,2022-07-01,574
20708,2022-08-01,2433
20708,2022-09-01,3090
20708,2022-10-01,2309
20708,2022-11-01,1547
20708,2022-12-01,1223
20708,2023-01-01,743
20708,2023-02-01,812
20708,2023-03-01,1030
20708,2023-04-01,615
20708,2023-05-01,482
20708,2023-06-01,857
20708,2023-07-01,1347
20708,2023-08-01,2684
20708,2023-09-01,2713
20708,2023-10-01,2926
20708,2023-11-01,2142
20708,2023-12-01,1730
20708,2024-01-01,1258
20708,2024-02-01,1227
20708,2024-03-01,1279
20708,2024-04-01,1094
20708,2024-05-01,1093
20708,2024-06-01,833
20708,2024-07-01,798
20708,2024-08-01,2224
20708,2024-09-01,2712
20708,2024-10-01,3267
20708,2024-11-01,2836
20708,2024-12-01,3793
20708,2025-01-01,2556
20708,2025-02-01,1423
20708,2025-03-01,1040
20708,2025-04-01,1079
20708,2025-05-01,1355
20708,2025-06-01,1246
20708,2025-07-01,1056
20708,2025-08-01,2065
20708,2025-09-01,2088
20708,2025-10-01,2395
20708,2025-11-01,1451
20708,2025-12-01,1993
20708,2026-01-01,1395
20708,2026-02-01,1400
20708,2026-03-01,2397
20708,2026-04-01,1842
20708,2026-05-01,1518
20708,2026-06-01,1458
20712,2011-03-01,320
20712,2011-04-01,333
20712,2011-05-01,348
20712,2011-06-01,331
20712,2011-07-01,298
20712,2011-08-01,330
20712,2011-09-01,303
20712,2011-10-01,346
20712,2011-11-01,486
20712,2011-12-01,535
20712,2012-01-01,365
20712,2012-02-01,362
20712,2012-03-01,445
20712,2012-04-01,453
20712,2012-05-01,544
20712,2012-06-01,519
20712,2012-07-01,470
20712,2012-08-01,532
20712,2012-09-01,457
20712,2012-10-01,776
20712,2012-11-01,802
20712,2012-12-01,786
20712,2013-01-01,631
20712,2013-02-01,570
20712,2013-03-01,638
20712,2013-04-01,688
20712,2013-05-01,728
20712,2013-06-01,769
20712,2013-07-01,643
20712,2013-08-01,716
20712,2013-09-01,689
20712,2013-10-01,994
20712,2013-11-01,1119
20712,2013-12-01,1292
20712,2014-01-01,831
20712,2014-02-01,750
20712,2014-03-01,719
20712,2014-04-01,786
20712,2014-05-01,1023
20712,2014-06-01,1029
20712,2014-07-01,1008
20712,2014-08-01,1023
20712,2014-09-01,1028
20712,2014-10-01,895
20712,2014-11-01,992
20712,2014-12-01,1123
20712,2015-01-01,893
20712,2015-02-01,775
20712,2015-03-01,875
20712,2015-04-01,845
20712,2015-05-01,934
20712,2015-06-01,1020
20712,2015-07-01,1025
20712,2015-08-01,976
20712,2015-09-01,853
20712,2015-10-01,733
20712,2015-11-01,943
20712,2015-12-01,1116
20712,2016-01-01,757
20712,2016-02-01,765
20712,2016-03-01,785
20712,2016-04-01,812
20712,2016-05-01,896
20712,2016-06-01,998
20712,2016-07-01,869
20712,2016-08-01,750
20712,2016-09-01,645
20712,2016-10-01,791
20712,2016-11-01,889
20712,2016-12-01,1004
20712,2017-01-01,656
20712,2017-02-01,716
20712,2017-03-01,749
20712,2017-04-01,685
20712,2017-05-01,847
20712,2017-06-01,896
20712,2017-07-01,789
20712,2017-08-01,855
20712,2017-09-01,729
20712,2017-10-01,796
20712,2017-11-01,902
20712,2017-12-01,990
20712,2018-01-01,824
20712,2018-02-01,722
20712,2018-03-01,805
20712,2018-04-01,857
20712,2018-05-01,936
20712,2018-06-01,999
20712,2018-07-01,866
20712,2018-08-01,942
20712,2018-09-01,808
20712,2018-10-01,929
20712,2018-11-01,988
20712,2018-12-01,1091
20712,2019-01-01,926
20712,2019-02-01,893
20712,2019-03-01,896
20712,2019-04-01,1015
20712,2019-05-01,1095
20712,2019-06-01,1143
20712,2019-07-01,1146
20712,2019-08-01,1130
20712,2019-09-01,1076
20712,2019-10-01,1250
20712,2019-11-01,1302
20712,2019-12-01,1438
20712,2020-01-01,1166
20712,2020-02-01,1114
20712,2020-03-01,958
20712,2020-04-01,1293
20712,2020-05-01,851
20712,2020-06-01,1114
20712,2020-07-01,1015
20712,2020-08-01,988
20712,2020-09-01,768
20712,2020-10-01,1307
20712,2020-11-01,1508
20712,2020-12-01,1621
20712,2021-01-01,1119
20712,2021-02-01,1221
20712,2021-03-01,1395
20712,2021-04-01,1245
20712,2021-05-01,1449
20712,2021-06-01,1498
20712,2021-07-01,1428
20712,2021-08-01,1368
20712,2021-09-01,1261
20712,2021-10-01,1196
20712,2021-11-01,1431
20712,2021-12-01,1589
20712,2022-01-01,1144
20712,2022-02-01,1174
20712,2022-03-01,1337
20712,2022-04-01,1764
20712,2022-05-01,1856
20712,2022-06-01,1879
20712,2022-07-01,1792
20712,2022-08-01,1558
20712,2022-09-01,1309
20712,2022-10-01,1224
20712,2022-11-01,1291
20712,2022-12-01,1341
20712,2023-01-01,1272
20712,2023-02-01,1122
20712,2023-03-01,1338
20712,2023-04-01,1085
20712,2023-05-01,1260
20712,2023-06-01,1279
20712,2023-07-01,1217
20712,2023-08-01,1374
20712,2023-09-01,1235
20712,2023-10-01,1286
20712,2023-11-01,1381
20712,2023-12-01,1633
20712,2024-01-01,1257
20712,2024-02-01,1260
20712,2024-03-01,1265
20712,2024-04-01,1455
20712,2024-05-01,1608
20712,2024-06-01,1713
20712,2024-07-01,1630
20712,2024-08-01,1570
20712,2024-09-01,1635
20712,2024-10-01,1685
20712,2024-11-01,1742
20712,2024-12-01,1775
20712,2025-01-01,1590
20712,2025-02-01,1667
20712,2025-03-01,1583
20712,2025-04-01,1576
20712,2025-05-01,1780
20712,2025-06-01,1724
20712,2025-07-01,1644
20712,2025-08-01,1486
20712,2025-09-01,1598
20712,2025-10-01,1567
20712,2025-11-01,1591
20712,2025-12-01,1532
20712,2026-01-01,1045
20712,2026-02-01,1041
20712,2026-03-01,1221
20712,2026-04-01,1195
20712,2026-05-01,1328
20712,2026-06-01,1408
20713,2011-03-01,47
20713,2011-04-01,52
20713,2011-05-01,117
20713,2011-06-01,110
20713,2011-07-01,93
20713,2011-08-01,113
20713,2011-09-01,139
20713,2011-10-01,135
20713,2011-11-01,130
20713,2011-12-01,157
20713,2012-01-01,106
20713,2012-02-01,100
20713,2012-03-01,88
20713,2012-04-01,108
20713,2012-05-01,129
20713,2012-06-01,203
20713,2012-07-01,86
20713,2012-08-01,96
20713,2012-09-01,105
20713,2012-10-01,165
20713,2012-11-01,199
20713,2012-12-01,209
20713,2013-01-01,69
20713,2013-02-01,100
20713,2013-03-01,133
20713,2013-04-01,121
20713,2013-05-01,183
20713,2013-06-01,499
20713,2013-07-01,500
20713,2013-08-01,380
20713,2013-09-01,284
20713,2013-10-01,376
20713,2013-11-01,346
20713,2013-12-01,538
20713,2014-01-01,326
20713,2014-02-01,394
20713,2014-03-01,278
20713,2014-04-01,264
20713,2014-05-01,372
20713,2014-06-01,495
20713,2014-07-01,383
20713,2014-08-01,254
20713,2014-09-01,341
20713,2014-10-01,331
20713,2014-11-01,264
20713,2014-12-01,285
20713,2015-01-01,169
20713,2015-02-01,130
20713,2015-03-01,69
20713,2015-04-01,54
20713,2015-05-01,35
20713,2015-06-01,48
20713,2015-07-01,32
20713,2015-08-01,31
20713,2015-09-01,53
20713,2015-10-01,48
20713,2015-11-01,70
20713,2015-12-01,66
20713,2016-01-01,23
20713,2016-02-01,16
20713,2016-03-01,23
20713,2016-04-01,34
20713,2016-05-01,24
20713,2016-06-01,26
20713,2016-07-01,21
20713,2016-08-01,45
20713,2016-09-01,32
20713,2016-10-01,6
20713,2016-11-01,28
20713,2016-12-01,50
20713,2017-01-01,12
20713,2017-02-01,7
20713,2017-03-01,12
20713,2017-04-01,6
20713,2017-05-01,15
20713,2017-06-01,11
20713,2017-07-01,9
20713,2017-08-01,19
20713,2017-09-01,11
20713,2017-10-01,18
20713,2017-11-01,25
20713,2017-12-01,21
20713,2018-01-01,10
20713,2018-02-01,9
20713,2018-03-01,13
20713,2018-04-01,12
20713,2018-05-01,10
20713,2018-06-01,9
20713,2018-07-01,21
20713,2018-08-01,17
20713,2018-09-01,35
20713,2018-10-01,48
20713,2018-11-01,41
20713,2018-12-01,18
20713,2019-01-01,8
20713,2019-02-01,7
20713,2019-03-01,15
20713,2019-04-01,15
20713,2019-05-01,11
20713,2019-06-01,13
20713,2019-07-01,38
20713,2019-08-01,73
20713,2019-09-01,79
20713,2019-10-01,73
20713,2019-11-01,33
20713,2019-12-01,39
20713,2020-01-01,91
20713,2020-02-01,56
20713,2020-03-01,57
20713,2020-04-01,38
20713,2020-05-01,24
20713,2020-06-01,29
20713,2020-07-01,47
20713,2020-08-01,67
20713,2020-09-01,105
20713,2020-10-01,158
20713,2020-11-01,107
20713,2020-12-01,58
20713,2021-01-01,61
20713,2021-02-01,77
20713,2021-03-01,66
20713,2021-04-01,52
20713,2021-05-01,49
20713,2021-06-01,36
20713,2021-07-01,115
20713,2021-08-01,142
20713,2021-09-01,136
20713,2021-10-01,175
20713,2021-11-01,46
20713,2021-12-01,56
20713,2022-01-01,68
20713,2022-02-01,73
20713,2022-03-01,64
20713,2022-04-01,49
20713,2022-05-01,45
20713,2022-06-01,32
20713,2022-07-01,78
20713,2022-08-01,64
20713,2022-09-01,441
20713,2022-10-01,95
20713,2022-11-01,56
20713,2022-12-01,35
20713,2023-01-01,37
20713,2023-02-01,41
20713,2023-03-01,105
20713,2023-04-01,32
20713,2023-05-01,46
20713,2023-06-01,99
20713,2023-07-01,106
20713,2023-08-01,882
20713,2023-09-01,607
20713,2023-10-01,222
20713,2023-11-01,183
20713,2023-12-01,131
20713,2024-01-01,118
20713,2024-02-01,141
20713,2024-03-01,148
20713,2024-04-01,180
20713,2024-05-01,159
20713,2024-06-01,121
20713,2024-07-01,125
20713,2024-08-01,143
20713,2024-09-01,286
20713,2024-10-01,174
20713,2024-11-01,98
20713,2024-12-01,135
20713,2025-01-01,114
20713,2025-02-01,109
20713,2025-03-01,181
20713,2025-04-01,255
20713,2025-05-01,377
20713,2025-06-01,147
20713,2025-07-01,99
20713,2025-08-01,253
20713,2025-09-01,405
20713,2025-10-01,182
20713,2025-11-01,139
20713,2025-12-01,69
20713,2026-01-01,43
20713,2026-02-01,76
20713,2026-03-01,72
20713,2026-04-01,43
20713,2026-05-01,360
20713,2026-06-01,524
24439,2011-03-01,215510
24439,2011-04-01,216408
24439,2011-05-01,216023
24439,2011-06-01,219303
24439,2011-07-01,236541
24439,2011-08-01,240813
24439,2011-09-01,233794
24439,2011-10-01,232458
24439,2011-11-01,234541
24439,2011-12-01,228315
24439,2012-01-01,231718
24439,2012-02-01,227459
24439,2012-03-01,233864
24439,2012-04-01,237132
24439,2012-05-01,243625
24439,2012-06-01,240208
24439,2012-07-01,249560
24439,2012-08-01,246198
24439,2012-09-01,250671
24439,2012-10-01,267715
24439,2012-11-01,254251
24439,2012-12-01,258702
24439,2013-01-01,259934
24439,2013-02-01,264413
24439,2013-03-01,258341
24439,2013-04-01,263470
24439,2013-05-01,278869
24439,2013-06-01,275954
24439,2013-07-01,267530
24439,2013-08-01,274187
24439,2013-09-01,265331
24439,2013-10-01,269201
24439,2013-11-01,272565
24439,2013-12-01,278523
24439,2014-01-01,280405
24439,2014-02-01,284750
24439,2014-03-01,285430
24439,2014-04-01,283800
24439,2014-05-01,278756
24439,2014-06-01,278299
24439,2014-07-01,276926
24439,2014-08-01,280368
24439,2014-09-01,287651
24439,2014-10-01,282483
24439,2014-11-01,272974
24439,2014-12-01,280284
24439,2015-01-01,288960
24439,2015-02-01,267107
24439,2015-03-01,278469
24439,2015-04-01,279781
24439,2015-05-01,274515
24439,2015-06-01,275066
24439,2015-07-01,273053
24439,2015-08-01,269825
24439,2015-09-01,274711
24439,2015-10-01,265963
24439,2015-11-01,266159
24439,2015-12-01,262936
24439,2016-01-01,253916
24439,2016-02-01,251130
24439,2016-03-01,250020
24439,2016-04-01,249019
24439,2016-05-01,251594
24439,2016-06-01,249916
24439,2016-07-01,250660
24439,2016-08-01,245152
24439,2016-09-01,247299
24439,2016-10-01,251485
24439,2016-11-01,247175
24439,2016-12-01,244925
24439,2017-01-01,250549
24439,2017-02-01,237833
24439,2017-03-01,258686
24439,2017-04-01,253163
24439,2017-05-01,253391
24439,2017-06-01,266493
24439,2017-07-01,257604
24439,2017-08-01,259362
24439,2017-09-01,258569
24439,2017-10-01,265375
24439,2017-11-01,267811
24439,2017-12-01,272629
24439,2018-01-01,276544
24439,2018-02-01,285311
24439,2018-03-01,280706
24439,2018-04-01,281974
24439,2018-05-01,284394
24439,2018-06-01,285306
24439,2018-07-01,289098
24439,2018-08-01,301408
24439,2018-09-01,294823
24439,2018-10-01,300303
24439,2018-11-01,305817
24439,2018-12-01,307109
24439,2019-01-01,310731
24439,2019-02-01,312070
24439,2019-03-01,316226
24439,2019-04-01,312897
24439,2019-05-01,325410
24439,2019-06-01,330299
24439,2019-07-01,331992
24439,2019-08-01,335712
24439,2019-09-01,336603
24439,2019-10-01,339263
24439,2019-11-01,347513
24439,2019-12-01,356008
24439,2020-01-01,352506
24439,2020-02-01,359335
24439,2020-03-01,381420
24439,2020-04-01,314585
24439,2020-05-01,302098
24439,2020-06-01,315176
24439,2020-07-01,346929
24439,2020-08-01,358292
24439,2020-09-01,367646
24439,2020-10-01,367771
24439,2020-11-01,380506
24439,2020-12-01,349443
24439,2021-01-01,346183
24439,2021-02-01,370935
24439,2021-03-01,383381
24439,2021-04-01,402341
24439,2021-05-01,412012
24439,2021-06-01,422217
24439,2021-07-01,438291
24439,2021-08-01,437909
24439,2021-09-01,450545
24439,2021-10-01,463558
24439,2021-11-01,453697
24439,2021-12-01,429634
24439,2022-01-01,466008
24439,2022-02-01,465876
24439,2022-03-01,514552
24439,2022-04-01,512727
24439,2022-05-01,514514
24439,2022-06-01,511547
24439,2022-07-01,531443
24439,2022-08-01,535850
24439,2022-09-01,535830
24439,2022-10-01,549657
24439,2022-11-01,495644
24439,2022-12-01,486999
24439,2023-01-01,505721
24439,2023-02-01,497354
24439,2023-03-01,496536
24439,2023-04-01,492719
24439,2023-05-01,505777
24439,2023-06-01,512811
24439,2023-07-01,522021
24439,2023-08-01,531232
24439,2023-09-01,546185
24439,2023-10-01,545165
24439,2023-11-01,550469
24439,2023-12-01,550708
24439,2024-01-01,565477
24439,2024-02-01,562603
24439,2024-03-01,574536
24439,2024-04-01,558475
24439,2024-05-01,575693
24439,2024-06-01,603803
24439,2024-07-01,609793
24439,2024-08-01,617985
24439,2024-09-01,611736
24439,2024-10-01,618922
24439,2024-11-01,620033
24439,2024-12-01,623930
24439,2025-01-01,624140
24439,2025-02-01,641103
24439,2025-03-01,649491
24439,2025-04-01,668236
24439,2025-05-01,654598
24439,2025-06-01,642550
24439,2025-07-01,643121
24439,2025-08-01,648686
24439,2025-09-01,660834
24439,2025-10-01,664540
24439,2025-11-01,650509
24439,2025-12-01,694273
24439,2026-01-01,705880
24439,2026-02-01,705471
24439,2026-03-01,702283
24439,2026-04-01,718401
24439,2026-05-01,727711
24439,2026-06-01,730820
24440,2011-03-01,123263
24440,2011-04-01,124703
24440,2011-05-01,124083
24440,2011-06-01,122444
24440,2011-07-01,136806
24440,2011-08-01,140350
24440,2011-09-01,129341
24440,2011-10-01,131268
24440,2011-11-01,133877
24440,2011-12-01,127883
24440,2012-01-01,130841
24440,2012-02-01,127264
24440,2012-03-01,132066
24440,2012-04-01,135940
24440,2012-05-01,139801
24440,2012-06-01,134604
24440,2012-07-01,145777
24440,2012-08-01,142496
24440,2012-09-01,142409
24440,2012-10-01,152976
24440,2012-11-01,143112
24440,2012-12-01,145889
24440,2013-01-01,143443
24440,2013-02-01,147651
24440,2013-03-01,141915
24440,2013-04-01,143097
24440,2013-05-01,159068
24440,2013-06-01,151655
24440,2013-07-01,143856
24440,2013-08-01,147718
24440,2013-09-01,144346
24440,2013-10-01,147104
24440,2013-11-01,148176
24440,2013-12-01,148926
24440,2014-01-01,150789
24440,2014-02-01,153796
24440,2014-03-01,154646
24440,2014-04-01,150897
24440,2014-05-01,146201
24440,2014-06-01,146858
24440,2014-07-01,143028
24440,2014-08-01,146152
24440,2014-09-01,148195
24440,2014-10-01,143411
24440,2014-11-01,142933
24440,2014-12-01,144534
24440,2015-01-01,148290
24440,2015-02-01,136658
24440,2015-03-01,144189
24440,2015-04-01,145993
24440,2015-05-01,143755
24440,2015-06-01,144177
24440,2015-07-01,143657
24440,2015-08-01,137059
24440,2015-09-01,141994
24440,2015-10-01,138919
24440,2015-11-01,137953
24440,2015-12-01,135085
24440,2016-01-01,128292
24440,2016-02-01,123831
24440,2016-03-01,123615
24440,2016-04-01,123157
24440,2016-05-01,125198
24440,2016-06-01,121393
24440,2016-07-01,121561
24440,2016-08-01,115152
24440,2016-09-01,120716
24440,2016-10-01,119997
24440,2016-11-01,117641
24440,2016-12-01,113331
24440,2017-01-01,117510
24440,2017-02-01,108765
24440,2017-03-01,118568
24440,2017-04-01,115501
24440,2017-05-01,114090
24440,2017-06-01,125753
24440,2017-07-01,115403
24440,2017-08-01,117548
24440,2017-09-01,116532
24440,2017-10-01,121179
24440,2017-11-01,122329
24440,2017-12-01,127613
24440,2018-01-01,124946
24440,2018-02-01,134234
24440,2018-03-01,128867
24440,2018-04-01,134522
24440,2018-05-01,133425
24440,2018-06-01,133875
24440,2018-07-01,136096
24440,2018-08-01,140362
24440,2018-09-01,134497
24440,2018-10-01,138101
24440,2018-11-01,136176
24440,2018-12-01,141294
24440,2019-01-01,141963
24440,2019-02-01,141423
24440,2019-03-01,141632
24440,2019-04-01,138008
24440,2019-05-01,150389
24440,2019-06-01,151743
24440,2019-07-01,148743
24440,2019-08-01,150123
24440,2019-09-01,153179
24440,2019-10-01,152066
24440,2019-11-01,160426
24440,2019-12-01,158760
24440,2020-01-01,155514
24440,2020-02-01,161817
24440,2020-03-01,200832
24440,2020-04-01,164292
24440,2020-05-01,148775
24440,2020-06-01,147899
24440,2020-07-01,172358
24440,2020-08-01,168294
24440,2020-09-01,169466
24440,2020-10-01,159419
24440,2020-11-01,174149
24440,2020-12-01,149567
24440,2021-01-01,146625
24440,2021-02-01,163679
24440,2021-03-01,177727
24440,2021-04-01,184030
24440,2021-05-01,184601
24440,2021-06-01,189232
24440,2021-07-01,198036
24440,2021-08-01,188332
24440,2021-09-01,199168
24440,2021-10-01,206331
24440,2021-11-01,202641
24440,2021-12-01,190311
24440,2022-01-01,216004
24440,2022-02-01,219500
24440,2022-03-01,234265
24440,2022-04-01,231511
24440,2022-05-01,232468
24440,2022-06-01,224766
24440,2022-07-01,233815
24440,2022-08-01,238059
24440,2022-09-01,230578
24440,2022-10-01,232867
24440,2022-11-01,224151
24440,2022-12-01,217139
24440,2023-01-01,227542
24440,2023-02-01,221453
24440,2023-03-01,216358
24440,2023-04-01,214994
24440,2023-05-01,221233
24440,2023-06-01,229104
24440,2023-07-01,224607
24440,2023-08-01,227392
24440,2023-09-01,238503
24440,2023-10-01,235522
24440,2023-11-01,241279
24440,2023-12-01,244488
24440,2024-01-01,245454
24440,2024-02-01,244800
24440,2024-03-01,254106
24440,2024-04-01,249429
24440,2024-05-01,246040
24440,2024-06-01,271386
24440,2024-07-01,273441
24440,2024-08-01,281176
24440,2024-09-01,273852
24440,2024-10-01,282485
24440,2024-11-01,285676
24440,2024-12-01,283210
24440,2025-01-01,283329
24440,2025-02-01,291915
24440,2025-03-01,286954
24440,2025-04-01,311686
24440,2025-05-01,300447
24440,2025-06-01,280804
24440,2025-07-01,288599
24440,2025-08-01,284739
24440,2025-09-01,294833
24440,2025-10-01,292765
24440,2025-11-01,282444
24440,2025-12-01,320459
24440,2026-01-01,327464
24440,2026-02-01,322394
24440,2026-03-01,317731
24440,2026-04-01,334288
24440,2026-05-01,333614
24440,2026-06-01,338212
24441,2011-03-01,92808
24441,2011-04-01,91630
24441,2011-05-01,93051
24441,2011-06-01,96238
24441,2011-07-01,99489
24441,2011-08-01,101051
24441,2011-09-01,104413
24441,2011-10-01,100623
24441,2011-11-01,100472
24441,2011-12-01,99840
24441,2012-01-01,100476
24441,2012-02-01,100253
24441,2012-03-01,101765
24441,2012-04-01,102097
24441,2012-05-01,104854
24441,2012-06-01,104734
24441,2012-07-01,104155
24441,2012-08-01,104225
24441,2012-09-01,107351
24441,2012-10-01,114629
24441,2012-11-01,111248
24441,2012-12-01,112835
24441,2013-01-01,115623
24441,2013-02-01,116765
24441,2013-03-01,116763
24441,2013-04-01,120410
24441,2013-05-01,121423
24441,2013-06-01,122950
24441,2013-07-01,123919
24441,2013-08-01,125819
24441,2013-09-01,121395
24441,2013-10-01,122408
24441,2013-11-01,124299
24441,2013-12-01,130314
24441,2014-01-01,128813
24441,2014-02-01,130756
24441,2014-03-01,131068
24441,2014-04-01,132861
24441,2014-05-01,133091
24441,2014-06-01,131994
24441,2014-07-01,133829
24441,2014-08-01,133878
24441,2014-09-01,138467
24441,2014-10-01,138938
24441,2014-11-01,130626
24441,2014-12-01,137365
24441,2015-01-01,139672
24441,2015-02-01,130062
24441,2015-03-01,134754
24441,2015-04-01,133748
24441,2015-05-01,130963
24441,2015-06-01,131374
24441,2015-07-01,130415
24441,2015-08-01,131628
24441,2015-09-01,131348
24441,2015-10-01,126563
24441,2015-11-01,128523
24441,2015-12-01,127343
24441,2016-01-01,124918
24441,2016-02-01,126796
24441,2016-03-01,126152
24441,2016-04-01,126529
24441,2016-05-01,127463
24441,2016-06-01,128827
24441,2016-07-01,129458
24441,2016-08-01,128820
24441,2016-09-01,125465
24441,2016-10-01,130622
24441,2016-11-01,129886
24441,2016-12-01,132410
24441,2017-01-01,132426
24441,2017-02-01,128105
24441,2017-03-01,140973
24441,2017-04-01,137358
24441,2017-05-01,140305
24441,2017-06-01,142235
24441,2017-07-01,141723
24441,2017-08-01,139653
24441,2017-09-01,141261
24441,2017-10-01,143832
24441,2017-11-01,145801
24441,2017-12-01,145813
24441,2018-01-01,151013
24441,2018-02-01,150543
24441,2018-03-01,151352
24441,2018-04-01,149183
24441,2018-05-01,152811
24441,2018-06-01,152551
24441,2018-07-01,153713
24441,2018-08-01,158785
24441,2018-09-01,158086
24441,2018-10-01,160313
24441,2018-11-01,168970
24441,2018-12-01,167086
24441,2019-01-01,167649
24441,2019-02-01,170615
24441,2019-03-01,174892
24441,2019-04-01,176107
24441,2019-05-01,177712
24441,2019-06-01,180829
24441,2019-07-01,183519
24441,2019-08-01,181664
24441,2019-09-01,181946
24441,2019-10-01,184649
24441,2019-11-01,186469
24441,2019-12-01,200779
24441,2020-01-01,195385
24441,2020-02-01,198640
24441,2020-03-01,177311
24441,2020-04-01,152300
24441,2020-05-01,155695
24441,2020-06-01,169778
24441,2020-07-01,175874
24441,2020-08-01,186276
24441,2020-09-01,195552
24441,2020-10-01,203271
24441,2020-11-01,204883
24441,2020-12-01,204338
24441,2021-01-01,196826
24441,2021-02-01,209971
24441,2021-03-01,204638
24441,2021-04-01,221753
24441,2021-05-01,230310
24441,2021-06-01,236905
24441,2021-07-01,239387
24441,2021-08-01,245333
24441,2021-09-01,246820
24441,2021-10-01,250758
24441,2021-11-01,250696
24441,2021-12-01,245748
24441,2022-01-01,249545
24441,2022-02-01,251183
24441,2022-03-01,278898
24441,2022-04-01,286845
24441,2022-05-01,284175
24441,2022-06-01,289380
24441,2022-07-01,296303
24441,2022-08-01,294195
24441,2022-09-01,300967
24441,2022-10-01,308051
24441,2022-11-01,270744
24441,2022-12-01,273770
24441,2023-01-01,278372
24441,2023-02-01,279875
24441,2023-03-01,281186
24441,2023-04-01,281390
24441,2023-05-01,285141
24441,2023-06-01,285234
24441,2023-07-01,294001
24441,2023-08-01,300417
24441,2023-09-01,304123
24441,2023-10-01,304592
24441,2023-11-01,309695
24441,2023-12-01,310894
24441,2024-01-01,321415
24441,2024-02-01,320172
24441,2024-03-01,321323
24441,2024-04-01,314942
24441,2024-05-01,329174
24441,2024-06-01,329776
24441,2024-07-01,333921
24441,2024-08-01,333981
24441,2024-09-01,335645
24441,2024-10-01,333454
24441,2024-11-01,335656
24441,2024-12-01,344058
24441,2025-01-01,344301
24441,2025-02-01,350530
24441,2025-03-01,364828
24441,2025-04-01,363083
24441,2025-05-01,351232
24441,2025-06-01,360752
24441,2025-07-01,351141
24441,2025-08-01,361838
24441,2025-09-01,362958
24441,2025-10-01,368936
24441,2025-11-01,369551
24441,2025-12-01,377400
24441,2026-01-01,383243
24441,2026-02-01,383896
24441,2026-03-01,388818
24441,2026-04-01,388037
24441,2026-05-01,389892
24441,2026-06-01,389175
24442,2011-03-01,189803
24442,2011-04-01,190781
24442,2011-05-01,189905
24442,2011-06-01,195461
24442,2011-07-01,203374
24442,2011-08-01,212540
24442,2011-09-01,204322
24442,2011-10-01,203581
24442,2011-11-01,203735
24442,2011-12-01,201375
24442,2012-01-01,202232
24442,2012-02-01,199475
24442,2012-03-01,206520
24442,2012-04-01,208259
24442,2012-05-01,214644
24442,2012-06-01,214438
24442,2012-07-01,214084
24442,2012-08-01,212547
24442,2012-09-01,215407
24442,2012-10-01,229101
24442,2012-11-01,218613
24442,2012-12-01,214606
24442,2013-01-01,222934
24442,2013-02-01,224002
24442,2013-03-01,218121
24442,2013-04-01,221677
24442,2013-05-01,231802
24442,2013-06-01,226478
24442,2013-07-01,228273
24442,2013-08-01,232001
24442,2013-09-01,224683
24442,2013-10-01,228424
24442,2013-11-01,228576
24442,2013-12-01,230428
24442,2014-01-01,231360
24442,2014-02-01,236521
24442,2014-03-01,238626
24442,2014-04-01,239737
24442,2014-05-01,235151
24442,2014-06-01,234712
24442,2014-07-01,234072
24442,2014-08-01,235413
24442,2014-09-01,240870
24442,2014-10-01,239222
24442,2014-11-01,230375
24442,2014-12-01,238889
24442,2015-01-01,243952
24442,2015-02-01,230431
24442,2015-03-01,238187
24442,2015-04-01,241290
24442,2015-05-01,238019
24442,2015-06-01,238268
24442,2015-07-01,236128
24442,2015-08-01,234559
24442,2015-09-01,237835
24442,2015-10-01,232358
24442,2015-11-01,231741
24442,2015-12-01,230458
24442,2016-01-01,223356
24442,2016-02-01,222445
24442,2016-03-01,220488
24442,2016-04-01,218383
24442,2016-05-01,221570
24442,2016-06-01,219370
24442,2016-07-01,219289
24442,2016-08-01,217627
24442,2016-09-01,218919
24442,2016-10-01,225684
24442,2016-11-01,219064
24442,2016-12-01,216941
24442,2017-01-01,221931
24442,2017-02-01,210545
24442,2017-03-01,231648
24442,2017-04-01,223778
24442,2017-05-01,225541
24442,2017-06-01,236864
24442,2017-07-01,230191
24442,2017-08-01,232315
24442,2017-09-01,231971
24442,2017-10-01,237277
24442,2017-11-01,241989
24442,2017-12-01,249754
24442,2018-01-01,250120
24442,2018-02-01,259578
24442,2018-03-01,253071
24442,2018-04-01,253337
24442,2018-05-01,255183
24442,2018-06-01,258445
24442,2018-07-01,260568
24442,2018-08-01,268567
24442,2018-09-01,267169
24442,2018-10-01,272309
24442,2018-11-01,277917
24442,2018-12-01,281993
24442,2019-01-01,284612
24442,2019-02-01,286009
24442,2019-03-01,287089
24442,2019-04-01,286324
24442,2019-05-01,296798
24442,2019-06-01,301668
24442,2019-07-01,305685
24442,2019-08-01,306690
24442,2019-09-01,305616
24442,2019-10-01,305518
24442,2019-11-01,315505
24442,2019-12-01,335921
24442,2020-01-01,322355
24442,2020-02-01,334001
24442,2020-03-01,348419
24442,2020-04-01,280209
24442,2020-05-01,264600
24442,2020-06-01,279343
24442,2020-07-01,290150
24442,2020-08-01,295660
24442,2020-09-01,306048
24442,2020-10-01,317582
24442,2020-11-01,332636
24442,2020-12-01,318185
24442,2021-01-01,311368
24442,2021-02-01,335872
24442,2021-03-01,339434
24442,2021-04-01,353588
24442,2021-05-01,363208
24442,2021-06-01,376955
24442,2021-07-01,376021
24442,2021-08-01,387279
24442,2021-09-01,397400
24442,2021-10-01,411008
24442,2021-11-01,411185
24442,2021-12-01,400300
24442,2022-01-01,421376
24442,2022-02-01,427620
24442,2022-03-01,465441
24442,2022-04-01,462816
24442,2022-05-01,460142
24442,2022-06-01,454698
24442,2022-07-01,466689
24442,2022-08-01,468723
24442,2022-09-01,467397
24442,2022-10-01,483452
24442,2022-11-01,443762
24442,2022-12-01,445843
24442,2023-01-01,451812
24442,2023-02-01,450406
24442,2023-03-01,440375
24442,2023-04-01,437626
24442,2023-05-01,450679
24442,2023-06-01,457743
24442,2023-07-01,454724
24442,2023-08-01,456636
24442,2023-09-01,478055
24442,2023-10-01,474083
24442,2023-11-01,493721
24442,2023-12-01,500460
24442,2024-01-01,508491
24442,2024-02-01,505883
24442,2024-03-01,508627
24442,2024-04-01,490794
24442,2024-05-01,508563
24442,2024-06-01,538569
24442,2024-07-01,550165
24442,2024-08-01,550881
24442,2024-09-01,542678
24442,2024-10-01,546768
24442,2024-11-01,553841
24442,2024-12-01,559000
24442,2025-01-01,558550
24442,2025-02-01,570006
24442,2025-03-01,580315
24442,2025-04-01,584823
24442,2025-05-01,581985
24442,2025-06-01,570030
24442,2025-07-01,576093
24442,2025-08-01,582733
24442,2025-09-01,586886
24442,2025-10-01,595741
24442,2025-11-01,580994
24442,2025-12-01,622361
24442,2026-01-01,632916
24442,2026-02-01,632543
24442,2026-03-01,624892
24442,2026-04-01,641305
24442,2026-05-01,647349
24442,2026-06-01,650278
24443,2011-03-01,107882
24443,2011-04-01,109015
24443,2011-05-01,107826
24443,2011-06-01,109285
24443,2011-07-01,116008
24443,2011-08-01,124096
24443,2011-09-01,112355
24443,2011-10-01,114346
24443,2011-11-01,115107
24443,2011-12-01,113165
24443,2012-01-01,115329
24443,2012-02-01,113290
24443,2012-03-01,117532
24443,2012-04-01,118472
24443,2012-05-01,123146
24443,2012-06-01,121346
24443,2012-07-01,123727
24443,2012-08-01,123581
24443,2012-09-01,123050
24443,2012-10-01,131650
24443,2012-11-01,124336
24443,2012-12-01,120641
24443,2013-01-01,123955
24443,2013-02-01,125523
24443,2013-03-01,120070
24443,2013-04-01,118597
24443,2013-05-01,129642
24443,2013-06-01,123902
24443,2013-07-01,124107
24443,2013-08-01,124349
24443,2013-09-01,122408
24443,2013-10-01,124819
24443,2013-11-01,124189
24443,2013-12-01,121810
24443,2014-01-01,122240
24443,2014-02-01,127759
24443,2014-03-01,127174
24443,2014-04-01,126221
24443,2014-05-01,124235
24443,2014-06-01,124236
24443,2014-07-01,120918
24443,2014-08-01,122239
24443,2014-09-01,124408
24443,2014-10-01,120644
24443,2014-11-01,120456
24443,2014-12-01,123709
24443,2015-01-01,126442
24443,2015-02-01,120457
24443,2015-03-01,122995
24443,2015-04-01,126817
24443,2015-05-01,122946
24443,2015-06-01,123519
24443,2015-07-01,124518
24443,2015-08-01,121404
24443,2015-09-01,122470
24443,2015-10-01,119271
24443,2015-11-01,120139
24443,2015-12-01,119555
24443,2016-01-01,113511
24443,2016-02-01,113054
24443,2016-03-01,110268
24443,2016-04-01,107410
24443,2016-05-01,110133
24443,2016-06-01,106811
24443,2016-07-01,104728
24443,2016-08-01,103207
24443,2016-09-01,106231
24443,2016-10-01,107792
24443,2016-11-01,105080
24443,2016-12-01,102678
24443,2017-01-01,105387
24443,2017-02-01,99924
24443,2017-03-01,107779
24443,2017-04-01,102974
24443,2017-05-01,101798
24443,2017-06-01,111796
24443,2017-07-01,104206
24443,2017-08-01,109354
24443,2017-09-01,106398
24443,2017-10-01,108944
24443,2017-11-01,112533
24443,2017-12-01,118267
24443,2018-01-01,114898
24443,2018-02-01,126795
24443,2018-03-01,119119
24443,2018-04-01,123092
24443,2018-05-01,120003
24443,2018-06-01,122176
24443,2018-07-01,125153
24443,2018-08-01,128067
24443,2018-09-01,127488
24443,2018-10-01,130813
24443,2018-11-01,127074
24443,2018-12-01,132045
24443,2019-01-01,131371
24443,2019-02-01,133743
24443,2019-03-01,132643
24443,2019-04-01,131626
24443,2019-05-01,138271
24443,2019-06-01,140126
24443,2019-07-01,140892
24443,2019-08-01,142409
24443,2019-09-01,144216
24443,2019-10-01,141865
24443,2019-11-01,149687
24443,2019-12-01,154356
24443,2020-01-01,144898
24443,2020-02-01,155350
24443,2020-03-01,192979
24443,2020-04-01,153692
24443,2020-05-01,130641
24443,2020-06-01,131009
24443,2020-07-01,138656
24443,2020-08-01,134952
24443,2020-09-01,136489
24443,2020-10-01,140296
24443,2020-11-01,153428
24443,2020-12-01,139522
24443,2021-01-01,137670
24443,2021-02-01,152820
24443,2021-03-01,169826
24443,2021-04-01,171299
24443,2021-05-01,169462
24443,2021-06-01,175086
24443,2021-07-01,170339
24443,2021-08-01,176894
24443,2021-09-01,185846
24443,2021-10-01,195160
24443,2021-11-01,192830
24443,2021-12-01,184002
24443,2022-01-01,203239
24443,2022-02-01,204233
24443,2022-03-01,222640
24443,2022-04-01,214948
24443,2022-05-01,211419
24443,2022-06-01,206833
24443,2022-07-01,214690
24443,2022-08-01,219319
24443,2022-09-01,210385
24443,2022-10-01,214362
24443,2022-11-01,206838
24443,2022-12-01,204355
24443,2023-01-01,208819
24443,2023-02-01,203423
24443,2023-03-01,201484
24443,2023-04-01,196296
24443,2023-05-01,200573
24443,2023-06-01,207353
24443,2023-07-01,202236
24443,2023-08-01,203167
24443,2023-09-01,219632
24443,2023-10-01,212314
24443,2023-11-01,222748
24443,2023-12-01,228731
24443,2024-01-01,226432
24443,2024-02-01,226840
24443,2024-03-01,234109
24443,2024-04-01,222438
24443,2024-05-01,221327
24443,2024-06-01,246943
24443,2024-07-01,256713
24443,2024-08-01,259865
24443,2024-09-01,253692
24443,2024-10-01,254900
24443,2024-11-01,259989
24443,2024-12-01,259738
24443,2025-01-01,258948
24443,2025-02-01,261735
24443,2025-03-01,262256
24443,2025-04-01,268736
24443,2025-05-01,268810
24443,2025-06-01,252091
24443,2025-07-01,260294
24443,2025-08-01,257461
24443,2025-09-01,262468
24443,2025-10-01,266666
24443,2025-11-01,254750
24443,2025-12-01,293035
24443,2026-01-01,295097
24443,2026-02-01,292585
24443,2026-03-01,286937
24443,2026-04-01,300758
24443,2026-05-01,299188
24443,2026-06-01,303572
24444,2011-03-01,81982
24444,2011-04-01,80475
24444,2011-05-01,82449
24444,2011-06-01,86068
24444,2011-07-01,87070
24444,2011-08-01,88666
24444,2011-09-01,90815
24444,2011-10-01,88915
24444,2011-11-01,88830
24444,2011-12-01,88295
24444,2012-01-01,87103
24444,2012-02-01,87584
24444,2012-03-01,88816
24444,2012-04-01,89697
24444,2012-05-01,91996
24444,2012-06-01,91979
24444,2012-07-01,90805
24444,2012-08-01,88728
24444,2012-09-01,91666
24444,2012-10-01,98172
24444,2012-11-01,95039
24444,2012-12-01,95413
24444,2013-01-01,98993
24444,2013-02-01,99792
24444,2013-03-01,98140
24444,2013-04-01,102212
24444,2013-05-01,102146
24444,2013-06-01,101679
24444,2013-07-01,104901
24444,2013-08-01,106619
24444,2013-09-01,102942
24444,2013-10-01,103291
24444,2013-11-01,104302
24444,2013-12-01,109040
24444,2014-01-01,108336
24444,2014-02-01,110791
24444,2014-03-01,111590
24444,2014-04-01,111880
24444,2014-05-01,110619
24444,2014-06-01,110973
24444,2014-07-01,112949
24444,2014-08-01,112328
24444,2014-09-01,116594
24444,2014-10-01,117883
24444,2014-11-01,110407
24444,2014-12-01,116658
24444,2015-01-01,116691
24444,2015-02-01,111622
24444,2015-03-01,115437
24444,2015-04-01,114514
24444,2015-05-01,114672
24444,2015-06-01,114764
24444,2015-07-01,112139
24444,2015-08-01,112959
24444,2015-09-01,114527
24444,2015-10-01,110844
24444,2015-11-01,112219
24444,2015-12-01,110855
24444,2016-01-01,109073
24444,2016-02-01,111744
24444,2016-03-01,109987
24444,2016-04-01,110611
24444,2016-05-01,111645
24444,2016-06-01,112690
24444,2016-07-01,114075
24444,2016-08-01,114173
24444,2016-09-01,112425
24444,2016-10-01,116507
24444,2016-11-01,114529
24444,2016-12-01,114359
24444,2017-01-01,115759
24444,2017-02-01,111807
24444,2017-03-01,124729
24444,2017-04-01,120603
24444,2017-05-01,123420
24444,2017-06-01,124903
24444,2017-07-01,125555
24444,2017-08-01,122118
24444,2017-09-01,126037
24444,2017-10-01,127496
24444,2017-11-01,129472
24444,2017-12-01,130187
24444,2018-01-01,133581
24444,2018-02-01,133698
24444,2018-03-01,134638
24444,2018-04-01,132388
24444,2018-05-01,134965
24444,2018-06-01,135400
24444,2018-07-01,135762
24444,2018-08-01,140295
24444,2018-09-01,139596
24444,2018-10-01,141656
24444,2018-11-01,151166
24444,2018-12-01,149771
24444,2019-01-01,151027
24444,2019-02-01,152176
24444,2019-03-01,155888
24444,2019-04-01,157213
24444,2019-05-01,158047
24444,2019-06-01,160626
24444,2019-07-01,165453
24444,2019-08-01,163709
24444,2019-09-01,163273
24444,2019-10-01,164066
24444,2019-11-01,165393
24444,2019-12-01,179480
24444,2020-01-01,174041
24444,2020-02-01,176269
24444,2020-03-01,156230
24444,2020-04-01,130566
24444,2020-05-01,133442
24444,2020-06-01,148212
24444,2020-07-01,152377
24444,2020-08-01,161153
24444,2020-09-01,170321
24444,2020-10-01,176512
24444,2020-11-01,177729
24444,2020-12-01,176540
24444,2021-01-01,169410
24444,2021-02-01,179960
24444,2021-03-01,173062
24444,2021-04-01,186162
24444,2021-05-01,194380
24444,2021-06-01,201578
24444,2021-07-01,205819
24444,2021-08-01,211641
24444,2021-09-01,213956
24444,2021-10-01,216340
24444,2021-11-01,216821
24444,2021-12-01,213664
24444,2022-01-01,216334
24444,2022-02-01,219783
24444,2022-03-01,246617
24444,2022-04-01,253211
24444,2022-05-01,248635
24444,2022-06-01,248243
24444,2022-07-01,252833
24444,2022-08-01,251837
24444,2022-09-01,258543
24444,2022-10-01,268028
24444,2022-11-01,234359
24444,2022-12-01,237978
24444,2023-01-01,241266
24444,2023-02-01,243059
24444,2023-03-01,243339
24444,2023-04-01,244353
24444,2023-05-01,248843
24444,2023-06-01,250219
24444,2023-07-01,253269
24444,2023-08-01,254032
24444,2023-09-01,259413
24444,2023-10-01,261136
24444,2023-11-01,267446
24444,2023-12-01,268954
24444,2024-01-01,280588
24444,2024-02-01,275495
24444,2024-03-01,277215
24444,2024-04-01,272118
24444,2024-05-01,285309
24444,2024-06-01,289232
24444,2024-07-01,295537
24444,2024-08-01,291459
24444,2024-09-01,291087
24444,2024-10-01,291067
24444,2024-11-01,292556
24444,2024-12-01,299981
24444,2025-01-01,300784
24444,2025-02-01,306861
24444,2025-03-01,321368
24444,2025-04-01,316452
24444,2025-05-01,308949
24444,2025-06-01,317524
24444,2025-07-01,315395
24444,2025-08-01,324959
24444,2025-09-01,324776
24444,2025-10-01,328145
24444,2025-11-01,325985
24444,2025-12-01,334089
24444,2026-01-01,339821
24444,2026-02-01,338124
24444,2026-03-01,342673
24444,2026-04-01,341804
24444,2026-05-01,342195
24444,2026-06-01,342643
24445,2011-03-01,25884
24445,2011-04-01,25937
24445,2011-05-01,25886
24445,2011-06-01,24674
24445,2011-07-01,29671
24445,2011-08-01,29288
24445,2011-09-01,29776
24445,2011-10-01,28541
24445,2011-11-01,31661
24445,2011-12-01,28079
24445,2012-01-01,28493
24445,2012-02-01,27707
24445,2012-03-01,27187
24445,2012-04-01,28952
24445,2012-05-01,29260
24445,2012-06-01,26602
24445,2012-07-01,31849
24445,2012-08-01,34532
24445,2012-09-01,34901
24445,2012-10-01,38208
24445,2012-11-01,36565
24445,2012-12-01,42745
24445,2013-01-01,37561
24445,2013-02-01,41611
24445,2013-03-01,41065
24445,2013-04-01,42508
24445,2013-05-01,48329
24445,2013-06-01,47704
24445,2013-07-01,36102
24445,2013-08-01,42328
24445,2013-09-01,40314
24445,2013-10-01,41325
24445,2013-11-01,44646
24445,2013-12-01,47288
24445,2014-01-01,52156
24445,2014-02-01,50557
24445,2014-03-01,48501
24445,2014-04-01,44814
24445,2014-05-01,43835
24445,2014-06-01,42946
24445,2014-07-01,40283
24445,2014-08-01,44911
24445,2014-09-01,45289
24445,2014-10-01,44006
24445,2014-11-01,42725
24445,2014-12-01,40748
24445,2015-01-01,46945
24445,2015-02-01,38214
24445,2015-03-01,41063
24445,2015-04-01,38762
24445,2015-05-01,36197
24445,2015-06-01,36375
24445,2015-07-01,35660
24445,2015-08-01,34666
24445,2015-09-01,36150
24445,2015-10-01,34990
24445,2015-11-01,33992
24445,2015-12-01,32950
24445,2016-01-01,30165
24445,2016-02-01,28974
24445,2016-03-01,30131
24445,2016-04-01,30664
24445,2016-05-01,29289
24445,2016-06-01,30445
24445,2016-07-01,30510
24445,2016-08-01,26799
24445,2016-09-01,27455
24445,2016-10-01,26180
24445,2016-11-01,27588
24445,2016-12-01,29208
24445,2017-01-01,28251
24445,2017-02-01,28919
24445,2017-03-01,27200
24445,2017-04-01,29336
24445,2017-05-01,27692
24445,2017-06-01,29818
24445,2017-07-01,26644
24445,2017-08-01,25903
24445,2017-09-01,25589
24445,2017-10-01,27554
24445,2017-11-01,25281
24445,2017-12-01,26776
24445,2018-01-01,26382
24445,2018-02-01,26619
24445,2018-03-01,27547
24445,2018-04-01,27990
24445,2018-05-01,28880
24445,2018-06-01,27439
24445,2018-07-01,27711
24445,2018-08-01,30635
24445,2018-09-01,26291
24445,2018-10-01,26135
24445,2018-11-01,27041
24445,2018-12-01,31120
24445,2019-01-01,26238
24445,2019-02-01,29042
24445,2019-03-01,27672
24445,2019-04-01,25322
24445,2019-05-01,27471
24445,2019-06-01,29328
24445,2019-07-01,26413
24445,2019-08-01,26844
24445,2019-09-01,27998
24445,2019-10-01,29650
24445,2019-11-01,30925
24445,2019-12-01,28861
24445,2020-01-01,29847
24445,2020-02-01,29240
24445,2020-03-01,30417
24445,2020-04-01,34371
24445,2020-05-01,36027
24445,2020-06-01,34927
24445,2020-07-01,56691
24445,2020-08-01,53175
24445,2020-09-01,53577
24445,2020-10-01,43483
24445,2020-11-01,47887
24445,2020-12-01,42526
24445,2021-01-01,37068
24445,2021-02-01,42579
24445,2021-03-01,43789
24445,2021-04-01,47374
24445,2021-05-01,45928
24445,2021-06-01,44595
24445,2021-07-01,62459
24445,2021-08-01,45013
24445,2021-09-01,46465
24445,2021-10-01,44754
24445,2021-11-01,44000
24445,2021-12-01,43188
24445,2022-01-01,46212
24445,2022-02-01,46423
24445,2022-03-01,47882
24445,2022-04-01,46279
24445,2022-05-01,50159
24445,2022-06-01,55119
24445,2022-07-01,66155
24445,2022-08-01,60077
24445,2022-09-01,59597
24445,2022-10-01,57273
24445,2022-11-01,54631
24445,2022-12-01,53778
24445,2023-01-01,57087
24445,2023-02-01,54697
24445,2023-03-01,56541
24445,2023-04-01,52116
24445,2023-05-01,52650
24445,2023-06-01,52657
24445,2023-07-01,68171
24445,2023-08-01,66895
24445,2023-09-01,60586
24445,2023-10-01,64419
24445,2023-11-01,60935
24445,2023-12-01,60365
24445,2024-01-01,61112
24445,2024-02-01,62660
24445,2024-03-01,65488
24445,2024-04-01,64634
24445,2024-05-01,64601
24445,2024-06-01,62482
24445,2024-07-01,61846
24445,2024-08-01,65051
24445,2024-09-01,63886
24445,2024-10-01,68867
24445,2024-11-01,68661
24445,2024-12-01,69983
24445,2025-01-01,69068
24445,2025-02-01,75506
24445,2025-03-01,67613
24445,2025-04-01,82291
24445,2025-05-01,70662
24445,2025-06-01,70197
24445,2025-07-01,69131
24445,2025-08-01,66206
24445,2025-09-01,70286
24445,2025-10-01,67505
24445,2025-11-01,71487
24445,2025-12-01,76673
24445,2026-01-01,76178
24445,2026-02-01,74067
24445,2026-03-01,75773
24445,2026-04-01,74276
24445,2026-05-01,78760
24445,2026-06-01,78679
24446,2011-03-01,15448
24446,2011-04-01,14445
24446,2011-05-01,15255
24446,2011-06-01,14209
24446,2011-07-01,17606
24446,2011-08-01,16714
24446,2011-09-01,16912
24446,2011-10-01,16658
24446,2011-11-01,19531
24446,2011-12-01,16004
24446,2012-01-01,15426
24446,2012-02-01,15043
24446,2012-03-01,14155
24446,2012-04-01,16974
24446,2012-05-01,16365
24446,2012-06-01,13600
24446,2012-07-01,19032
24446,2012-08-01,19608
24446,2012-09-01,19384
24446,2012-10-01,21101
24446,2012-11-01,20056
24446,2012-12-01,24776
24446,2013-01-01,21148
24446,2013-02-01,24142
24446,2013-03-01,21989
24446,2013-04-01,23840
24446,2013-05-01,29859
24446,2013-06-01,26751
24446,2013-07-01,17567
24446,2013-08-01,23725
24446,2013-09-01,22622
24446,2013-10-01,22239
24446,2013-11-01,24420
24446,2013-12-01,26383
24446,2014-01-01,32212
24446,2014-02-01,28913
24446,2014-03-01,29187
24446,2014-04-01,23319
24446,2014-05-01,21093
24446,2014-06-01,22173
24446,2014-07-01,20206
24446,2014-08-01,24201
24446,2014-09-01,23206
24446,2014-10-01,22690
24446,2014-11-01,22105
24446,2014-12-01,20280
24446,2015-01-01,22866
24446,2015-02-01,19097
24446,2015-03-01,21603
24446,2015-04-01,19628
24446,2015-05-01,20042
24446,2015-06-01,19073
24446,2015-07-01,18339
24446,2015-08-01,16407
24446,2015-09-01,18575
24446,2015-10-01,18889
24446,2015-11-01,17575
24446,2015-12-01,16316
24446,2016-01-01,14779
24446,2016-02-01,13777
24446,2016-03-01,14032
24446,2016-04-01,14495
24446,2016-05-01,13509
24446,2016-06-01,13965
24446,2016-07-01,15792
24446,2016-08-01,12313
24446,2016-09-01,13886
24446,2016-10-01,11659
24446,2016-11-01,12195
24446,2016-12-01,11856
24446,2017-01-01,11352
24446,2017-02-01,11954
24446,2017-03-01,10743
24446,2017-04-01,13009
24446,2017-05-01,10969
24446,2017-06-01,12193
24446,2017-07-01,10765
24446,2017-08-01,8871
24446,2017-09-01,9465
24446,2017-10-01,10837
24446,2017-11-01,9387
24446,2017-12-01,11180
24446,2018-01-01,9039
24446,2018-02-01,9591
24446,2018-03-01,10340
24446,2018-04-01,11692
24446,2018-05-01,11705
24446,2018-06-01,9739
24446,2018-07-01,9793
24446,2018-08-01,12634
24446,2018-09-01,7799
24446,2018-10-01,7234
24446,2018-11-01,9658
24446,2018-12-01,13255
24446,2019-01-01,10507
24446,2019-02-01,9782
24446,2019-03-01,8356
24446,2019-04-01,6973
24446,2019-05-01,8140
24446,2019-06-01,9058
24446,2019-07-01,7685
24446,2019-08-01,8530
24446,2019-09-01,8751
24446,2019-10-01,8646
24446,2019-11-01,10299
24446,2019-12-01,8127
24446,2020-01-01,8349
24446,2020-02-01,6974
24446,2020-03-01,8120
24446,2020-04-01,13831
24446,2020-05-01,14868
24446,2020-06-01,13505
24446,2020-07-01,33416
24446,2020-08-01,27808
24446,2020-09-01,29929
24446,2020-10-01,17264
24446,2020-11-01,21430
24446,2020-12-01,14562
24446,2021-01-01,8129
24446,2021-02-01,10398
24446,2021-03-01,10281
24446,2021-04-01,10949
24446,2021-05-01,10579
24446,2021-06-01,10628
24446,2021-07-01,26736
24446,2021-08-01,11594
24446,2021-09-01,15817
24446,2021-10-01,10721
24446,2021-11-01,10039
24446,2021-12-01,10985
24446,2022-01-01,11128
24446,2022-02-01,13857
24446,2022-03-01,14907
24446,2022-04-01,14150
24446,2022-05-01,15737
24446,2022-06-01,15479
24446,2022-07-01,18632
24446,2022-08-01,18209
24446,2022-09-01,19596
24446,2022-10-01,18331
24446,2022-11-01,18461
24446,2022-12-01,17332
24446,2023-01-01,18561
24446,2023-02-01,16753
24446,2023-03-01,17656
24446,2023-04-01,17274
24446,2023-05-01,17561
24446,2023-06-01,18309
24446,2023-07-01,22452
24446,2023-08-01,22180
24446,2023-09-01,18707
24446,2023-10-01,22823
24446,2023-11-01,19240
24446,2023-12-01,18787
24446,2024-01-01,19738
24446,2024-02-01,16730
24446,2024-03-01,21628
24446,2024-04-01,21653
24446,2024-05-01,21291
24446,2024-06-01,22854
24446,2024-07-01,17561
24446,2024-08-01,21719
24446,2024-09-01,20784
24446,2024-10-01,29097
24446,2024-11-01,26234
24446,2024-12-01,25731
24446,2025-01-01,24362
24446,2025-02-01,30701
24446,2025-03-01,25679
24446,2025-04-01,37941
24446,2025-05-01,28786
24446,2025-06-01,27203
24446,2025-07-01,27445
24446,2025-08-01,26627
24446,2025-09-01,31702
24446,2025-10-01,28551
24446,2025-11-01,29059
24446,2025-12-01,31795
24446,2026-01-01,33412
24446,2026-02-01,29329
24446,2026-03-01,30107
24446,2026-04-01,30166
24446,2026-05-01,32001
24446,2026-06-01,31492
24447,2011-03-01,10390
24447,2011-04-01,11175
24447,2011-05-01,10771
24447,2011-06-01,10831
24447,2011-07-01,12497
24447,2011-08-01,12399
24447,2011-09-01,13313
24447,2011-10-01,11842
24447,2011-11-01,12040
24447,2011-12-01,11075
24447,2012-01-01,13511
24447,2012-02-01,12705
24447,2012-03-01,12669
24447,2012-04-01,12368
24447,2012-05-01,12954
24447,2012-06-01,13308
24447,2012-07-01,13404
24447,2012-08-01,15055
24447,2012-09-01,15232
24447,2012-10-01,16578
24447,2012-11-01,16536
24447,2012-12-01,16659
24447,2013-01-01,17104
24447,2013-02-01,17626
24447,2013-03-01,18549
24447,2013-04-01,18390
24447,2013-05-01,19307
24447,2013-06-01,20985
24447,2013-07-01,19122
24447,2013-08-01,18542
24447,2013-09-01,18292
24447,2013-10-01,19128
24447,2013-11-01,20218
24447,2013-12-01,20635
24447,2014-01-01,21417
24447,2014-02-01,21151
24447,2014-03-01,19294
24447,2014-04-01,21168
24447,2014-05-01,22125
24447,2014-06-01,21173
24447,2014-07-01,20783
24447,2014-08-01,20804
24447,2014-09-01,21627
24447,2014-10-01,21044
24447,2014-11-01,20464
24447,2014-12-01,20383
24447,2015-01-01,24276
24447,2015-02-01,19331
24447,2015-03-01,19190
24447,2015-04-01,19238
24447,2015-05-01,15907
24447,2015-06-01,17118
24447,2015-07-01,18230
24447,2015-08-01,18052
24447,2015-09-01,17215
24447,2015-10-01,15726
24447,2015-11-01,16277
24447,2015-12-01,16415
24447,2016-01-01,15270
24447,2016-02-01,15294
24447,2016-03-01,15923
24447,2016-04-01,16065
24447,2016-05-01,15470
24447,2016-06-01,16418
24447,2016-07-01,15360
24447,2016-08-01,14379
24447,2016-09-01,13664
24447,2016-10-01,14157
24447,2016-11-01,15392
24447,2016-12-01,18088
24447,2017-01-01,16318
24447,2017-02-01,16857
24447,2017-03-01,16262
24447,2017-04-01,16483
24447,2017-05-01,16587
24447,2017-06-01,17777
24447,2017-07-01,16169
24447,2017-08-01,16685
24447,2017-09-01,15978
24447,2017-10-01,16345
24447,2017-11-01,16234
24447,2017-12-01,16078
24447,2018-01-01,16728
24447,2018-02-01,16606
24447,2018-03-01,16635
24447,2018-04-01,16808
24447,2018-05-01,17547
24447,2018-06-01,17742
24447,2018-07-01,18041
24447,2018-08-01,17831
24447,2018-09-01,18814
24447,2018-10-01,18499
24447,2018-11-01,17796
24447,2018-12-01,17733
24447,2019-01-01,15348
24447,2019-02-01,18217
24447,2019-03-01,18763
24447,2019-04-01,18714
24447,2019-05-01,19425
24447,2019-06-01,20684
24447,2019-07-01,18575
24447,2019-08-01,17971
24447,2019-09-01,19459
24447,2019-10-01,20406
24447,2019-11-01,21052
24447,2019-12-01,21458
24447,2020-01-01,20618
24447,2020-02-01,21490
24447,2020-03-01,21353
24447,2020-04-01,21956
24447,2020-05-01,21936
24447,2020-06-01,21587
24447,2020-07-01,23882
24447,2020-08-01,24313
24447,2020-09-01,25001
24447,2020-10-01,26099
24447,2020-11-01,27314
24447,2020-12-01,27968
24447,2021-01-01,28559
24447,2021-02-01,30743
24447,2021-03-01,32636
24447,2021-04-01,36434
24447,2021-05-01,35733
24447,2021-06-01,34424
24447,2021-07-01,34106
24447,2021-08-01,33132
24447,2021-09-01,32098
24447,2021-10-01,33679
24447,2021-11-01,34414
24447,2021-12-01,32781
24447,2022-01-01,34356
24447,2022-02-01,30986
24447,2022-03-01,32143
24447,2022-04-01,33334
24447,2022-05-01,34896
24447,2022-06-01,39555
24447,2022-07-01,44919
24447,2022-08-01,41462
24447,2022-09-01,41079
24447,2022-10-01,39254
24447,2022-11-01,36696
24447,2022-12-01,36253
24447,2023-01-01,38501
24447,2023-02-01,36510
24447,2023-03-01,38287
24447,2023-04-01,36337
24447,2023-05-01,35806
24447,2023-06-01,33733
24447,2023-07-01,42762
24447,2023-08-01,44620
24447,2023-09-01,43189
24447,2023-10-01,42921
24447,2023-11-01,42428
24447,2023-12-01,42503
24447,2024-01-01,41827
24447,2024-02-01,44913
24447,2024-03-01,44132
24447,2024-04-01,42642
24447,2024-05-01,43536
24447,2024-06-01,38750
24447,2024-07-01,41712
24447,2024-08-01,42937
24447,2024-09-01,43830
24447,2024-10-01,42000
24447,2024-11-01,42548
24447,2024-12-01,44023
24447,2025-01-01,44591
24447,2025-02-01,43638
24447,2025-03-01,42500
24447,2025-04-01,45445
24447,2025-05-01,41724
24447,2025-06-01,41866
24447,2025-07-01,39438
24447,2025-08-01,39688
24447,2025-09-01,39258
24447,2025-10-01,41080
24447,2025-11-01,42654
24447,2025-12-01,43368
24447,2026-01-01,43209
24447,2026-02-01,44800
24447,2026-03-01,45711
24447,2026-04-01,44491
24447,2026-05-01,46660
24447,2026-06-01,45428
28168,2011-03-01,26747
28168,2011-04-01,26335
28168,2011-05-01,26303
28168,2011-06-01,27206
28168,2011-07-01,27912
28168,2011-08-01,26944
28168,2011-09-01,28402
28168,2011-10-01,27201
28168,2011-11-01,28231
28168,2011-12-01,27484
28168,2012-01-01,26397
28168,2012-02-01,26285
28168,2012-03-01,26468
28168,2012-04-01,27139
28168,2012-05-01,28551
28168,2012-06-01,30144
28168,2012-07-01,28546
28168,2012-08-01,28644
28168,2012-09-01,26158
28168,2012-10-01,28865
28168,2012-11-01,27755
28168,2012-12-01,28138
28168,2013-01-01,29793
28168,2013-02-01,29941
28168,2013-03-01,30391
28168,2013-04-01,30851
28168,2013-05-01,30870
28168,2013-06-01,30596
28168,2013-07-01,30291
28168,2013-08-01,31744
28168,2013-09-01,30152
28168,2013-10-01,29501
28168,2013-11-01,30569
28168,2013-12-01,31279
28168,2014-01-01,31882
28168,2014-02-01,33545
28168,2014-03-01,31496
28168,2014-04-01,31348
28168,2014-05-01,31027
28168,2014-06-01,30702
28168,2014-07-01,30553
28168,2014-08-01,29191
28168,2014-09-01,31592
28168,2014-10-01,35133
28168,2014-11-01,32715
28168,2014-12-01,31809
28168,2015-01-01,30306
28168,2015-02-01,28368
28168,2015-03-01,29579
28168,2015-04-01,29124
28168,2015-05-01,27859
28168,2015-06-01,27568
28168,2015-07-01,27597
28168,2015-08-01,26915
28168,2015-09-01,27176
28168,2015-10-01,22943
28168,2015-11-01,26063
28168,2015-12-01,25790
28168,2016-01-01,24764
28168,2016-02-01,25019
28168,2016-03-01,24284
28168,2016-04-01,24327
28168,2016-05-01,24459
28168,2016-06-01,25522
28168,2016-07-01,25872
28168,2016-08-01,25138
28168,2016-09-01,22795
28168,2016-10-01,25067
28168,2016-11-01,24600
28168,2016-12-01,24699
28168,2017-01-01,25798
28168,2017-02-01,26335
28168,2017-03-01,27207
28168,2017-04-01,28024
28168,2017-05-01,28731
28168,2017-06-01,29193
28168,2017-07-01,29161
28168,2017-08-01,28522
28168,2017-09-01,28899
28168,2017-10-01,29015
28168,2017-11-01,29606
28168,2017-12-01,30756
28168,2018-01-01,30906
28168,2018-02-01,31435
28168,2018-03-01,32289
28168,2018-04-01,31875
28168,2018-05-01,33057
28168,2018-06-01,32062
28168,2018-07-01,32893
28168,2018-08-01,33600
28168,2018-09-01,34008
28168,2018-10-01,34324
28168,2018-11-01,35949
28168,2018-12-01,36992
28168,2019-01-01,37462
28168,2019-02-01,37665
28168,2019-03-01,38985
28168,2019-04-01,39741
28168,2019-05-01,39598
28168,2019-06-01,40419
28168,2019-07-01,41144
28168,2019-08-01,40762
28168,2019-09-01,40877
28168,2019-10-01,41214
28168,2019-11-01,42245
28168,2019-12-01,46383
28168,2020-01-01,43651
28168,2020-02-01,45637
28168,2020-03-01,41493
28168,2020-04-01,39111
28168,2020-05-01,37457
28168,2020-06-01,42668
28168,2020-07-01,41906
28168,2020-08-01,44806
28168,2020-09-01,45854
28168,2020-10-01,47987
28168,2020-11-01,49337
28168,2020-12-01,47913
28168,2021-01-01,39152
28168,2021-02-01,43901
28168,2021-03-01,42936
28168,2021-04-01,51336
28168,2021-05-01,52008
28168,2021-06-01,52441
28168,2021-07-01,52662
28168,2021-08-01,51855
28168,2021-09-01,50609
28168,2021-10-01,48557
28168,2021-11-01,45934
28168,2021-12-01,43754
28168,2022-01-01,41411
28168,2022-02-01,40520
28168,2022-03-01,46536
28168,2022-04-01,55736
28168,2022-05-01,49229
28168,2022-06-01,47185
28168,2022-07-01,46614
28168,2022-08-01,45774
28168,2022-09-01,46389
28168,2022-10-01,54144
28168,2022-11-01,46246
28168,2022-12-01,45569
28168,2023-01-01,48050
28168,2023-02-01,45567
28168,2023-03-01,44124
28168,2023-04-01,45956
28168,2023-05-01,46546
28168,2023-06-01,45221
28168,2023-07-01,46758
28168,2023-08-01,47726
28168,2023-09-01,49418
28168,2023-10-01,50901
28168,2023-11-01,52648
28168,2023-12-01,53403
28168,2024-01-01,57230
28168,2024-02-01,58102
28168,2024-03-01,57500
28168,2024-04-01,58134
28168,2024-05-01,60367
28168,2024-06-01,61671
28168,2024-07-01,62101
28168,2024-08-01,61762
28168,2024-09-01,58803
28168,2024-10-01,58884
28168,2024-11-01,59418
28168,2024-12-01,60405
28168,2025-01-01,60694
28168,2025-02-01,59286
28168,2025-03-01,65219
28168,2025-04-01,63796
28168,2025-05-01,60418
28168,2025-06-01,61774
28168,2025-07-01,61674
28168,2025-08-01,62318
28168,2025-09-01,65166
28168,2025-10-01,65593
28168,2025-11-01,62767
28168,2025-12-01,67384
28168,2026-01-01,67628
28168,2026-02-01,69944
28168,2026-03-01,73516
28168,2026-04-01,71729
28168,2026-05-01,69766
28168,2026-06-01,69200
28169,2011-03-01,23282
28169,2011-04-01,22713
28169,2011-05-01,22125
28169,2011-06-01,24068
28169,2011-07-01,26705
28169,2011-08-01,31915
28169,2011-09-01,24409
28169,2011-10-01,22685
28169,2011-11-01,24545
28169,2011-12-01,23789
28169,2012-01-01,23712
28169,2012-02-01,24710
28169,2012-03-01,24926
28169,2012-04-01,26859
28169,2012-05-01,28345
28169,2012-06-01,27778
28169,2012-07-01,26324
28169,2012-08-01,27475
28169,2012-09-01,28269
28169,2012-10-01,27603
28169,2012-11-01,27029
28169,2012-12-01,27268
28169,2013-01-01,27597
28169,2013-02-01,28053
28169,2013-03-01,26170
28169,2013-04-01,24514
28169,2013-05-01,25300
28169,2013-06-01,26919
28169,2013-07-01,25019
28169,2013-08-01,24805
28169,2013-09-01,23278
28169,2013-10-01,25020
28169,2013-11-01,24469
28169,2013-12-01,23181
28169,2014-01-01,22182
28169,2014-02-01,23358
28169,2014-03-01,21447
28169,2014-04-01,27612
28169,2014-05-01,24928
28169,2014-06-01,22791
28169,2014-07-01,21931
28169,2014-08-01,24673
28169,2014-09-01,23116
28169,2014-10-01,21506
28169,2014-11-01,22070
28169,2014-12-01,22539
28169,2015-01-01,25098
28169,2015-02-01,21797
28169,2015-03-01,22743
28169,2015-04-01,22796
28169,2015-05-01,22650
28169,2015-06-01,20181
28169,2015-07-01,21242
28169,2015-08-01,18985
28169,2015-09-01,18992
28169,2015-10-01,19034
28169,2015-11-01,18163
28169,2015-12-01,18999
28169,2016-01-01,17278
28169,2016-02-01,16758
28169,2016-03-01,15598
28169,2016-04-01,16183
28169,2016-05-01,15044
28169,2016-06-01,15411
28169,2016-07-01,14930
28169,2016-08-01,13934
28169,2016-09-01,16483
28169,2016-10-01,15614
28169,2016-11-01,15169
28169,2016-12-01,14801
28169,2017-01-01,15133
28169,2017-02-01,13907
28169,2017-03-01,14293
28169,2017-04-01,12872
28169,2017-05-01,12479
28169,2017-06-01,14482
28169,2017-07-01,12148
28169,2017-08-01,12193
28169,2017-09-01,12412
28169,2017-10-01,12046
28169,2017-11-01,13146
28169,2017-12-01,15185
28169,2018-01-01,13463
28169,2018-02-01,14028
28169,2018-03-01,13595
28169,2018-04-01,15230
28169,2018-05-01,12994
28169,2018-06-01,13936
28169,2018-07-01,13482
28169,2018-08-01,14963
28169,2018-09-01,13441
28169,2018-10-01,15310
28169,2018-11-01,15198
28169,2018-12-01,14906
28169,2019-01-01,14998
28169,2019-02-01,15447
28169,2019-03-01,16678
28169,2019-04-01,16112
28169,2019-05-01,18739
28169,2019-06-01,19424
28169,2019-07-01,20392
28169,2019-08-01,19770
28169,2019-09-01,18006
28169,2019-10-01,19083
28169,2019-11-01,19932
28169,2019-12-01,22093
28169,2020-01-01,19623
28169,2020-02-01,20028
28169,2020-03-01,25496
28169,2020-04-01,50057
28169,2020-05-01,36965
28169,2020-06-01,34447
28169,2020-07-01,40124
28169,2020-08-01,23616
28169,2020-09-01,31897
28169,2020-10-01,28227
28169,2020-11-01,34869
28169,2020-12-01,24576
28169,2021-01-01,14454
28169,2021-02-01,18184
28169,2021-03-01,19739
28169,2021-04-01,19754
28169,2021-05-01,23268
28169,2021-06-01,20997
28169,2021-07-01,21711
28169,2021-08-01,20304
28169,2021-09-01,21760
28169,2021-10-01,23653
28169,2021-11-01,21121
28169,2021-12-01,18063
28169,2022-01-01,25260
28169,2022-02-01,24590
28169,2022-03-01,24298
28169,2022-04-01,25687
28169,2022-05-01,34255
28169,2022-06-01,26168
28169,2022-07-01,25810
28169,2022-08-01,27036
28169,2022-09-01,26464
28169,2022-10-01,25368
28169,2022-11-01,24006
28169,2022-12-01,21225
28169,2023-01-01,27191
28169,2023-02-01,23700
28169,2023-03-01,20249
28169,2023-04-01,21855
28169,2023-05-01,21565
28169,2023-06-01,23220
28169,2023-07-01,24921
28169,2023-08-01,24180
28169,2023-09-01,22324
28169,2023-10-01,21356
28169,2023-11-01,23422
28169,2023-12-01,26045
28169,2024-01-01,25808
28169,2024-02-01,22391
28169,2024-03-01,26325
28169,2024-04-01,25348
28169,2024-05-01,23143
28169,2024-06-01,23766
28169,2024-07-01,24606
28169,2024-08-01,27812
28169,2024-09-01,29054
28169,2024-10-01,26615
28169,2024-11-01,28803
28169,2024-12-01,29798
28169,2025-01-01,22687
28169,2025-02-01,28525
28169,2025-03-01,29582
28169,2025-04-01,26414
28169,2025-05-01,27398
28169,2025-06-01,30940
28169,2025-07-01,27127
28169,2025-08-01,26717
28169,2025-09-01,30399
28169,2025-10-01,31698
28169,2025-11-01,30207
28169,2025-12-01,45210
28169,2026-01-01,45791
28169,2026-02-01,48741
28169,2026-03-01,41399
28169,2026-04-01,51431
28169,2026-05-01,59437
28169,2026-06-01,49777
28170,2011-03-01,8618
28170,2011-04-01,8853
28170,2011-05-01,8502
28170,2011-06-01,8577
28170,2011-07-01,8799
28170,2011-08-01,8486
28170,2011-09-01,8847
28170,2011-10-01,8597
28170,2011-11-01,8210
28170,2011-12-01,7650
28170,2012-01-01,7324
28170,2012-02-01,7503
28170,2012-03-01,7472
28170,2012-04-01,7170
28170,2012-05-01,7307
28170,2012-06-01,9203
28170,2012-07-01,8475
28170,2012-08-01,8687
28170,2012-09-01,7253
28170,2012-10-01,7683
28170,2012-11-01,7416
28170,2012-12-01,7717
28170,2013-01-01,7465
28170,2013-02-01,7727
28170,2013-03-01,7719
28170,2013-04-01,7297
28170,2013-05-01,7645
28170,2013-06-01,7802
28170,2013-07-01,7640
28170,2013-08-01,7968
28170,2013-09-01,7607
28170,2013-10-01,7701
28170,2013-11-01,7933
28170,2013-12-01,8218
28170,2014-01-01,8051
28170,2014-02-01,7401
28170,2014-03-01,7981
28170,2014-04-01,8081
28170,2014-05-01,7944
28170,2014-06-01,7588
28170,2014-07-01,7621
28170,2014-08-01,7773
28170,2014-09-01,8048
28170,2014-10-01,7805
28170,2014-11-01,7875
28170,2014-12-01,8554
28170,2015-01-01,7852
28170,2015-02-01,7248
28170,2015-03-01,7016
28170,2015-04-01,7131
28170,2015-05-01,7102
28170,2015-06-01,6950
28170,2015-07-01,6668
28170,2015-08-01,6585
28170,2015-09-01,6197
28170,2015-10-01,6004
28170,2015-11-01,5947
28170,2015-12-01,5723
28170,2016-01-01,6011
28170,2016-02-01,6000
28170,2016-03-01,5765
28170,2016-04-01,5681
28170,2016-05-01,5751
28170,2016-06-01,5834
28170,2016-07-01,6277
28170,2016-08-01,5629
28170,2016-09-01,5818
28170,2016-10-01,6457
28170,2016-11-01,5946
28170,2016-12-01,5972
28170,2017-01-01,6220
28170,2017-02-01,6980
28170,2017-03-01,6949
28170,2017-04-01,7304
28170,2017-05-01,7075
28170,2017-06-01,7242
28170,2017-07-01,7484
28170,2017-08-01,7383
28170,2017-09-01,7657
28170,2017-10-01,7899
28170,2017-11-01,7938
28170,2017-12-01,8085
28170,2018-01-01,8207
28170,2018-02-01,8460
28170,2018-03-01,8858
28170,2018-04-01,8407
28170,2018-05-01,8570
28170,2018-06-01,7669
28170,2018-07-01,8047
28170,2018-08-01,8644
28170,2018-09-01,8923
28170,2018-10-01,8879
28170,2018-11-01,9317
28170,2018-12-01,9247
28170,2019-01-01,9527
28170,2019-02-01,9574
28170,2019-03-01,9876
28170,2019-04-01,9844
28170,2019-05-01,10063
28170,2019-06-01,10104
28170,2019-07-01,10401
28170,2019-08-01,10537
28170,2019-09-01,10362
28170,2019-10-01,10593
28170,2019-11-01,10936
28170,2019-12-01,11222
28170,2020-01-01,11349
28170,2020-02-01,11160
28170,2020-03-01,8328
28170,2020-04-01,4990
28170,2020-05-01,7022
28170,2020-06-01,9055
28170,2020-07-01,9839
28170,2020-08-01,10768
28170,2020-09-01,11793
28170,2020-10-01,12108
28170,2020-11-01,12655
28170,2020-12-01,12656
28170,2021-01-01,11294
28170,2021-02-01,12862
28170,2021-03-01,10465
28170,2021-04-01,11623
28170,2021-05-01,11972
28170,2021-06-01,12529
28170,2021-07-01,12633
28170,2021-08-01,12692
28170,2021-09-01,12126
28170,2021-10-01,11914
28170,2021-11-01,10924
28170,2021-12-01,10667
28170,2022-01-01,11022
28170,2022-02-01,11704
28170,2022-03-01,11752
28170,2022-04-01,11598
28170,2022-05-01,11993
28170,2022-06-01,11648
28170,2022-07-01,10730
28170,2022-08-01,11549
28170,2022-09-01,11803
28170,2022-10-01,11578
28170,2022-11-01,11208
28170,2022-12-01,10768
28170,2023-01-01,11654
28170,2023-02-01,12052
28170,2023-03-01,12425
28170,2023-04-01,12025
28170,2023-05-01,12472
28170,2023-06-01,12794
28170,2023-07-01,13043
28170,2023-08-01,13543
28170,2023-09-01,13489
28170,2023-10-01,13807
28170,2023-11-01,15067
28170,2023-12-01,15932
28170,2024-01-01,16442
28170,2024-02-01,16371
28170,2024-03-01,16560
28170,2024-04-01,17407
28170,2024-05-01,17213
28170,2024-06-01,17528
28170,2024-07-01,18072
28170,2024-08-01,17820
28170,2024-09-01,17935
28170,2024-10-01,18307
28170,2024-11-01,18066
28170,2024-12-01,17604
28170,2025-01-01,16700
28170,2025-02-01,17109
28170,2025-03-01,17056
28170,2025-04-01,17148
28170,2025-05-01,17852
28170,2025-06-01,17928
28170,2025-07-01,18315
28170,2025-08-01,18493
28170,2025-09-01,19854
28170,2025-10-01,20147
28170,2025-11-01,19568
28170,2025-12-01,21678
28170,2026-01-01,20401
28170,2026-02-01,20659
28170,2026-03-01,22527
28170,2026-04-01,21865
28170,2026-05-01,21093
28170,2026-06-01,21099
28171,2011-03-01,31521
28171,2011-04-01,30744
28171,2011-05-01,32188
28171,2011-06-01,34272
28171,2011-07-01,33698
28171,2011-08-01,34583
28171,2011-09-01,36194
28171,2011-10-01,35762
28171,2011-11-01,35391
28171,2011-12-01,36580
28171,2012-01-01,35858
28171,2012-02-01,36726
28171,2012-03-01,37017
28171,2012-04-01,37669
28171,2012-05-01,38301
28171,2012-06-01,35905
28171,2012-07-01,35346
28171,2012-08-01,33086
28171,2012-09-01,39475
28171,2012-10-01,42777
28171,2012-11-01,41597
28171,2012-12-01,42474
28171,2013-01-01,43412
28171,2013-02-01,43998
28171,2013-03-01,42721
28171,2013-04-01,44880
28171,2013-05-01,45421
28171,2013-06-01,44979
28171,2013-07-01,46604
28171,2013-08-01,46248
28171,2013-09-01,45713
28171,2013-10-01,46304
28171,2013-11-01,46669
28171,2013-12-01,49914
28171,2014-01-01,49364
28171,2014-02-01,49992
28171,2014-03-01,51609
28171,2014-04-01,52203
28171,2014-05-01,51915
28171,2014-06-01,52171
28171,2014-07-01,53358
28171,2014-08-01,54235
28171,2014-09-01,55557
28171,2014-10-01,54678
28171,2014-11-01,50720
28171,2014-12-01,55853
28171,2015-01-01,56679
28171,2015-02-01,54038
28171,2015-03-01,55397
28171,2015-04-01,55213
28171,2015-05-01,56534
28171,2015-06-01,55988
28171,2015-07-01,53865
28171,2015-08-01,55111
28171,2015-09-01,55100
28171,2015-10-01,56329
28171,2015-11-01,55593
28171,2015-12-01,54663
28171,2016-01-01,54637
28171,2016-02-01,56948
28171,2016-03-01,55714
28171,2016-04-01,56228
28171,2016-05-01,56813
28171,2016-06-01,57749
28171,2016-07-01,58008
28171,2016-08-01,59432
28171,2016-09-01,59013
28171,2016-10-01,59967
28171,2016-11-01,60648
28171,2016-12-01,58754
28171,2017-01-01,59518
28171,2017-02-01,58464
28171,2017-03-01,65551
28171,2017-04-01,62353
28171,2017-05-01,63833
28171,2017-06-01,65417
28171,2017-07-01,65866
28171,2017-08-01,64502
28171,2017-09-01,66120
28171,2017-10-01,67157
28171,2017-11-01,68972
28171,2017-12-01,67486
28171,2018-01-01,71086
28171,2018-02-01,70697
28171,2018-03-01,71864
28171,2018-04-01,70393
28171,2018-05-01,71963
28171,2018-06-01,72348
28171,2018-07-01,71829
28171,2018-08-01,78628
28171,2018-09-01,75360
28171,2018-10-01,76443
28171,2018-11-01,85367
28171,2018-12-01,81126
28171,2019-01-01,82145
28171,2019-02-01,83696
28171,2019-03-01,84559
28171,2019-04-01,85896
28171,2019-05-01,86480
28171,2019-06-01,87572
28171,2019-07-01,91352
28171,2019-08-01,91843
28171,2019-09-01,90966
28171,2019-10-01,91566
28171,2019-11-01,93161
28171,2019-12-01,99710
28171,2020-01-01,98529
28171,2020-02-01,99128
28171,2020-03-01,83425
28171,2020-04-01,67593
28171,2020-05-01,73473
28171,2020-06-01,82818
28171,2020-07-01,87486
28171,2020-08-01,93364
28171,2020-09-01,98502
28171,2020-10-01,102687
28171,2020-11-01,104814
28171,2020-12-01,101744
28171,2021-01-01,102893
28171,2021-02-01,109393
28171,2021-03-01,101498
28171,2021-04-01,109122
28171,2021-05-01,115172
28171,2021-06-01,120696
28171,2021-07-01,124596
28171,2021-08-01,130162
28171,2021-09-01,133364
28171,2021-10-01,137099
28171,2021-11-01,140320
28171,2021-12-01,136973
28171,2022-01-01,141365
28171,2022-02-01,149100
28171,2022-03-01,161335
28171,2022-04-01,163039
28171,2022-05-01,163443
28171,2022-06-01,165277
28171,2022-07-01,169058
28171,2022-08-01,169834
28171,2022-09-01,175736
28171,2022-10-01,176771
28171,2022-11-01,153212
28171,2022-12-01,154369
28171,2023-01-01,155250
28171,2023-02-01,160137
28171,2023-03-01,160652
28171,2023-04-01,159980
28171,2023-05-01,162049
28171,2023-06-01,165579
28171,2023-07-01,166827
28171,2023-08-01,168689
28171,2023-09-01,170514
28171,2023-10-01,170838
28171,2023-11-01,175573
28171,2023-12-01,175196
28171,2024-01-01,182055
28171,2024-02-01,178128
28171,2024-03-01,178956
28171,2024-04-01,175366
28171,2024-05-01,185568
28171,2024-06-01,186583
28171,2024-07-01,191168
28171,2024-08-01,188217
28171,2024-09-01,190000
28171,2024-10-01,190793
28171,2024-11-01,190668
28171,2024-12-01,195002
28171,2025-01-01,195979
28171,2025-02-01,203860
28171,2025-03-01,208187
28171,2025-04-01,207360
28171,2025-05-01,203201
28171,2025-06-01,208761
28171,2025-07-01,207126
28171,2025-08-01,217005
28171,2025-09-01,211831
28171,2025-10-01,216952
28171,2025-11-01,217431
28171,2025-12-01,219800
28171,2026-01-01,223259
28171,2026-02-01,220266
28171,2026-03-01,221055
28171,2026-04-01,223593
28171,2026-05-01,225158
28171,2026-06-01,224726
