"modelo","painel","trilha","trimestre","timing","data","timing_antes","data_antes","nowcast_antes","nowcast_depois","bloco","n_series","impacto"
"dfm_4a","core","sa","2019Q1","m2",2019-02-28,"m1",2019-01-31,0.445488632561736,0.296175884333588,"hard",6,0.0159354448574122
"dfm_4a","core","sa","2019Q1","m2",2019-02-28,"m1",2019-01-31,0.445488632561736,0.296175884333588,"soft",2,0.0349999362127792
"dfm_4a","core","sa","2019Q1","m2",2019-02-28,"m1",2019-01-31,0.445488632561736,0.296175884333588,"sem_bloco",1,-0.114825448956729
"dfm_4a","core","sa","2019Q1","m2",2019-02-28,"m1",2019-01-31,0.445488632561736,0.296175884333588,"financeiro",3,-0.0129911482038323
"dfm_4a","core","sa","2019Q1","m2",2019-02-28,"m1",2019-01-31,0.445488632561736,0.296175884333588,"revisao",0,-0.0149881793692397
"dfm_4a","core","sa","2019Q1","m2",2019-02-28,"m1",2019-01-31,0.445488632561736,0.296175884333588,"reestimacao",0,-0.0574433527597517
"dfm_4a","core","sa","2019Q1","m3",2019-03-31,"m2",2019-02-28,0.296175884333588,0.591927250009418,"hard",5,0.0562525614464094
"dfm_4a","core","sa","2019Q1","m3",2019-03-31,"m2",2019-02-28,0.296175884333588,0.591927250009418,"soft",2,-0.0904403764808383
"dfm_4a","core","sa","2019Q1","m3",2019-03-31,"m2",2019-02-28,0.296175884333588,0.591927250009418,"sem_bloco",1,0.050419022834843
"dfm_4a","core","sa","2019Q1","m3",2019-03-31,"m2",2019-02-28,0.296175884333588,0.591927250009418,"financeiro",3,0.14708454555786
"dfm_4a","core","sa","2019Q1","m3",2019-03-31,"m2",2019-02-28,0.296175884333588,0.591927250009418,"revisao",0,0.137110957107929
"dfm_4a","core","sa","2019Q1","m3",2019-03-31,"m2",2019-02-28,0.296175884333588,0.591927250009418,"reestimacao",0,-0.00467534479432796
"dfm_4a","core","sa","2019Q1","vespera",2019-05-29,"m3",2019-03-31,0.591927250009418,-0.112444038624433,"hard",5,-0.815916927804088
"dfm_4a","core","sa","2019Q1","vespera",2019-05-29,"m3",2019-03-31,0.591927250009418,-0.112444038624433,"soft",2,-0.000857193610865854
"dfm_4a","core","sa","2019Q1","vespera",2019-05-29,"m3",2019-03-31,0.591927250009418,-0.112444038624433,"sem_bloco",1,-0.0390790437649299
"dfm_4a","core","sa","2019Q1","vespera",2019-05-29,"m3",2019-03-31,0.591927250009418,-0.112444038624433,"financeiro",3,-0.0300807774854058
"dfm_4a","core","sa","2019Q1","vespera",2019-05-29,"m3",2019-03-31,0.591927250009418,-0.112444038624433,"revisao",0,0.118600510764616
"dfm_4a","core","sa","2019Q1","vespera",2019-05-29,"m3",2019-03-31,0.591927250009418,-0.112444038624433,"reestimacao",0,0.0629621432767854
"dfm_4a","core","sa","2019Q2","m1",2019-04-30,"m3",2019-03-31,0.353316733667029,0.190553724788763,"hard",5,-0.0524919503241611
"dfm_4a","core","sa","2019Q2","m1",2019-04-30,"m3",2019-03-31,0.353316733667029,0.190553724788763,"soft",2,0.0273688455296967
"dfm_4a","core","sa","2019Q2","m1",2019-04-30,"m3",2019-03-31,0.353316733667029,0.190553724788763,"sem_bloco",1,-0.12727827245259
"dfm_4a","core","sa","2019Q2","m1",2019-04-30,"m3",2019-03-31,0.353316733667029,0.190553724788763,"financeiro",3,-0.0409349773509867
"dfm_4a","core","sa","2019Q2","m1",2019-04-30,"m3",2019-03-31,0.353316733667029,0.190553724788763,"revisao",0,0.0262306174178945
"dfm_4a","core","sa","2019Q2","m1",2019-04-30,"m3",2019-03-31,0.353316733667029,0.190553724788763,"reestimacao",0,0.00434272829152693
"dfm_4a","core","sa","2019Q2","m2",2019-05-31,"m1",2019-04-30,0.190553724788763,-0.622232488640239,"hard",6,-0.407745224423564
"dfm_4a","core","sa","2019Q2","m2",2019-05-31,"m1",2019-04-30,0.190553724788763,-0.622232488640239,"soft",2,-0.087130106627225
"dfm_4a","core","sa","2019Q2","m2",2019-05-31,"m1",2019-04-30,0.190553724788763,-0.622232488640239,"sem_bloco",1,-0.103572025624069
"dfm_4a","core","sa","2019Q2","m2",2019-05-31,"m1",2019-04-30,0.190553724788763,-0.622232488640239,"financeiro",3,-0.0481336023645381
"dfm_4a","core","sa","2019Q2","m2",2019-05-31,"m1",2019-04-30,0.190553724788763,-0.622232488640239,"revisao",0,-0.151618280703025
"dfm_4a","core","sa","2019Q2","m2",2019-05-31,"m1",2019-04-30,0.190553724788763,-0.622232488640239,"reestimacao",0,-0.0145869736850931
"dfm_4a","core","sa","2019Q2","m3",2019-06-30,"m2",2019-05-31,-0.622232488640239,0.107326653848672,"hard",5,0.450776274126438
"dfm_4a","core","sa","2019Q2","m3",2019-06-30,"m2",2019-05-31,-0.622232488640239,0.107326653848672,"soft",2,0.0651695315073587
"dfm_4a","core","sa","2019Q2","m3",2019-06-30,"m2",2019-05-31,-0.622232488640239,0.107326653848672,"sem_bloco",1,0.0350989677308001
"dfm_4a","core","sa","2019Q2","m3",2019-06-30,"m2",2019-05-31,-0.622232488640239,0.107326653848672,"financeiro",3,0.158057921813288
"dfm_4a","core","sa","2019Q2","m3",2019-06-30,"m2",2019-05-31,-0.622232488640239,0.107326653848672,"revisao",0,-0.00155364547588488
"dfm_4a","core","sa","2019Q2","m3",2019-06-30,"m2",2019-05-31,-0.622232488640239,0.107326653848672,"reestimacao",0,0.02201009278429
"dfm_4a","core","sa","2019Q2","vespera",2019-08-28,"m3",2019-06-30,0.107326653848671,0.332127077509384,"hard",5,0.116709731788267
"dfm_4a","core","sa","2019Q2","vespera",2019-08-28,"m3",2019-06-30,0.107326653848671,0.332127077509384,"soft",2,-0.00010110806921369
"dfm_4a","core","sa","2019Q2","vespera",2019-08-28,"m3",2019-06-30,0.107326653848671,0.332127077509384,"sem_bloco",1,0.00630879075906395
"dfm_4a","core","sa","2019Q2","vespera",2019-08-28,"m3",2019-06-30,0.107326653848671,0.332127077509384,"financeiro",3,0.00281312772575362
"dfm_4a","core","sa","2019Q2","vespera",2019-08-28,"m3",2019-06-30,0.107326653848671,0.332127077509384,"revisao",0,0.115233408077808
"dfm_4a","core","sa","2019Q2","vespera",2019-08-28,"m3",2019-06-30,0.107326653848671,0.332127077509384,"reestimacao",0,-0.016163526610336
"dfm_4a","core","sa","2019Q3","m1",2019-07-31,"m3",2019-06-30,0.0428657174602395,0.150349449629065,"hard",5,0.150605609010735
"dfm_4a","core","sa","2019Q3","m1",2019-07-31,"m3",2019-06-30,0.0428657174602395,0.150349449629065,"soft",2,-0.0857954446984735
"dfm_4a","core","sa","2019Q3","m1",2019-07-31,"m3",2019-06-30,0.0428657174602395,0.150349449629065,"sem_bloco",1,0.0200684659197448
"dfm_4a","core","sa","2019Q3","m1",2019-07-31,"m3",2019-06-30,0.0428657174602395,0.150349449629065,"financeiro",3,0.0102150320263905
"dfm_4a","core","sa","2019Q3","m1",2019-07-31,"m3",2019-06-30,0.0428657174602395,0.150349449629065,"revisao",0,0.00429220283537528
"dfm_4a","core","sa","2019Q3","m1",2019-07-31,"m3",2019-06-30,0.0428657174602395,0.150349449629065,"reestimacao",0,0.0080978670719784
"dfm_4a","core","sa","2019Q3","m2",2019-08-31,"m1",2019-07-31,0.150349449629065,0.22359567588609,"hard",6,-0.231911832918072
"dfm_4a","core","sa","2019Q3","m2",2019-08-31,"m1",2019-07-31,0.150349449629065,0.22359567588609,"soft",2,0.0887954250867581
"dfm_4a","core","sa","2019Q3","m2",2019-08-31,"m1",2019-07-31,0.150349449629065,0.22359567588609,"sem_bloco",1,0.0228188635850067
"dfm_4a","core","sa","2019Q3","m2",2019-08-31,"m1",2019-07-31,0.150349449629065,0.22359567588609,"financeiro",3,0.159481257208732
"dfm_4a","core","sa","2019Q3","m2",2019-08-31,"m1",2019-07-31,0.150349449629065,0.22359567588609,"revisao",0,0.0123542720233355
"dfm_4a","core","sa","2019Q3","m2",2019-08-31,"m1",2019-07-31,0.150349449629065,0.22359567588609,"reestimacao",0,0.0217082412698521
"dfm_4a","core","sa","2019Q3","m3",2019-09-30,"m2",2019-08-31,0.22359567588609,0.437988137611863,"hard",5,0.111243216158196
"dfm_4a","core","sa","2019Q3","m3",2019-09-30,"m2",2019-08-31,0.22359567588609,0.437988137611863,"soft",2,0.0204514207283469
"dfm_4a","core","sa","2019Q3","m3",2019-09-30,"m2",2019-08-31,0.22359567588609,0.437988137611863,"sem_bloco",1,0.0262501304852884
"dfm_4a","core","sa","2019Q3","m3",2019-09-30,"m2",2019-08-31,0.22359567588609,0.437988137611863,"financeiro",3,0.0743521737612824
"dfm_4a","core","sa","2019Q3","m3",2019-09-30,"m2",2019-08-31,0.22359567588609,0.437988137611863,"revisao",0,-0.0118368781780742
"dfm_4a","core","sa","2019Q3","m3",2019-09-30,"m2",2019-08-31,0.22359567588609,0.437988137611863,"reestimacao",0,-0.00606760121851102
"dfm_4a","core","sa","2019Q3","vespera",2019-12-02,"m3",2019-09-30,0.437988137611863,0.627434934787742,"hard",5,0.137687200643916
"dfm_4a","core","sa","2019Q3","vespera",2019-12-02,"m3",2019-09-30,0.437988137611863,0.627434934787742,"soft",2,-0.000883692000142529
"dfm_4a","core","sa","2019Q3","vespera",2019-12-02,"m3",2019-09-30,0.437988137611863,0.627434934787742,"sem_bloco",1,0.007560214907266
"dfm_4a","core","sa","2019Q3","vespera",2019-12-02,"m3",2019-09-30,0.437988137611863,0.627434934787742,"financeiro",3,0.0230286448265919
"dfm_4a","core","sa","2019Q3","vespera",2019-12-02,"m3",2019-09-30,0.437988137611863,0.627434934787742,"revisao",0,0.0377377351010237
"dfm_4a","core","sa","2019Q3","vespera",2019-12-02,"m3",2019-09-30,0.437988137611863,0.627434934787742,"reestimacao",0,-0.015683306305899
"dfm_4a","core","sa","2019Q4","m1",2019-10-31,"m3",2019-09-30,0.23762100220009,0.34080700302441,"hard",5,0.0301569315321054
"dfm_4a","core","sa","2019Q4","m1",2019-10-31,"m3",2019-09-30,0.23762100220009,0.34080700302441,"soft",2,-0.0596526159760653
"dfm_4a","core","sa","2019Q4","m1",2019-10-31,"m3",2019-09-30,0.23762100220009,0.34080700302441,"sem_bloco",1,0.0319334920295214
"dfm_4a","core","sa","2019Q4","m1",2019-10-31,"m3",2019-09-30,0.23762100220009,0.34080700302441,"financeiro",3,0.104505179672601
"dfm_4a","core","sa","2019Q4","m1",2019-10-31,"m3",2019-09-30,0.23762100220009,0.34080700302441,"revisao",0,0.000580177301725937
"dfm_4a","core","sa","2019Q4","m1",2019-10-31,"m3",2019-09-30,0.23762100220009,0.34080700302441,"reestimacao",0,-0.00433716373574561
"dfm_4a","core","sa","2019Q4","m2",2019-11-30,"m1",2019-10-31,0.34080700302441,0.320908168348612,"hard",5,-0.0274030579117591
"dfm_4a","core","sa","2019Q4","m2",2019-11-30,"m1",2019-10-31,0.34080700302441,0.320908168348612,"soft",2,-0.0280155009264139
"dfm_4a","core","sa","2019Q4","m2",2019-11-30,"m1",2019-10-31,0.34080700302441,0.320908168348612,"sem_bloco",1,0.0561505516738216
"dfm_4a","core","sa","2019Q4","m2",2019-11-30,"m1",2019-10-31,0.34080700302441,0.320908168348612,"financeiro",3,-0.0199832171066313
"dfm_4a","core","sa","2019Q4","m2",2019-11-30,"m1",2019-10-31,0.34080700302441,0.320908168348612,"revisao",0,0.00691602621083326
"dfm_4a","core","sa","2019Q4","m2",2019-11-30,"m1",2019-10-31,0.34080700302441,0.320908168348612,"reestimacao",0,-0.00756363661289167
"dfm_4a","core","sa","2019Q4","m3",2019-12-31,"m2",2019-11-30,0.320908168348612,1.14922172999314,"hard",6,0.582756373548073
"dfm_4a","core","sa","2019Q4","m3",2019-12-31,"m2",2019-11-30,0.320908168348612,1.14922172999314,"soft",2,0.115571131076918
"dfm_4a","core","sa","2019Q4","m3",2019-12-31,"m2",2019-11-30,0.320908168348612,1.14922172999314,"sem_bloco",1,0.0869449111787186
"dfm_4a","core","sa","2019Q4","m3",2019-12-31,"m2",2019-11-30,0.320908168348612,1.14922172999314,"financeiro",3,0.0141704668616549
"dfm_4a","core","sa","2019Q4","m3",2019-12-31,"m2",2019-11-30,0.320908168348612,1.14922172999314,"revisao",0,0.0601423067327558
"dfm_4a","core","sa","2019Q4","m3",2019-12-31,"m2",2019-11-30,0.320908168348612,1.14922172999314,"reestimacao",0,-0.031271627750932
"dfm_4a","core","sa","2019Q4","vespera",2020-03-03,"m3",2019-12-31,1.14922172999314,0.708660918216594,"hard",5,-0.492076273698879
"dfm_4a","core","sa","2019Q4","vespera",2020-03-03,"m3",2019-12-31,1.14922172999314,0.708660918216594,"soft",2,-0.000550063787464809
"dfm_4a","core","sa","2019Q4","vespera",2020-03-03,"m3",2019-12-31,1.14922172999314,0.708660918216594,"sem_bloco",1,0.00672642896534146
"dfm_4a","core","sa","2019Q4","vespera",2020-03-03,"m3",2019-12-31,1.14922172999314,0.708660918216594,"financeiro",3,-0.00687105124544372
"dfm_4a","core","sa","2019Q4","vespera",2020-03-03,"m3",2019-12-31,1.14922172999314,0.708660918216594,"revisao",0,0.0221120396595311
"dfm_4a","core","sa","2019Q4","vespera",2020-03-03,"m3",2019-12-31,1.14922172999314,0.708660918216594,"reestimacao",0,0.0300981082949798
"dfm_4a","core","sa","2020Q1","m1",2020-01-31,"m3",2019-12-31,0.37080890730139,0.267183132655651,"hard",5,-0.085175907496061
"dfm_4a","core","sa","2020Q1","m1",2020-01-31,"m3",2019-12-31,0.37080890730139,0.267183132655651,"soft",2,-0.00501889553344415
"dfm_4a","core","sa","2020Q1","m1",2020-01-31,"m3",2019-12-31,0.37080890730139,0.267183132655651,"sem_bloco",1,0.0312417688361543
"dfm_4a","core","sa","2020Q1","m1",2020-01-31,"m3",2019-12-31,0.37080890730139,0.267183132655651,"financeiro",3,-0.0521847934519285
"dfm_4a","core","sa","2020Q1","m1",2020-01-31,"m3",2019-12-31,0.37080890730139,0.267183132655651,"revisao",0,0.013001895831681
"dfm_4a","core","sa","2020Q1","m1",2020-01-31,"m3",2019-12-31,0.37080890730139,0.267183132655651,"reestimacao",0,-0.00548984282327192
"dfm_4a","core","sa","2020Q1","m2",2020-02-29,"m1",2020-01-31,0.267183132655651,-0.358972449740619,"hard",5,-0.446420136091051
"dfm_4a","core","sa","2020Q1","m2",2020-02-29,"m1",2020-01-31,0.267183132655651,-0.358972449740619,"soft",2,-0.00923416605027542
"dfm_4a","core","sa","2020Q1","m2",2020-02-29,"m1",2020-01-31,0.267183132655651,-0.358972449740619,"financeiro",3,-0.117652973601229
"dfm_4a","core","sa","2020Q1","m2",2020-02-29,"m1",2020-01-31,0.267183132655651,-0.358972449740619,"revisao",0,-0.03804615280225
"dfm_4a","core","sa","2020Q1","m2",2020-02-29,"m1",2020-01-31,0.267183132655651,-0.358972449740619,"reestimacao",0,-0.0148021538512526
"dfm_4a","core","sa","2020Q1","m3",2020-03-31,"m2",2020-02-29,-0.358972449740619,0.0179805480854997,"hard",6,0.459685112754751
"dfm_4a","core","sa","2020Q1","m3",2020-03-31,"m2",2020-02-29,-0.358972449740619,0.0179805480854997,"soft",2,-0.167277344361963
"dfm_4a","core","sa","2020Q1","m3",2020-03-31,"m2",2020-02-29,-0.358972449740619,0.0179805480854997,"sem_bloco",1,0.0967545974228098
"dfm_4a","core","sa","2020Q1","m3",2020-03-31,"m2",2020-02-29,-0.358972449740619,0.0179805480854997,"financeiro",3,0.0479931398914018
"dfm_4a","core","sa","2020Q1","m3",2020-03-31,"m2",2020-02-29,-0.358972449740619,0.0179805480854997,"revisao",0,-0.102802445922114
"dfm_4a","core","sa","2020Q1","m3",2020-03-31,"m2",2020-02-29,-0.358972449740619,0.0179805480854997,"reestimacao",0,0.0425999380354287
"dfm_4a","core","sa","2020Q1","vespera",2020-05-28,"m3",2020-03-31,0.0179805480854997,-0.953382717916847,"hard",5,-0.47429251845925
"dfm_4a","core","sa","2020Q1","vespera",2020-05-28,"m3",2020-03-31,0.0179805480854997,-0.953382717916847,"soft",2,0.049013997805847
"dfm_4a","core","sa","2020Q1","vespera",2020-05-28,"m3",2020-03-31,0.0179805480854997,-0.953382717916847,"sem_bloco",1,-0.385523269182412
"dfm_4a","core","sa","2020Q1","vespera",2020-05-28,"m3",2020-03-31,0.0179805480854997,-0.953382717916847,"financeiro",3,0.0378097269624487
"dfm_4a","core","sa","2020Q1","vespera",2020-05-28,"m3",2020-03-31,0.0179805480854997,-0.953382717916847,"revisao",0,0.0955653486225931
"dfm_4a","core","sa","2020Q1","vespera",2020-05-28,"m3",2020-03-31,0.0179805480854997,-0.953382717916847,"reestimacao",0,-0.293936551749742
"dfm_4a","core","sa","2020Q2","m1",2020-04-30,"m3",2020-03-31,0.353189143862291,-3.89243219905273,"hard",5,-0.443698552654142
"dfm_4a","core","sa","2020Q2","m1",2020-04-30,"m3",2020-03-31,0.353189143862291,-3.89243219905273,"soft",2,-3.26010291324382
"dfm_4a","core","sa","2020Q2","m1",2020-04-30,"m3",2020-03-31,0.353189143862291,-3.89243219905273,"sem_bloco",1,-0.427896763617891
"dfm_4a","core","sa","2020Q2","m1",2020-04-30,"m3",2020-03-31,0.353189143862291,-3.89243219905273,"financeiro",3,0.121903491217653
"dfm_4a","core","sa","2020Q2","m1",2020-04-30,"m3",2020-03-31,0.353189143862291,-3.89243219905273,"revisao",0,0.0540459206732187
"dfm_4a","core","sa","2020Q2","m1",2020-04-30,"m3",2020-03-31,0.353189143862291,-3.89243219905273,"reestimacao",0,-0.289872525309616
"dfm_4a","core","sa","2020Q2","m2",2020-05-31,"m1",2020-04-30,-3.89243219905273,-8.95872474669931,"hard",6,-0.639813715320663
"dfm_4a","core","sa","2020Q2","m2",2020-05-31,"m1",2020-04-30,-3.89243219905273,-8.95872474669931,"soft",2,1.02916922803049
"dfm_4a","core","sa","2020Q2","m2",2020-05-31,"m1",2020-04-30,-3.89243219905273,-8.95872474669931,"sem_bloco",1,-1.38182847015166
"dfm_4a","core","sa","2020Q2","m2",2020-05-31,"m1",2020-04-30,-3.89243219905273,-8.95872474669931,"financeiro",3,-0.0373648446384735
"dfm_4a","core","sa","2020Q2","m2",2020-05-31,"m1",2020-04-30,-3.89243219905273,-8.95872474669931,"revisao",0,0.0484375596399946
"dfm_4a","core","sa","2020Q2","m2",2020-05-31,"m1",2020-04-30,-3.89243219905273,-8.95872474669931,"reestimacao",0,-4.08489230521539
"dfm_4a","core","sa","2020Q2","m3",2020-06-30,"m2",2020-05-31,-8.95872474669931,-6.49298501556767,"hard",5,0.478795622102048
"dfm_4a","core","sa","2020Q2","m3",2020-06-30,"m2",2020-05-31,-8.95872474669931,-6.49298501556767,"soft",2,0.546872830209606
"dfm_4a","core","sa","2020Q2","m3",2020-06-30,"m2",2020-05-31,-8.95872474669931,-6.49298501556767,"sem_bloco",1,-0.213675042621363
"dfm_4a","core","sa","2020Q2","m3",2020-06-30,"m2",2020-05-31,-8.95872474669931,-6.49298501556767,"financeiro",3,0.0875438877840668
"dfm_4a","core","sa","2020Q2","m3",2020-06-30,"m2",2020-05-31,-8.95872474669931,-6.49298501556767,"revisao",0,0.0844599400985064
"dfm_4a","core","sa","2020Q2","m3",2020-06-30,"m2",2020-05-31,-8.95872474669931,-6.49298501556767,"reestimacao",0,1.4817424935492
"dfm_4a","core","sa","2020Q2","vespera",2020-08-31,"m3",2020-06-30,-6.49298501556767,-6.63939303944683,"hard",5,0.410394349344989
"dfm_4a","core","sa","2020Q2","vespera",2020-08-31,"m3",2020-06-30,-6.49298501556767,-6.63939303944683,"soft",2,-0.000759717952354134
"dfm_4a","core","sa","2020Q2","vespera",2020-08-31,"m3",2020-06-30,-6.49298501556767,-6.63939303944683,"sem_bloco",1,0.042640997760371
"dfm_4a","core","sa","2020Q2","vespera",2020-08-31,"m3",2020-06-30,-6.49298501556767,-6.63939303944683,"financeiro",3,-0.00287081865996232
"dfm_4a","core","sa","2020Q2","vespera",2020-08-31,"m3",2020-06-30,-6.49298501556767,-6.63939303944683,"revisao",0,0.0203016681275106
"dfm_4a","core","sa","2020Q2","vespera",2020-08-31,"m3",2020-06-30,-6.49298501556767,-6.63939303944683,"reestimacao",0,-0.616114502497853
"dfm_4a","core","sa","2020Q3","m1",2020-07-31,"m3",2020-06-30,1.33215443411077,2.79078113103248,"hard",5,0.273011734120105
"dfm_4a","core","sa","2020Q3","m1",2020-07-31,"m3",2020-06-30,1.33215443411077,2.79078113103248,"soft",2,0.721371674317027
"dfm_4a","core","sa","2020Q3","m1",2020-07-31,"m3",2020-06-30,1.33215443411077,2.79078113103248,"sem_bloco",1,0.0125773808314681
"dfm_4a","core","sa","2020Q3","m1",2020-07-31,"m3",2020-06-30,1.33215443411077,2.79078113103248,"financeiro",3,-0.0652153276696234
"dfm_4a","core","sa","2020Q3","m1",2020-07-31,"m3",2020-06-30,1.33215443411077,2.79078113103248,"revisao",0,-0.0639344703144051
"dfm_4a","core","sa","2020Q3","m1",2020-07-31,"m3",2020-06-30,1.33215443411077,2.79078113103248,"reestimacao",0,0.580815705637271
"dfm_4a","core","sa","2020Q3","m2",2020-08-31,"m1",2020-07-31,2.79078113103248,4.38173209362098,"hard",5,0.154889459237601
"dfm_4a","core","sa","2020Q3","m2",2020-08-31,"m1",2020-07-31,2.79078113103248,4.38173209362098,"soft",2,0.471862842173214
"dfm_4a","core","sa","2020Q3","m2",2020-08-31,"m1",2020-07-31,2.79078113103248,4.38173209362098,"sem_bloco",1,0.288590547838834
"dfm_4a","core","sa","2020Q3","m2",2020-08-31,"m1",2020-07-31,2.79078113103248,4.38173209362098,"financeiro",3,0.0528769516755512
"dfm_4a","core","sa","2020Q3","m2",2020-08-31,"m1",2020-07-31,2.79078113103248,4.38173209362098,"revisao",0,0.0995313948610348
"dfm_4a","core","sa","2020Q3","m2",2020-08-31,"m1",2020-07-31,2.79078113103248,4.38173209362098,"reestimacao",0,0.523199766800686
"dfm_4a","core","sa","2020Q3","m3",2020-09-30,"m2",2020-08-31,4.38173209362098,7.541483317274,"hard",6,-0.0598483427402904
"dfm_4a","core","sa","2020Q3","m3",2020-09-30,"m2",2020-08-31,4.38173209362098,7.541483317274,"soft",2,0.479942748139969
"dfm_4a","core","sa","2020Q3","m3",2020-09-30,"m2",2020-08-31,4.38173209362098,7.541483317274,"sem_bloco",1,0.181490041916996
"dfm_4a","core","sa","2020Q3","m3",2020-09-30,"m2",2020-08-31,4.38173209362098,7.541483317274,"financeiro",3,0.0907707117122728
"dfm_4a","core","sa","2020Q3","m3",2020-09-30,"m2",2020-08-31,4.38173209362098,7.541483317274,"revisao",0,0.205285890610952
"dfm_4a","core","sa","2020Q3","m3",2020-09-30,"m2",2020-08-31,4.38173209362098,7.541483317274,"reestimacao",0,2.26211017401293
"dfm_4a","core","sa","2020Q3","vespera",2020-12-02,"m3",2020-09-30,7.541483317274,7.14091338460927,"hard",5,-0.0716397169628715
"dfm_4a","core","sa","2020Q3","vespera",2020-12-02,"m3",2020-09-30,7.541483317274,7.14091338460927,"soft",2,-0.00258071692340812
"dfm_4a","core","sa","2020Q3","vespera",2020-12-02,"m3",2020-09-30,7.541483317274,7.14091338460927,"sem_bloco",1,0.0481269019695022
"dfm_4a","core","sa","2020Q3","vespera",2020-12-02,"m3",2020-09-30,7.541483317274,7.14091338460927,"financeiro",3,-0.024284496953232
"dfm_4a","core","sa","2020Q3","vespera",2020-12-02,"m3",2020-09-30,7.541483317274,7.14091338460927,"revisao",0,-0.0774242306971473
"dfm_4a","core","sa","2020Q3","vespera",2020-12-02,"m3",2020-09-30,7.541483317274,7.14091338460927,"reestimacao",0,-0.27276767309155
"dfm_4a","core","sa","2020Q4","m1",2020-10-31,"m3",2020-09-30,1.43187919269352,1.84421246004837,"hard",5,-0.14235419974301
"dfm_4a","core","sa","2020Q4","m1",2020-10-31,"m3",2020-09-30,1.43187919269352,1.84421246004837,"soft",2,0.610160494945653
"dfm_4a","core","sa","2020Q4","m1",2020-10-31,"m3",2020-09-30,1.43187919269352,1.84421246004837,"sem_bloco",1,0.0495123560952538
"dfm_4a","core","sa","2020Q4","m1",2020-10-31,"m3",2020-09-30,1.43187919269352,1.84421246004837,"financeiro",3,-0.13286933795858
"dfm_4a","core","sa","2020Q4","m1",2020-10-31,"m3",2020-09-30,1.43187919269352,1.84421246004837,"revisao",0,-0.016658954525079
"dfm_4a","core","sa","2020Q4","m1",2020-10-31,"m3",2020-09-30,1.43187919269352,1.84421246004837,"reestimacao",0,0.0445429085408444
"dfm_4a","core","sa","2020Q4","m2",2020-11-30,"m1",2020-10-31,1.84421246004837,2.72055018462848,"hard",5,-0.0388475419146001
"dfm_4a","core","sa","2020Q4","m2",2020-11-30,"m1",2020-10-31,1.84421246004837,2.72055018462848,"soft",2,0.233395215405231
"dfm_4a","core","sa","2020Q4","m2",2020-11-30,"m1",2020-10-31,1.84421246004837,2.72055018462848,"sem_bloco",1,0.493498107407859
"dfm_4a","core","sa","2020Q4","m2",2020-11-30,"m1",2020-10-31,1.84421246004837,2.72055018462848,"financeiro",3,0.120088870612454
"dfm_4a","core","sa","2020Q4","m2",2020-11-30,"m1",2020-10-31,1.84421246004837,2.72055018462848,"revisao",0,-0.0262009127872416
"dfm_4a","core","sa","2020Q4","m2",2020-11-30,"m1",2020-10-31,1.84421246004837,2.72055018462848,"reestimacao",0,0.0944039858565562
"dfm_4a","core","sa","2020Q4","m3",2020-12-31,"m2",2020-11-30,2.72055018462848,3.11681995507404,"hard",6,-0.101790300387875
"dfm_4a","core","sa","2020Q4","m3",2020-12-31,"m2",2020-11-30,2.72055018462848,3.11681995507404,"soft",2,0.0801732535455026
"dfm_4a","core","sa","2020Q4","m3",2020-12-31,"m2",2020-11-30,2.72055018462848,3.11681995507404,"sem_bloco",1,0.155031273083905
"dfm_4a","core","sa","2020Q4","m3",2020-12-31,"m2",2020-11-30,2.72055018462848,3.11681995507404,"financeiro",3,0.100030404903306
"dfm_4a","core","sa","2020Q4","m3",2020-12-31,"m2",2020-11-30,2.72055018462848,3.11681995507404,"revisao",0,-0.00804150924249258
"dfm_4a","core","sa","2020Q4","m3",2020-12-31,"m2",2020-11-30,2.72055018462848,3.11681995507404,"reestimacao",0,0.170866648537021
"dfm_4a","core","sa","2020Q4","vespera",2021-03-02,"m3",2020-12-31,3.11681995507404,2.6407334780157,"hard",5,-0.310445681099598
"dfm_4a","core","sa","2020Q4","vespera",2021-03-02,"m3",2020-12-31,3.11681995507404,2.6407334780157,"soft",2,-0.0060908264481991
"dfm_4a","core","sa","2020Q4","vespera",2021-03-02,"m3",2020-12-31,3.11681995507404,2.6407334780157,"sem_bloco",1,0.0178736948615856
"dfm_4a","core","sa","2020Q4","vespera",2021-03-02,"m3",2020-12-31,3.11681995507404,2.6407334780157,"financeiro",3,-0.0641330655958548
"dfm_4a","core","sa","2020Q4","vespera",2021-03-02,"m3",2020-12-31,3.11681995507404,2.6407334780157,"revisao",0,-0.0695581432358079
"dfm_4a","core","sa","2020Q4","vespera",2021-03-02,"m3",2020-12-31,3.11681995507404,2.6407334780157,"reestimacao",0,-0.0437324555453102
"dfm_4a","core","sa","2021Q1","m1",2021-01-31,"m3",2020-12-31,0.403538741973553,-0.552888052227573,"hard",5,-0.217693339578883
"dfm_4a","core","sa","2021Q1","m1",2021-01-31,"m3",2020-12-31,0.403538741973553,-0.552888052227573,"soft",2,-0.506032812399377
"dfm_4a","core","sa","2021Q1","m1",2021-01-31,"m3",2020-12-31,0.403538741973553,-0.552888052227573,"sem_bloco",1,0.0306459934825268
"dfm_4a","core","sa","2021Q1","m1",2021-01-31,"m3",2020-12-31,0.403538741973553,-0.552888052227573,"financeiro",3,-0.200209613443621
"dfm_4a","core","sa","2021Q1","m1",2021-01-31,"m3",2020-12-31,0.403538741973553,-0.552888052227573,"revisao",0,-0.00472090953231102
"dfm_4a","core","sa","2021Q1","m1",2021-01-31,"m3",2020-12-31,0.403538741973553,-0.552888052227573,"reestimacao",0,-0.0584161127288721
"dfm_4a","core","sa","2021Q1","m2",2021-02-28,"m1",2021-01-31,-0.552888052227573,0.0801131049586253,"hard",5,0.37357039899695
"dfm_4a","core","sa","2021Q1","m2",2021-02-28,"m1",2021-01-31,-0.552888052227573,0.0801131049586253,"soft",2,0.456777239756266
"dfm_4a","core","sa","2021Q1","m2",2021-02-28,"m1",2021-01-31,-0.552888052227573,0.0801131049586253,"financeiro",3,-0.111985232780209
"dfm_4a","core","sa","2021Q1","m2",2021-02-28,"m1",2021-01-31,-0.552888052227573,0.0801131049586253,"revisao",0,-0.0428460236948022
"dfm_4a","core","sa","2021Q1","m2",2021-02-28,"m1",2021-01-31,-0.552888052227573,0.0801131049586253,"reestimacao",0,-0.042515225091048
"dfm_4a","core","sa","2021Q1","m3",2021-03-31,"m2",2021-02-28,0.0801131049586252,0.682604122677443,"hard",6,0.20185245861359
"dfm_4a","core","sa","2021Q1","m3",2021-03-31,"m2",2021-02-28,0.0801131049586252,0.682604122677443,"soft",2,-0.0534315228222673
"dfm_4a","core","sa","2021Q1","m3",2021-03-31,"m2",2021-02-28,0.0801131049586252,0.682604122677443,"sem_bloco",1,0.26275879251751
"dfm_4a","core","sa","2021Q1","m3",2021-03-31,"m2",2021-02-28,0.0801131049586252,0.682604122677443,"financeiro",3,-0.0110668331222679
"dfm_4a","core","sa","2021Q1","m3",2021-03-31,"m2",2021-02-28,0.0801131049586252,0.682604122677443,"revisao",0,0.0125616820328498
"dfm_4a","core","sa","2021Q1","m3",2021-03-31,"m2",2021-02-28,0.0801131049586252,0.682604122677443,"reestimacao",0,0.189816440498097
"dfm_4a","core","sa","2021Q1","vespera",2021-05-31,"m3",2021-03-31,0.682604122677443,0.590299222683475,"hard",5,-0.0259439931512159
"dfm_4a","core","sa","2021Q1","vespera",2021-05-31,"m3",2021-03-31,0.682604122677443,0.590299222683475,"soft",2,-0.00643102567841491
"dfm_4a","core","sa","2021Q1","vespera",2021-05-31,"m3",2021-03-31,0.682604122677443,0.590299222683475,"sem_bloco",1,0.02683328321248
"dfm_4a","core","sa","2021Q1","vespera",2021-05-31,"m3",2021-03-31,0.682604122677443,0.590299222683475,"financeiro",3,0.00436870777072923
"dfm_4a","core","sa","2021Q1","vespera",2021-05-31,"m3",2021-03-31,0.682604122677443,0.590299222683475,"revisao",0,-0.0613962481343879
"dfm_4a","core","sa","2021Q1","vespera",2021-05-31,"m3",2021-03-31,0.682604122677443,0.590299222683475,"reestimacao",0,-0.0297356240132816
"dfm_4a","core","sa","2021Q2","m1",2021-04-30,"m3",2021-03-31,-0.556220048542831,0.747165066161052,"hard",5,-0.00168552658048686
"dfm_4a","core","sa","2021Q2","m1",2021-04-30,"m3",2021-03-31,-0.556220048542831,0.747165066161052,"soft",2,0.8833136425153
"dfm_4a","core","sa","2021Q2","m1",2021-04-30,"m3",2021-03-31,-0.556220048542831,0.747165066161052,"sem_bloco",1,0.103816874736572
"dfm_4a","core","sa","2021Q2","m1",2021-04-30,"m3",2021-03-31,-0.556220048542831,0.747165066161052,"financeiro",3,0.264214058283575
"dfm_4a","core","sa","2021Q2","m1",2021-04-30,"m3",2021-03-31,-0.556220048542831,0.747165066161052,"revisao",0,-0.0141206035227974
"dfm_4a","core","sa","2021Q2","m1",2021-04-30,"m3",2021-03-31,-0.556220048542831,0.747165066161052,"reestimacao",0,0.0678466692712484
"dfm_4a","core","sa","2021Q2","m2",2021-05-31,"m1",2021-04-30,0.747165066161052,0.258499596132145,"hard",5,-0.471736928493546
"dfm_4a","core","sa","2021Q2","m2",2021-05-31,"m1",2021-04-30,0.747165066161052,0.258499596132145,"soft",2,0.30523683559608
"dfm_4a","core","sa","2021Q2","m2",2021-05-31,"m1",2021-04-30,0.747165066161052,0.258499596132145,"sem_bloco",1,-0.418603541208824
"dfm_4a","core","sa","2021Q2","m2",2021-05-31,"m1",2021-04-30,0.747165066161052,0.258499596132145,"financeiro",3,0.0987743431340907
"dfm_4a","core","sa","2021Q2","m2",2021-05-31,"m1",2021-04-30,0.747165066161052,0.258499596132145,"revisao",0,0.0340886602218053
"dfm_4a","core","sa","2021Q2","m2",2021-05-31,"m1",2021-04-30,0.747165066161052,0.258499596132145,"reestimacao",0,-0.0364248392770465
"dfm_4a","core","sa","2021Q2","m3",2021-06-30,"m2",2021-05-31,0.258499596132145,1.41123907945827,"hard",6,0.329676222369388
"dfm_4a","core","sa","2021Q2","m3",2021-06-30,"m2",2021-05-31,0.258499596132145,1.41123907945827,"soft",2,0.338413201044669
"dfm_4a","core","sa","2021Q2","m3",2021-06-30,"m2",2021-05-31,0.258499596132145,1.41123907945827,"sem_bloco",1,0.153382716580955
"dfm_4a","core","sa","2021Q2","m3",2021-06-30,"m2",2021-05-31,0.258499596132145,1.41123907945827,"financeiro",3,0.181992871764862
"dfm_4a","core","sa","2021Q2","m3",2021-06-30,"m2",2021-05-31,0.258499596132145,1.41123907945827,"revisao",0,0.0762636557032804
"dfm_4a","core","sa","2021Q2","m3",2021-06-30,"m2",2021-05-31,0.258499596132145,1.41123907945827,"reestimacao",0,0.0730108158654242
"dfm_4a","core","sa","2021Q2","vespera",2021-08-31,"m3",2021-06-30,1.41123907945827,0.918022712001852,"hard",5,-0.534833159563913
"dfm_4a","core","sa","2021Q2","vespera",2021-08-31,"m3",2021-06-30,1.41123907945827,0.918022712001852,"soft",2,-0.000263801062891353
"dfm_4a","core","sa","2021Q2","vespera",2021-08-31,"m3",2021-06-30,1.41123907945827,0.918022712001852,"sem_bloco",1,0.0712803739712467
"dfm_4a","core","sa","2021Q2","vespera",2021-08-31,"m3",2021-06-30,1.41123907945827,0.918022712001852,"financeiro",3,-0.00954804211347331
"dfm_4a","core","sa","2021Q2","vespera",2021-08-31,"m3",2021-06-30,1.41123907945827,0.918022712001852,"revisao",0,0.0305171614040392
"dfm_4a","core","sa","2021Q2","vespera",2021-08-31,"m3",2021-06-30,1.41123907945827,0.918022712001852,"reestimacao",0,-0.0503689000943892
"dfm_4a","core","sa","2021Q3","m1",2021-07-31,"m3",2021-06-30,1.15982325324696,0.724772861967008,"hard",5,-0.376864050135199
"dfm_4a","core","sa","2021Q3","m1",2021-07-31,"m3",2021-06-30,1.15982325324696,0.724772861967008,"soft",2,0.0773603791185519
"dfm_4a","core","sa","2021Q3","m1",2021-07-31,"m3",2021-06-30,1.15982325324696,0.724772861967008,"sem_bloco",1,0.124034813204751
"dfm_4a","core","sa","2021Q3","m1",2021-07-31,"m3",2021-06-30,1.15982325324696,0.724772861967008,"financeiro",3,-0.177996298928783
"dfm_4a","core","sa","2021Q3","m1",2021-07-31,"m3",2021-06-30,1.15982325324696,0.724772861967008,"revisao",0,-0.0660565635357595
"dfm_4a","core","sa","2021Q3","m1",2021-07-31,"m3",2021-06-30,1.15982325324696,0.724772861967008,"reestimacao",0,-0.015528671003695
"dfm_4a","core","sa","2021Q3","m2",2021-08-31,"m1",2021-07-31,0.724772861967009,0.830302986714602,"hard",5,-0.212099098224052
"dfm_4a","core","sa","2021Q3","m2",2021-08-31,"m1",2021-07-31,0.724772861967009,0.830302986714602,"soft",2,0.0348159890225857
"dfm_4a","core","sa","2021Q3","m2",2021-08-31,"m1",2021-07-31,0.724772861967009,0.830302986714602,"sem_bloco",1,0.362450545447669
"dfm_4a","core","sa","2021Q3","m2",2021-08-31,"m1",2021-07-31,0.724772861967009,0.830302986714602,"financeiro",3,0.0268894020508764
"dfm_4a","core","sa","2021Q3","m2",2021-08-31,"m1",2021-07-31,0.724772861967009,0.830302986714602,"revisao",0,-0.0820367863989724
"dfm_4a","core","sa","2021Q3","m2",2021-08-31,"m1",2021-07-31,0.724772861967009,0.830302986714602,"reestimacao",0,-0.0244899271501567
"dfm_4a","core","sa","2021Q3","m3",2021-09-30,"m2",2021-08-31,0.830302986714602,0.544929847581394,"hard",6,-0.274354626740609
"dfm_4a","core","sa","2021Q3","m3",2021-09-30,"m2",2021-08-31,0.830302986714602,0.544929847581394,"soft",2,-0.0345998037323146
"dfm_4a","core","sa","2021Q3","m3",2021-09-30,"m2",2021-08-31,0.830302986714602,0.544929847581394,"sem_bloco",1,0.210750474177247
"dfm_4a","core","sa","2021Q3","m3",2021-09-30,"m2",2021-08-31,0.830302986714602,0.544929847581394,"financeiro",3,-0.0350612680445722
"dfm_4a","core","sa","2021Q3","m3",2021-09-30,"m2",2021-08-31,0.830302986714602,0.544929847581394,"revisao",0,-0.0636096975156556
"dfm_4a","core","sa","2021Q3","m3",2021-09-30,"m2",2021-08-31,0.830302986714602,0.544929847581394,"reestimacao",0,-0.0884982172772348
"dfm_4a","core","sa","2021Q3","vespera",2021-12-01,"m3",2021-09-30,0.544929847581394,0.356020186003959,"hard",5,-0.0330430981839341
"dfm_4a","core","sa","2021Q3","vespera",2021-12-01,"m3",2021-09-30,0.544929847581394,0.356020186003959,"soft",2,0.0000363852951536931
"dfm_4a","core","sa","2021Q3","vespera",2021-12-01,"m3",2021-09-30,0.544929847581394,0.356020186003959,"sem_bloco",1,0.0190840981203224
"dfm_4a","core","sa","2021Q3","vespera",2021-12-01,"m3",2021-09-30,0.544929847581394,0.356020186003959,"financeiro",3,0.00620729547249562
"dfm_4a","core","sa","2021Q3","vespera",2021-12-01,"m3",2021-09-30,0.544929847581394,0.356020186003959,"revisao",0,-0.136597532054053
"dfm_4a","core","sa","2021Q3","vespera",2021-12-01,"m3",2021-09-30,0.544929847581394,0.356020186003959,"reestimacao",0,-0.0445968102268243
"dfm_4a","core","sa","2021Q4","m1",2021-10-31,"m3",2021-09-30,-0.649604160726948,-0.646852555358932,"hard",5,-0.103825670509306
"dfm_4a","core","sa","2021Q4","m1",2021-10-31,"m3",2021-09-30,-0.649604160726948,-0.646852555358932,"soft",2,0.211987608849164
"dfm_4a","core","sa","2021Q4","m1",2021-10-31,"m3",2021-09-30,-0.649604160726948,-0.646852555358932,"sem_bloco",1,0.0711738560456983
"dfm_4a","core","sa","2021Q4","m1",2021-10-31,"m3",2021-09-30,-0.649604160726948,-0.646852555358932,"financeiro",3,-0.154861241873388
"dfm_4a","core","sa","2021Q4","m1",2021-10-31,"m3",2021-09-30,-0.649604160726948,-0.646852555358932,"revisao",0,-0.0118156454558158
"dfm_4a","core","sa","2021Q4","m1",2021-10-31,"m3",2021-09-30,-0.649604160726948,-0.646852555358932,"reestimacao",0,-0.00990730168841381
"dfm_4a","core","sa","2021Q4","m2",2021-11-30,"m1",2021-10-31,-0.646852555358932,-0.462790503012953,"hard",5,0.546499764924763
"dfm_4a","core","sa","2021Q4","m2",2021-11-30,"m1",2021-10-31,-0.646852555358932,-0.462790503012953,"soft",2,-0.304271475203139
"dfm_4a","core","sa","2021Q4","m2",2021-11-30,"m1",2021-10-31,-0.646852555358932,-0.462790503012953,"sem_bloco",1,-0.00066364514797703
"dfm_4a","core","sa","2021Q4","m2",2021-11-30,"m1",2021-10-31,-0.646852555358932,-0.462790503012953,"financeiro",3,0.0240974845622177
"dfm_4a","core","sa","2021Q4","m2",2021-11-30,"m1",2021-10-31,-0.646852555358932,-0.462790503012953,"revisao",0,-0.100249051829673
"dfm_4a","core","sa","2021Q4","m2",2021-11-30,"m1",2021-10-31,-0.646852555358932,-0.462790503012953,"reestimacao",0,0.0186489750409417
"dfm_4a","core","sa","2021Q4","m3",2021-12-31,"m2",2021-11-30,-0.462790503012953,-0.37449676860231,"hard",6,-0.149634578490967
"dfm_4a","core","sa","2021Q4","m3",2021-12-31,"m2",2021-11-30,-0.462790503012953,-0.37449676860231,"soft",2,0.0184029783416881
"dfm_4a","core","sa","2021Q4","m3",2021-12-31,"m2",2021-11-30,-0.462790503012953,-0.37449676860231,"sem_bloco",1,0.246118104722193
"dfm_4a","core","sa","2021Q4","m3",2021-12-31,"m2",2021-11-30,-0.462790503012953,-0.37449676860231,"financeiro",3,0.0142344764741824
"dfm_4a","core","sa","2021Q4","m3",2021-12-31,"m2",2021-11-30,-0.462790503012953,-0.37449676860231,"revisao",0,-0.0598307801752194
"dfm_4a","core","sa","2021Q4","m3",2021-12-31,"m2",2021-11-30,-0.462790503012953,-0.37449676860231,"reestimacao",0,0.0190035335340109
"dfm_4a","core","sa","2021Q4","vespera",2022-03-03,"m3",2021-12-31,-0.37449676860231,0.169937480660964,"hard",5,0.623901087606052
"dfm_4a","core","sa","2021Q4","vespera",2022-03-03,"m3",2021-12-31,-0.37449676860231,0.169937480660964,"soft",2,-0.00179161162628185
"dfm_4a","core","sa","2021Q4","vespera",2022-03-03,"m3",2021-12-31,-0.37449676860231,0.169937480660964,"sem_bloco",1,-0.00649457310517467
"dfm_4a","core","sa","2021Q4","vespera",2022-03-03,"m3",2021-12-31,-0.37449676860231,0.169937480660964,"financeiro",3,-0.0233265393287404
"dfm_4a","core","sa","2021Q4","vespera",2022-03-03,"m3",2021-12-31,-0.37449676860231,0.169937480660964,"revisao",0,0.0106567653996361
"dfm_4a","core","sa","2021Q4","vespera",2022-03-03,"m3",2021-12-31,-0.37449676860231,0.169937480660964,"reestimacao",0,-0.0585108796809186
"dfm_4a","core","sa","2022Q1","m1",2022-01-31,"m3",2021-12-31,-0.31969696260516,0.291824685138106,"hard",5,0.239987169273016
"dfm_4a","core","sa","2022Q1","m1",2022-01-31,"m3",2021-12-31,-0.31969696260516,0.291824685138106,"soft",2,0.185819352184947
"dfm_4a","core","sa","2022Q1","m1",2022-01-31,"m3",2021-12-31,-0.31969696260516,0.291824685138106,"sem_bloco",1,-0.0163123000103072
"dfm_4a","core","sa","2022Q1","m1",2022-01-31,"m3",2021-12-31,-0.31969696260516,0.291824685138106,"financeiro",3,0.157055056199746
"dfm_4a","core","sa","2022Q1","m1",2022-01-31,"m3",2021-12-31,-0.31969696260516,0.291824685138106,"revisao",0,0.0338538333122236
"dfm_4a","core","sa","2022Q1","m1",2022-01-31,"m3",2021-12-31,-0.31969696260516,0.291824685138106,"reestimacao",0,0.011118536783178
"dfm_4a","core","sa","2022Q1","m2",2022-02-28,"m1",2022-01-31,0.291824685138106,1.33529710156736,"hard",5,0.480042366452562
"dfm_4a","core","sa","2022Q1","m2",2022-02-28,"m1",2022-01-31,0.291824685138106,1.33529710156736,"soft",2,0.147140701316887
"dfm_4a","core","sa","2022Q1","m2",2022-02-28,"m1",2022-01-31,0.291824685138106,1.33529710156736,"financeiro",3,0.457152768502504
"dfm_4a","core","sa","2022Q1","m2",2022-02-28,"m1",2022-01-31,0.291824685138106,1.33529710156736,"revisao",0,-0.0216524494426107
"dfm_4a","core","sa","2022Q1","m2",2022-02-28,"m1",2022-01-31,0.291824685138106,1.33529710156736,"reestimacao",0,-0.0192109703979836
"dfm_4a","core","sa","2022Q1","m3",2022-03-31,"m2",2022-02-28,1.33529710156736,0.921760910143819,"hard",6,-0.56777185700316
"dfm_4a","core","sa","2022Q1","m3",2022-03-31,"m2",2022-02-28,1.33529710156736,0.921760910143819,"soft",2,0.0676602581124669
"dfm_4a","core","sa","2022Q1","m3",2022-03-31,"m2",2022-02-28,1.33529710156736,0.921760910143819,"sem_bloco",1,0.0151363980515099
"dfm_4a","core","sa","2022Q1","m3",2022-03-31,"m2",2022-02-28,1.33529710156736,0.921760910143819,"financeiro",3,0.0591079697749687
"dfm_4a","core","sa","2022Q1","m3",2022-03-31,"m2",2022-02-28,1.33529710156736,0.921760910143819,"revisao",0,-0.0709367615830738
"dfm_4a","core","sa","2022Q1","m3",2022-03-31,"m2",2022-02-28,1.33529710156736,0.921760910143819,"reestimacao",0,0.0832678012228116
"dfm_4a","core","sa","2022Q1","vespera",2022-06-01,"m3",2022-03-31,0.921760910143819,1.27794085978538,"hard",5,0.198844224703963
"dfm_4a","core","sa","2022Q1","vespera",2022-06-01,"m3",2022-03-31,0.921760910143819,1.27794085978538,"soft",2,0.00182178430396685
"dfm_4a","core","sa","2022Q1","vespera",2022-06-01,"m3",2022-03-31,0.921760910143819,1.27794085978538,"sem_bloco",1,-0.00541076748203282
"dfm_4a","core","sa","2022Q1","vespera",2022-06-01,"m3",2022-03-31,0.921760910143819,1.27794085978538,"financeiro",3,-0.0162690193504542
"dfm_4a","core","sa","2022Q1","vespera",2022-06-01,"m3",2022-03-31,0.921760910143819,1.27794085978538,"revisao",0,0.155066977314143
"dfm_4a","core","sa","2022Q1","vespera",2022-06-01,"m3",2022-03-31,0.921760910143819,1.27794085978538,"reestimacao",0,0.0221267501494241
"dfm_4a","core","sa","2022Q2","m1",2022-04-30,"m3",2022-03-31,0.442264240028857,0.877425631648137,"hard",4,-0.194503879249575
"dfm_4a","core","sa","2022Q2","m1",2022-04-30,"m3",2022-03-31,0.442264240028857,0.877425631648137,"soft",2,0.475719016691945
"dfm_4a","core","sa","2022Q2","m1",2022-04-30,"m3",2022-03-31,0.442264240028857,0.877425631648137,"sem_bloco",1,-0.013532178595418
"dfm_4a","core","sa","2022Q2","m1",2022-04-30,"m3",2022-03-31,0.442264240028857,0.877425631648137,"financeiro",3,0.134201266827907
"dfm_4a","core","sa","2022Q2","m1",2022-04-30,"m3",2022-03-31,0.442264240028857,0.877425631648137,"revisao",0,0.0659526554340748
"dfm_4a","core","sa","2022Q2","m1",2022-04-30,"m3",2022-03-31,0.442264240028857,0.877425631648137,"reestimacao",0,-0.032675489489025
"dfm_4a","core","sa","2022Q2","m2",2022-05-31,"m1",2022-04-30,0.877425631648137,0.895400004865871,"hard",5,0.301728254008473
"dfm_4a","core","sa","2022Q2","m2",2022-05-31,"m1",2022-04-30,0.877425631648137,0.895400004865871,"soft",2,0.00367262032179413
"dfm_4a","core","sa","2022Q2","m2",2022-05-31,"m1",2022-04-30,0.877425631648137,0.895400004865871,"sem_bloco",1,-0.152805834220457
"dfm_4a","core","sa","2022Q2","m2",2022-05-31,"m1",2022-04-30,0.877425631648137,0.895400004865871,"financeiro",3,-0.208360741930241
"dfm_4a","core","sa","2022Q2","m2",2022-05-31,"m1",2022-04-30,0.877425631648137,0.895400004865871,"revisao",0,0.0615878182207311
"dfm_4a","core","sa","2022Q2","m2",2022-05-31,"m1",2022-04-30,0.877425631648137,0.895400004865871,"reestimacao",0,0.0121522568190804
"dfm_4a","core","sa","2022Q2","m3",2022-06-30,"m2",2022-05-31,0.895400004865871,1.46396548470057,"hard",6,-0.143223723965624
"dfm_4a","core","sa","2022Q2","m3",2022-06-30,"m2",2022-05-31,0.895400004865871,1.46396548470057,"soft",2,0.0998491036540408
"dfm_4a","core","sa","2022Q2","m3",2022-06-30,"m2",2022-05-31,0.895400004865871,1.46396548470057,"sem_bloco",1,0.199885002580099
"dfm_4a","core","sa","2022Q2","m3",2022-06-30,"m2",2022-05-31,0.895400004865871,1.46396548470057,"financeiro",3,-0.00913645314540544
"dfm_4a","core","sa","2022Q2","m3",2022-06-30,"m2",2022-05-31,0.895400004865871,1.46396548470057,"revisao",0,0.384354307296241
"dfm_4a","core","sa","2022Q2","m3",2022-06-30,"m2",2022-05-31,0.895400004865871,1.46396548470057,"reestimacao",0,0.0368372434277735
"dfm_4a","core","sa","2022Q2","vespera",2022-08-31,"m3",2022-06-30,1.46396548470057,1.14333609150823,"hard",5,-0.367222418160113
"dfm_4a","core","sa","2022Q2","vespera",2022-08-31,"m3",2022-06-30,1.46396548470057,1.14333609150823,"soft",2,-0.00186687593542509
"dfm_4a","core","sa","2022Q2","vespera",2022-08-31,"m3",2022-06-30,1.46396548470057,1.14333609150823,"sem_bloco",1,0.055955434207906
"dfm_4a","core","sa","2022Q2","vespera",2022-08-31,"m3",2022-06-30,1.46396548470057,1.14333609150823,"financeiro",3,-0.00653537048114
"dfm_4a","core","sa","2022Q2","vespera",2022-08-31,"m3",2022-06-30,1.46396548470057,1.14333609150823,"revisao",0,-0.0202481411140074
"dfm_4a","core","sa","2022Q2","vespera",2022-08-31,"m3",2022-06-30,1.46396548470057,1.14333609150823,"reestimacao",0,0.0192879782907527
"dfm_4a","core","sa","2022Q3","m1",2022-07-31,"m3",2022-06-30,0.0627576366826709,-0.52781465385489,"hard",5,-0.151597178294744
"dfm_4a","core","sa","2022Q3","m1",2022-07-31,"m3",2022-06-30,0.0627576366826709,-0.52781465385489,"soft",2,-0.270693929578412
"dfm_4a","core","sa","2022Q3","m1",2022-07-31,"m3",2022-06-30,0.0627576366826709,-0.52781465385489,"sem_bloco",1,0.17754775538851
"dfm_4a","core","sa","2022Q3","m1",2022-07-31,"m3",2022-06-30,0.0627576366826709,-0.52781465385489,"financeiro",3,-0.278688089882291
"dfm_4a","core","sa","2022Q3","m1",2022-07-31,"m3",2022-06-30,0.0627576366826709,-0.52781465385489,"revisao",0,-0.0611370901424824
"dfm_4a","core","sa","2022Q3","m1",2022-07-31,"m3",2022-06-30,0.0627576366826709,-0.52781465385489,"reestimacao",0,-0.00600375802802149
"dfm_4a","core","sa","2022Q3","m2",2022-08-31,"m1",2022-07-31,-0.52781465385489,0.904252196531254,"hard",5,0.247361537769794
"dfm_4a","core","sa","2022Q3","m2",2022-08-31,"m1",2022-07-31,-0.52781465385489,0.904252196531254,"soft",2,0.454312733695255
"dfm_4a","core","sa","2022Q3","m2",2022-08-31,"m1",2022-07-31,-0.52781465385489,0.904252196531254,"sem_bloco",1,0.224077528057803
"dfm_4a","core","sa","2022Q3","m2",2022-08-31,"m1",2022-07-31,-0.52781465385489,0.904252196531254,"financeiro",3,0.421154944209668
"dfm_4a","core","sa","2022Q3","m2",2022-08-31,"m1",2022-07-31,-0.52781465385489,0.904252196531254,"revisao",0,0.0761983070422266
"dfm_4a","core","sa","2022Q3","m2",2022-08-31,"m1",2022-07-31,-0.52781465385489,0.904252196531254,"reestimacao",0,0.00896179961361498
"dfm_4a","core","sa","2022Q3","m3",2022-09-30,"m2",2022-08-31,0.904252196531254,1.12660680410079,"hard",6,0.398958013189235
"dfm_4a","core","sa","2022Q3","m3",2022-09-30,"m2",2022-08-31,0.904252196531254,1.12660680410079,"soft",2,-0.0355655888594129
"dfm_4a","core","sa","2022Q3","m3",2022-09-30,"m2",2022-08-31,0.904252196531254,1.12660680410079,"sem_bloco",1,-0.144973110957007
"dfm_4a","core","sa","2022Q3","m3",2022-09-30,"m2",2022-08-31,0.904252196531254,1.12660680410079,"financeiro",3,-0.0155762360951874
"dfm_4a","core","sa","2022Q3","m3",2022-09-30,"m2",2022-08-31,0.904252196531254,1.12660680410079,"revisao",0,0.000307802130585566
"dfm_4a","core","sa","2022Q3","m3",2022-09-30,"m2",2022-08-31,0.904252196531254,1.12660680410079,"reestimacao",0,0.0192037281760639
"dfm_4a","core","sa","2022Q3","vespera",2022-11-30,"m3",2022-09-30,1.12660680410079,1.0184383535792,"hard",5,-0.289311797166268
"dfm_4a","core","sa","2022Q3","vespera",2022-11-30,"m3",2022-09-30,1.12660680410079,1.0184383535792,"soft",2,0.00392776957413243
"dfm_4a","core","sa","2022Q3","vespera",2022-11-30,"m3",2022-09-30,1.12660680410079,1.0184383535792,"sem_bloco",1,-0.0133580684745781
"dfm_4a","core","sa","2022Q3","vespera",2022-11-30,"m3",2022-09-30,1.12660680410079,1.0184383535792,"financeiro",3,-0.00813192401995044
"dfm_4a","core","sa","2022Q3","vespera",2022-11-30,"m3",2022-09-30,1.12660680410079,1.0184383535792,"revisao",0,0.133346900151456
"dfm_4a","core","sa","2022Q3","vespera",2022-11-30,"m3",2022-09-30,1.12660680410079,1.0184383535792,"reestimacao",0,0.0653586694191719
"dfm_4a","core","sa","2022Q4","m1",2022-10-31,"m3",2022-09-30,-0.0248142249995299,-0.519644293575465,"hard",5,-0.0441054965128952
"dfm_4a","core","sa","2022Q4","m1",2022-10-31,"m3",2022-09-30,-0.0248142249995299,-0.519644293575465,"soft",2,-0.578063535470667
"dfm_4a","core","sa","2022Q4","m1",2022-10-31,"m3",2022-09-30,-0.0248142249995299,-0.519644293575465,"sem_bloco",1,0.000565804748112911
"dfm_4a","core","sa","2022Q4","m1",2022-10-31,"m3",2022-09-30,-0.0248142249995299,-0.519644293575465,"financeiro",3,0.183456234459806
"dfm_4a","core","sa","2022Q4","m1",2022-10-31,"m3",2022-09-30,-0.0248142249995299,-0.519644293575465,"revisao",0,-0.0722799716034839
"dfm_4a","core","sa","2022Q4","m1",2022-10-31,"m3",2022-09-30,-0.0248142249995299,-0.519644293575465,"reestimacao",0,0.0155968958034986
"dfm_4a","core","sa","2022Q4","m2",2022-11-30,"m1",2022-10-31,-0.519644293575465,-0.764922243037123,"hard",5,0.120672272843099
"dfm_4a","core","sa","2022Q4","m2",2022-11-30,"m1",2022-10-31,-0.519644293575465,-0.764922243037123,"soft",2,-0.213964357996138
"dfm_4a","core","sa","2022Q4","m2",2022-11-30,"m1",2022-10-31,-0.519644293575465,-0.764922243037123,"sem_bloco",1,0.0243552826458792
"dfm_4a","core","sa","2022Q4","m2",2022-11-30,"m1",2022-10-31,-0.519644293575465,-0.764922243037123,"financeiro",3,-0.0388107036861866
"dfm_4a","core","sa","2022Q4","m2",2022-11-30,"m1",2022-10-31,-0.519644293575465,-0.764922243037123,"revisao",0,-0.137392551883082
"dfm_4a","core","sa","2022Q4","m2",2022-11-30,"m1",2022-10-31,-0.519644293575465,-0.764922243037123,"reestimacao",0,-0.000137891373016563
"dfm_4a","core","sa","2022Q4","m3",2022-12-31,"m2",2022-11-30,-0.764922243037123,-0.258197287444848,"hard",6,0.417507156473697
"dfm_4a","core","sa","2022Q4","m3",2022-12-31,"m2",2022-11-30,-0.764922243037123,-0.258197287444848,"soft",2,0.210052357954046
"dfm_4a","core","sa","2022Q4","m3",2022-12-31,"m2",2022-11-30,-0.764922243037123,-0.258197287444848,"sem_bloco",1,-0.0165339372645389
"dfm_4a","core","sa","2022Q4","m3",2022-12-31,"m2",2022-11-30,-0.764922243037123,-0.258197287444848,"financeiro",3,-0.0828635332256059
"dfm_4a","core","sa","2022Q4","m3",2022-12-31,"m2",2022-11-30,-0.764922243037123,-0.258197287444848,"revisao",0,-0.0365610824540349
"dfm_4a","core","sa","2022Q4","m3",2022-12-31,"m2",2022-11-30,-0.764922243037123,-0.258197287444848,"reestimacao",0,0.0151239941008458
"dfm_4a","core","sa","2022Q4","vespera",2023-03-01,"m3",2022-12-31,-0.258197287444848,-0.21612203741538,"hard",5,0.118286928475936
"dfm_4a","core","sa","2022Q4","vespera",2023-03-01,"m3",2022-12-31,-0.258197287444848,-0.21612203741538,"soft",2,0.000838027212630067
"dfm_4a","core","sa","2022Q4","vespera",2023-03-01,"m3",2022-12-31,-0.258197287444848,-0.21612203741538,"sem_bloco",1,-0.0343773098536613
"dfm_4a","core","sa","2022Q4","vespera",2023-03-01,"m3",2022-12-31,-0.258197287444848,-0.21612203741538,"financeiro",3,0.000740608276559861
"dfm_4a","core","sa","2022Q4","vespera",2023-03-01,"m3",2022-12-31,-0.258197287444848,-0.21612203741538,"revisao",0,-0.0281751458292797
"dfm_4a","core","sa","2022Q4","vespera",2023-03-01,"m3",2022-12-31,-0.258197287444848,-0.21612203741538,"reestimacao",0,-0.0152378582635364
"dfm_4a","core","sa","2023Q1","m1",2023-01-31,"m3",2022-12-31,0.268025217178956,0.425136423078854,"hard",5,-0.00614898327358677
"dfm_4a","core","sa","2023Q1","m1",2023-01-31,"m3",2022-12-31,0.268025217178956,0.425136423078854,"soft",2,0.0603879499365629
"dfm_4a","core","sa","2023Q1","m1",2023-01-31,"m3",2022-12-31,0.268025217178956,0.425136423078854,"sem_bloco",1,-0.0983843436224547
"dfm_4a","core","sa","2023Q1","m1",2023-01-31,"m3",2022-12-31,0.268025217178956,0.425136423078854,"financeiro",3,0.177632841877074
"dfm_4a","core","sa","2023Q1","m1",2023-01-31,"m3",2022-12-31,0.268025217178956,0.425136423078854,"revisao",0,0.0312830063171442
"dfm_4a","core","sa","2023Q1","m1",2023-01-31,"m3",2022-12-31,0.268025217178956,0.425136423078854,"reestimacao",0,-0.00765926533977657
"dfm_4a","core","sa","2023Q1","m2",2023-02-28,"m1",2023-01-31,0.425136423078854,0.148038172228426,"hard",5,-0.138373503812106
"dfm_4a","core","sa","2023Q1","m2",2023-02-28,"m1",2023-01-31,0.425136423078854,0.148038172228426,"soft",2,-0.0843801600308436
"dfm_4a","core","sa","2023Q1","m2",2023-02-28,"m1",2023-01-31,0.425136423078854,0.148038172228426,"financeiro",3,-0.0407249798446649
"dfm_4a","core","sa","2023Q1","m2",2023-02-28,"m1",2023-01-31,0.425136423078854,0.148038172228426,"revisao",0,-0.0188961847358085
"dfm_4a","core","sa","2023Q1","m2",2023-02-28,"m1",2023-01-31,0.425136423078854,0.148038172228426,"reestimacao",0,0.00527657757387623
"dfm_4a","core","sa","2023Q1","m3",2023-03-31,"m2",2023-02-28,0.148038172228426,0.441767480934533,"hard",4,-0.00381784007088733
"dfm_4a","core","sa","2023Q1","m3",2023-03-31,"m2",2023-02-28,0.148038172228426,0.441767480934533,"soft",2,0.344720671974191
"dfm_4a","core","sa","2023Q1","m3",2023-03-31,"m2",2023-02-28,0.148038172228426,0.441767480934533,"sem_bloco",1,0.0527774793133313
"dfm_4a","core","sa","2023Q1","m3",2023-03-31,"m2",2023-02-28,0.148038172228426,0.441767480934533,"financeiro",3,-0.0919289229249111
"dfm_4a","core","sa","2023Q1","m3",2023-03-31,"m2",2023-02-28,0.148038172228426,0.441767480934533,"revisao",0,0.0019463682311662
"dfm_4a","core","sa","2023Q1","m3",2023-03-31,"m2",2023-02-28,0.148038172228426,0.441767480934533,"reestimacao",0,-0.00996844781907147
"dfm_4a","core","sa","2023Q1","vespera",2023-05-31,"m3",2023-03-31,0.441767480934533,0.770385511125645,"hard",5,0.277101957510498
"dfm_4a","core","sa","2023Q1","vespera",2023-05-31,"m3",2023-03-31,0.441767480934533,0.770385511125645,"soft",2,0.00110476192476794
"dfm_4a","core","sa","2023Q1","vespera",2023-05-31,"m3",2023-03-31,0.441767480934533,0.770385511125645,"sem_bloco",1,0.0637740246803296
"dfm_4a","core","sa","2023Q1","vespera",2023-05-31,"m3",2023-03-31,0.441767480934533,0.770385511125645,"financeiro",3,-0.0239446214598621
"dfm_4a","core","sa","2023Q1","vespera",2023-05-31,"m3",2023-03-31,0.441767480934533,0.770385511125645,"revisao",0,0.0475900160170539
"dfm_4a","core","sa","2023Q1","vespera",2023-05-31,"m3",2023-03-31,0.441767480934533,0.770385511125645,"reestimacao",0,-0.0370081084899005
"dfm_4a","core","sa","2023Q2","m1",2023-04-30,"m3",2023-03-31,0.651665905525238,0.70745375734379,"hard",5,0.243564622096362
"dfm_4a","core","sa","2023Q2","m1",2023-04-30,"m3",2023-03-31,0.651665905525238,0.70745375734379,"soft",2,-0.431701195161553
"dfm_4a","core","sa","2023Q2","m1",2023-04-30,"m3",2023-03-31,0.651665905525238,0.70745375734379,"sem_bloco",1,0.150545865649636
"dfm_4a","core","sa","2023Q2","m1",2023-04-30,"m3",2023-03-31,0.651665905525238,0.70745375734379,"financeiro",3,0.216784745391947
"dfm_4a","core","sa","2023Q2","m1",2023-04-30,"m3",2023-03-31,0.651665905525238,0.70745375734379,"revisao",0,-0.124429755795647
"dfm_4a","core","sa","2023Q2","m1",2023-04-30,"m3",2023-03-31,0.651665905525238,0.70745375734379,"reestimacao",0,0.00102356963724315
"dfm_4a","core","sa","2023Q2","m2",2023-05-31,"m1",2023-04-30,0.70745375734379,0.844324248694353,"hard",5,0.184117481404922
"dfm_4a","core","sa","2023Q2","m2",2023-05-31,"m1",2023-04-30,0.70745375734379,0.844324248694353,"soft",2,-0.11376806082288
"dfm_4a","core","sa","2023Q2","m2",2023-05-31,"m1",2023-04-30,0.70745375734379,0.844324248694353,"sem_bloco",1,0.19802426984939
"dfm_4a","core","sa","2023Q2","m2",2023-05-31,"m1",2023-04-30,0.70745375734379,0.844324248694353,"financeiro",3,-0.0284261258137204
"dfm_4a","core","sa","2023Q2","m2",2023-05-31,"m1",2023-04-30,0.70745375734379,0.844324248694353,"revisao",0,-0.055192640179569
"dfm_4a","core","sa","2023Q2","m2",2023-05-31,"m1",2023-04-30,0.70745375734379,0.844324248694353,"reestimacao",0,-0.0478844330851825
"dfm_4a","core","sa","2023Q2","m3",2023-06-30,"m2",2023-05-31,0.844324248694353,0.657680598929977,"hard",6,-0.230719893098604
"dfm_4a","core","sa","2023Q2","m3",2023-06-30,"m2",2023-05-31,0.844324248694353,0.657680598929977,"soft",2,-0.0234326174474061
"dfm_4a","core","sa","2023Q2","m3",2023-06-30,"m2",2023-05-31,0.844324248694353,0.657680598929977,"sem_bloco",1,-0.00536481860358305
"dfm_4a","core","sa","2023Q2","m3",2023-06-30,"m2",2023-05-31,0.844324248694353,0.657680598929977,"financeiro",3,0.058230232680532
"dfm_4a","core","sa","2023Q2","m3",2023-06-30,"m2",2023-05-31,0.844324248694353,0.657680598929977,"revisao",0,0.0262760021175987
"dfm_4a","core","sa","2023Q2","m3",2023-06-30,"m2",2023-05-31,0.844324248694353,0.657680598929977,"reestimacao",0,-0.0116325554128022
"dfm_4a","core","sa","2023Q2","vespera",2023-08-31,"m3",2023-06-30,0.657680598929977,0.687030051877229,"hard",5,0.0435763712722735
"dfm_4a","core","sa","2023Q2","vespera",2023-08-31,"m3",2023-06-30,0.657680598929977,0.687030051877229,"soft",2,0.00249317958595476
"dfm_4a","core","sa","2023Q2","vespera",2023-08-31,"m3",2023-06-30,0.657680598929977,0.687030051877229,"sem_bloco",1,-0.0116031310011163
"dfm_4a","core","sa","2023Q2","vespera",2023-08-31,"m3",2023-06-30,0.657680598929977,0.687030051877229,"financeiro",3,-0.000934557879143541
"dfm_4a","core","sa","2023Q2","vespera",2023-08-31,"m3",2023-06-30,0.657680598929977,0.687030051877229,"revisao",0,-0.0176369053290238
"dfm_4a","core","sa","2023Q2","vespera",2023-08-31,"m3",2023-06-30,0.657680598929977,0.687030051877229,"reestimacao",0,0.0134544962931038
"dfm_4a","core","sa","2023Q3","m1",2023-07-31,"m3",2023-06-30,0.0901242617345274,-0.146176457274195,"hard",5,0.0867418295882168
"dfm_4a","core","sa","2023Q3","m1",2023-07-31,"m3",2023-06-30,0.0901242617345274,-0.146176457274195,"soft",2,-0.360928797763213
"dfm_4a","core","sa","2023Q3","m1",2023-07-31,"m3",2023-06-30,0.0901242617345274,-0.146176457274195,"sem_bloco",1,-0.0163530768441193
"dfm_4a","core","sa","2023Q3","m1",2023-07-31,"m3",2023-06-30,0.0901242617345274,-0.146176457274195,"financeiro",3,0.0549332274438032
"dfm_4a","core","sa","2023Q3","m1",2023-07-31,"m3",2023-06-30,0.0901242617345274,-0.146176457274195,"revisao",0,-0.020951108162005
"dfm_4a","core","sa","2023Q3","m1",2023-07-31,"m3",2023-06-30,0.0901242617345274,-0.146176457274195,"reestimacao",0,0.0202572067286625
"dfm_4a","core","sa","2023Q3","m2",2023-08-31,"m1",2023-07-31,-0.146176457274195,0.45039277562946,"hard",5,0.55879875995165
"dfm_4a","core","sa","2023Q3","m2",2023-08-31,"m1",2023-07-31,-0.146176457274195,0.45039277562946,"soft",2,-0.0651586871192241
"dfm_4a","core","sa","2023Q3","m2",2023-08-31,"m1",2023-07-31,-0.146176457274195,0.45039277562946,"sem_bloco",1,0.0873470479667674
"dfm_4a","core","sa","2023Q3","m2",2023-08-31,"m1",2023-07-31,-0.146176457274195,0.45039277562946,"financeiro",3,-0.0352117546891927
"dfm_4a","core","sa","2023Q3","m2",2023-08-31,"m1",2023-07-31,-0.146176457274195,0.45039277562946,"revisao",0,0.031805343992075
"dfm_4a","core","sa","2023Q3","m2",2023-08-31,"m1",2023-07-31,-0.146176457274195,0.45039277562946,"reestimacao",0,0.0189885228025838
"dfm_4a","core","sa","2023Q3","m3",2023-09-30,"m2",2023-08-31,0.45039277562946,0.135655748201543,"hard",6,-0.502079357522944
"dfm_4a","core","sa","2023Q3","m3",2023-09-30,"m2",2023-08-31,0.45039277562946,0.135655748201543,"soft",2,0.0441175002745459
"dfm_4a","core","sa","2023Q3","m3",2023-09-30,"m2",2023-08-31,0.45039277562946,0.135655748201543,"sem_bloco",1,0.070283882331714
"dfm_4a","core","sa","2023Q3","m3",2023-09-30,"m2",2023-08-31,0.45039277562946,0.135655748201543,"financeiro",3,0.0438093475987692
"dfm_4a","core","sa","2023Q3","m3",2023-09-30,"m2",2023-08-31,0.45039277562946,0.135655748201543,"revisao",0,0.0195749523478237
"dfm_4a","core","sa","2023Q3","m3",2023-09-30,"m2",2023-08-31,0.45039277562946,0.135655748201543,"reestimacao",0,0.00955664754003793
"dfm_4a","core","sa","2023Q3","vespera",2023-12-04,"m3",2023-09-30,0.135655748201543,0.367861967603724,"hard",5,0.132102475329664
"dfm_4a","core","sa","2023Q3","vespera",2023-12-04,"m3",2023-09-30,0.135655748201543,0.367861967603724,"soft",2,-0.00370364995389994
"dfm_4a","core","sa","2023Q3","vespera",2023-12-04,"m3",2023-09-30,0.135655748201543,0.367861967603724,"sem_bloco",1,0.00661363061879967
"dfm_4a","core","sa","2023Q3","vespera",2023-12-04,"m3",2023-09-30,0.135655748201543,0.367861967603724,"financeiro",3,0.00368263793787403
"dfm_4a","core","sa","2023Q3","vespera",2023-12-04,"m3",2023-09-30,0.135655748201543,0.367861967603724,"revisao",0,0.102866222848747
"dfm_4a","core","sa","2023Q3","vespera",2023-12-04,"m3",2023-09-30,0.135655748201543,0.367861967603724,"reestimacao",0,-0.00935509737959456
"dfm_4a","core","sa","2023Q4","m1",2023-10-31,"m3",2023-09-30,0.0443170206828325,0.0985276422054609,"hard",5,0.0853767427689195
"dfm_4a","core","sa","2023Q4","m1",2023-10-31,"m3",2023-09-30,0.0443170206828325,0.0985276422054609,"soft",2,0.0779945248761615
"dfm_4a","core","sa","2023Q4","m1",2023-10-31,"m3",2023-09-30,0.0443170206828325,0.0985276422054609,"sem_bloco",1,-0.00343374834288837
"dfm_4a","core","sa","2023Q4","m1",2023-10-31,"m3",2023-09-30,0.0443170206828325,0.0985276422054609,"financeiro",3,-0.10714984264565
"dfm_4a","core","sa","2023Q4","m1",2023-10-31,"m3",2023-09-30,0.0443170206828325,0.0985276422054609,"revisao",0,0.00653733352256256
"dfm_4a","core","sa","2023Q4","m1",2023-10-31,"m3",2023-09-30,0.0443170206828325,0.0985276422054609,"reestimacao",0,-0.00511438865653549
"dfm_4a","core","sa","2023Q4","m2",2023-11-30,"m1",2023-10-31,0.0985276422054609,0.990294817808553,"hard",5,0.0831771415242338
"dfm_4a","core","sa","2023Q4","m2",2023-11-30,"m1",2023-10-31,0.0985276422054609,0.990294817808553,"soft",2,0.424128808102476
"dfm_4a","core","sa","2023Q4","m2",2023-11-30,"m1",2023-10-31,0.0985276422054609,0.990294817808553,"sem_bloco",1,0.146237127367819
"dfm_4a","core","sa","2023Q4","m2",2023-11-30,"m1",2023-10-31,0.0985276422054609,0.990294817808553,"financeiro",3,0.170718804224463
"dfm_4a","core","sa","2023Q4","m2",2023-11-30,"m1",2023-10-31,0.0985276422054609,0.990294817808553,"revisao",0,0.0773888024228534
"dfm_4a","core","sa","2023Q4","m2",2023-11-30,"m1",2023-10-31,0.0985276422054609,0.990294817808553,"reestimacao",0,-0.00988350803807261
"dfm_4a","core","sa","2023Q4","m3",2023-12-31,"m2",2023-11-30,0.990294817808553,0.344477421472452,"hard",6,-0.522899960843797
"dfm_4a","core","sa","2023Q4","m3",2023-12-31,"m2",2023-11-30,0.990294817808553,0.344477421472452,"soft",2,0.0394178806350724
"dfm_4a","core","sa","2023Q4","m3",2023-12-31,"m2",2023-11-30,0.990294817808553,0.344477421472452,"sem_bloco",1,-0.161961442689032
"dfm_4a","core","sa","2023Q4","m3",2023-12-31,"m2",2023-11-30,0.990294817808553,0.344477421472452,"financeiro",3,0.0105048664858985
"dfm_4a","core","sa","2023Q4","m3",2023-12-31,"m2",2023-11-30,0.990294817808553,0.344477421472452,"revisao",0,0.00438327120182147
"dfm_4a","core","sa","2023Q4","m3",2023-12-31,"m2",2023-11-30,0.990294817808553,0.344477421472452,"reestimacao",0,-0.0152620111264136
"dfm_4a","core","sa","2023Q4","vespera",2024-02-29,"m3",2023-12-31,0.344477421472452,0.388138211686487,"hard",5,0.0157855104569476
"dfm_4a","core","sa","2023Q4","vespera",2024-02-29,"m3",2023-12-31,0.344477421472452,0.388138211686487,"soft",2,0.00103339952399599
"dfm_4a","core","sa","2023Q4","vespera",2024-02-29,"m3",2023-12-31,0.344477421472452,0.388138211686487,"sem_bloco",1,-0.0127663231289496
"dfm_4a","core","sa","2023Q4","vespera",2024-02-29,"m3",2023-12-31,0.344477421472452,0.388138211686487,"financeiro",3,0.00887440811887026
"dfm_4a","core","sa","2023Q4","vespera",2024-02-29,"m3",2023-12-31,0.344477421472452,0.388138211686487,"revisao",0,0.0295642886111346
"dfm_4a","core","sa","2023Q4","vespera",2024-02-29,"m3",2023-12-31,0.344477421472452,0.388138211686487,"reestimacao",0,0.00116950663095283
"dfm_4a","core","sa","2024Q1","m1",2024-01-31,"m3",2023-12-31,0.586210809796019,0.83853809973649,"hard",5,0.0569162742857265
"dfm_4a","core","sa","2024Q1","m1",2024-01-31,"m3",2023-12-31,0.586210809796019,0.83853809973649,"soft",2,0.199651488452815
"dfm_4a","core","sa","2024Q1","m1",2024-01-31,"m3",2023-12-31,0.586210809796019,0.83853809973649,"sem_bloco",1,-0.0339831310625609
"dfm_4a","core","sa","2024Q1","m1",2024-01-31,"m3",2023-12-31,0.586210809796019,0.83853809973649,"financeiro",3,0.0257489223730108
"dfm_4a","core","sa","2024Q1","m1",2024-01-31,"m3",2023-12-31,0.586210809796019,0.83853809973649,"revisao",0,0.00215932938590346
"dfm_4a","core","sa","2024Q1","m1",2024-01-31,"m3",2023-12-31,0.586210809796019,0.83853809973649,"reestimacao",0,0.00183440650535238
"dfm_4a","core","sa","2024Q1","m2",2024-02-29,"m1",2024-01-31,0.83853809973649,0.325327317297991,"hard",5,-0.635187885247097
"dfm_4a","core","sa","2024Q1","m2",2024-02-29,"m1",2024-01-31,0.83853809973649,0.325327317297991,"soft",2,0.131271510249301
"dfm_4a","core","sa","2024Q1","m2",2024-02-29,"m1",2024-01-31,0.83853809973649,0.325327317297991,"financeiro",3,-0.0153789267523355
"dfm_4a","core","sa","2024Q1","m2",2024-02-29,"m1",2024-01-31,0.83853809973649,0.325327317297991,"revisao",0,0.0144657884285067
"dfm_4a","core","sa","2024Q1","m2",2024-02-29,"m1",2024-01-31,0.83853809973649,0.325327317297991,"reestimacao",0,-0.00838126911670156
"dfm_4a","core","sa","2024Q1","m3",2024-03-31,"m2",2024-02-29,0.325327317297991,0.653071358836473,"hard",6,0.289757500769042
"dfm_4a","core","sa","2024Q1","m3",2024-03-31,"m2",2024-02-29,0.325327317297991,0.653071358836473,"soft",2,-0.049511639792835
"dfm_4a","core","sa","2024Q1","m3",2024-03-31,"m2",2024-02-29,0.325327317297991,0.653071358836473,"sem_bloco",1,0.114028600767328
"dfm_4a","core","sa","2024Q1","m3",2024-03-31,"m2",2024-02-29,0.325327317297991,0.653071358836473,"financeiro",3,0.00848494795146346
"dfm_4a","core","sa","2024Q1","m3",2024-03-31,"m2",2024-02-29,0.325327317297991,0.653071358836473,"revisao",0,-0.0271479733164996
"dfm_4a","core","sa","2024Q1","m3",2024-03-31,"m2",2024-02-29,0.325327317297991,0.653071358836473,"reestimacao",0,-0.00786739484166865
"dfm_4a","core","sa","2024Q1","vespera",2024-06-03,"m3",2024-03-31,0.653071358836473,0.941554825013282,"hard",5,0.0535046173935819
"dfm_4a","core","sa","2024Q1","vespera",2024-06-03,"m3",2024-03-31,0.653071358836473,0.941554825013282,"soft",2,0.00185825757217449
"dfm_4a","core","sa","2024Q1","vespera",2024-06-03,"m3",2024-03-31,0.653071358836473,0.941554825013282,"sem_bloco",1,0.0725376072283247
"dfm_4a","core","sa","2024Q1","vespera",2024-06-03,"m3",2024-03-31,0.653071358836473,0.941554825013282,"financeiro",3,0.00288082456610463
"dfm_4a","core","sa","2024Q1","vespera",2024-06-03,"m3",2024-03-31,0.653071358836473,0.941554825013282,"revisao",0,0.149631692228424
"dfm_4a","core","sa","2024Q1","vespera",2024-06-03,"m3",2024-03-31,0.653071358836473,0.941554825013282,"reestimacao",0,0.00807046718967575
"dfm_4a","core","sa","2024Q2","m1",2024-04-30,"m3",2024-03-31,0.0857264254936125,0.502374607661538,"hard",5,0.0738808395018376
"dfm_4a","core","sa","2024Q2","m1",2024-04-30,"m3",2024-03-31,0.0857264254936125,0.502374607661538,"soft",2,0.236829852044329
"dfm_4a","core","sa","2024Q2","m1",2024-04-30,"m3",2024-03-31,0.0857264254936125,0.502374607661538,"sem_bloco",1,0.193037666659585
"dfm_4a","core","sa","2024Q2","m1",2024-04-30,"m3",2024-03-31,0.0857264254936125,0.502374607661538,"financeiro",3,-0.108150375234421
"dfm_4a","core","sa","2024Q2","m1",2024-04-30,"m3",2024-03-31,0.0857264254936125,0.502374607661538,"revisao",0,0.0174805200794197
"dfm_4a","core","sa","2024Q2","m1",2024-04-30,"m3",2024-03-31,0.0857264254936125,0.502374607661538,"reestimacao",0,0.00356967911693001
"dfm_4a","core","sa","2024Q2","m2",2024-05-31,"m1",2024-04-30,0.502374607661538,0.805247044903003,"hard",5,0.0389000159435105
"dfm_4a","core","sa","2024Q2","m2",2024-05-31,"m1",2024-04-30,0.502374607661538,0.805247044903003,"soft",2,0.0461317986212496
"dfm_4a","core","sa","2024Q2","m2",2024-05-31,"m1",2024-04-30,0.502374607661538,0.805247044903003,"sem_bloco",1,0.114742436581348
"dfm_4a","core","sa","2024Q2","m2",2024-05-31,"m1",2024-04-30,0.502374607661538,0.805247044903003,"financeiro",3,0.0422070467064458
"dfm_4a","core","sa","2024Q2","m2",2024-05-31,"m1",2024-04-30,0.502374607661538,0.805247044903003,"revisao",0,0.0688450432654065
"dfm_4a","core","sa","2024Q2","m2",2024-05-31,"m1",2024-04-30,0.502374607661538,0.805247044903003,"reestimacao",0,-0.00795390387528205
"dfm_4a","core","sa","2024Q2","m3",2024-06-30,"m2",2024-05-31,0.805247044903003,0.550178727889347,"hard",6,-0.00176026720953024
"dfm_4a","core","sa","2024Q2","m3",2024-06-30,"m2",2024-05-31,0.805247044903003,0.550178727889347,"soft",2,0.0182720442327928
"dfm_4a","core","sa","2024Q2","m3",2024-06-30,"m2",2024-05-31,0.805247044903003,0.550178727889347,"sem_bloco",1,-0.0656743761703788
"dfm_4a","core","sa","2024Q2","m3",2024-06-30,"m2",2024-05-31,0.805247044903003,0.550178727889347,"financeiro",3,-0.106184371673659
"dfm_4a","core","sa","2024Q2","m3",2024-06-30,"m2",2024-05-31,0.805247044903003,0.550178727889347,"revisao",0,-0.12931305222208
"dfm_4a","core","sa","2024Q2","m3",2024-06-30,"m2",2024-05-31,0.805247044903003,0.550178727889347,"reestimacao",0,0.0295917060238582
"dfm_4a","core","sa","2024Q2","vespera",2024-09-02,"m3",2024-06-30,0.550178727889347,0.809652538098934,"hard",5,0.205864975683928
"dfm_4a","core","sa","2024Q2","vespera",2024-09-02,"m3",2024-06-30,0.550178727889347,0.809652538098934,"soft",2,-0.00279093989642808
"dfm_4a","core","sa","2024Q2","vespera",2024-09-02,"m3",2024-06-30,0.550178727889347,0.809652538098934,"sem_bloco",1,0.00880016895729909
"dfm_4a","core","sa","2024Q2","vespera",2024-09-02,"m3",2024-06-30,0.550178727889347,0.809652538098934,"financeiro",3,0.0119813766303191
"dfm_4a","core","sa","2024Q2","vespera",2024-09-02,"m3",2024-06-30,0.550178727889347,0.809652538098934,"revisao",0,0.0431433534495234
"dfm_4a","core","sa","2024Q2","vespera",2024-09-02,"m3",2024-06-30,0.550178727889347,0.809652538098934,"reestimacao",0,-0.00752512462619703
"dfm_4a","core","sa","2024Q3","m1",2024-07-31,"m3",2024-06-30,-0.158121842626259,1.00953581120278,"hard",5,0.12368446427433
"dfm_4a","core","sa","2024Q3","m1",2024-07-31,"m3",2024-06-30,-0.158121842626259,1.00953581120278,"soft",2,0.756601672628669
"dfm_4a","core","sa","2024Q3","m1",2024-07-31,"m3",2024-06-30,-0.158121842626259,1.00953581120278,"sem_bloco",1,0.013446889384028
"dfm_4a","core","sa","2024Q3","m1",2024-07-31,"m3",2024-06-30,-0.158121842626259,1.00953581120278,"financeiro",3,0.158014824658249
"dfm_4a","core","sa","2024Q3","m1",2024-07-31,"m3",2024-06-30,-0.158121842626259,1.00953581120278,"revisao",0,0.084536788176457
"dfm_4a","core","sa","2024Q3","m1",2024-07-31,"m3",2024-06-30,-0.158121842626259,1.00953581120278,"reestimacao",0,0.031373014710492
"dfm_4a","core","sa","2024Q3","m2",2024-08-31,"m1",2024-07-31,1.00953581120278,1.18930435272202,"hard",5,0.276872676319729
"dfm_4a","core","sa","2024Q3","m2",2024-08-31,"m1",2024-07-31,1.00953581120278,1.18930435272202,"soft",2,0.0120929594955067
"dfm_4a","core","sa","2024Q3","m2",2024-08-31,"m1",2024-07-31,1.00953581120278,1.18930435272202,"sem_bloco",1,-0.128213481660314
"dfm_4a","core","sa","2024Q3","m2",2024-08-31,"m1",2024-07-31,1.00953581120278,1.18930435272202,"financeiro",3,0.0697620692872407
"dfm_4a","core","sa","2024Q3","m2",2024-08-31,"m1",2024-07-31,1.00953581120278,1.18930435272202,"revisao",0,-0.0578599539588268
"dfm_4a","core","sa","2024Q3","m2",2024-08-31,"m1",2024-07-31,1.00953581120278,1.18930435272202,"reestimacao",0,0.0071142720372348
"dfm_4a","core","sa","2024Q3","m3",2024-09-30,"m2",2024-08-31,1.18930435272202,0.978115286408298,"hard",6,-0.197410919850803
"dfm_4a","core","sa","2024Q3","m3",2024-09-30,"m2",2024-08-31,1.18930435272202,0.978115286408298,"soft",2,-0.00507699286399387
"dfm_4a","core","sa","2024Q3","m3",2024-09-30,"m2",2024-08-31,1.18930435272202,0.978115286408298,"sem_bloco",1,-0.0892534309647243
"dfm_4a","core","sa","2024Q3","m3",2024-09-30,"m2",2024-08-31,1.18930435272202,0.978115286408298,"financeiro",3,-0.00726286579154994
"dfm_4a","core","sa","2024Q3","m3",2024-09-30,"m2",2024-08-31,1.18930435272202,0.978115286408298,"revisao",0,0.0382984357030378
"dfm_4a","core","sa","2024Q3","m3",2024-09-30,"m2",2024-08-31,1.18930435272202,0.978115286408298,"reestimacao",0,0.0495167074544647
"dfm_4a","core","sa","2024Q3","vespera",2024-12-02,"m3",2024-09-30,0.978115286408298,1.04448830965897,"hard",5,0.0241985807238243
"dfm_4a","core","sa","2024Q3","vespera",2024-12-02,"m3",2024-09-30,0.978115286408298,1.04448830965897,"soft",2,-0.0024655542538734
"dfm_4a","core","sa","2024Q3","vespera",2024-12-02,"m3",2024-09-30,0.978115286408298,1.04448830965897,"sem_bloco",1,-0.00664044667155263
"dfm_4a","core","sa","2024Q3","vespera",2024-12-02,"m3",2024-09-30,0.978115286408298,1.04448830965897,"financeiro",3,0.00131753201221507
"dfm_4a","core","sa","2024Q3","vespera",2024-12-02,"m3",2024-09-30,0.978115286408298,1.04448830965897,"revisao",0,0.0529322259841898
"dfm_4a","core","sa","2024Q3","vespera",2024-12-02,"m3",2024-09-30,0.978115286408298,1.04448830965897,"reestimacao",0,-0.00296931454310279
"dfm_4a","core","sa","2024Q4","m1",2024-10-31,"m3",2024-09-30,0.251539675787863,0.32518731224834,"hard",5,0.0138627887267457
"dfm_4a","core","sa","2024Q4","m1",2024-10-31,"m3",2024-09-30,0.251539675787863,0.32518731224834,"soft",2,0.140747605805504
"dfm_4a","core","sa","2024Q4","m1",2024-10-31,"m3",2024-09-30,0.251539675787863,0.32518731224834,"sem_bloco",1,-0.00152191760870165
"dfm_4a","core","sa","2024Q4","m1",2024-10-31,"m3",2024-09-30,0.251539675787863,0.32518731224834,"financeiro",3,-0.0879580860150466
"dfm_4a","core","sa","2024Q4","m1",2024-10-31,"m3",2024-09-30,0.251539675787863,0.32518731224834,"revisao",0,0.0119608015548384
"dfm_4a","core","sa","2024Q4","m1",2024-10-31,"m3",2024-09-30,0.251539675787863,0.32518731224834,"reestimacao",0,-0.00344355600233326
"dfm_4a","core","sa","2024Q4","m2",2024-11-30,"m1",2024-10-31,0.32518731224834,0.519332656626053,"hard",5,0.195968712776369
"dfm_4a","core","sa","2024Q4","m2",2024-11-30,"m1",2024-10-31,0.32518731224834,0.519332656626053,"soft",2,0.133094053820699
"dfm_4a","core","sa","2024Q4","m2",2024-11-30,"m1",2024-10-31,0.32518731224834,0.519332656626053,"sem_bloco",1,-0.0895647590560309
"dfm_4a","core","sa","2024Q4","m2",2024-11-30,"m1",2024-10-31,0.32518731224834,0.519332656626053,"financeiro",3,-0.032300874107641
"dfm_4a","core","sa","2024Q4","m2",2024-11-30,"m1",2024-10-31,0.32518731224834,0.519332656626053,"revisao",0,-0.0139893635313541
"dfm_4a","core","sa","2024Q4","m2",2024-11-30,"m1",2024-10-31,0.32518731224834,0.519332656626053,"reestimacao",0,0.000937574476073677
"dfm_4a","core","sa","2024Q4","m3",2024-12-31,"m2",2024-11-30,0.519332656626053,0.682387662026192,"hard",6,0.257144795849563
"dfm_4a","core","sa","2024Q4","m3",2024-12-31,"m2",2024-11-30,0.519332656626053,0.682387662026192,"soft",2,-0.0322348546623437
"dfm_4a","core","sa","2024Q4","m3",2024-12-31,"m2",2024-11-30,0.519332656626053,0.682387662026192,"sem_bloco",1,-0.026110975628481
"dfm_4a","core","sa","2024Q4","m3",2024-12-31,"m2",2024-11-30,0.519332656626053,0.682387662026192,"financeiro",3,-0.0678843092198473
"dfm_4a","core","sa","2024Q4","m3",2024-12-31,"m2",2024-11-30,0.519332656626053,0.682387662026192,"revisao",0,0.0153985847872732
"dfm_4a","core","sa","2024Q4","m3",2024-12-31,"m2",2024-11-30,0.519332656626053,0.682387662026192,"reestimacao",0,0.0167417642708643
"dfm_4a","core","sa","2024Q4","vespera",2025-03-06,"m3",2024-12-31,0.682387662026192,0.314495165497891,"hard",5,-0.273622135990069
"dfm_4a","core","sa","2024Q4","vespera",2025-03-06,"m3",2024-12-31,0.682387662026192,0.314495165497891,"soft",2,-0.000762482754700365
"dfm_4a","core","sa","2024Q4","vespera",2025-03-06,"m3",2024-12-31,0.682387662026192,0.314495165497891,"sem_bloco",1,-0.00633230138539876
"dfm_4a","core","sa","2024Q4","vespera",2025-03-06,"m3",2024-12-31,0.682387662026192,0.314495165497891,"financeiro",3,0.00242607242599374
"dfm_4a","core","sa","2024Q4","vespera",2025-03-06,"m3",2024-12-31,0.682387662026192,0.314495165497891,"revisao",0,-0.103433415891557
"dfm_4a","core","sa","2024Q4","vespera",2025-03-06,"m3",2024-12-31,0.682387662026192,0.314495165497891,"reestimacao",0,0.0138317670603282
"dfm_4a","core","sa","2025Q1","m1",2025-01-31,"m3",2024-12-31,-0.0546547127962506,-0.324627537252698,"hard",5,-0.168045838600824
"dfm_4a","core","sa","2025Q1","m1",2025-01-31,"m3",2024-12-31,-0.0546547127962506,-0.324627537252698,"soft",2,-0.122509789471972
"dfm_4a","core","sa","2025Q1","m1",2025-01-31,"m3",2024-12-31,-0.0546547127962506,-0.324627537252698,"sem_bloco",1,-0.0184952172531468
"dfm_4a","core","sa","2025Q1","m1",2025-01-31,"m3",2024-12-31,-0.0546547127962506,-0.324627537252698,"financeiro",3,0.0941709524491759
"dfm_4a","core","sa","2025Q1","m1",2025-01-31,"m3",2024-12-31,-0.0546547127962506,-0.324627537252698,"revisao",0,-0.0529864592874023
"dfm_4a","core","sa","2025Q1","m1",2025-01-31,"m3",2024-12-31,-0.0546547127962506,-0.324627537252698,"reestimacao",0,-0.00210647229147343
"dfm_4a","core","sa","2025Q1","m2",2025-02-28,"m1",2025-01-31,-0.324627537252698,-0.289925699018652,"hard",5,-0.171874110919489
"dfm_4a","core","sa","2025Q1","m2",2025-02-28,"m1",2025-01-31,-0.324627537252698,-0.289925699018652,"soft",2,0.015661638614921
"dfm_4a","core","sa","2025Q1","m2",2025-02-28,"m1",2025-01-31,-0.324627537252698,-0.289925699018652,"financeiro",3,0.142375696320225
"dfm_4a","core","sa","2025Q1","m2",2025-02-28,"m1",2025-01-31,-0.324627537252698,-0.289925699018652,"revisao",0,0.0598863918459198
"dfm_4a","core","sa","2025Q1","m2",2025-02-28,"m1",2025-01-31,-0.324627537252698,-0.289925699018652,"reestimacao",0,-0.0113477776271721
"dfm_4a","core","sa","2025Q1","m3",2025-03-31,"m2",2025-02-28,-0.289925699018652,0.571636232792677,"hard",6,0.589368604678456
"dfm_4a","core","sa","2025Q1","m3",2025-03-31,"m2",2025-02-28,-0.289925699018652,0.571636232792677,"soft",2,-0.00180092195094123
"dfm_4a","core","sa","2025Q1","m3",2025-03-31,"m2",2025-02-28,-0.289925699018652,0.571636232792677,"sem_bloco",1,0.241846054213738
"dfm_4a","core","sa","2025Q1","m3",2025-03-31,"m2",2025-02-28,-0.289925699018652,0.571636232792677,"financeiro",3,0.068221990101752
"dfm_4a","core","sa","2025Q1","m3",2025-03-31,"m2",2025-02-28,-0.289925699018652,0.571636232792677,"revisao",0,-0.0167655990798173
"dfm_4a","core","sa","2025Q1","m3",2025-03-31,"m2",2025-02-28,-0.289925699018652,0.571636232792677,"reestimacao",0,-0.019308196180406
"dfm_4a","core","sa","2025Q1","vespera",2025-05-29,"m3",2025-03-31,0.571636232792677,0.636337193068872,"hard",5,0.114452726512149
"dfm_4a","core","sa","2025Q1","vespera",2025-05-29,"m3",2025-03-31,0.571636232792677,0.636337193068872,"soft",2,-0.00110565701646992
"dfm_4a","core","sa","2025Q1","vespera",2025-05-29,"m3",2025-03-31,0.571636232792677,0.636337193068872,"sem_bloco",1,-0.000968089036278531
"dfm_4a","core","sa","2025Q1","vespera",2025-05-29,"m3",2025-03-31,0.571636232792677,0.636337193068872,"financeiro",3,-0.0274926011021535
"dfm_4a","core","sa","2025Q1","vespera",2025-05-29,"m3",2025-03-31,0.571636232792677,0.636337193068872,"revisao",0,-0.0301785307347664
"dfm_4a","core","sa","2025Q1","vespera",2025-05-29,"m3",2025-03-31,0.571636232792677,0.636337193068872,"reestimacao",0,0.00999311166133054
"dfm_4a","core","sa","2025Q2","m1",2025-04-30,"m3",2025-03-31,0.470953502133738,0.310932502914286,"hard",5,0.0284992188899611
"dfm_4a","core","sa","2025Q2","m1",2025-04-30,"m3",2025-03-31,0.470953502133738,0.310932502914286,"soft",2,-0.0504937869046218
"dfm_4a","core","sa","2025Q2","m1",2025-04-30,"m3",2025-03-31,0.470953502133738,0.310932502914286,"sem_bloco",1,-0.0301165431968986
"dfm_4a","core","sa","2025Q2","m1",2025-04-30,"m3",2025-03-31,0.470953502133738,0.310932502914286,"financeiro",3,-0.0695589513629937
"dfm_4a","core","sa","2025Q2","m1",2025-04-30,"m3",2025-03-31,0.470953502133738,0.310932502914286,"revisao",0,-0.0459698553053975
"dfm_4a","core","sa","2025Q2","m1",2025-04-30,"m3",2025-03-31,0.470953502133738,0.310932502914286,"reestimacao",0,0.00761891866421788
"dfm_4a","core","sa","2025Q2","m2",2025-05-31,"m1",2025-04-30,0.310932502914286,1.01953357711661,"hard",6,0.0903287610533856
"dfm_4a","core","sa","2025Q2","m2",2025-05-31,"m1",2025-04-30,0.310932502914286,1.01953357711661,"soft",2,0.162941020186829
"dfm_4a","core","sa","2025Q2","m2",2025-05-31,"m1",2025-04-30,0.310932502914286,1.01953357711661,"sem_bloco",1,0.121334675247178
"dfm_4a","core","sa","2025Q2","m2",2025-05-31,"m1",2025-04-30,0.310932502914286,1.01953357711661,"financeiro",3,0.272693969448497
"dfm_4a","core","sa","2025Q2","m2",2025-05-31,"m1",2025-04-30,0.310932502914286,1.01953357711661,"revisao",0,0.030136387070161
"dfm_4a","core","sa","2025Q2","m2",2025-05-31,"m1",2025-04-30,0.310932502914286,1.01953357711661,"reestimacao",0,0.0311662611982068
"dfm_4a","core","sa","2025Q2","m3",2025-06-30,"m2",2025-05-31,1.01953357711661,0.792302511818225,"hard",5,0.0159936738966273
"dfm_4a","core","sa","2025Q2","m3",2025-06-30,"m2",2025-05-31,1.01953357711661,0.792302511818225,"soft",2,-0.161891593802377
"dfm_4a","core","sa","2025Q2","m3",2025-06-30,"m2",2025-05-31,1.01953357711661,0.792302511818225,"sem_bloco",1,-0.0352852518190018
"dfm_4a","core","sa","2025Q2","m3",2025-06-30,"m2",2025-05-31,1.01953357711661,0.792302511818225,"financeiro",3,0.0119462020146221
"dfm_4a","core","sa","2025Q2","m3",2025-06-30,"m2",2025-05-31,1.01953357711661,0.792302511818225,"revisao",0,-0.0527692234455133
"dfm_4a","core","sa","2025Q2","m3",2025-06-30,"m2",2025-05-31,1.01953357711661,0.792302511818225,"reestimacao",0,-0.00522487214445166
"dfm_4a","core","sa","2025Q2","vespera",2025-09-01,"m3",2025-06-30,0.792302511818225,0.540574211894138,"hard",5,-0.122982316723821
"dfm_4a","core","sa","2025Q2","vespera",2025-09-01,"m3",2025-06-30,0.792302511818225,0.540574211894138,"soft",2,0.00342939183484499
"dfm_4a","core","sa","2025Q2","vespera",2025-09-01,"m3",2025-06-30,0.792302511818225,0.540574211894138,"sem_bloco",1,0.0162713200423984
"dfm_4a","core","sa","2025Q2","vespera",2025-09-01,"m3",2025-06-30,0.792302511818225,0.540574211894138,"financeiro",3,-0.0165482315502497
"dfm_4a","core","sa","2025Q2","vespera",2025-09-01,"m3",2025-06-30,0.792302511818225,0.540574211894138,"revisao",0,-0.137784726982586
"dfm_4a","core","sa","2025Q2","vespera",2025-09-01,"m3",2025-06-30,0.792302511818225,0.540574211894138,"reestimacao",0,0.00588626346180277
"dfm_4a","core","sa","2025Q3","m1",2025-07-31,"m3",2025-06-30,0.114765491698215,-0.311346311504708,"hard",5,-0.0452747066638615
"dfm_4a","core","sa","2025Q3","m1",2025-07-31,"m3",2025-06-30,0.114765491698215,-0.311346311504708,"soft",2,-0.31341058220874
"dfm_4a","core","sa","2025Q3","m1",2025-07-31,"m3",2025-06-30,0.114765491698215,-0.311346311504708,"sem_bloco",1,0.0381480203821869
"dfm_4a","core","sa","2025Q3","m1",2025-07-31,"m3",2025-06-30,0.114765491698215,-0.311346311504708,"financeiro",3,-0.0640749982468693
"dfm_4a","core","sa","2025Q3","m1",2025-07-31,"m3",2025-06-30,0.114765491698215,-0.311346311504708,"revisao",0,-0.0374235087133223
"dfm_4a","core","sa","2025Q3","m1",2025-07-31,"m3",2025-06-30,0.114765491698215,-0.311346311504708,"reestimacao",0,-0.0040760277544763
"dfm_4a","core","sa","2025Q3","m2",2025-08-31,"m1",2025-07-31,-0.311346311504708,-0.414711254518257,"hard",5,0.205151396020028
"dfm_4a","core","sa","2025Q3","m2",2025-08-31,"m1",2025-07-31,-0.311346311504708,-0.414711254518257,"soft",2,-0.433074032702324
"dfm_4a","core","sa","2025Q3","m2",2025-08-31,"m1",2025-07-31,-0.311346311504708,-0.414711254518257,"sem_bloco",1,0.130098062585413
"dfm_4a","core","sa","2025Q3","m2",2025-08-31,"m1",2025-07-31,-0.311346311504708,-0.414711254518257,"financeiro",3,0.0630390760552069
"dfm_4a","core","sa","2025Q3","m2",2025-08-31,"m1",2025-07-31,-0.311346311504708,-0.414711254518257,"revisao",0,-0.0724369842544578
"dfm_4a","core","sa","2025Q3","m2",2025-08-31,"m1",2025-07-31,-0.311346311504708,-0.414711254518257,"reestimacao",0,0.00385753928373389
"dfm_4a","core","sa","2025Q3","m3",2025-09-30,"m2",2025-08-31,-0.414711254518257,0.150776319399531,"hard",6,0.305973451918718
"dfm_4a","core","sa","2025Q3","m3",2025-09-30,"m2",2025-08-31,-0.414711254518257,0.150776319399531,"soft",2,0.154598631032297
"dfm_4a","core","sa","2025Q3","m3",2025-09-30,"m2",2025-08-31,-0.414711254518257,0.150776319399531,"sem_bloco",1,0.121013124352119
"dfm_4a","core","sa","2025Q3","m3",2025-09-30,"m2",2025-08-31,-0.414711254518257,0.150776319399531,"financeiro",3,0.0615828827705831
"dfm_4a","core","sa","2025Q3","m3",2025-09-30,"m2",2025-08-31,-0.414711254518257,0.150776319399531,"revisao",0,-0.0360767565449224
"dfm_4a","core","sa","2025Q3","m3",2025-09-30,"m2",2025-08-31,-0.414711254518257,0.150776319399531,"reestimacao",0,-0.0416037596235845
"dfm_4a","core","sa","2025Q3","vespera",2025-12-03,"m3",2025-09-30,0.150776319399531,0.292231067656722,"hard",5,0.100886354701663
"dfm_4a","core","sa","2025Q3","vespera",2025-12-03,"m3",2025-09-30,0.150776319399531,0.292231067656722,"soft",2,-0.0000232317240805224
"dfm_4a","core","sa","2025Q3","vespera",2025-12-03,"m3",2025-09-30,0.150776319399531,0.292231067656722,"sem_bloco",1,0.000331451153746847
"dfm_4a","core","sa","2025Q3","vespera",2025-12-03,"m3",2025-09-30,0.150776319399531,0.292231067656722,"financeiro",3,0.00619376114506581
"dfm_4a","core","sa","2025Q3","vespera",2025-12-03,"m3",2025-09-30,0.150776319399531,0.292231067656722,"revisao",0,0.0352441588418715
"dfm_4a","core","sa","2025Q3","vespera",2025-12-03,"m3",2025-09-30,0.150776319399531,0.292231067656722,"reestimacao",0,-0.00117774586197905
"dfm_4a","core","sa","2025Q4","m1",2025-10-31,"m3",2025-09-30,0.564463218274078,0.336893412753078,"hard",5,0.0133460391144254
"dfm_4a","core","sa","2025Q4","m1",2025-10-31,"m3",2025-09-30,0.564463218274078,0.336893412753078,"soft",2,-0.258469806135309
"dfm_4a","core","sa","2025Q4","m1",2025-10-31,"m3",2025-09-30,0.564463218274078,0.336893412753078,"sem_bloco",1,0.00222776657158834
"dfm_4a","core","sa","2025Q4","m1",2025-10-31,"m3",2025-09-30,0.564463218274078,0.336893412753078,"financeiro",3,0.00218674047891335
"dfm_4a","core","sa","2025Q4","m1",2025-10-31,"m3",2025-09-30,0.564463218274078,0.336893412753078,"revisao",0,0.00589502109851192
"dfm_4a","core","sa","2025Q4","m1",2025-10-31,"m3",2025-09-30,0.564463218274078,0.336893412753078,"reestimacao",0,0.00724443335154745
"dfm_4a","core","sa","2025Q4","m2",2025-11-30,"m1",2025-10-31,0.336893412753078,0.673226845548589,"hard",5,0.0811731469314578
"dfm_4a","core","sa","2025Q4","m2",2025-11-30,"m1",2025-10-31,0.336893412753078,0.673226845548589,"soft",2,0.0109521512160768
"dfm_4a","core","sa","2025Q4","m2",2025-11-30,"m1",2025-10-31,0.336893412753078,0.673226845548589,"sem_bloco",1,0.062949364650442
"dfm_4a","core","sa","2025Q4","m2",2025-11-30,"m1",2025-10-31,0.336893412753078,0.673226845548589,"financeiro",3,0.193790294849284
"dfm_4a","core","sa","2025Q4","m2",2025-11-30,"m1",2025-10-31,0.336893412753078,0.673226845548589,"revisao",0,-0.0131744793929245
"dfm_4a","core","sa","2025Q4","m2",2025-11-30,"m1",2025-10-31,0.336893412753078,0.673226845548589,"reestimacao",0,0.000642954541871577
"dfm_4a","core","sa","2025Q4","m3",2025-12-31,"m2",2025-11-30,0.673226845548589,0.65929637826839,"hard",6,-0.0602016455118111
"dfm_4a","core","sa","2025Q4","m3",2025-12-31,"m2",2025-11-30,0.673226845548589,0.65929637826839,"soft",2,0.0476417822897515
"dfm_4a","core","sa","2025Q4","m3",2025-12-31,"m2",2025-11-30,0.673226845548589,0.65929637826839,"sem_bloco",1,0.00597269670292686
"dfm_4a","core","sa","2025Q4","m3",2025-12-31,"m2",2025-11-30,0.673226845548589,0.65929637826839,"financeiro",3,-0.00931183433054252
"dfm_4a","core","sa","2025Q4","m3",2025-12-31,"m2",2025-11-30,0.673226845548589,0.65929637826839,"revisao",0,0.0376905750584229
"dfm_4a","core","sa","2025Q4","m3",2025-12-31,"m2",2025-11-30,0.673226845548589,0.65929637826839,"reestimacao",0,-0.0357220414846562
"dfm_4a","core","sa","2025Q4","vespera",2026-03-02,"m3",2025-12-31,0.65929637826839,0.377634287209535,"hard",5,-0.25581885234534
"dfm_4a","core","sa","2025Q4","vespera",2026-03-02,"m3",2025-12-31,0.65929637826839,0.377634287209535,"soft",2,0.0018655343260906
"dfm_4a","core","sa","2025Q4","vespera",2026-03-02,"m3",2025-12-31,0.65929637826839,0.377634287209535,"sem_bloco",1,-0.0310616413860325
"dfm_4a","core","sa","2025Q4","vespera",2026-03-02,"m3",2025-12-31,0.65929637826839,0.377634287209535,"financeiro",3,0.0144239129216399
"dfm_4a","core","sa","2025Q4","vespera",2026-03-02,"m3",2025-12-31,0.65929637826839,0.377634287209535,"revisao",0,-0.0104980654109397
"dfm_4a","core","sa","2025Q4","vespera",2026-03-02,"m3",2025-12-31,0.65929637826839,0.377634287209535,"reestimacao",0,-0.000572979169208621
"dfm_4a","core","sa","2026Q1","m1",2026-01-31,"m3",2025-12-31,0.432244398318812,1.09964883339097,"hard",5,-0.0349411086602493
"dfm_4a","core","sa","2026Q1","m1",2026-01-31,"m3",2025-12-31,0.432244398318812,1.09964883339097,"soft",2,0.408639559267946
"dfm_4a","core","sa","2026Q1","m1",2026-01-31,"m3",2025-12-31,0.432244398318812,1.09964883339097,"sem_bloco",1,-0.108150274130649
"dfm_4a","core","sa","2026Q1","m1",2026-01-31,"m3",2025-12-31,0.432244398318812,1.09964883339097,"financeiro",3,0.362659668848547
"dfm_4a","core","sa","2026Q1","m1",2026-01-31,"m3",2025-12-31,0.432244398318812,1.09964883339097,"revisao",0,0.0403538733920102
"dfm_4a","core","sa","2026Q1","m1",2026-01-31,"m3",2025-12-31,0.432244398318812,1.09964883339097,"reestimacao",0,-0.00115728364318207
"dfm_4a","core","sa","2026Q1","m2",2026-02-28,"m1",2026-01-31,1.09964883339097,0.430499193175778,"hard",5,-0.59018729160277
"dfm_4a","core","sa","2026Q1","m2",2026-02-28,"m1",2026-01-31,1.09964883339097,0.430499193175778,"soft",2,-0.180630930152876
"dfm_4a","core","sa","2026Q1","m2",2026-02-28,"m1",2026-01-31,1.09964883339097,0.430499193175778,"financeiro",3,0.0772701139487716
"dfm_4a","core","sa","2026Q1","m2",2026-02-28,"m1",2026-01-31,1.09964883339097,0.430499193175778,"revisao",0,0.0291043399101678
"dfm_4a","core","sa","2026Q1","m2",2026-02-28,"m1",2026-01-31,1.09964883339097,0.430499193175778,"reestimacao",0,-0.00470587231783481
"dfm_4a","core","sa","2026Q1","m3",2026-03-31,"m2",2026-02-28,0.430499193175778,0.279319547474916,"hard",6,0.204290118958819
"dfm_4a","core","sa","2026Q1","m3",2026-03-31,"m2",2026-02-28,0.430499193175778,0.279319547474916,"soft",2,-0.030173274422736
"dfm_4a","core","sa","2026Q1","m3",2026-03-31,"m2",2026-02-28,0.430499193175778,0.279319547474916,"sem_bloco",1,-0.171658813358498
"dfm_4a","core","sa","2026Q1","m3",2026-03-31,"m2",2026-02-28,0.430499193175778,0.279319547474916,"financeiro",3,-0.126852721780114
"dfm_4a","core","sa","2026Q1","m3",2026-03-31,"m2",2026-02-28,0.430499193175778,0.279319547474916,"revisao",0,-0.0422493026649022
"dfm_4a","core","sa","2026Q1","m3",2026-03-31,"m2",2026-02-28,0.430499193175778,0.279319547474916,"reestimacao",0,0.0154643475476361
"dfm_4a","core","sa","2026Q1","vespera",2026-05-28,"m3",2026-03-31,0.279319547474916,0.80538644289527,"hard",5,0.43673773062344
"dfm_4a","core","sa","2026Q1","vespera",2026-05-28,"m3",2026-03-31,0.279319547474916,0.80538644289527,"soft",2,-0.000283246867270828
"dfm_4a","core","sa","2026Q1","vespera",2026-05-28,"m3",2026-03-31,0.279319547474916,0.80538644289527,"sem_bloco",1,0.0519511371383613
"dfm_4a","core","sa","2026Q1","vespera",2026-05-28,"m3",2026-03-31,0.279319547474916,0.80538644289527,"financeiro",3,0.00340842668888208
"dfm_4a","core","sa","2026Q1","vespera",2026-05-28,"m3",2026-03-31,0.279319547474916,0.80538644289527,"revisao",0,0.0481307177159376
"dfm_4a","core","sa","2026Q1","vespera",2026-05-28,"m3",2026-03-31,0.279319547474916,0.80538644289527,"reestimacao",0,-0.0138778698807712
"dfm_4a","core","sa","2026Q2","m1",2026-04-30,"m3",2026-03-31,0.151828833625287,1.21955645579881,"hard",5,0.36995729736133
"dfm_4a","core","sa","2026Q2","m1",2026-04-30,"m3",2026-03-31,0.151828833625287,1.21955645579881,"soft",2,0.0461894504214041
"dfm_4a","core","sa","2026Q2","m1",2026-04-30,"m3",2026-03-31,0.151828833625287,1.21955645579881,"sem_bloco",1,0.274762763551094
"dfm_4a","core","sa","2026Q2","m1",2026-04-30,"m3",2026-03-31,0.151828833625287,1.21955645579881,"financeiro",3,0.425006579529867
"dfm_4a","core","sa","2026Q2","m1",2026-04-30,"m3",2026-03-31,0.151828833625287,1.21955645579881,"revisao",0,-0.0387348367780669
"dfm_4a","core","sa","2026Q2","m1",2026-04-30,"m3",2026-03-31,0.151828833625287,1.21955645579881,"reestimacao",0,-0.009453631911407
"dfm_4a","core","sa","2026Q2","m2",2026-05-31,"m1",2026-04-30,1.21955645579881,0.532613977643092,"hard",6,-0.205065117356864
"dfm_4a","core","sa","2026Q2","m2",2026-05-31,"m1",2026-04-30,1.21955645579881,0.532613977643092,"soft",2,0.0286544213654173
"dfm_4a","core","sa","2026Q2","m2",2026-05-31,"m1",2026-04-30,1.21955645579881,0.532613977643092,"sem_bloco",1,-0.362786891985992
"dfm_4a","core","sa","2026Q2","m2",2026-05-31,"m1",2026-04-30,1.21955645579881,0.532613977643092,"financeiro",3,-0.111557354858025
"dfm_4a","core","sa","2026Q2","m2",2026-05-31,"m1",2026-04-30,1.21955645579881,0.532613977643092,"revisao",0,-0.0175063869053949
"dfm_4a","core","sa","2026Q2","m2",2026-05-31,"m1",2026-04-30,1.21955645579881,0.532613977643092,"reestimacao",0,-0.0186811484141014
"dfm_4a","core","sa","2026Q2","m3",2026-06-30,"m2",2026-05-31,0.532613977643092,0.691883094074781,"hard",5,0.0655884635472272
"dfm_4a","core","sa","2026Q2","m3",2026-06-30,"m2",2026-05-31,0.532613977643092,0.691883094074781,"soft",2,0.173049931410865
"dfm_4a","core","sa","2026Q2","m3",2026-06-30,"m2",2026-05-31,0.532613977643092,0.691883094074781,"sem_bloco",1,-0.0711825605894129
"dfm_4a","core","sa","2026Q2","m3",2026-06-30,"m2",2026-05-31,0.532613977643092,0.691883094074781,"financeiro",3,-0.0736255360459372
"dfm_4a","core","sa","2026Q2","m3",2026-06-30,"m2",2026-05-31,0.532613977643092,0.691883094074781,"revisao",0,0.0290687987673228
"dfm_4a","core","sa","2026Q2","m3",2026-06-30,"m2",2026-05-31,0.532613977643092,0.691883094074781,"reestimacao",0,0.0363700193332629
"dfm_4a","core","sa","2026Q2","vespera",2026-08-31,"m3",2026-06-30,0.691883094074781,0.338034477749702,"hard",5,-0.277396376004209
"dfm_4a","core","sa","2026Q2","vespera",2026-08-31,"m3",2026-06-30,0.691883094074781,0.338034477749702,"soft",2,0.00416643190749815
"dfm_4a","core","sa","2026Q2","vespera",2026-08-31,"m3",2026-06-30,0.691883094074781,0.338034477749702,"sem_bloco",1,-0.0306306534807137
"dfm_4a","core","sa","2026Q2","vespera",2026-08-31,"m3",2026-06-30,0.691883094074781,0.338034477749702,"financeiro",3,-0.00286079610823415
"dfm_4a","core","sa","2026Q2","vespera",2026-08-31,"m3",2026-06-30,0.691883094074781,0.338034477749702,"revisao",0,-0.0376012740003371
"dfm_4a","core","sa","2026Q2","vespera",2026-08-31,"m3",2026-06-30,0.691883094074781,0.338034477749702,"reestimacao",0,-0.0095259486399939
"dfm_4a","core","sa","2026Q3","m1",2026-07-31,"m3",2026-06-30,0.46421663959345,-0.0834907144243585,"hard",5,-0.104080034433577
"dfm_4a","core","sa","2026Q3","m1",2026-07-31,"m3",2026-06-30,0.46421663959345,-0.0834907144243585,"soft",2,-0.597475520080807
"dfm_4a","core","sa","2026Q3","m1",2026-07-31,"m3",2026-06-30,0.46421663959345,-0.0834907144243585,"sem_bloco",1,-0.0666876717292757
"dfm_4a","core","sa","2026Q3","m1",2026-07-31,"m3",2026-06-30,0.46421663959345,-0.0834907144243585,"financeiro",3,0.150946896278154
"dfm_4a","core","sa","2026Q3","m1",2026-07-31,"m3",2026-06-30,0.46421663959345,-0.0834907144243585,"revisao",0,0.0746223209152971
"dfm_4a","core","sa","2026Q3","m1",2026-07-31,"m3",2026-06-30,0.46421663959345,-0.0834907144243585,"reestimacao",0,-0.00503334497201857
"dfm_4a","core","sa","2026Q3","m2",2026-08-31,"m1",2026-07-31,-0.0834907144243585,-0.604776526583484,"hard",5,-0.0555455239713494
"dfm_4a","core","sa","2026Q3","m2",2026-08-31,"m1",2026-07-31,-0.0834907144243585,-0.604776526583484,"soft",2,-0.299071760780537
"dfm_4a","core","sa","2026Q3","m2",2026-08-31,"m1",2026-07-31,-0.0834907144243585,-0.604776526583484,"sem_bloco",1,-0.0338423409065505
"dfm_4a","core","sa","2026Q3","m2",2026-08-31,"m1",2026-07-31,-0.0834907144243585,-0.604776526583484,"financeiro",2,-0.0518500730648847
"dfm_4a","core","sa","2026Q3","m2",2026-08-31,"m1",2026-07-31,-0.0834907144243585,-0.604776526583484,"revisao",0,-0.0864569864127287
"dfm_4a","core","sa","2026Q3","m2",2026-08-31,"m1",2026-07-31,-0.0834907144243585,-0.604776526583484,"reestimacao",0,0.0054808729793191
"dfm_4a","core","sa","2026Q3","m3",2026-09-30,"m2",2026-08-31,-0.604776526583484,-0.465003135366361,"financeiro",2,0.0560085185443562
"dfm_4a","core","sa","2026Q3","m3",2026-09-30,"m2",2026-08-31,-0.604776526583484,-0.465003135366361,"hard",1,0.0187546015506344
"dfm_4a","core","sa","2026Q3","m3",2026-09-30,"m2",2026-08-31,-0.604776526583484,-0.465003135366361,"revisao",0,0.00188159585592018
"dfm_4a","core","sa","2026Q3","m3",2026-09-30,"m2",2026-08-31,-0.604776526583484,-0.465003135366361,"reestimacao",0,0.0631286752666534
"dfm_4a","core","sa","2026Q3","vespera",2026-12-01,"m3",2026-09-30,-0.465003135366361,-0.465003135366361,"revisao",0,0
"dfm_4a","core","sa","2026Q3","vespera",2026-12-01,"m3",2026-09-30,-0.465003135366361,-0.465003135366361,"reestimacao",0,0.000000000000000222044604925031
"dfm_4a","estendido","sa","2019Q1","m2",2019-02-28,"m1",2019-01-31,0.532707763634738,0.621917255967336,"hard",37,0.13657475035565
"dfm_4a","estendido","sa","2019Q1","m2",2019-02-28,"m1",2019-01-31,0.532707763634738,0.621917255967336,"soft",10,0.0334814808946728
"dfm_4a","estendido","sa","2019Q1","m2",2019-02-28,"m1",2019-01-31,0.532707763634738,0.621917255967336,"trabalho",3,-0.0416560417650364
"dfm_4a","estendido","sa","2019Q1","m2",2019-02-28,"m1",2019-01-31,0.532707763634738,0.621917255967336,"financeiro",7,0.00989067584244604
"dfm_4a","estendido","sa","2019Q1","m2",2019-02-28,"m1",2019-01-31,0.532707763634738,0.621917255967336,"agro",3,0.0113173430499257
"dfm_4a","estendido","sa","2019Q1","m2",2019-02-28,"m1",2019-01-31,0.532707763634738,0.621917255967336,"revisao",0,-0.0638985369746353
"dfm_4a","estendido","sa","2019Q1","m2",2019-02-28,"m1",2019-01-31,0.532707763634738,0.621917255967336,"reestimacao",0,0.00349982093091938
"dfm_4a","estendido","sa","2019Q1","m3",2019-03-31,"m2",2019-02-28,0.621917255967336,0.784335601759091,"hard",36,0.125574097823089
"dfm_4a","estendido","sa","2019Q1","m3",2019-03-31,"m2",2019-02-28,0.621917255967336,0.784335601759091,"soft",10,-0.0620572743706008
"dfm_4a","estendido","sa","2019Q1","m3",2019-03-31,"m2",2019-02-28,0.621917255967336,0.784335601759091,"trabalho",3,0.00229105757801335
"dfm_4a","estendido","sa","2019Q1","m3",2019-03-31,"m2",2019-02-28,0.621917255967336,0.784335601759091,"financeiro",7,0.0341207778060799
"dfm_4a","estendido","sa","2019Q1","m3",2019-03-31,"m2",2019-02-28,0.621917255967336,0.784335601759091,"agro",3,-0.000127345340546013
"dfm_4a","estendido","sa","2019Q1","m3",2019-03-31,"m2",2019-02-28,0.621917255967336,0.784335601759091,"revisao",0,0.0627708256452911
"dfm_4a","estendido","sa","2019Q1","m3",2019-03-31,"m2",2019-02-28,0.621917255967336,0.784335601759091,"reestimacao",0,-0.000153793346230779
"dfm_4a","estendido","sa","2019Q1","vespera",2019-05-29,"m3",2019-03-31,0.784335601759092,0.14972960373642,"hard",36,-0.667929606691208
"dfm_4a","estendido","sa","2019Q1","vespera",2019-05-29,"m3",2019-03-31,0.784335601759092,0.14972960373642,"soft",10,-0.00203206670733549
"dfm_4a","estendido","sa","2019Q1","vespera",2019-05-29,"m3",2019-03-31,0.784335601759092,0.14972960373642,"trabalho",3,-0.0138631605557035
"dfm_4a","estendido","sa","2019Q1","vespera",2019-05-29,"m3",2019-03-31,0.784335601759092,0.14972960373642,"financeiro",7,-0.0162790586216954
"dfm_4a","estendido","sa","2019Q1","vespera",2019-05-29,"m3",2019-03-31,0.784335601759092,0.14972960373642,"agro",3,0.0000739662649830748
"dfm_4a","estendido","sa","2019Q1","vespera",2019-05-29,"m3",2019-03-31,0.784335601759092,0.14972960373642,"revisao",0,0.0389259675163709
"dfm_4a","estendido","sa","2019Q1","vespera",2019-05-29,"m3",2019-03-31,0.784335601759092,0.14972960373642,"reestimacao",0,0.0264979607960592
"dfm_4a","estendido","sa","2019Q2","m1",2019-04-30,"m3",2019-03-31,0.432356921904387,0.133405264192113,"hard",36,-0.403962139093667
"dfm_4a","estendido","sa","2019Q2","m1",2019-04-30,"m3",2019-03-31,0.432356921904387,0.133405264192113,"soft",10,0.130216695815909
"dfm_4a","estendido","sa","2019Q2","m1",2019-04-30,"m3",2019-03-31,0.432356921904387,0.133405264192113,"trabalho",3,-0.0311734175573255
"dfm_4a","estendido","sa","2019Q2","m1",2019-04-30,"m3",2019-03-31,0.432356921904387,0.133405264192113,"financeiro",7,-0.0144004918468065
"dfm_4a","estendido","sa","2019Q2","m1",2019-04-30,"m3",2019-03-31,0.432356921904387,0.133405264192113,"agro",3,0.00131170827915331
"dfm_4a","estendido","sa","2019Q2","m1",2019-04-30,"m3",2019-03-31,0.432356921904387,0.133405264192113,"revisao",0,0.0284254763966131
"dfm_4a","estendido","sa","2019Q2","m1",2019-04-30,"m3",2019-03-31,0.432356921904387,0.133405264192113,"reestimacao",0,-0.00936948971351537
"dfm_4a","estendido","sa","2019Q2","m2",2019-05-31,"m1",2019-04-30,0.133405264192113,-0.484579558139837,"hard",37,-0.417543283266876
"dfm_4a","estendido","sa","2019Q2","m2",2019-05-31,"m1",2019-04-30,0.133405264192113,-0.484579558139837,"soft",10,-0.0465862128626618
"dfm_4a","estendido","sa","2019Q2","m2",2019-05-31,"m1",2019-04-30,0.133405264192113,-0.484579558139837,"trabalho",3,-0.0376957622126314
"dfm_4a","estendido","sa","2019Q2","m2",2019-05-31,"m1",2019-04-30,0.133405264192113,-0.484579558139837,"financeiro",7,-0.00204430644967605
"dfm_4a","estendido","sa","2019Q2","m2",2019-05-31,"m1",2019-04-30,0.133405264192113,-0.484579558139837,"agro",3,-0.00162722738470025
"dfm_4a","estendido","sa","2019Q2","m2",2019-05-31,"m1",2019-04-30,0.133405264192113,-0.484579558139837,"revisao",0,-0.0834954293467806
"dfm_4a","estendido","sa","2019Q2","m2",2019-05-31,"m1",2019-04-30,0.133405264192113,-0.484579558139837,"reestimacao",0,-0.0289926008136745
"dfm_4a","estendido","sa","2019Q2","m3",2019-06-30,"m2",2019-05-31,-0.484579558139837,0.0339228946818388,"hard",36,0.405561904769862
"dfm_4a","estendido","sa","2019Q2","m3",2019-06-30,"m2",2019-05-31,-0.484579558139837,0.0339228946818388,"soft",10,0.0323227809294076
"dfm_4a","estendido","sa","2019Q2","m3",2019-06-30,"m2",2019-05-31,-0.484579558139837,0.0339228946818388,"trabalho",3,0.00650983160900514
"dfm_4a","estendido","sa","2019Q2","m3",2019-06-30,"m2",2019-05-31,-0.484579558139837,0.0339228946818388,"financeiro",7,0.0693160653961296
"dfm_4a","estendido","sa","2019Q2","m3",2019-06-30,"m2",2019-05-31,-0.484579558139837,0.0339228946818388,"agro",3,0.00125099034473052
"dfm_4a","estendido","sa","2019Q2","m3",2019-06-30,"m2",2019-05-31,-0.484579558139837,0.0339228946818388,"revisao",0,-0.0292473766181173
"dfm_4a","estendido","sa","2019Q2","m3",2019-06-30,"m2",2019-05-31,-0.484579558139837,0.0339228946818388,"reestimacao",0,0.032788256414287
"dfm_4a","estendido","sa","2019Q2","vespera",2019-08-28,"m3",2019-06-30,0.0339228946818388,0.154832295104166,"hard",36,0.0496708938162014
"dfm_4a","estendido","sa","2019Q2","vespera",2019-08-28,"m3",2019-06-30,0.0339228946818388,0.154832295104166,"soft",10,0.00359975220567353
"dfm_4a","estendido","sa","2019Q2","vespera",2019-08-28,"m3",2019-06-30,0.0339228946818388,0.154832295104166,"trabalho",3,0.00128647948819457
"dfm_4a","estendido","sa","2019Q2","vespera",2019-08-28,"m3",2019-06-30,0.0339228946818388,0.154832295104166,"financeiro",7,0.000201425495156829
"dfm_4a","estendido","sa","2019Q2","vespera",2019-08-28,"m3",2019-06-30,0.0339228946818388,0.154832295104166,"agro",3,-0.000291029733829434
"dfm_4a","estendido","sa","2019Q2","vespera",2019-08-28,"m3",2019-06-30,0.0339228946818388,0.154832295104166,"revisao",0,0.0564419603664328
"dfm_4a","estendido","sa","2019Q2","vespera",2019-08-28,"m3",2019-06-30,0.0339228946818388,0.154832295104166,"reestimacao",0,0.00999991878715045
"dfm_4a","estendido","sa","2019Q3","m1",2019-07-31,"m3",2019-06-30,0.0944869245538442,0.0208790032188513,"hard",36,-0.0528150023557013
"dfm_4a","estendido","sa","2019Q3","m1",2019-07-31,"m3",2019-06-30,0.0944869245538442,0.0208790032188513,"soft",10,-0.102393734204127
"dfm_4a","estendido","sa","2019Q3","m1",2019-07-31,"m3",2019-06-30,0.0944869245538442,0.0208790032188513,"trabalho",3,-0.000725401716231344
"dfm_4a","estendido","sa","2019Q3","m1",2019-07-31,"m3",2019-06-30,0.0944869245538442,0.0208790032188513,"financeiro",7,0.0843914033388498
"dfm_4a","estendido","sa","2019Q3","m1",2019-07-31,"m3",2019-06-30,0.0944869245538442,0.0208790032188513,"agro",3,-0.000148885537309518
"dfm_4a","estendido","sa","2019Q3","m1",2019-07-31,"m3",2019-06-30,0.0944869245538442,0.0208790032188513,"revisao",0,-0.00880561750271487
"dfm_4a","estendido","sa","2019Q3","m1",2019-07-31,"m3",2019-06-30,0.0944869245538442,0.0208790032188513,"reestimacao",0,0.00688931664275565
"dfm_4a","estendido","sa","2019Q3","m2",2019-08-31,"m1",2019-07-31,0.0208790032188514,0.586526792437247,"hard",37,0.435331348703846
"dfm_4a","estendido","sa","2019Q3","m2",2019-08-31,"m1",2019-07-31,0.0208790032188514,0.586526792437247,"soft",10,0.0746962511808733
"dfm_4a","estendido","sa","2019Q3","m2",2019-08-31,"m1",2019-07-31,0.0208790032188514,0.586526792437247,"trabalho",3,0.0254824910069884
"dfm_4a","estendido","sa","2019Q3","m2",2019-08-31,"m1",2019-07-31,0.0208790032188514,0.586526792437247,"financeiro",7,0.0627645789331373
"dfm_4a","estendido","sa","2019Q3","m2",2019-08-31,"m1",2019-07-31,0.0208790032188514,0.586526792437247,"agro",3,0.00234100167382122
"dfm_4a","estendido","sa","2019Q3","m2",2019-08-31,"m1",2019-07-31,0.0208790032188514,0.586526792437247,"revisao",0,-0.0105446834430293
"dfm_4a","estendido","sa","2019Q3","m2",2019-08-31,"m1",2019-07-31,0.0208790032188514,0.586526792437247,"reestimacao",0,-0.0244231988300551
"dfm_4a","estendido","sa","2019Q3","m3",2019-09-30,"m2",2019-08-31,0.586526792437247,0.585079476326855,"hard",36,-0.104979983750238
"dfm_4a","estendido","sa","2019Q3","m3",2019-09-30,"m2",2019-08-31,0.586526792437247,0.585079476326855,"soft",10,0.115611862926786
"dfm_4a","estendido","sa","2019Q3","m3",2019-09-30,"m2",2019-08-31,0.586526792437247,0.585079476326855,"trabalho",3,-0.00132671884010872
"dfm_4a","estendido","sa","2019Q3","m3",2019-09-30,"m2",2019-08-31,0.586526792437247,0.585079476326855,"financeiro",7,0.0288260345754926
"dfm_4a","estendido","sa","2019Q3","m3",2019-09-30,"m2",2019-08-31,0.586526792437247,0.585079476326855,"agro",3,0.0002829839855866
"dfm_4a","estendido","sa","2019Q3","m3",2019-09-30,"m2",2019-08-31,0.586526792437247,0.585079476326855,"revisao",0,-0.0304989980349269
"dfm_4a","estendido","sa","2019Q3","m3",2019-09-30,"m2",2019-08-31,0.586526792437247,0.585079476326855,"reestimacao",0,-0.00936249697375346
"dfm_4a","estendido","sa","2019Q3","vespera",2019-12-02,"m3",2019-09-30,0.585079476326855,0.603448541986425,"hard",36,0.0133524300610738
"dfm_4a","estendido","sa","2019Q3","vespera",2019-12-02,"m3",2019-09-30,0.585079476326855,0.603448541986425,"soft",10,0.00258069847651336
"dfm_4a","estendido","sa","2019Q3","vespera",2019-12-02,"m3",2019-09-30,0.585079476326855,0.603448541986425,"trabalho",3,0.00190561861890593
"dfm_4a","estendido","sa","2019Q3","vespera",2019-12-02,"m3",2019-09-30,0.585079476326855,0.603448541986425,"financeiro",7,0.00726234287222583
"dfm_4a","estendido","sa","2019Q3","vespera",2019-12-02,"m3",2019-09-30,0.585079476326855,0.603448541986425,"agro",3,-0.000161005872432839
"dfm_4a","estendido","sa","2019Q3","vespera",2019-12-02,"m3",2019-09-30,0.585079476326855,0.603448541986425,"revisao",0,0.0309970799651036
"dfm_4a","estendido","sa","2019Q3","vespera",2019-12-02,"m3",2019-09-30,0.585079476326855,0.603448541986425,"reestimacao",0,-0.0375680984531117
"dfm_4a","estendido","sa","2019Q4","m1",2019-10-31,"m3",2019-09-30,0.343202015435643,0.195826121938874,"hard",36,-0.0548679547734987
"dfm_4a","estendido","sa","2019Q4","m1",2019-10-31,"m3",2019-09-30,0.343202015435643,0.195826121938874,"soft",10,-0.245702794913425
"dfm_4a","estendido","sa","2019Q4","m1",2019-10-31,"m3",2019-09-30,0.343202015435643,0.195826121938874,"trabalho",3,0.0132976596163164
"dfm_4a","estendido","sa","2019Q4","m1",2019-10-31,"m3",2019-09-30,0.343202015435643,0.195826121938874,"financeiro",7,0.140104082864361
"dfm_4a","estendido","sa","2019Q4","m1",2019-10-31,"m3",2019-09-30,0.343202015435643,0.195826121938874,"agro",3,0.000548399932533437
"dfm_4a","estendido","sa","2019Q4","m1",2019-10-31,"m3",2019-09-30,0.343202015435643,0.195826121938874,"revisao",0,0.00102371210117919
"dfm_4a","estendido","sa","2019Q4","m1",2019-10-31,"m3",2019-09-30,0.343202015435643,0.195826121938874,"reestimacao",0,-0.00177899832261702
"dfm_4a","estendido","sa","2019Q4","m2",2019-11-30,"m1",2019-10-31,0.195826121938874,0.570217385732796,"hard",36,0.426801953969336
"dfm_4a","estendido","sa","2019Q4","m2",2019-11-30,"m1",2019-10-31,0.195826121938874,0.570217385732796,"soft",10,-0.0561422641512586
"dfm_4a","estendido","sa","2019Q4","m2",2019-11-30,"m1",2019-10-31,0.195826121938874,0.570217385732796,"trabalho",3,0.00683426587003123
"dfm_4a","estendido","sa","2019Q4","m2",2019-11-30,"m1",2019-10-31,0.195826121938874,0.570217385732796,"financeiro",7,-0.00800472725283344
"dfm_4a","estendido","sa","2019Q4","m2",2019-11-30,"m1",2019-10-31,0.195826121938874,0.570217385732796,"agro",3,0.00152364338184201
"dfm_4a","estendido","sa","2019Q4","m2",2019-11-30,"m1",2019-10-31,0.195826121938874,0.570217385732796,"revisao",0,-0.00702959620936727
"dfm_4a","estendido","sa","2019Q4","m2",2019-11-30,"m1",2019-10-31,0.195826121938874,0.570217385732796,"reestimacao",0,0.0104079881846161
"dfm_4a","estendido","sa","2019Q4","m3",2019-12-31,"m2",2019-11-30,0.570217385732796,1.12645398637928,"hard",37,0.376667436968107
"dfm_4a","estendido","sa","2019Q4","m3",2019-12-31,"m2",2019-11-30,0.570217385732796,1.12645398637928,"soft",10,0.0695295653602868
"dfm_4a","estendido","sa","2019Q4","m3",2019-12-31,"m2",2019-11-30,0.570217385732796,1.12645398637928,"trabalho",3,0.015958837920895
"dfm_4a","estendido","sa","2019Q4","m3",2019-12-31,"m2",2019-11-30,0.570217385732796,1.12645398637928,"financeiro",7,-0.000774387563314832
"dfm_4a","estendido","sa","2019Q4","m3",2019-12-31,"m2",2019-11-30,0.570217385732796,1.12645398637928,"agro",3,0.000509626240324886
"dfm_4a","estendido","sa","2019Q4","m3",2019-12-31,"m2",2019-11-30,0.570217385732796,1.12645398637928,"revisao",0,0.0437111470058671
"dfm_4a","estendido","sa","2019Q4","m3",2019-12-31,"m2",2019-11-30,0.570217385732796,1.12645398637928,"reestimacao",0,0.0506343747224153
"dfm_4a","estendido","sa","2019Q4","vespera",2020-03-03,"m3",2019-12-31,1.12645398637928,0.747123971844012,"hard",36,-0.382874093667384
"dfm_4a","estendido","sa","2019Q4","vespera",2020-03-03,"m3",2019-12-31,1.12645398637928,0.747123971844012,"soft",10,0.0038147837162492
"dfm_4a","estendido","sa","2019Q4","vespera",2020-03-03,"m3",2019-12-31,1.12645398637928,0.747123971844012,"trabalho",3,0.00251998264303459
"dfm_4a","estendido","sa","2019Q4","vespera",2020-03-03,"m3",2019-12-31,1.12645398637928,0.747123971844012,"financeiro",7,-0.00600083500870963
"dfm_4a","estendido","sa","2019Q4","vespera",2020-03-03,"m3",2019-12-31,1.12645398637928,0.747123971844012,"agro",3,0.00101855694339137
"dfm_4a","estendido","sa","2019Q4","vespera",2020-03-03,"m3",2019-12-31,1.12645398637928,0.747123971844012,"revisao",0,-0.00992993534107223
"dfm_4a","estendido","sa","2019Q4","vespera",2020-03-03,"m3",2019-12-31,1.12645398637928,0.747123971844012,"reestimacao",0,0.0121215261851464
"dfm_4a","estendido","sa","2020Q1","m1",2020-01-31,"m3",2019-12-31,0.27894285296195,-0.111635563320274,"hard",36,-0.260333414569686
"dfm_4a","estendido","sa","2020Q1","m1",2020-01-31,"m3",2019-12-31,0.27894285296195,-0.111635563320274,"soft",10,-0.199055020929723
"dfm_4a","estendido","sa","2020Q1","m1",2020-01-31,"m3",2019-12-31,0.27894285296195,-0.111635563320274,"trabalho",3,0.00870297916806227
"dfm_4a","estendido","sa","2020Q1","m1",2020-01-31,"m3",2019-12-31,0.27894285296195,-0.111635563320274,"financeiro",7,0.00305475157031541
"dfm_4a","estendido","sa","2020Q1","m1",2020-01-31,"m3",2019-12-31,0.27894285296195,-0.111635563320274,"agro",3,0.000127678145206187
"dfm_4a","estendido","sa","2020Q1","m1",2020-01-31,"m3",2019-12-31,0.27894285296195,-0.111635563320274,"revisao",0,0.000545469173176438
"dfm_4a","estendido","sa","2020Q1","m1",2020-01-31,"m3",2019-12-31,0.27894285296195,-0.111635563320274,"reestimacao",0,0.0563791411606598
"dfm_4a","estendido","sa","2020Q1","m2",2020-02-29,"m1",2020-01-31,-0.111635563320274,-0.140576563515628,"hard",36,0.0522033768493264
"dfm_4a","estendido","sa","2020Q1","m2",2020-02-29,"m1",2020-01-31,-0.111635563320274,-0.140576563515628,"soft",10,-0.0322213171369443
"dfm_4a","estendido","sa","2020Q1","m2",2020-02-29,"m1",2020-01-31,-0.111635563320274,-0.140576563515628,"financeiro",7,0.0196910116074909
"dfm_4a","estendido","sa","2020Q1","m2",2020-02-29,"m1",2020-01-31,-0.111635563320274,-0.140576563515628,"trabalho",2,-0.0106122259342678
"dfm_4a","estendido","sa","2020Q1","m2",2020-02-29,"m1",2020-01-31,-0.111635563320274,-0.140576563515628,"agro",3,-0.0116736409781637
"dfm_4a","estendido","sa","2020Q1","m2",2020-02-29,"m1",2020-01-31,-0.111635563320274,-0.140576563515628,"revisao",0,-0.0237033139307286
"dfm_4a","estendido","sa","2020Q1","m2",2020-02-29,"m1",2020-01-31,-0.111635563320274,-0.140576563515628,"reestimacao",0,-0.0226248906736897
"dfm_4a","estendido","sa","2020Q1","m3",2020-03-31,"m2",2020-02-29,-0.140576563515628,0.304120719250799,"hard",37,0.385333800169092
"dfm_4a","estendido","sa","2020Q1","m3",2020-03-31,"m2",2020-02-29,-0.140576563515628,0.304120719250799,"soft",10,0.00516581761674735
"dfm_4a","estendido","sa","2020Q1","m3",2020-03-31,"m2",2020-02-29,-0.140576563515628,0.304120719250799,"trabalho",3,0.0209395918882288
"dfm_4a","estendido","sa","2020Q1","m3",2020-03-31,"m2",2020-02-29,-0.140576563515628,0.304120719250799,"financeiro",7,0.0849816875495138
"dfm_4a","estendido","sa","2020Q1","m3",2020-03-31,"m2",2020-02-29,-0.140576563515628,0.304120719250799,"agro",3,-0.00000730681440605313
"dfm_4a","estendido","sa","2020Q1","m3",2020-03-31,"m2",2020-02-29,-0.140576563515628,0.304120719250799,"revisao",0,-0.0644497004076485
"dfm_4a","estendido","sa","2020Q1","m3",2020-03-31,"m2",2020-02-29,-0.140576563515628,0.304120719250799,"reestimacao",0,0.012733392771258
"dfm_4a","estendido","sa","2020Q1","vespera",2020-05-28,"m3",2020-03-31,0.304120719250799,-1.55149569276446,"hard",36,-0.551564238498578
"dfm_4a","estendido","sa","2020Q1","vespera",2020-05-28,"m3",2020-03-31,0.304120719250799,-1.55149569276446,"soft",10,0.0827558101256397
"dfm_4a","estendido","sa","2020Q1","vespera",2020-05-28,"m3",2020-03-31,0.304120719250799,-1.55149569276446,"trabalho",3,-0.0820997600273787
"dfm_4a","estendido","sa","2020Q1","vespera",2020-05-28,"m3",2020-03-31,0.304120719250799,-1.55149569276446,"financeiro",7,0.0277706953006323
"dfm_4a","estendido","sa","2020Q1","vespera",2020-05-28,"m3",2020-03-31,0.304120719250799,-1.55149569276446,"agro",3,0.000235187876553128
"dfm_4a","estendido","sa","2020Q1","vespera",2020-05-28,"m3",2020-03-31,0.304120719250799,-1.55149569276446,"revisao",0,-0.0276911805955118
"dfm_4a","estendido","sa","2020Q1","vespera",2020-05-28,"m3",2020-03-31,0.304120719250799,-1.55149569276446,"reestimacao",0,-1.30502292618703
"dfm_4a","estendido","sa","2020Q2","m1",2020-04-30,"m3",2020-03-31,0.343337267607612,1.06068215798522,"hard",36,-0.946858579523634
"dfm_4a","estendido","sa","2020Q2","m1",2020-04-30,"m3",2020-03-31,0.343337267607612,1.06068215798522,"soft",10,1.74864999954488
"dfm_4a","estendido","sa","2020Q2","m1",2020-04-30,"m3",2020-03-31,0.343337267607612,1.06068215798522,"trabalho",3,-0.14687539018129
"dfm_4a","estendido","sa","2020Q2","m1",2020-04-30,"m3",2020-03-31,0.343337267607612,1.06068215798522,"financeiro",7,0.122254675983492
"dfm_4a","estendido","sa","2020Q2","m1",2020-04-30,"m3",2020-03-31,0.343337267607612,1.06068215798522,"agro",3,0.000144221193665878
"dfm_4a","estendido","sa","2020Q2","m1",2020-04-30,"m3",2020-03-31,0.343337267607612,1.06068215798522,"revisao",0,-0.00606985642852498
"dfm_4a","estendido","sa","2020Q2","m1",2020-04-30,"m3",2020-03-31,0.343337267607612,1.06068215798522,"reestimacao",0,-0.0539001802085575
"dfm_4a","estendido","sa","2020Q2","m2",2020-05-31,"m1",2020-04-30,1.06068215798522,-10.3927748885267,"hard",37,-0.0532729694438824
"dfm_4a","estendido","sa","2020Q2","m2",2020-05-31,"m1",2020-04-30,1.06068215798522,-10.3927748885267,"soft",10,1.70633066619553
"dfm_4a","estendido","sa","2020Q2","m2",2020-05-31,"m1",2020-04-30,1.06068215798522,-10.3927748885267,"trabalho",3,-0.346122357423949
"dfm_4a","estendido","sa","2020Q2","m2",2020-05-31,"m1",2020-04-30,1.06068215798522,-10.3927748885267,"financeiro",7,-0.482517101600732
"dfm_4a","estendido","sa","2020Q2","m2",2020-05-31,"m1",2020-04-30,1.06068215798522,-10.3927748885267,"agro",3,0.0157546410531232
"dfm_4a","estendido","sa","2020Q2","m2",2020-05-31,"m1",2020-04-30,1.06068215798522,-10.3927748885267,"revisao",0,-0.0482454826271734
"dfm_4a","estendido","sa","2020Q2","m2",2020-05-31,"m1",2020-04-30,1.06068215798522,-10.3927748885267,"reestimacao",0,-12.2453844426951
"dfm_4a","estendido","sa","2020Q2","m3",2020-06-30,"m2",2020-05-31,-10.3927748885267,-8.75593838211049,"hard",36,1.80060539883214
"dfm_4a","estendido","sa","2020Q2","m3",2020-06-30,"m2",2020-05-31,-10.3927748885267,-8.75593838211049,"soft",10,0.687075888106691
"dfm_4a","estendido","sa","2020Q2","m3",2020-06-30,"m2",2020-05-31,-10.3927748885267,-8.75593838211049,"trabalho",3,0.034751980785529
"dfm_4a","estendido","sa","2020Q2","m3",2020-06-30,"m2",2020-05-31,-10.3927748885267,-8.75593838211049,"financeiro",7,0.00294195364214784
"dfm_4a","estendido","sa","2020Q2","m3",2020-06-30,"m2",2020-05-31,-10.3927748885267,-8.75593838211049,"agro",3,-0.000819957035958604
"dfm_4a","estendido","sa","2020Q2","m3",2020-06-30,"m2",2020-05-31,-10.3927748885267,-8.75593838211049,"revisao",0,-0.0788541599449424
"dfm_4a","estendido","sa","2020Q2","m3",2020-06-30,"m2",2020-05-31,-10.3927748885267,-8.75593838211049,"reestimacao",0,-0.808864598070736
"dfm_4a","estendido","sa","2020Q2","vespera",2020-08-31,"m3",2020-06-30,-8.75593838211049,-9.14207770460202,"hard",36,0.644396759735796
"dfm_4a","estendido","sa","2020Q2","vespera",2020-08-31,"m3",2020-06-30,-8.75593838211049,-9.14207770460202,"soft",10,-0.00247649308329775
"dfm_4a","estendido","sa","2020Q2","vespera",2020-08-31,"m3",2020-06-30,-8.75593838211049,-9.14207770460202,"trabalho",3,0.00106990907427459
"dfm_4a","estendido","sa","2020Q2","vespera",2020-08-31,"m3",2020-06-30,-8.75593838211049,-9.14207770460202,"financeiro",7,0.0012954909310136
"dfm_4a","estendido","sa","2020Q2","vespera",2020-08-31,"m3",2020-06-30,-8.75593838211049,-9.14207770460202,"agro",3,-0.000104731774964403
"dfm_4a","estendido","sa","2020Q2","vespera",2020-08-31,"m3",2020-06-30,-8.75593838211049,-9.14207770460202,"revisao",0,-0.150752801337385
"dfm_4a","estendido","sa","2020Q2","vespera",2020-08-31,"m3",2020-06-30,-8.75593838211049,-9.14207770460202,"reestimacao",0,-0.879567456019947
"dfm_4a","estendido","sa","2020Q3","m1",2020-07-31,"m3",2020-06-30,1.69723579197074,6.21153217514736,"hard",36,0.49890420620073
"dfm_4a","estendido","sa","2020Q3","m1",2020-07-31,"m3",2020-06-30,1.69723579197074,6.21153217514736,"soft",10,1.50839585970707
"dfm_4a","estendido","sa","2020Q3","m1",2020-07-31,"m3",2020-06-30,1.69723579197074,6.21153217514736,"trabalho",1,0.0074465395978403
"dfm_4a","estendido","sa","2020Q3","m1",2020-07-31,"m3",2020-06-30,1.69723579197074,6.21153217514736,"financeiro",7,0.250776462399212
"dfm_4a","estendido","sa","2020Q3","m1",2020-07-31,"m3",2020-06-30,1.69723579197074,6.21153217514736,"agro",3,-0.000318103079047635
"dfm_4a","estendido","sa","2020Q3","m1",2020-07-31,"m3",2020-06-30,1.69723579197074,6.21153217514736,"revisao",0,0.0539178079284928
"dfm_4a","estendido","sa","2020Q3","m1",2020-07-31,"m3",2020-06-30,1.69723579197074,6.21153217514736,"reestimacao",0,2.19517361042682
"dfm_4a","estendido","sa","2020Q3","m2",2020-08-31,"m1",2020-07-31,6.21153217514736,7.40182497643535,"hard",36,-0.125529590917844
"dfm_4a","estendido","sa","2020Q3","m2",2020-08-31,"m1",2020-07-31,6.21153217514736,7.40182497643535,"soft",10,0.882951922951967
"dfm_4a","estendido","sa","2020Q3","m2",2020-08-31,"m1",2020-07-31,6.21153217514736,7.40182497643535,"trabalho",3,0.113391099289336
"dfm_4a","estendido","sa","2020Q3","m2",2020-08-31,"m1",2020-07-31,6.21153217514736,7.40182497643535,"financeiro",7,-0.00600286778776421
"dfm_4a","estendido","sa","2020Q3","m2",2020-08-31,"m1",2020-07-31,6.21153217514736,7.40182497643535,"agro",3,-0.000228948371213273
"dfm_4a","estendido","sa","2020Q3","m2",2020-08-31,"m1",2020-07-31,6.21153217514736,7.40182497643535,"revisao",0,0.131592240598392
"dfm_4a","estendido","sa","2020Q3","m2",2020-08-31,"m1",2020-07-31,6.21153217514736,7.40182497643535,"reestimacao",0,0.194118945530674
"dfm_4a","estendido","sa","2020Q3","m3",2020-09-30,"m2",2020-08-31,7.40182497643535,8.25795203918151,"hard",37,-0.111003912689115
"dfm_4a","estendido","sa","2020Q3","m3",2020-09-30,"m2",2020-08-31,7.40182497643535,8.25795203918151,"soft",10,0.512106324389223
"dfm_4a","estendido","sa","2020Q3","m3",2020-09-30,"m2",2020-08-31,7.40182497643535,8.25795203918151,"trabalho",3,0.0248836550908066
"dfm_4a","estendido","sa","2020Q3","m3",2020-09-30,"m2",2020-08-31,7.40182497643535,8.25795203918151,"financeiro",7,0.0242892230752377
"dfm_4a","estendido","sa","2020Q3","m3",2020-09-30,"m2",2020-08-31,7.40182497643535,8.25795203918151,"agro",3,-0.000335776039635612
"dfm_4a","estendido","sa","2020Q3","m3",2020-09-30,"m2",2020-08-31,7.40182497643535,8.25795203918151,"revisao",0,0.111766425535833
"dfm_4a","estendido","sa","2020Q3","m3",2020-09-30,"m2",2020-08-31,7.40182497643535,8.25795203918151,"reestimacao",0,0.294421123394317
"dfm_4a","estendido","sa","2020Q3","vespera",2020-12-02,"m3",2020-09-30,8.25795203918151,7.96086569278882,"hard",36,-0.146186235526006
"dfm_4a","estendido","sa","2020Q3","vespera",2020-12-02,"m3",2020-09-30,8.25795203918151,7.96086569278882,"soft",10,-0.0103130512618549
"dfm_4a","estendido","sa","2020Q3","vespera",2020-12-02,"m3",2020-09-30,8.25795203918151,7.96086569278882,"trabalho",3,0.0000182179486400897
"dfm_4a","estendido","sa","2020Q3","vespera",2020-12-02,"m3",2020-09-30,8.25795203918151,7.96086569278882,"financeiro",7,-0.0030921620906606
"dfm_4a","estendido","sa","2020Q3","vespera",2020-12-02,"m3",2020-09-30,8.25795203918151,7.96086569278882,"agro",3,-0.0000780538782383776
"dfm_4a","estendido","sa","2020Q3","vespera",2020-12-02,"m3",2020-09-30,8.25795203918151,7.96086569278882,"revisao",0,0.00275755836046798
"dfm_4a","estendido","sa","2020Q3","vespera",2020-12-02,"m3",2020-09-30,8.25795203918151,7.96086569278882,"reestimacao",0,-0.14019261994917
"dfm_4a","estendido","sa","2020Q4","m1",2020-10-31,"m3",2020-09-30,1.6439428410543,1.49646135031085,"hard",36,-0.302030871190367
"dfm_4a","estendido","sa","2020Q4","m1",2020-10-31,"m3",2020-09-30,1.6439428410543,1.49646135031085,"soft",10,0.265872879440491
"dfm_4a","estendido","sa","2020Q4","m1",2020-10-31,"m3",2020-09-30,1.6439428410543,1.49646135031085,"trabalho",3,0.0119789872280408
"dfm_4a","estendido","sa","2020Q4","m1",2020-10-31,"m3",2020-09-30,1.6439428410543,1.49646135031085,"financeiro",7,-0.157387669189548
"dfm_4a","estendido","sa","2020Q4","m1",2020-10-31,"m3",2020-09-30,1.6439428410543,1.49646135031085,"agro",3,-0.0000924288079474421
"dfm_4a","estendido","sa","2020Q4","m1",2020-10-31,"m3",2020-09-30,1.6439428410543,1.49646135031085,"revisao",0,-0.0102607428254984
"dfm_4a","estendido","sa","2020Q4","m1",2020-10-31,"m3",2020-09-30,1.6439428410543,1.49646135031085,"reestimacao",0,0.0444383545993778
"dfm_4a","estendido","sa","2020Q4","m2",2020-11-30,"m1",2020-10-31,1.49646135031085,1.73809224902503,"hard",36,0.164472345724212
"dfm_4a","estendido","sa","2020Q4","m2",2020-11-30,"m1",2020-10-31,1.49646135031085,1.73809224902503,"soft",10,-0.225622678052664
"dfm_4a","estendido","sa","2020Q4","m2",2020-11-30,"m1",2020-10-31,1.49646135031085,1.73809224902503,"trabalho",3,0.189905743973475
"dfm_4a","estendido","sa","2020Q4","m2",2020-11-30,"m1",2020-10-31,1.49646135031085,1.73809224902503,"financeiro",7,0.142317895454164
"dfm_4a","estendido","sa","2020Q4","m2",2020-11-30,"m1",2020-10-31,1.49646135031085,1.73809224902503,"agro",3,-0.000261703464356269
"dfm_4a","estendido","sa","2020Q4","m2",2020-11-30,"m1",2020-10-31,1.49646135031085,1.73809224902503,"revisao",0,-0.0311171878329262
"dfm_4a","estendido","sa","2020Q4","m2",2020-11-30,"m1",2020-10-31,1.49646135031085,1.73809224902503,"reestimacao",0,0.00193648291195903
"dfm_4a","estendido","sa","2020Q4","m3",2020-12-31,"m2",2020-11-30,1.73809224902503,2.40737336472317,"hard",37,0.324598308810817
"dfm_4a","estendido","sa","2020Q4","m3",2020-12-31,"m2",2020-11-30,1.73809224902503,2.40737336472317,"soft",10,0.131977733193581
"dfm_4a","estendido","sa","2020Q4","m3",2020-12-31,"m2",2020-11-30,1.73809224902503,2.40737336472317,"trabalho",3,0.070000028038092
"dfm_4a","estendido","sa","2020Q4","m3",2020-12-31,"m2",2020-11-30,1.73809224902503,2.40737336472317,"financeiro",7,0.109579544212733
"dfm_4a","estendido","sa","2020Q4","m3",2020-12-31,"m2",2020-11-30,1.73809224902503,2.40737336472317,"agro",3,-0.0000265349155173465
"dfm_4a","estendido","sa","2020Q4","m3",2020-12-31,"m2",2020-11-30,1.73809224902503,2.40737336472317,"revisao",0,-0.0194150210325894
"dfm_4a","estendido","sa","2020Q4","m3",2020-12-31,"m2",2020-11-30,1.73809224902503,2.40737336472317,"reestimacao",0,0.0525670573872659
"dfm_4a","estendido","sa","2020Q4","vespera",2021-03-02,"m3",2020-12-31,2.40737336472317,2.05250403158517,"hard",36,-0.285631263202479
"dfm_4a","estendido","sa","2020Q4","vespera",2021-03-02,"m3",2020-12-31,2.40737336472317,2.05250403158517,"soft",10,0.000622523482132985
"dfm_4a","estendido","sa","2020Q4","vespera",2021-03-02,"m3",2020-12-31,2.40737336472317,2.05250403158517,"trabalho",3,0.00409019873115553
"dfm_4a","estendido","sa","2020Q4","vespera",2021-03-02,"m3",2020-12-31,2.40737336472317,2.05250403158517,"financeiro",7,-0.0196751502731191
"dfm_4a","estendido","sa","2020Q4","vespera",2021-03-02,"m3",2020-12-31,2.40737336472317,2.05250403158517,"agro",3,-0.000046640964247417
"dfm_4a","estendido","sa","2020Q4","vespera",2021-03-02,"m3",2020-12-31,2.40737336472317,2.05250403158517,"revisao",0,-0.0440930386347316
"dfm_4a","estendido","sa","2020Q4","vespera",2021-03-02,"m3",2020-12-31,2.40737336472317,2.05250403158517,"reestimacao",0,-0.0101359622854384
"dfm_4a","estendido","sa","2021Q1","m1",2021-01-31,"m3",2020-12-31,0.436601976105559,-0.306308703416874,"hard",36,-0.387106907270836
"dfm_4a","estendido","sa","2021Q1","m1",2021-01-31,"m3",2020-12-31,0.436601976105559,-0.306308703416874,"soft",10,-0.238849861509638
"dfm_4a","estendido","sa","2021Q1","m1",2021-01-31,"m3",2020-12-31,0.436601976105559,-0.306308703416874,"trabalho",3,0.0195713076790709
"dfm_4a","estendido","sa","2021Q1","m1",2021-01-31,"m3",2020-12-31,0.436601976105559,-0.306308703416874,"financeiro",7,-0.138727721847834
"dfm_4a","estendido","sa","2021Q1","m1",2021-01-31,"m3",2020-12-31,0.436601976105559,-0.306308703416874,"agro",3,0.0000768352440011098
"dfm_4a","estendido","sa","2021Q1","m1",2021-01-31,"m3",2020-12-31,0.436601976105559,-0.306308703416874,"revisao",0,-0.0224736306819556
"dfm_4a","estendido","sa","2021Q1","m1",2021-01-31,"m3",2020-12-31,0.436601976105559,-0.306308703416874,"reestimacao",0,0.0245992988689519
"dfm_4a","estendido","sa","2021Q1","m2",2021-02-28,"m1",2021-01-31,-0.306308703416874,0.140376793512059,"hard",35,0.338558179562073
"dfm_4a","estendido","sa","2021Q1","m2",2021-02-28,"m1",2021-01-31,-0.306308703416874,0.140376793512059,"soft",10,0.282097515125576
"dfm_4a","estendido","sa","2021Q1","m2",2021-02-28,"m1",2021-01-31,-0.306308703416874,0.140376793512059,"financeiro",7,-0.0913744073178582
"dfm_4a","estendido","sa","2021Q1","m2",2021-02-28,"m1",2021-01-31,-0.306308703416874,0.140376793512059,"trabalho",2,-0.000214111232172558
"dfm_4a","estendido","sa","2021Q1","m2",2021-02-28,"m1",2021-01-31,-0.306308703416874,0.140376793512059,"agro",3,-0.00271344845625522
"dfm_4a","estendido","sa","2021Q1","m2",2021-02-28,"m1",2021-01-31,-0.306308703416874,0.140376793512059,"revisao",0,-0.052703027018341
"dfm_4a","estendido","sa","2021Q1","m2",2021-02-28,"m1",2021-01-31,-0.306308703416874,0.140376793512059,"reestimacao",0,-0.0269652037369442
"dfm_4a","estendido","sa","2021Q1","m3",2021-03-31,"m2",2021-02-28,0.140376793512059,-0.0661144629794059,"hard",37,0.21793284195197
"dfm_4a","estendido","sa","2021Q1","m3",2021-03-31,"m2",2021-02-28,0.140376793512059,-0.0661144629794059,"soft",10,-0.493332870536628
"dfm_4a","estendido","sa","2021Q1","m3",2021-03-31,"m2",2021-02-28,0.140376793512059,-0.0661144629794059,"trabalho",3,0.0686459497436673
"dfm_4a","estendido","sa","2021Q1","m3",2021-03-31,"m2",2021-02-28,0.140376793512059,-0.0661144629794059,"financeiro",7,-0.0542678949749752
"dfm_4a","estendido","sa","2021Q1","m3",2021-03-31,"m2",2021-02-28,0.140376793512059,-0.0661144629794059,"agro",3,-0.000137574579975564
"dfm_4a","estendido","sa","2021Q1","m3",2021-03-31,"m2",2021-02-28,0.140376793512059,-0.0661144629794059,"revisao",0,-0.0847629981763561
"dfm_4a","estendido","sa","2021Q1","m3",2021-03-31,"m2",2021-02-28,0.140376793512059,-0.0661144629794059,"reestimacao",0,0.139431290091705
"dfm_4a","estendido","sa","2021Q1","vespera",2021-05-31,"m3",2021-03-31,-0.0661144629794053,0.172418156285703,"hard",36,0.33039804625651
"dfm_4a","estendido","sa","2021Q1","vespera",2021-05-31,"m3",2021-03-31,-0.0661144629794053,0.172418156285703,"soft",10,0.00147836273104068
"dfm_4a","estendido","sa","2021Q1","vespera",2021-05-31,"m3",2021-03-31,-0.0661144629794053,0.172418156285703,"trabalho",3,0.0142182638931159
"dfm_4a","estendido","sa","2021Q1","vespera",2021-05-31,"m3",2021-03-31,-0.0661144629794053,0.172418156285703,"financeiro",7,0.0139814837387874
"dfm_4a","estendido","sa","2021Q1","vespera",2021-05-31,"m3",2021-03-31,-0.0661144629794053,0.172418156285703,"agro",3,0.0000972905245307326
"dfm_4a","estendido","sa","2021Q1","vespera",2021-05-31,"m3",2021-03-31,-0.0661144629794053,0.172418156285703,"revisao",0,-0.1198126598151
"dfm_4a","estendido","sa","2021Q1","vespera",2021-05-31,"m3",2021-03-31,-0.0661144629794053,0.172418156285703,"reestimacao",0,-0.0018281680673653
"dfm_4a","estendido","sa","2021Q2","m1",2021-04-30,"m3",2021-03-31,-1.218600854109,0.602972772358588,"hard",36,0.276697683583466
"dfm_4a","estendido","sa","2021Q2","m1",2021-04-30,"m3",2021-03-31,-1.218600854109,0.602972772358588,"soft",10,1.2278590731095
"dfm_4a","estendido","sa","2021Q2","m1",2021-04-30,"m3",2021-03-31,-1.218600854109,0.602972772358588,"trabalho",3,0.0693148397764892
"dfm_4a","estendido","sa","2021Q2","m1",2021-04-30,"m3",2021-03-31,-1.218600854109,0.602972772358588,"financeiro",7,0.110313836198175
"dfm_4a","estendido","sa","2021Q2","m1",2021-04-30,"m3",2021-03-31,-1.218600854109,0.602972772358588,"agro",3,-0.000061938531706707
"dfm_4a","estendido","sa","2021Q2","m1",2021-04-30,"m3",2021-03-31,-1.218600854109,0.602972772358588,"revisao",0,-0.000333663083480928
"dfm_4a","estendido","sa","2021Q2","m1",2021-04-30,"m3",2021-03-31,-1.218600854109,0.602972772358588,"reestimacao",0,0.137783795415513
"dfm_4a","estendido","sa","2021Q2","m2",2021-05-31,"m1",2021-04-30,0.602972772358588,0.0322205529807284,"hard",36,-1.0843036735782
"dfm_4a","estendido","sa","2021Q2","m2",2021-05-31,"m1",2021-04-30,0.602972772358588,0.0322205529807284,"soft",10,0.498282469613191
"dfm_4a","estendido","sa","2021Q2","m2",2021-05-31,"m1",2021-04-30,0.602972772358588,0.0322205529807284,"trabalho",3,-0.112692410921258
"dfm_4a","estendido","sa","2021Q2","m2",2021-05-31,"m1",2021-04-30,0.602972772358588,0.0322205529807284,"financeiro",7,0.0710107184560197
"dfm_4a","estendido","sa","2021Q2","m2",2021-05-31,"m1",2021-04-30,0.602972772358588,0.0322205529807284,"agro",3,-0.00117298704112017
"dfm_4a","estendido","sa","2021Q2","m2",2021-05-31,"m1",2021-04-30,0.602972772358588,0.0322205529807284,"revisao",0,0.0779559014971896
"dfm_4a","estendido","sa","2021Q2","m2",2021-05-31,"m1",2021-04-30,0.602972772358588,0.0322205529807284,"reestimacao",0,-0.0198322374085194
"dfm_4a","estendido","sa","2021Q2","m3",2021-06-30,"m2",2021-05-31,0.0322205529807282,1.06253688847747,"hard",37,0.675480503750504
"dfm_4a","estendido","sa","2021Q2","m3",2021-06-30,"m2",2021-05-31,0.0322205529807282,1.06253688847747,"soft",10,0.202200249442494
"dfm_4a","estendido","sa","2021Q2","m3",2021-06-30,"m2",2021-05-31,0.0322205529807282,1.06253688847747,"trabalho",3,0.047938707264697
"dfm_4a","estendido","sa","2021Q2","m3",2021-06-30,"m2",2021-05-31,0.0322205529807282,1.06253688847747,"financeiro",7,0.0807728318905997
"dfm_4a","estendido","sa","2021Q2","m3",2021-06-30,"m2",2021-05-31,0.0322205529807282,1.06253688847747,"agro",3,-0.00127995560056536
"dfm_4a","estendido","sa","2021Q2","m3",2021-06-30,"m2",2021-05-31,0.0322205529807282,1.06253688847747,"revisao",0,-0.085288417404661
"dfm_4a","estendido","sa","2021Q2","m3",2021-06-30,"m2",2021-05-31,0.0322205529807282,1.06253688847747,"reestimacao",0,0.110492416139655
"dfm_4a","estendido","sa","2021Q2","vespera",2021-08-31,"m3",2021-06-30,1.06253688847747,0.736807413132301,"hard",36,-0.443102543117963
"dfm_4a","estendido","sa","2021Q2","vespera",2021-08-31,"m3",2021-06-30,1.06253688847747,0.736807413132301,"soft",10,-0.00426112837866923
"dfm_4a","estendido","sa","2021Q2","vespera",2021-08-31,"m3",2021-06-30,1.06253688847747,0.736807413132301,"trabalho",3,0.0128985427021604
"dfm_4a","estendido","sa","2021Q2","vespera",2021-08-31,"m3",2021-06-30,1.06253688847747,0.736807413132301,"financeiro",7,0.00167134157983392
"dfm_4a","estendido","sa","2021Q2","vespera",2021-08-31,"m3",2021-06-30,1.06253688847747,0.736807413132301,"agro",3,-0.000351964096403924
"dfm_4a","estendido","sa","2021Q2","vespera",2021-08-31,"m3",2021-06-30,1.06253688847747,0.736807413132301,"revisao",0,0.0771747150552298
"dfm_4a","estendido","sa","2021Q2","vespera",2021-08-31,"m3",2021-06-30,1.06253688847747,0.736807413132301,"reestimacao",0,0.0302415609095807
"dfm_4a","estendido","sa","2021Q3","m1",2021-07-31,"m3",2021-06-30,0.815341022158811,0.924355749409615,"hard",36,-0.438018109769774
"dfm_4a","estendido","sa","2021Q3","m1",2021-07-31,"m3",2021-06-30,0.815341022158811,0.924355749409615,"soft",10,0.633284547917464
"dfm_4a","estendido","sa","2021Q3","m1",2021-07-31,"m3",2021-06-30,0.815341022158811,0.924355749409615,"trabalho",3,0.0532228681490986
"dfm_4a","estendido","sa","2021Q3","m1",2021-07-31,"m3",2021-06-30,0.815341022158811,0.924355749409615,"financeiro",7,-0.18978618220047
"dfm_4a","estendido","sa","2021Q3","m1",2021-07-31,"m3",2021-06-30,0.815341022158811,0.924355749409615,"agro",3,-0.000400448103410776
"dfm_4a","estendido","sa","2021Q3","m1",2021-07-31,"m3",2021-06-30,0.815341022158811,0.924355749409615,"revisao",0,0.0203500224374226
"dfm_4a","estendido","sa","2021Q3","m1",2021-07-31,"m3",2021-06-30,0.815341022158811,0.924355749409615,"reestimacao",0,0.0303620288192664
"dfm_4a","estendido","sa","2021Q3","m2",2021-08-31,"m1",2021-07-31,0.924355749409615,0.360277058390865,"hard",36,-0.450911167870574
"dfm_4a","estendido","sa","2021Q3","m2",2021-08-31,"m1",2021-07-31,0.924355749409615,0.360277058390865,"soft",10,0.0201550891104411
"dfm_4a","estendido","sa","2021Q3","m2",2021-08-31,"m1",2021-07-31,0.924355749409615,0.360277058390865,"trabalho",3,0.0511645598641936
"dfm_4a","estendido","sa","2021Q3","m2",2021-08-31,"m1",2021-07-31,0.924355749409615,0.360277058390865,"financeiro",7,-0.0861274990782196
"dfm_4a","estendido","sa","2021Q3","m2",2021-08-31,"m1",2021-07-31,0.924355749409615,0.360277058390865,"agro",3,-0.00164308859401917
"dfm_4a","estendido","sa","2021Q3","m2",2021-08-31,"m1",2021-07-31,0.924355749409615,0.360277058390865,"revisao",0,-0.0655263311953648
"dfm_4a","estendido","sa","2021Q3","m2",2021-08-31,"m1",2021-07-31,0.924355749409615,0.360277058390865,"reestimacao",0,-0.0311902532550309
"dfm_4a","estendido","sa","2021Q3","m3",2021-09-30,"m2",2021-08-31,0.360277058390866,0.0548980483149179,"hard",37,-0.0283112756639953
"dfm_4a","estendido","sa","2021Q3","m3",2021-09-30,"m2",2021-08-31,0.360277058390866,0.0548980483149179,"soft",10,-0.21863786890896
"dfm_4a","estendido","sa","2021Q3","m3",2021-09-30,"m2",2021-08-31,0.360277058390866,0.0548980483149179,"trabalho",3,0.0390407156585091
"dfm_4a","estendido","sa","2021Q3","m3",2021-09-30,"m2",2021-08-31,0.360277058390866,0.0548980483149179,"financeiro",7,-0.0373038322225928
"dfm_4a","estendido","sa","2021Q3","m3",2021-09-30,"m2",2021-08-31,0.360277058390866,0.0548980483149179,"agro",3,-0.00137743484821349
"dfm_4a","estendido","sa","2021Q3","m3",2021-09-30,"m2",2021-08-31,0.360277058390866,0.0548980483149179,"revisao",0,-0.0544496654650866
"dfm_4a","estendido","sa","2021Q3","m3",2021-09-30,"m2",2021-08-31,0.360277058390866,0.0548980483149179,"reestimacao",0,-0.0043396486364175
"dfm_4a","estendido","sa","2021Q3","vespera",2021-12-01,"m3",2021-09-30,0.0548980483149179,0.0733695652179213,"hard",36,0.0421734613351995
"dfm_4a","estendido","sa","2021Q3","vespera",2021-12-01,"m3",2021-09-30,0.0548980483149179,0.0733695652179213,"soft",10,-0.00525719224465153
"dfm_4a","estendido","sa","2021Q3","vespera",2021-12-01,"m3",2021-09-30,0.0548980483149179,0.0733695652179213,"trabalho",3,0.00449989468428887
"dfm_4a","estendido","sa","2021Q3","vespera",2021-12-01,"m3",2021-09-30,0.0548980483149179,0.0733695652179213,"financeiro",7,0.00749846569546337
"dfm_4a","estendido","sa","2021Q3","vespera",2021-12-01,"m3",2021-09-30,0.0548980483149179,0.0733695652179213,"agro",3,-0.00011452090987798
"dfm_4a","estendido","sa","2021Q3","vespera",2021-12-01,"m3",2021-09-30,0.0548980483149179,0.0733695652179213,"revisao",0,-0.0252699271285647
"dfm_4a","estendido","sa","2021Q3","vespera",2021-12-01,"m3",2021-09-30,0.0548980483149179,0.0733695652179213,"reestimacao",0,-0.00505866452166717
"dfm_4a","estendido","sa","2021Q4","m1",2021-10-31,"m3",2021-09-30,-0.873312897155615,-0.357919016542517,"hard",36,0.141178903458422
"dfm_4a","estendido","sa","2021Q4","m1",2021-10-31,"m3",2021-09-30,-0.873312897155615,-0.357919016542517,"soft",10,0.589058198966304
"dfm_4a","estendido","sa","2021Q4","m1",2021-10-31,"m3",2021-09-30,-0.873312897155615,-0.357919016542517,"trabalho",3,0.0285091973462767
"dfm_4a","estendido","sa","2021Q4","m1",2021-10-31,"m3",2021-09-30,-0.873312897155615,-0.357919016542517,"financeiro",7,-0.227682440006569
"dfm_4a","estendido","sa","2021Q4","m1",2021-10-31,"m3",2021-09-30,-0.873312897155615,-0.357919016542517,"agro",3,-0.000540668908970318
"dfm_4a","estendido","sa","2021Q4","m1",2021-10-31,"m3",2021-09-30,-0.873312897155615,-0.357919016542517,"revisao",0,0.00312784303440949
"dfm_4a","estendido","sa","2021Q4","m1",2021-10-31,"m3",2021-09-30,-0.873312897155615,-0.357919016542517,"reestimacao",0,-0.0182571532736576
"dfm_4a","estendido","sa","2021Q4","m2",2021-11-30,"m1",2021-10-31,-0.357919016542517,-0.288550970426013,"hard",36,0.468545187122279
"dfm_4a","estendido","sa","2021Q4","m2",2021-11-30,"m1",2021-10-31,-0.357919016542517,-0.288550970426013,"soft",10,-0.21368699350201
"dfm_4a","estendido","sa","2021Q4","m2",2021-11-30,"m1",2021-10-31,-0.357919016542517,-0.288550970426013,"trabalho",3,-0.0155641395902561
"dfm_4a","estendido","sa","2021Q4","m2",2021-11-30,"m1",2021-10-31,-0.357919016542517,-0.288550970426013,"financeiro",7,-0.137151127765383
"dfm_4a","estendido","sa","2021Q4","m2",2021-11-30,"m1",2021-10-31,-0.357919016542517,-0.288550970426013,"agro",3,-0.00144521144932075
"dfm_4a","estendido","sa","2021Q4","m2",2021-11-30,"m1",2021-10-31,-0.357919016542517,-0.288550970426013,"revisao",0,-0.0422505951159747
"dfm_4a","estendido","sa","2021Q4","m2",2021-11-30,"m1",2021-10-31,-0.357919016542517,-0.288550970426013,"reestimacao",0,0.0109209264231382
"dfm_4a","estendido","sa","2021Q4","m3",2021-12-31,"m2",2021-11-30,-0.288550970426013,-0.233353637453639,"hard",37,-0.0885097345012446
"dfm_4a","estendido","sa","2021Q4","m3",2021-12-31,"m2",2021-11-30,-0.288550970426013,-0.233353637453639,"soft",10,0.110092181565262
"dfm_4a","estendido","sa","2021Q4","m3",2021-12-31,"m2",2021-11-30,-0.288550970426013,-0.233353637453639,"trabalho",3,0.0604525868009033
"dfm_4a","estendido","sa","2021Q4","m3",2021-12-31,"m2",2021-11-30,-0.288550970426013,-0.233353637453639,"financeiro",7,0.0247190778969259
"dfm_4a","estendido","sa","2021Q4","m3",2021-12-31,"m2",2021-11-30,-0.288550970426013,-0.233353637453639,"agro",3,-0.000209064483918407
"dfm_4a","estendido","sa","2021Q4","m3",2021-12-31,"m2",2021-11-30,-0.288550970426013,-0.233353637453639,"revisao",0,-0.0506140601270763
"dfm_4a","estendido","sa","2021Q4","m3",2021-12-31,"m2",2021-11-30,-0.288550970426013,-0.233353637453639,"reestimacao",0,-0.000733654180786636
"dfm_4a","estendido","sa","2021Q4","vespera",2022-03-03,"m3",2021-12-31,-0.233353637453639,0.188929510419111,"hard",36,0.380253338988074
"dfm_4a","estendido","sa","2021Q4","vespera",2022-03-03,"m3",2021-12-31,-0.233353637453639,0.188929510419111,"soft",10,-0.00242169092798245
"dfm_4a","estendido","sa","2021Q4","vespera",2022-03-03,"m3",2021-12-31,-0.233353637453639,0.188929510419111,"trabalho",3,-0.00158112562902871
"dfm_4a","estendido","sa","2021Q4","vespera",2022-03-03,"m3",2021-12-31,-0.233353637453639,0.188929510419111,"financeiro",7,-0.00436530918036231
"dfm_4a","estendido","sa","2021Q4","vespera",2022-03-03,"m3",2021-12-31,-0.233353637453639,0.188929510419111,"agro",3,-0.000460447141192337
"dfm_4a","estendido","sa","2021Q4","vespera",2022-03-03,"m3",2021-12-31,-0.233353637453639,0.188929510419111,"revisao",0,0.0511571730548209
"dfm_4a","estendido","sa","2021Q4","vespera",2022-03-03,"m3",2021-12-31,-0.233353637453639,0.188929510419111,"reestimacao",0,-0.00029879127248611
"dfm_4a","estendido","sa","2022Q1","m1",2022-01-31,"m3",2021-12-31,0.0444470123285293,0.38607293821471,"hard",36,0.261492065599262
"dfm_4a","estendido","sa","2022Q1","m1",2022-01-31,"m3",2021-12-31,0.0444470123285293,0.38607293821471,"soft",10,0.0398731566212937
"dfm_4a","estendido","sa","2022Q1","m1",2022-01-31,"m3",2021-12-31,0.0444470123285293,0.38607293821471,"trabalho",3,-0.0126005035219373
"dfm_4a","estendido","sa","2022Q1","m1",2022-01-31,"m3",2021-12-31,0.0444470123285293,0.38607293821471,"financeiro",7,0.0364158049283418
"dfm_4a","estendido","sa","2022Q1","m1",2022-01-31,"m3",2021-12-31,0.0444470123285293,0.38607293821471,"agro",3,-0.000478074724256336
"dfm_4a","estendido","sa","2022Q1","m1",2022-01-31,"m3",2021-12-31,0.0444470123285293,0.38607293821471,"revisao",0,0.0109954705865263
"dfm_4a","estendido","sa","2022Q1","m1",2022-01-31,"m3",2021-12-31,0.0444470123285293,0.38607293821471,"reestimacao",0,0.00592800639813422
"dfm_4a","estendido","sa","2022Q1","m2",2022-02-28,"m1",2022-01-31,0.38607293821471,0.589582646145076,"hard",35,-0.161081630382566
"dfm_4a","estendido","sa","2022Q1","m2",2022-02-28,"m1",2022-01-31,0.38607293821471,0.589582646145076,"soft",10,0.108341963769896
"dfm_4a","estendido","sa","2022Q1","m2",2022-02-28,"m1",2022-01-31,0.38607293821471,0.589582646145076,"financeiro",7,0.198336037093005
"dfm_4a","estendido","sa","2022Q1","m2",2022-02-28,"m1",2022-01-31,0.38607293821471,0.589582646145076,"trabalho",2,0.000505439811240979
"dfm_4a","estendido","sa","2022Q1","m2",2022-02-28,"m1",2022-01-31,0.38607293821471,0.589582646145076,"agro",3,0.0178160977776579
"dfm_4a","estendido","sa","2022Q1","m2",2022-02-28,"m1",2022-01-31,0.38607293821471,0.589582646145076,"revisao",0,0.0410651856746598
"dfm_4a","estendido","sa","2022Q1","m2",2022-02-28,"m1",2022-01-31,0.38607293821471,0.589582646145076,"reestimacao",0,-0.00147338581919032
"dfm_4a","estendido","sa","2022Q1","m3",2022-03-31,"m2",2022-02-28,0.589582646145076,0.81737716446032,"hard",37,0.0776366222479511
"dfm_4a","estendido","sa","2022Q1","m3",2022-03-31,"m2",2022-02-28,0.589582646145076,0.81737716446032,"soft",10,0.0501182593490424
"dfm_4a","estendido","sa","2022Q1","m3",2022-03-31,"m2",2022-02-28,0.589582646145076,0.81737716446032,"trabalho",3,0.0451423940521409
"dfm_4a","estendido","sa","2022Q1","m3",2022-03-31,"m2",2022-02-28,0.589582646145076,0.81737716446032,"financeiro",7,0.0241000453160046
"dfm_4a","estendido","sa","2022Q1","m3",2022-03-31,"m2",2022-02-28,0.589582646145076,0.81737716446032,"agro",3,-0.0000409995262594068
"dfm_4a","estendido","sa","2022Q1","m3",2022-03-31,"m2",2022-02-28,0.589582646145076,0.81737716446032,"revisao",0,-0.01446373987362
"dfm_4a","estendido","sa","2022Q1","m3",2022-03-31,"m2",2022-02-28,0.589582646145076,0.81737716446032,"reestimacao",0,0.0453019367479816
"dfm_4a","estendido","sa","2022Q1","vespera",2022-06-01,"m3",2022-03-31,0.81737716446032,0.975598010962637,"hard",36,0.0458409195915227
"dfm_4a","estendido","sa","2022Q1","vespera",2022-06-01,"m3",2022-03-31,0.81737716446032,0.975598010962637,"soft",10,0.00380502393086138
"dfm_4a","estendido","sa","2022Q1","vespera",2022-06-01,"m3",2022-03-31,0.81737716446032,0.975598010962637,"trabalho",3,0.00447832698720228
"dfm_4a","estendido","sa","2022Q1","vespera",2022-06-01,"m3",2022-03-31,0.81737716446032,0.975598010962637,"financeiro",7,-0.00768200918294509
"dfm_4a","estendido","sa","2022Q1","vespera",2022-06-01,"m3",2022-03-31,0.81737716446032,0.975598010962637,"agro",3,-0.000112680901646058
"dfm_4a","estendido","sa","2022Q1","vespera",2022-06-01,"m3",2022-03-31,0.81737716446032,0.975598010962637,"revisao",0,0.101182506003998
"dfm_4a","estendido","sa","2022Q1","vespera",2022-06-01,"m3",2022-03-31,0.81737716446032,0.975598010962637,"reestimacao",0,0.0107087600626344
"dfm_4a","estendido","sa","2022Q2","m1",2022-04-30,"m3",2022-03-31,0.286360356968647,0.923902315271966,"hard",35,-0.173788618346156
"dfm_4a","estendido","sa","2022Q2","m1",2022-04-30,"m3",2022-03-31,0.286360356968647,0.923902315271966,"soft",10,0.692126975188449
"dfm_4a","estendido","sa","2022Q2","m1",2022-04-30,"m3",2022-03-31,0.286360356968647,0.923902315271966,"trabalho",3,0.0209157893095427
"dfm_4a","estendido","sa","2022Q2","m1",2022-04-30,"m3",2022-03-31,0.286360356968647,0.923902315271966,"financeiro",7,0.0909843479025284
"dfm_4a","estendido","sa","2022Q2","m1",2022-04-30,"m3",2022-03-31,0.286360356968647,0.923902315271966,"agro",3,0.00136645259308542
"dfm_4a","estendido","sa","2022Q2","m1",2022-04-30,"m3",2022-03-31,0.286360356968647,0.923902315271966,"revisao",0,0.0190971229806882
"dfm_4a","estendido","sa","2022Q2","m1",2022-04-30,"m3",2022-03-31,0.286360356968647,0.923902315271966,"reestimacao",0,-0.0131601113237631
"dfm_4a","estendido","sa","2022Q2","m2",2022-05-31,"m1",2022-04-30,0.923902315271966,0.598243881367907,"hard",36,-0.185263799731153
"dfm_4a","estendido","sa","2022Q2","m2",2022-05-31,"m1",2022-04-30,0.923902315271966,0.598243881367907,"soft",10,-0.00961795056377727
"dfm_4a","estendido","sa","2022Q2","m2",2022-05-31,"m1",2022-04-30,0.923902315271966,0.598243881367907,"trabalho",3,-0.0384111453296978
"dfm_4a","estendido","sa","2022Q2","m2",2022-05-31,"m1",2022-04-30,0.923902315271966,0.598243881367907,"financeiro",7,-0.162856524512676
"dfm_4a","estendido","sa","2022Q2","m2",2022-05-31,"m1",2022-04-30,0.923902315271966,0.598243881367907,"agro",3,0.000626792237534862
"dfm_4a","estendido","sa","2022Q2","m2",2022-05-31,"m1",2022-04-30,0.923902315271966,0.598243881367907,"revisao",0,0.0260677758242641
"dfm_4a","estendido","sa","2022Q2","m2",2022-05-31,"m1",2022-04-30,0.923902315271966,0.598243881367907,"reestimacao",0,0.0437964181724487
"dfm_4a","estendido","sa","2022Q2","m3",2022-06-30,"m2",2022-05-31,0.598243881367907,1.07912966484368,"hard",37,0.203710242172474
"dfm_4a","estendido","sa","2022Q2","m3",2022-06-30,"m2",2022-05-31,0.598243881367907,1.07912966484368,"soft",10,0.0118314523410832
"dfm_4a","estendido","sa","2022Q2","m3",2022-06-30,"m2",2022-05-31,0.598243881367907,1.07912966484368,"trabalho",3,0.0521657298888295
"dfm_4a","estendido","sa","2022Q2","m3",2022-06-30,"m2",2022-05-31,0.598243881367907,1.07912966484368,"financeiro",7,-0.00708625994426866
"dfm_4a","estendido","sa","2022Q2","m3",2022-06-30,"m2",2022-05-31,0.598243881367907,1.07912966484368,"agro",3,0.00104215389274016
"dfm_4a","estendido","sa","2022Q2","m3",2022-06-30,"m2",2022-05-31,0.598243881367907,1.07912966484368,"revisao",0,0.18467759317288
"dfm_4a","estendido","sa","2022Q2","m3",2022-06-30,"m2",2022-05-31,0.598243881367907,1.07912966484368,"reestimacao",0,0.0345448719538951
"dfm_4a","estendido","sa","2022Q2","vespera",2022-08-31,"m3",2022-06-30,1.07912966484368,0.861761063313889,"hard",36,-0.205662382832845
"dfm_4a","estendido","sa","2022Q2","vespera",2022-08-31,"m3",2022-06-30,1.07912966484368,0.861761063313889,"soft",10,-0.00475469880992869
"dfm_4a","estendido","sa","2022Q2","vespera",2022-08-31,"m3",2022-06-30,1.07912966484368,0.861761063313889,"trabalho",3,0.0106065051632777
"dfm_4a","estendido","sa","2022Q2","vespera",2022-08-31,"m3",2022-06-30,1.07912966484368,0.861761063313889,"financeiro",7,0.00717445204890777
"dfm_4a","estendido","sa","2022Q2","vespera",2022-08-31,"m3",2022-06-30,1.07912966484368,0.861761063313889,"agro",3,-0.000105782426743714
"dfm_4a","estendido","sa","2022Q2","vespera",2022-08-31,"m3",2022-06-30,1.07912966484368,0.861761063313889,"revisao",0,-0.0454665542099488
"dfm_4a","estendido","sa","2022Q2","vespera",2022-08-31,"m3",2022-06-30,1.07912966484368,0.861761063313889,"reestimacao",0,0.0208398595489581
"dfm_4a","estendido","sa","2022Q3","m1",2022-07-31,"m3",2022-06-30,-0.102515041200383,-0.477596708488676,"hard",36,-0.0565381335583456
"dfm_4a","estendido","sa","2022Q3","m1",2022-07-31,"m3",2022-06-30,-0.102515041200383,-0.477596708488676,"soft",10,-0.0875466268469326
"dfm_4a","estendido","sa","2022Q3","m1",2022-07-31,"m3",2022-06-30,-0.102515041200383,-0.477596708488676,"trabalho",3,0.034161561218715
"dfm_4a","estendido","sa","2022Q3","m1",2022-07-31,"m3",2022-06-30,-0.102515041200383,-0.477596708488676,"financeiro",7,-0.213878309807461
"dfm_4a","estendido","sa","2022Q3","m1",2022-07-31,"m3",2022-06-30,-0.102515041200383,-0.477596708488676,"agro",3,0.000806284406640933
"dfm_4a","estendido","sa","2022Q3","m1",2022-07-31,"m3",2022-06-30,-0.102515041200383,-0.477596708488676,"revisao",0,-0.046918269057044
"dfm_4a","estendido","sa","2022Q3","m1",2022-07-31,"m3",2022-06-30,-0.102515041200383,-0.477596708488676,"reestimacao",0,-0.00516817364294861
"dfm_4a","estendido","sa","2022Q3","m2",2022-08-31,"m1",2022-07-31,-0.477596708488676,0.947577195943107,"hard",36,0.654077701535323
"dfm_4a","estendido","sa","2022Q3","m2",2022-08-31,"m1",2022-07-31,-0.477596708488676,0.947577195943107,"soft",10,0.401786942634869
"dfm_4a","estendido","sa","2022Q3","m2",2022-08-31,"m1",2022-07-31,-0.477596708488676,0.947577195943107,"trabalho",3,0.021789508214259
"dfm_4a","estendido","sa","2022Q3","m2",2022-08-31,"m1",2022-07-31,-0.477596708488676,0.947577195943107,"financeiro",7,0.283281910901561
"dfm_4a","estendido","sa","2022Q3","m2",2022-08-31,"m1",2022-07-31,-0.477596708488676,0.947577195943107,"agro",3,0.000617070818182579
"dfm_4a","estendido","sa","2022Q3","m2",2022-08-31,"m1",2022-07-31,-0.477596708488676,0.947577195943107,"revisao",0,0.0523916056281848
"dfm_4a","estendido","sa","2022Q3","m2",2022-08-31,"m1",2022-07-31,-0.477596708488676,0.947577195943107,"reestimacao",0,0.0112291646956236
"dfm_4a","estendido","sa","2022Q3","m3",2022-09-30,"m2",2022-08-31,0.947577195943107,1.14130198572934,"hard",37,0.00679108180431361
"dfm_4a","estendido","sa","2022Q3","m3",2022-09-30,"m2",2022-08-31,0.947577195943107,1.14130198572934,"soft",10,0.108828291538018
"dfm_4a","estendido","sa","2022Q3","m3",2022-09-30,"m2",2022-08-31,0.947577195943107,1.14130198572934,"trabalho",3,-0.0173655129985595
"dfm_4a","estendido","sa","2022Q3","m3",2022-09-30,"m2",2022-08-31,0.947577195943107,1.14130198572934,"financeiro",7,-0.00780835375803759
"dfm_4a","estendido","sa","2022Q3","m3",2022-09-30,"m2",2022-08-31,0.947577195943107,1.14130198572934,"agro",3,0.000177752840865432
"dfm_4a","estendido","sa","2022Q3","m3",2022-09-30,"m2",2022-08-31,0.947577195943107,1.14130198572934,"revisao",0,0.0320173276417224
"dfm_4a","estendido","sa","2022Q3","m3",2022-09-30,"m2",2022-08-31,0.947577195943107,1.14130198572934,"reestimacao",0,0.0710842027192995
"dfm_4a","estendido","sa","2022Q3","vespera",2022-11-30,"m3",2022-09-30,1.14130198572934,0.876914540791725,"hard",36,-0.332120493843482
"dfm_4a","estendido","sa","2022Q3","vespera",2022-11-30,"m3",2022-09-30,1.14130198572934,0.876914540791725,"soft",10,0.00120824215912479
"dfm_4a","estendido","sa","2022Q3","vespera",2022-11-30,"m3",2022-09-30,1.14130198572934,0.876914540791725,"trabalho",3,-0.0051974861581177
"dfm_4a","estendido","sa","2022Q3","vespera",2022-11-30,"m3",2022-09-30,1.14130198572934,0.876914540791725,"financeiro",7,-0.00447235947247978
"dfm_4a","estendido","sa","2022Q3","vespera",2022-11-30,"m3",2022-09-30,1.14130198572934,0.876914540791725,"agro",3,-0.000163120768974074
"dfm_4a","estendido","sa","2022Q3","vespera",2022-11-30,"m3",2022-09-30,1.14130198572934,0.876914540791725,"revisao",0,0.0685385854924441
"dfm_4a","estendido","sa","2022Q3","vespera",2022-11-30,"m3",2022-09-30,1.14130198572934,0.876914540791725,"reestimacao",0,0.00781918767716694
"dfm_4a","estendido","sa","2022Q4","m1",2022-10-31,"m3",2022-09-30,0.226257835283744,-0.363961204172247,"hard",36,-0.229697425181337
"dfm_4a","estendido","sa","2022Q4","m1",2022-10-31,"m3",2022-09-30,0.226257835283744,-0.363961204172247,"soft",10,-0.448284124278882
"dfm_4a","estendido","sa","2022Q4","m1",2022-10-31,"m3",2022-09-30,0.226257835283744,-0.363961204172247,"trabalho",3,-0.00202625736106595
"dfm_4a","estendido","sa","2022Q4","m1",2022-10-31,"m3",2022-09-30,0.226257835283744,-0.363961204172247,"financeiro",7,0.119613735106801
"dfm_4a","estendido","sa","2022Q4","m1",2022-10-31,"m3",2022-09-30,0.226257835283744,-0.363961204172247,"agro",3,0.000275248990147568
"dfm_4a","estendido","sa","2022Q4","m1",2022-10-31,"m3",2022-09-30,0.226257835283744,-0.363961204172247,"revisao",0,-0.0264977300341506
"dfm_4a","estendido","sa","2022Q4","m1",2022-10-31,"m3",2022-09-30,0.226257835283744,-0.363961204172247,"reestimacao",0,-0.00360248669866392
"dfm_4a","estendido","sa","2022Q4","m2",2022-11-30,"m1",2022-10-31,-0.363961204172247,-0.494801837263045,"hard",36,0.298065918055698
"dfm_4a","estendido","sa","2022Q4","m2",2022-11-30,"m1",2022-10-31,-0.363961204172247,-0.494801837263045,"soft",10,-0.309845215839976
"dfm_4a","estendido","sa","2022Q4","m2",2022-11-30,"m1",2022-10-31,-0.363961204172247,-0.494801837263045,"trabalho",3,0.0182850454482768
"dfm_4a","estendido","sa","2022Q4","m2",2022-11-30,"m1",2022-10-31,-0.363961204172247,-0.494801837263045,"financeiro",7,-0.0493957961466087
"dfm_4a","estendido","sa","2022Q4","m2",2022-11-30,"m1",2022-10-31,-0.363961204172247,-0.494801837263045,"agro",3,0.00192953164955639
"dfm_4a","estendido","sa","2022Q4","m2",2022-11-30,"m1",2022-10-31,-0.363961204172247,-0.494801837263045,"revisao",0,-0.102981769858057
"dfm_4a","estendido","sa","2022Q4","m2",2022-11-30,"m1",2022-10-31,-0.363961204172247,-0.494801837263045,"reestimacao",0,0.0131016536023286
"dfm_4a","estendido","sa","2022Q4","m3",2022-12-31,"m2",2022-11-30,-0.494801837263045,0.0667419049357255,"hard",37,0.395708246441326
"dfm_4a","estendido","sa","2022Q4","m3",2022-12-31,"m2",2022-11-30,-0.494801837263045,0.0667419049357255,"soft",10,0.163825114243694
"dfm_4a","estendido","sa","2022Q4","m3",2022-12-31,"m2",2022-11-30,-0.494801837263045,0.0667419049357255,"trabalho",1,0.00645609585113945
"dfm_4a","estendido","sa","2022Q4","m3",2022-12-31,"m2",2022-11-30,-0.494801837263045,0.0667419049357255,"financeiro",7,-0.0428114098319911
"dfm_4a","estendido","sa","2022Q4","m3",2022-12-31,"m2",2022-11-30,-0.494801837263045,0.0667419049357255,"agro",3,0.00118281001554529
"dfm_4a","estendido","sa","2022Q4","m3",2022-12-31,"m2",2022-11-30,-0.494801837263045,0.0667419049357255,"revisao",0,0.0206482084698395
"dfm_4a","estendido","sa","2022Q4","m3",2022-12-31,"m2",2022-11-30,-0.494801837263045,0.0667419049357255,"reestimacao",0,0.016534677029784
"dfm_4a","estendido","sa","2022Q4","vespera",2023-03-01,"m3",2022-12-31,0.0667419049357255,0.152583403791916,"hard",36,0.126984331195797
"dfm_4a","estendido","sa","2022Q4","vespera",2023-03-01,"m3",2022-12-31,0.0667419049357255,0.152583403791916,"soft",10,0.000838064261529078
"dfm_4a","estendido","sa","2022Q4","vespera",2023-03-01,"m3",2022-12-31,0.0667419049357255,0.152583403791916,"trabalho",3,-0.00416511942461799
"dfm_4a","estendido","sa","2022Q4","vespera",2023-03-01,"m3",2022-12-31,0.0667419049357255,0.152583403791916,"financeiro",7,0.00334523629170076
"dfm_4a","estendido","sa","2022Q4","vespera",2023-03-01,"m3",2022-12-31,0.0667419049357255,0.152583403791916,"agro",3,0.000891584465066356
"dfm_4a","estendido","sa","2022Q4","vespera",2023-03-01,"m3",2022-12-31,0.0667419049357255,0.152583403791916,"revisao",0,-0.0334279112230148
"dfm_4a","estendido","sa","2022Q4","vespera",2023-03-01,"m3",2022-12-31,0.0667419049357255,0.152583403791916,"reestimacao",0,-0.00862468671006411
"dfm_4a","estendido","sa","2023Q1","m1",2023-01-31,"m3",2022-12-31,0.179574740766022,0.276027158056329,"hard",36,0.0266239873168869
"dfm_4a","estendido","sa","2023Q1","m1",2023-01-31,"m3",2022-12-31,0.179574740766022,0.276027158056329,"soft",10,-0.0408124277397081
"dfm_4a","estendido","sa","2023Q1","m1",2023-01-31,"m3",2022-12-31,0.179574740766022,0.276027158056329,"trabalho",3,-0.0132670466738632
"dfm_4a","estendido","sa","2023Q1","m1",2023-01-31,"m3",2022-12-31,0.179574740766022,0.276027158056329,"financeiro",7,0.126571592192583
"dfm_4a","estendido","sa","2023Q1","m1",2023-01-31,"m3",2022-12-31,0.179574740766022,0.276027158056329,"agro",3,0.000422150734776502
"dfm_4a","estendido","sa","2023Q1","m1",2023-01-31,"m3",2022-12-31,0.179574740766022,0.276027158056329,"revisao",0,-0.00378554198507403
"dfm_4a","estendido","sa","2023Q1","m1",2023-01-31,"m3",2022-12-31,0.179574740766022,0.276027158056329,"reestimacao",0,0.000699703444120903
"dfm_4a","estendido","sa","2023Q1","m2",2023-02-28,"m1",2023-01-31,0.276027158056329,0.215774576976122,"hard",36,-0.133788042398776
"dfm_4a","estendido","sa","2023Q1","m2",2023-02-28,"m1",2023-01-31,0.276027158056329,0.215774576976122,"soft",10,0.0928091631056175
"dfm_4a","estendido","sa","2023Q1","m2",2023-02-28,"m1",2023-01-31,0.276027158056329,0.215774576976122,"financeiro",7,-0.00398582376659663
"dfm_4a","estendido","sa","2023Q1","m2",2023-02-28,"m1",2023-01-31,0.276027158056329,0.215774576976122,"trabalho",2,-0.000232927723554423
"dfm_4a","estendido","sa","2023Q1","m2",2023-02-28,"m1",2023-01-31,0.276027158056329,0.215774576976122,"agro",3,-0.00737770402852898
"dfm_4a","estendido","sa","2023Q1","m2",2023-02-28,"m1",2023-01-31,0.276027158056329,0.215774576976122,"revisao",0,-0.0118882573513063
"dfm_4a","estendido","sa","2023Q1","m2",2023-02-28,"m1",2023-01-31,0.276027158056329,0.215774576976122,"reestimacao",0,0.00421101108228733
"dfm_4a","estendido","sa","2023Q1","m3",2023-03-31,"m2",2023-02-28,0.215774576976122,0.308623037442384,"hard",20,-0.111667866229578
"dfm_4a","estendido","sa","2023Q1","m3",2023-03-31,"m2",2023-02-28,0.215774576976122,0.308623037442384,"soft",10,0.24369102739491
"dfm_4a","estendido","sa","2023Q1","m3",2023-03-31,"m2",2023-02-28,0.215774576976122,0.308623037442384,"trabalho",3,0.0135566492196135
"dfm_4a","estendido","sa","2023Q1","m3",2023-03-31,"m2",2023-02-28,0.215774576976122,0.308623037442384,"financeiro",7,-0.0364472966624429
"dfm_4a","estendido","sa","2023Q1","m3",2023-03-31,"m2",2023-02-28,0.215774576976122,0.308623037442384,"agro",3,-0.000180825003430653
"dfm_4a","estendido","sa","2023Q1","m3",2023-03-31,"m2",2023-02-28,0.215774576976122,0.308623037442384,"revisao",0,0.0189522509516634
"dfm_4a","estendido","sa","2023Q1","m3",2023-03-31,"m2",2023-02-28,0.215774576976122,0.308623037442384,"reestimacao",0,-0.0350554791985873
"dfm_4a","estendido","sa","2023Q1","vespera",2023-05-31,"m3",2023-03-31,0.308623037442384,0.480008312737242,"hard",36,0.261988808331455
"dfm_4a","estendido","sa","2023Q1","vespera",2023-05-31,"m3",2023-03-31,0.308623037442384,0.480008312737242,"soft",10,-0.00330631994355309
"dfm_4a","estendido","sa","2023Q1","vespera",2023-05-31,"m3",2023-03-31,0.308623037442384,0.480008312737242,"trabalho",3,0.0107012213418163
"dfm_4a","estendido","sa","2023Q1","vespera",2023-05-31,"m3",2023-03-31,0.308623037442384,0.480008312737242,"financeiro",7,-0.010772611870372
"dfm_4a","estendido","sa","2023Q1","vespera",2023-05-31,"m3",2023-03-31,0.308623037442384,0.480008312737242,"agro",3,0.0000478589353411423
"dfm_4a","estendido","sa","2023Q1","vespera",2023-05-31,"m3",2023-03-31,0.308623037442384,0.480008312737242,"revisao",0,-0.0759207998647558
"dfm_4a","estendido","sa","2023Q1","vespera",2023-05-31,"m3",2023-03-31,0.308623037442384,0.480008312737242,"reestimacao",0,-0.0113528816461911
"dfm_4a","estendido","sa","2023Q2","m1",2023-04-30,"m3",2023-03-31,0.501811512952339,0.770328120765696,"hard",36,0.290831850466219
"dfm_4a","estendido","sa","2023Q2","m1",2023-04-30,"m3",2023-03-31,0.501811512952339,0.770328120765696,"soft",10,-0.15182611761502
"dfm_4a","estendido","sa","2023Q2","m1",2023-04-30,"m3",2023-03-31,0.501811512952339,0.770328120765696,"trabalho",3,0.0386738567077653
"dfm_4a","estendido","sa","2023Q2","m1",2023-04-30,"m3",2023-03-31,0.501811512952339,0.770328120765696,"financeiro",7,0.140750990744286
"dfm_4a","estendido","sa","2023Q2","m1",2023-04-30,"m3",2023-03-31,0.501811512952339,0.770328120765696,"agro",3,-0.000612855829263811
"dfm_4a","estendido","sa","2023Q2","m1",2023-04-30,"m3",2023-03-31,0.501811512952339,0.770328120765696,"revisao",0,-0.0783594235919886
"dfm_4a","estendido","sa","2023Q2","m1",2023-04-30,"m3",2023-03-31,0.501811512952339,0.770328120765696,"reestimacao",0,0.0290583069333469
"dfm_4a","estendido","sa","2023Q2","m2",2023-05-31,"m1",2023-04-30,0.770328120765696,0.4294450851267,"hard",36,-0.297657370042144
"dfm_4a","estendido","sa","2023Q2","m2",2023-05-31,"m1",2023-04-30,0.770328120765696,0.4294450851267,"soft",10,-0.174437188526836
"dfm_4a","estendido","sa","2023Q2","m2",2023-05-31,"m1",2023-04-30,0.770328120765696,0.4294450851267,"trabalho",3,0.0290825089705657
"dfm_4a","estendido","sa","2023Q2","m2",2023-05-31,"m1",2023-04-30,0.770328120765696,0.4294450851267,"financeiro",7,0.0180755926922866
"dfm_4a","estendido","sa","2023Q2","m2",2023-05-31,"m1",2023-04-30,0.770328120765696,0.4294450851267,"agro",3,0.00112001327987192
"dfm_4a","estendido","sa","2023Q2","m2",2023-05-31,"m1",2023-04-30,0.770328120765696,0.4294450851267,"revisao",0,0.125315909696929
"dfm_4a","estendido","sa","2023Q2","m2",2023-05-31,"m1",2023-04-30,0.770328120765696,0.4294450851267,"reestimacao",0,-0.0423825017059618
"dfm_4a","estendido","sa","2023Q2","m3",2023-06-30,"m2",2023-05-31,0.4294450851267,0.673590193120442,"hard",37,0.0929051435889476
"dfm_4a","estendido","sa","2023Q2","m3",2023-06-30,"m2",2023-05-31,0.4294450851267,0.673590193120442,"soft",10,0.0454033925893014
"dfm_4a","estendido","sa","2023Q2","m3",2023-06-30,"m2",2023-05-31,0.4294450851267,0.673590193120442,"trabalho",3,-0.00646294082445904
"dfm_4a","estendido","sa","2023Q2","m3",2023-06-30,"m2",2023-05-31,0.4294450851267,0.673590193120442,"financeiro",7,0.0624548383069865
"dfm_4a","estendido","sa","2023Q2","m3",2023-06-30,"m2",2023-05-31,0.4294450851267,0.673590193120442,"agro",3,0.000945607811373207
"dfm_4a","estendido","sa","2023Q2","m3",2023-06-30,"m2",2023-05-31,0.4294450851267,0.673590193120442,"revisao",0,0.0346295928501513
"dfm_4a","estendido","sa","2023Q2","m3",2023-06-30,"m2",2023-05-31,0.4294450851267,0.673590193120442,"reestimacao",0,0.0142694736699721
"dfm_4a","estendido","sa","2023Q2","vespera",2023-08-31,"m3",2023-06-30,0.673590193120442,0.613000282851321,"hard",36,0.0305583157274913
"dfm_4a","estendido","sa","2023Q2","vespera",2023-08-31,"m3",2023-06-30,0.673590193120442,0.613000282851321,"soft",10,-0.00204878934856614
"dfm_4a","estendido","sa","2023Q2","vespera",2023-08-31,"m3",2023-06-30,0.673590193120442,0.613000282851321,"trabalho",3,-0.00301217709918552
"dfm_4a","estendido","sa","2023Q2","vespera",2023-08-31,"m3",2023-06-30,0.673590193120442,0.613000282851321,"financeiro",7,-0.00834835509321563
"dfm_4a","estendido","sa","2023Q2","vespera",2023-08-31,"m3",2023-06-30,0.673590193120442,0.613000282851321,"agro",3,0.000214721907365577
"dfm_4a","estendido","sa","2023Q2","vespera",2023-08-31,"m3",2023-06-30,0.673590193120442,0.613000282851321,"revisao",0,-0.0847877509088983
"dfm_4a","estendido","sa","2023Q2","vespera",2023-08-31,"m3",2023-06-30,0.673590193120442,0.613000282851321,"reestimacao",0,0.00683412454562315
"dfm_4a","estendido","sa","2023Q3","m1",2023-07-31,"m3",2023-06-30,0.281038414921022,0.432021007202704,"hard",36,0.0354965448080442
"dfm_4a","estendido","sa","2023Q3","m1",2023-07-31,"m3",2023-06-30,0.281038414921022,0.432021007202704,"soft",10,0.0600574596068129
"dfm_4a","estendido","sa","2023Q3","m1",2023-07-31,"m3",2023-06-30,0.281038414921022,0.432021007202704,"trabalho",3,-0.00735307940980734
"dfm_4a","estendido","sa","2023Q3","m1",2023-07-31,"m3",2023-06-30,0.281038414921022,0.432021007202704,"financeiro",7,0.0692856758762609
"dfm_4a","estendido","sa","2023Q3","m1",2023-07-31,"m3",2023-06-30,0.281038414921022,0.432021007202704,"agro",3,0.000162433545083257
"dfm_4a","estendido","sa","2023Q3","m1",2023-07-31,"m3",2023-06-30,0.281038414921022,0.432021007202704,"revisao",0,-0.0153587023076672
"dfm_4a","estendido","sa","2023Q3","m1",2023-07-31,"m3",2023-06-30,0.281038414921022,0.432021007202704,"reestimacao",0,0.00869226016248525
"dfm_4a","estendido","sa","2023Q3","m2",2023-08-31,"m1",2023-07-31,0.432021007202704,0.532820900725587,"hard",36,0.226177908700538
"dfm_4a","estendido","sa","2023Q3","m2",2023-08-31,"m1",2023-07-31,0.432021007202704,0.532820900725587,"soft",10,-0.182173565105419
"dfm_4a","estendido","sa","2023Q3","m2",2023-08-31,"m1",2023-07-31,0.432021007202704,0.532820900725587,"trabalho",3,0.0176905438451504
"dfm_4a","estendido","sa","2023Q3","m2",2023-08-31,"m1",2023-07-31,0.432021007202704,0.532820900725587,"financeiro",7,-0.00428294594961969
"dfm_4a","estendido","sa","2023Q3","m2",2023-08-31,"m1",2023-07-31,0.432021007202704,0.532820900725587,"agro",3,0.000836040786258308
"dfm_4a","estendido","sa","2023Q3","m2",2023-08-31,"m1",2023-07-31,0.432021007202704,0.532820900725587,"revisao",0,0.0456507131748551
"dfm_4a","estendido","sa","2023Q3","m2",2023-08-31,"m1",2023-07-31,0.432021007202704,0.532820900725587,"reestimacao",0,-0.00309880193043488
"dfm_4a","estendido","sa","2023Q3","m3",2023-09-30,"m2",2023-08-31,0.532820900725587,0.379829195236399,"hard",37,-0.287381929919224
"dfm_4a","estendido","sa","2023Q3","m3",2023-09-30,"m2",2023-08-31,0.532820900725587,0.379829195236399,"soft",10,0.0578438206193774
"dfm_4a","estendido","sa","2023Q3","m3",2023-09-30,"m2",2023-08-31,0.532820900725587,0.379829195236399,"trabalho",3,0.0235219059911228
"dfm_4a","estendido","sa","2023Q3","m3",2023-09-30,"m2",2023-08-31,0.532820900725587,0.379829195236399,"financeiro",7,0.0194470441011493
"dfm_4a","estendido","sa","2023Q3","m3",2023-09-30,"m2",2023-08-31,0.532820900725587,0.379829195236399,"agro",3,0.00118208756130113
"dfm_4a","estendido","sa","2023Q3","m3",2023-09-30,"m2",2023-08-31,0.532820900725587,0.379829195236399,"revisao",0,0.0224103850380583
"dfm_4a","estendido","sa","2023Q3","m3",2023-09-30,"m2",2023-08-31,0.532820900725587,0.379829195236399,"reestimacao",0,0.00998498113201673
"dfm_4a","estendido","sa","2023Q3","vespera",2023-12-04,"m3",2023-09-30,0.379829195236399,0.610307745973062,"hard",36,0.18401401961426
"dfm_4a","estendido","sa","2023Q3","vespera",2023-12-04,"m3",2023-09-30,0.379829195236399,0.610307745973062,"soft",10,0.00131698190912629
"dfm_4a","estendido","sa","2023Q3","vespera",2023-12-04,"m3",2023-09-30,0.379829195236399,0.610307745973062,"trabalho",3,-0.000688856465979732
"dfm_4a","estendido","sa","2023Q3","vespera",2023-12-04,"m3",2023-09-30,0.379829195236399,0.610307745973062,"financeiro",7,-0.00224965915715622
"dfm_4a","estendido","sa","2023Q3","vespera",2023-12-04,"m3",2023-09-30,0.379829195236399,0.610307745973062,"agro",3,0.000357969837582163
"dfm_4a","estendido","sa","2023Q3","vespera",2023-12-04,"m3",2023-09-30,0.379829195236399,0.610307745973062,"revisao",0,0.0542834317904392
"dfm_4a","estendido","sa","2023Q3","vespera",2023-12-04,"m3",2023-09-30,0.379829195236399,0.610307745973062,"reestimacao",0,-0.00655533678870057
"dfm_4a","estendido","sa","2023Q4","m1",2023-10-31,"m3",2023-09-30,0.0551401020508985,-0.230962537804535,"hard",36,0.168476556512476
"dfm_4a","estendido","sa","2023Q4","m1",2023-10-31,"m3",2023-09-30,0.0551401020508985,-0.230962537804535,"soft",10,-0.351918659348838
"dfm_4a","estendido","sa","2023Q4","m1",2023-10-31,"m3",2023-09-30,0.0551401020508985,-0.230962537804535,"trabalho",3,-0.009554617960089
"dfm_4a","estendido","sa","2023Q4","m1",2023-10-31,"m3",2023-09-30,0.0551401020508985,-0.230962537804535,"financeiro",7,-0.0938552035307359
"dfm_4a","estendido","sa","2023Q4","m1",2023-10-31,"m3",2023-09-30,0.0551401020508985,-0.230962537804535,"agro",3,0.000887697050471792
"dfm_4a","estendido","sa","2023Q4","m1",2023-10-31,"m3",2023-09-30,0.0551401020508985,-0.230962537804535,"revisao",0,-0.00380090923363921
"dfm_4a","estendido","sa","2023Q4","m1",2023-10-31,"m3",2023-09-30,0.0551401020508985,-0.230962537804535,"reestimacao",0,0.00366249665671659
"dfm_4a","estendido","sa","2023Q4","m2",2023-11-30,"m1",2023-10-31,-0.230962537804535,0.635949673467282,"hard",36,0.248182812721156
"dfm_4a","estendido","sa","2023Q4","m2",2023-11-30,"m1",2023-10-31,-0.230962537804535,0.635949673467282,"soft",10,0.372560639361963
"dfm_4a","estendido","sa","2023Q4","m2",2023-11-30,"m1",2023-10-31,-0.230962537804535,0.635949673467282,"trabalho",3,0.0762888038041785
"dfm_4a","estendido","sa","2023Q4","m2",2023-11-30,"m1",2023-10-31,-0.230962537804535,0.635949673467282,"financeiro",7,0.154148303336494
"dfm_4a","estendido","sa","2023Q4","m2",2023-11-30,"m1",2023-10-31,-0.230962537804535,0.635949673467282,"agro",3,0.000919735794665327
"dfm_4a","estendido","sa","2023Q4","m2",2023-11-30,"m1",2023-10-31,-0.230962537804535,0.635949673467282,"revisao",0,0.0270894428762697
"dfm_4a","estendido","sa","2023Q4","m2",2023-11-30,"m1",2023-10-31,-0.230962537804535,0.635949673467282,"reestimacao",0,-0.0122775266251678
"dfm_4a","estendido","sa","2023Q4","m3",2023-12-31,"m2",2023-11-30,0.635949673467282,0.233874605198704,"hard",37,-0.497480951028034
"dfm_4a","estendido","sa","2023Q4","m3",2023-12-31,"m2",2023-11-30,0.635949673467282,0.233874605198704,"soft",10,0.0903319826778283
"dfm_4a","estendido","sa","2023Q4","m3",2023-12-31,"m2",2023-11-30,0.635949673467282,0.233874605198704,"trabalho",3,-0.0268867946613167
"dfm_4a","estendido","sa","2023Q4","m3",2023-12-31,"m2",2023-11-30,0.635949673467282,0.233874605198704,"financeiro",7,0.0241971502120518
"dfm_4a","estendido","sa","2023Q4","m3",2023-12-31,"m2",2023-11-30,0.635949673467282,0.233874605198704,"agro",3,0.000158469572644149
"dfm_4a","estendido","sa","2023Q4","m3",2023-12-31,"m2",2023-11-30,0.635949673467282,0.233874605198704,"revisao",0,0.011781377107061
"dfm_4a","estendido","sa","2023Q4","m3",2023-12-31,"m2",2023-11-30,0.635949673467282,0.233874605198704,"reestimacao",0,-0.00417630215152753
"dfm_4a","estendido","sa","2023Q4","vespera",2024-02-29,"m3",2023-12-31,0.233874605198704,0.306826944944196,"hard",36,0.0112027529961068
"dfm_4a","estendido","sa","2023Q4","vespera",2024-02-29,"m3",2023-12-31,0.233874605198704,0.306826944944196,"soft",10,-0.00308823559590305
"dfm_4a","estendido","sa","2023Q4","vespera",2024-02-29,"m3",2023-12-31,0.233874605198704,0.306826944944196,"trabalho",3,0.000755290566014986
"dfm_4a","estendido","sa","2023Q4","vespera",2024-02-29,"m3",2023-12-31,0.233874605198704,0.306826944944196,"financeiro",7,0.00440179818786166
"dfm_4a","estendido","sa","2023Q4","vespera",2024-02-29,"m3",2023-12-31,0.233874605198704,0.306826944944196,"agro",3,0.000474847150614702
"dfm_4a","estendido","sa","2023Q4","vespera",2024-02-29,"m3",2023-12-31,0.233874605198704,0.306826944944196,"revisao",0,0.0560548341157508
"dfm_4a","estendido","sa","2023Q4","vespera",2024-02-29,"m3",2023-12-31,0.233874605198704,0.306826944944196,"reestimacao",0,0.00315105231913299
"dfm_4a","estendido","sa","2024Q1","m1",2024-01-31,"m3",2023-12-31,0.596373249564736,1.07325259335392,"hard",36,0.119506603900203
"dfm_4a","estendido","sa","2024Q1","m1",2024-01-31,"m3",2023-12-31,0.596373249564736,1.07325259335392,"soft",10,0.318973135241836
"dfm_4a","estendido","sa","2024Q1","m1",2024-01-31,"m3",2023-12-31,0.596373249564736,1.07325259335392,"trabalho",3,0.00818773143819341
"dfm_4a","estendido","sa","2024Q1","m1",2024-01-31,"m3",2023-12-31,0.596373249564736,1.07325259335392,"financeiro",7,0.0149293200035757
"dfm_4a","estendido","sa","2024Q1","m1",2024-01-31,"m3",2023-12-31,0.596373249564736,1.07325259335392,"agro",3,0.000395537015323169
"dfm_4a","estendido","sa","2024Q1","m1",2024-01-31,"m3",2023-12-31,0.596373249564736,1.07325259335392,"revisao",0,0.00706057323031584
"dfm_4a","estendido","sa","2024Q1","m1",2024-01-31,"m3",2023-12-31,0.596373249564736,1.07325259335392,"reestimacao",0,0.00782644295843105
"dfm_4a","estendido","sa","2024Q1","m2",2024-02-29,"m1",2024-01-31,1.07325259335392,0.210334535973904,"hard",36,-0.897142512318433
"dfm_4a","estendido","sa","2024Q1","m2",2024-02-29,"m1",2024-01-31,1.07325259335392,0.210334535973904,"soft",10,0.0740551262941771
"dfm_4a","estendido","sa","2024Q1","m2",2024-02-29,"m1",2024-01-31,1.07325259335392,0.210334535973904,"financeiro",7,0.00610769838358241
"dfm_4a","estendido","sa","2024Q1","m2",2024-02-29,"m1",2024-01-31,1.07325259335392,0.210334535973904,"trabalho",2,-0.00813455235778432
"dfm_4a","estendido","sa","2024Q1","m2",2024-02-29,"m1",2024-01-31,1.07325259335392,0.210334535973904,"agro",3,-0.0228847807257548
"dfm_4a","estendido","sa","2024Q1","m2",2024-02-29,"m1",2024-01-31,1.07325259335392,0.210334535973904,"revisao",0,0.00933154240527756
"dfm_4a","estendido","sa","2024Q1","m2",2024-02-29,"m1",2024-01-31,1.07325259335392,0.210334535973904,"reestimacao",0,-0.0242505790581764
"dfm_4a","estendido","sa","2024Q1","m3",2024-03-31,"m2",2024-02-29,0.210334535973904,0.435126667901717,"hard",37,0.127133492460092
"dfm_4a","estendido","sa","2024Q1","m3",2024-03-31,"m2",2024-02-29,0.210334535973904,0.435126667901717,"soft",10,0.0756577760251009
"dfm_4a","estendido","sa","2024Q1","m3",2024-03-31,"m2",2024-02-29,0.210334535973904,0.435126667901717,"trabalho",3,0.00889379661444755
"dfm_4a","estendido","sa","2024Q1","m3",2024-03-31,"m2",2024-02-29,0.210334535973904,0.435126667901717,"financeiro",7,0.00588264102129642
"dfm_4a","estendido","sa","2024Q1","m3",2024-03-31,"m2",2024-02-29,0.210334535973904,0.435126667901717,"agro",3,-0.00134751647738687
"dfm_4a","estendido","sa","2024Q1","m3",2024-03-31,"m2",2024-02-29,0.210334535973904,0.435126667901717,"revisao",0,0.0118148603997141
"dfm_4a","estendido","sa","2024Q1","m3",2024-03-31,"m2",2024-02-29,0.210334535973904,0.435126667901717,"reestimacao",0,-0.00324291815076885
"dfm_4a","estendido","sa","2024Q1","vespera",2024-06-03,"m3",2024-03-31,0.435126667901717,0.669652243911579,"hard",36,0.164626263177621
"dfm_4a","estendido","sa","2024Q1","vespera",2024-06-03,"m3",2024-03-31,0.435126667901717,0.669652243911579,"soft",10,-0.000722676150643446
"dfm_4a","estendido","sa","2024Q1","vespera",2024-06-03,"m3",2024-03-31,0.435126667901717,0.669652243911579,"trabalho",3,0.00969092852088147
"dfm_4a","estendido","sa","2024Q1","vespera",2024-06-03,"m3",2024-03-31,0.435126667901717,0.669652243911579,"financeiro",7,0.00558440781619964
"dfm_4a","estendido","sa","2024Q1","vespera",2024-06-03,"m3",2024-03-31,0.435126667901717,0.669652243911579,"agro",3,-0.0000964319690032258
"dfm_4a","estendido","sa","2024Q1","vespera",2024-06-03,"m3",2024-03-31,0.435126667901717,0.669652243911579,"revisao",0,0.0442361308768673
"dfm_4a","estendido","sa","2024Q1","vespera",2024-06-03,"m3",2024-03-31,0.435126667901717,0.669652243911579,"reestimacao",0,0.0112069537376591
"dfm_4a","estendido","sa","2024Q2","m1",2024-04-30,"m3",2024-03-31,0.266147926114408,0.351215312886972,"hard",36,0.0974542523252829
"dfm_4a","estendido","sa","2024Q2","m1",2024-04-30,"m3",2024-03-31,0.266147926114408,0.351215312886972,"soft",10,0.0839740180790967
"dfm_4a","estendido","sa","2024Q2","m1",2024-04-30,"m3",2024-03-31,0.266147926114408,0.351215312886972,"trabalho",3,0.0347124732661743
"dfm_4a","estendido","sa","2024Q2","m1",2024-04-30,"m3",2024-03-31,0.266147926114408,0.351215312886972,"financeiro",7,-0.10546647366664
"dfm_4a","estendido","sa","2024Q2","m1",2024-04-30,"m3",2024-03-31,0.266147926114408,0.351215312886972,"agro",3,-0.000924362865051591
"dfm_4a","estendido","sa","2024Q2","m1",2024-04-30,"m3",2024-03-31,0.266147926114408,0.351215312886972,"revisao",0,-0.0656016555248899
"dfm_4a","estendido","sa","2024Q2","m1",2024-04-30,"m3",2024-03-31,0.266147926114408,0.351215312886972,"reestimacao",0,0.0409191351597668
"dfm_4a","estendido","sa","2024Q2","m2",2024-05-31,"m1",2024-04-30,0.351215312886972,0.53972441516732,"hard",36,0.307779510960584
"dfm_4a","estendido","sa","2024Q2","m2",2024-05-31,"m1",2024-04-30,0.351215312886972,0.53972441516732,"soft",10,-0.215960296554061
"dfm_4a","estendido","sa","2024Q2","m2",2024-05-31,"m1",2024-04-30,0.351215312886972,0.53972441516732,"trabalho",3,0.039577036293388
"dfm_4a","estendido","sa","2024Q2","m2",2024-05-31,"m1",2024-04-30,0.351215312886972,0.53972441516732,"financeiro",7,0.0295532973946681
"dfm_4a","estendido","sa","2024Q2","m2",2024-05-31,"m1",2024-04-30,0.351215312886972,0.53972441516732,"agro",3,-0.00134078097138537
"dfm_4a","estendido","sa","2024Q2","m2",2024-05-31,"m1",2024-04-30,0.351215312886972,0.53972441516732,"revisao",0,0.0275435096487613
"dfm_4a","estendido","sa","2024Q2","m2",2024-05-31,"m1",2024-04-30,0.351215312886972,0.53972441516732,"reestimacao",0,0.00135682551012017
"dfm_4a","estendido","sa","2024Q2","m3",2024-06-30,"m2",2024-05-31,0.53972441516732,0.376315118267835,"hard",37,-0.206759771159428
"dfm_4a","estendido","sa","2024Q2","m3",2024-06-30,"m2",2024-05-31,0.53972441516732,0.376315118267835,"soft",10,0.0764695836216592
"dfm_4a","estendido","sa","2024Q2","m3",2024-06-30,"m2",2024-05-31,0.53972441516732,0.376315118267835,"trabalho",3,0.0134881252792771
"dfm_4a","estendido","sa","2024Q2","m3",2024-06-30,"m2",2024-05-31,0.53972441516732,0.376315118267835,"financeiro",7,-0.0735501408886382
"dfm_4a","estendido","sa","2024Q2","m3",2024-06-30,"m2",2024-05-31,0.53972441516732,0.376315118267835,"agro",3,-0.00103684868265741
"dfm_4a","estendido","sa","2024Q2","m3",2024-06-30,"m2",2024-05-31,0.53972441516732,0.376315118267835,"revisao",0,-0.00108457564897435
"dfm_4a","estendido","sa","2024Q2","m3",2024-06-30,"m2",2024-05-31,0.53972441516732,0.376315118267835,"reestimacao",0,0.0290643305685895
"dfm_4a","estendido","sa","2024Q2","vespera",2024-09-02,"m3",2024-06-30,0.376315118267835,0.790134499683278,"hard",36,0.453388892442837
"dfm_4a","estendido","sa","2024Q2","vespera",2024-09-02,"m3",2024-06-30,0.376315118267835,0.790134499683278,"soft",10,-0.00100617984298727
"dfm_4a","estendido","sa","2024Q2","vespera",2024-09-02,"m3",2024-06-30,0.376315118267835,0.790134499683278,"trabalho",3,0.000724589311491522
"dfm_4a","estendido","sa","2024Q2","vespera",2024-09-02,"m3",2024-06-30,0.376315118267835,0.790134499683278,"financeiro",7,0.00721459593619677
"dfm_4a","estendido","sa","2024Q2","vespera",2024-09-02,"m3",2024-06-30,0.376315118267835,0.790134499683278,"agro",3,-0.000154068939739342
"dfm_4a","estendido","sa","2024Q2","vespera",2024-09-02,"m3",2024-06-30,0.376315118267835,0.790134499683278,"revisao",0,-0.0358900122840694
"dfm_4a","estendido","sa","2024Q2","vespera",2024-09-02,"m3",2024-06-30,0.376315118267835,0.790134499683278,"reestimacao",0,-0.010458435213443
"dfm_4a","estendido","sa","2024Q3","m1",2024-07-31,"m3",2024-06-30,-0.183183913738984,0.861155520443175,"hard",36,0.465264098802441
"dfm_4a","estendido","sa","2024Q3","m1",2024-07-31,"m3",2024-06-30,-0.183183913738984,0.861155520443175,"soft",10,0.50007235633248
"dfm_4a","estendido","sa","2024Q3","m1",2024-07-31,"m3",2024-06-30,-0.183183913738984,0.861155520443175,"trabalho",3,-0.00230861447199087
"dfm_4a","estendido","sa","2024Q3","m1",2024-07-31,"m3",2024-06-30,-0.183183913738984,0.861155520443175,"financeiro",7,0.0542333479818777
"dfm_4a","estendido","sa","2024Q3","m1",2024-07-31,"m3",2024-06-30,-0.183183913738984,0.861155520443175,"agro",3,-0.000930017770838433
"dfm_4a","estendido","sa","2024Q3","m1",2024-07-31,"m3",2024-06-30,-0.183183913738984,0.861155520443175,"revisao",0,0.00873611419345399
"dfm_4a","estendido","sa","2024Q3","m1",2024-07-31,"m3",2024-06-30,-0.183183913738984,0.861155520443175,"reestimacao",0,0.0192721491176261
"dfm_4a","estendido","sa","2024Q3","m2",2024-08-31,"m1",2024-07-31,0.861155520443175,1.02814812971401,"hard",36,-0.0272851691287175
"dfm_4a","estendido","sa","2024Q3","m2",2024-08-31,"m1",2024-07-31,0.861155520443175,1.02814812971401,"soft",10,0.159867161120434
"dfm_4a","estendido","sa","2024Q3","m2",2024-08-31,"m1",2024-07-31,0.861155520443175,1.02814812971401,"trabalho",3,0.000496795041022311
"dfm_4a","estendido","sa","2024Q3","m2",2024-08-31,"m1",2024-07-31,0.861155520443175,1.02814812971401,"financeiro",7,0.0489933075449179
"dfm_4a","estendido","sa","2024Q3","m2",2024-08-31,"m1",2024-07-31,0.861155520443175,1.02814812971401,"agro",3,-0.0000323623518432172
"dfm_4a","estendido","sa","2024Q3","m2",2024-08-31,"m1",2024-07-31,0.861155520443175,1.02814812971401,"revisao",0,-0.0187590933766562
"dfm_4a","estendido","sa","2024Q3","m2",2024-08-31,"m1",2024-07-31,0.861155520443175,1.02814812971401,"reestimacao",0,0.00371197042035054
"dfm_4a","estendido","sa","2024Q3","m3",2024-09-30,"m2",2024-08-31,1.02814812971401,0.869016896590852,"hard",37,-0.199901013022267
"dfm_4a","estendido","sa","2024Q3","m3",2024-09-30,"m2",2024-08-31,1.02814812971401,0.869016896590852,"soft",10,0.00605778308579392
"dfm_4a","estendido","sa","2024Q3","m3",2024-09-30,"m2",2024-08-31,1.02814812971401,0.869016896590852,"trabalho",3,-0.0158903061900212
"dfm_4a","estendido","sa","2024Q3","m3",2024-09-30,"m2",2024-08-31,1.02814812971401,0.869016896590852,"financeiro",7,-0.0139205783541685
"dfm_4a","estendido","sa","2024Q3","m3",2024-09-30,"m2",2024-08-31,1.02814812971401,0.869016896590852,"agro",3,-0.00106588889198604
"dfm_4a","estendido","sa","2024Q3","m3",2024-09-30,"m2",2024-08-31,1.02814812971401,0.869016896590852,"revisao",0,0.0345539099218979
"dfm_4a","estendido","sa","2024Q3","m3",2024-09-30,"m2",2024-08-31,1.02814812971401,0.869016896590852,"reestimacao",0,0.0310348603230695
"dfm_4a","estendido","sa","2024Q3","vespera",2024-12-02,"m3",2024-09-30,0.869016896590852,0.971556154982961,"hard",36,0.0533713967090505
"dfm_4a","estendido","sa","2024Q3","vespera",2024-12-02,"m3",2024-09-30,0.869016896590852,0.971556154982961,"soft",10,0.000669016648458498
"dfm_4a","estendido","sa","2024Q3","vespera",2024-12-02,"m3",2024-09-30,0.869016896590852,0.971556154982961,"trabalho",3,0.00162069202067447
"dfm_4a","estendido","sa","2024Q3","vespera",2024-12-02,"m3",2024-09-30,0.869016896590852,0.971556154982961,"financeiro",7,0.00270075986945747
"dfm_4a","estendido","sa","2024Q3","vespera",2024-12-02,"m3",2024-09-30,0.869016896590852,0.971556154982961,"agro",3,-0.0000618930576239292
"dfm_4a","estendido","sa","2024Q3","vespera",2024-12-02,"m3",2024-09-30,0.869016896590852,0.971556154982961,"revisao",0,0.0485018426983646
"dfm_4a","estendido","sa","2024Q3","vespera",2024-12-02,"m3",2024-09-30,0.869016896590852,0.971556154982961,"reestimacao",0,-0.00426255650275031
"dfm_4a","estendido","sa","2024Q4","m1",2024-10-31,"m3",2024-09-30,0.152254990075601,0.341346162247505,"hard",36,0.107869987436439
"dfm_4a","estendido","sa","2024Q4","m1",2024-10-31,"m3",2024-09-30,0.152254990075601,0.341346162247505,"soft",10,0.173233347975412
"dfm_4a","estendido","sa","2024Q4","m1",2024-10-31,"m3",2024-09-30,0.152254990075601,0.341346162247505,"trabalho",3,0.013782986098953
"dfm_4a","estendido","sa","2024Q4","m1",2024-10-31,"m3",2024-09-30,0.152254990075601,0.341346162247505,"financeiro",7,-0.104680733131265
"dfm_4a","estendido","sa","2024Q4","m1",2024-10-31,"m3",2024-09-30,0.152254990075601,0.341346162247505,"agro",3,-0.000751347598625567
"dfm_4a","estendido","sa","2024Q4","m1",2024-10-31,"m3",2024-09-30,0.152254990075601,0.341346162247505,"revisao",0,-0.00105381823207501
"dfm_4a","estendido","sa","2024Q4","m1",2024-10-31,"m3",2024-09-30,0.152254990075601,0.341346162247505,"reestimacao",0,0.000690749621478415
"dfm_4a","estendido","sa","2024Q4","m2",2024-11-30,"m1",2024-10-31,0.341346162247505,0.433206782546507,"hard",36,0.159830927306266
"dfm_4a","estendido","sa","2024Q4","m2",2024-11-30,"m1",2024-10-31,0.341346162247505,0.433206782546507,"soft",10,0.007261593534369
"dfm_4a","estendido","sa","2024Q4","m2",2024-11-30,"m1",2024-10-31,0.341346162247505,0.433206782546507,"trabalho",3,-0.00394249532212558
"dfm_4a","estendido","sa","2024Q4","m2",2024-11-30,"m1",2024-10-31,0.341346162247505,0.433206782546507,"financeiro",7,-0.0745829051182343
"dfm_4a","estendido","sa","2024Q4","m2",2024-11-30,"m1",2024-10-31,0.341346162247505,0.433206782546507,"agro",3,-0.00159020080023206
"dfm_4a","estendido","sa","2024Q4","m2",2024-11-30,"m1",2024-10-31,0.341346162247505,0.433206782546507,"revisao",0,0.000858325342551369
"dfm_4a","estendido","sa","2024Q4","m2",2024-11-30,"m1",2024-10-31,0.341346162247505,0.433206782546507,"reestimacao",0,0.00402537535441877
"dfm_4a","estendido","sa","2024Q4","m3",2024-12-31,"m2",2024-11-30,0.433206782546507,0.575863482602043,"hard",37,0.218940803956813
"dfm_4a","estendido","sa","2024Q4","m3",2024-12-31,"m2",2024-11-30,0.433206782546507,0.575863482602043,"soft",10,-0.0578109919721562
"dfm_4a","estendido","sa","2024Q4","m3",2024-12-31,"m2",2024-11-30,0.433206782546507,0.575863482602043,"trabalho",3,0.00942624363554683
"dfm_4a","estendido","sa","2024Q4","m3",2024-12-31,"m2",2024-11-30,0.433206782546507,0.575863482602043,"financeiro",7,-0.0686242712368452
"dfm_4a","estendido","sa","2024Q4","m3",2024-12-31,"m2",2024-11-30,0.433206782546507,0.575863482602043,"agro",3,-0.000491526311524482
"dfm_4a","estendido","sa","2024Q4","m3",2024-12-31,"m2",2024-11-30,0.433206782546507,0.575863482602043,"revisao",0,0.0282816321994279
"dfm_4a","estendido","sa","2024Q4","m3",2024-12-31,"m2",2024-11-30,0.433206782546507,0.575863482602043,"reestimacao",0,0.0129348097917054
"dfm_4a","estendido","sa","2024Q4","vespera",2025-03-06,"m3",2024-12-31,0.575863482602043,0.387536177185349,"hard",36,-0.155302794219086
"dfm_4a","estendido","sa","2024Q4","vespera",2025-03-06,"m3",2024-12-31,0.575863482602043,0.387536177185349,"soft",10,0.000917664532483387
"dfm_4a","estendido","sa","2024Q4","vespera",2025-03-06,"m3",2024-12-31,0.575863482602043,0.387536177185349,"trabalho",3,-0.000950689743290127
"dfm_4a","estendido","sa","2024Q4","vespera",2025-03-06,"m3",2024-12-31,0.575863482602043,0.387536177185349,"financeiro",7,0.00622089484333996
"dfm_4a","estendido","sa","2024Q4","vespera",2025-03-06,"m3",2024-12-31,0.575863482602043,0.387536177185349,"agro",3,-0.00122865301524408
"dfm_4a","estendido","sa","2024Q4","vespera",2025-03-06,"m3",2024-12-31,0.575863482602043,0.387536177185349,"revisao",0,-0.0399386770201837
"dfm_4a","estendido","sa","2024Q4","vespera",2025-03-06,"m3",2024-12-31,0.575863482602043,0.387536177185349,"reestimacao",0,0.00195494919559769
"dfm_4a","estendido","sa","2025Q1","m1",2025-01-31,"m3",2024-12-31,-0.261484180192373,-0.446032181356386,"hard",36,-0.133563365139755
"dfm_4a","estendido","sa","2025Q1","m1",2025-01-31,"m3",2024-12-31,-0.261484180192373,-0.446032181356386,"soft",10,-0.00879079949772432
"dfm_4a","estendido","sa","2025Q1","m1",2025-01-31,"m3",2024-12-31,-0.261484180192373,-0.446032181356386,"trabalho",3,-0.00832572753897697
"dfm_4a","estendido","sa","2025Q1","m1",2025-01-31,"m3",2024-12-31,-0.261484180192373,-0.446032181356386,"financeiro",7,0.0108284121294615
"dfm_4a","estendido","sa","2025Q1","m1",2025-01-31,"m3",2024-12-31,-0.261484180192373,-0.446032181356386,"agro",3,-0.000795309073712268
"dfm_4a","estendido","sa","2025Q1","m1",2025-01-31,"m3",2024-12-31,-0.261484180192373,-0.446032181356386,"revisao",0,-0.023494032758992
"dfm_4a","estendido","sa","2025Q1","m1",2025-01-31,"m3",2024-12-31,-0.261484180192373,-0.446032181356386,"reestimacao",0,-0.0204071792818901
"dfm_4a","estendido","sa","2025Q1","m2",2025-02-28,"m1",2025-01-31,-0.446032181356386,0.194117594374004,"hard",36,0.371382045657577
"dfm_4a","estendido","sa","2025Q1","m2",2025-02-28,"m1",2025-01-31,-0.446032181356386,0.194117594374004,"soft",10,0.145142613461168
"dfm_4a","estendido","sa","2025Q1","m2",2025-02-28,"m1",2025-01-31,-0.446032181356386,0.194117594374004,"financeiro",7,0.117651692104688
"dfm_4a","estendido","sa","2025Q1","m2",2025-02-28,"m1",2025-01-31,-0.446032181356386,0.194117594374004,"trabalho",2,0.00636964809226642
"dfm_4a","estendido","sa","2025Q1","m2",2025-02-28,"m1",2025-01-31,-0.446032181356386,0.194117594374004,"agro",3,0.0201492153184781
"dfm_4a","estendido","sa","2025Q1","m2",2025-02-28,"m1",2025-01-31,-0.446032181356386,0.194117594374004,"revisao",0,0.0150645358078096
"dfm_4a","estendido","sa","2025Q1","m2",2025-02-28,"m1",2025-01-31,-0.446032181356386,0.194117594374004,"reestimacao",0,-0.035609974709864
"dfm_4a","estendido","sa","2025Q1","m3",2025-03-31,"m2",2025-02-28,0.194117594374004,0.468264492682125,"hard",37,0.266657052848078
"dfm_4a","estendido","sa","2025Q1","m3",2025-03-31,"m2",2025-02-28,0.194117594374004,0.468264492682125,"soft",10,-0.0221174110878457
"dfm_4a","estendido","sa","2025Q1","m3",2025-03-31,"m2",2025-02-28,0.194117594374004,0.468264492682125,"trabalho",3,0.0538827006659184
"dfm_4a","estendido","sa","2025Q1","m3",2025-03-31,"m2",2025-02-28,0.194117594374004,0.468264492682125,"financeiro",7,0.0221874443124363
"dfm_4a","estendido","sa","2025Q1","m3",2025-03-31,"m2",2025-02-28,0.194117594374004,0.468264492682125,"agro",3,0.000248869135470353
"dfm_4a","estendido","sa","2025Q1","m3",2025-03-31,"m2",2025-02-28,0.194117594374004,0.468264492682125,"revisao",0,-0.0255629677786168
"dfm_4a","estendido","sa","2025Q1","m3",2025-03-31,"m2",2025-02-28,0.194117594374004,0.468264492682125,"reestimacao",0,-0.0211487898032844
"dfm_4a","estendido","sa","2025Q1","vespera",2025-05-29,"m3",2025-03-31,0.468264492682125,0.423723237468462,"hard",36,-0.0346111981078738
"dfm_4a","estendido","sa","2025Q1","vespera",2025-05-29,"m3",2025-03-31,0.468264492682125,0.423723237468462,"soft",10,-0.00272920990356532
"dfm_4a","estendido","sa","2025Q1","vespera",2025-05-29,"m3",2025-03-31,0.468264492682125,0.423723237468462,"trabalho",3,0.00205957450718603
"dfm_4a","estendido","sa","2025Q1","vespera",2025-05-29,"m3",2025-03-31,0.468264492682125,0.423723237468462,"financeiro",7,-0.00619298704005285
"dfm_4a","estendido","sa","2025Q1","vespera",2025-05-29,"m3",2025-03-31,0.468264492682125,0.423723237468462,"agro",3,0.0000156120205233694
"dfm_4a","estendido","sa","2025Q1","vespera",2025-05-29,"m3",2025-03-31,0.468264492682125,0.423723237468462,"revisao",0,-0.0137135214062002
"dfm_4a","estendido","sa","2025Q1","vespera",2025-05-29,"m3",2025-03-31,0.468264492682125,0.423723237468462,"reestimacao",0,0.0106304747118668
"dfm_4a","estendido","sa","2025Q2","m1",2025-04-30,"m3",2025-03-31,0.327886221102097,0.0445811941290769,"hard",36,-0.158631406056062
"dfm_4a","estendido","sa","2025Q2","m1",2025-04-30,"m3",2025-03-31,0.327886221102097,0.0445811941290769,"soft",10,-0.0954302745758923
"dfm_4a","estendido","sa","2025Q2","m1",2025-04-30,"m3",2025-03-31,0.327886221102097,0.0445811941290769,"trabalho",3,0.00331644771915817
"dfm_4a","estendido","sa","2025Q2","m1",2025-04-30,"m3",2025-03-31,0.327886221102097,0.0445811941290769,"financeiro",7,-0.00850749369590588
"dfm_4a","estendido","sa","2025Q2","m1",2025-04-30,"m3",2025-03-31,0.327886221102097,0.0445811941290769,"agro",3,0.00129435063618535
"dfm_4a","estendido","sa","2025Q2","m1",2025-04-30,"m3",2025-03-31,0.327886221102097,0.0445811941290769,"revisao",0,-0.0256585328542214
"dfm_4a","estendido","sa","2025Q2","m1",2025-04-30,"m3",2025-03-31,0.327886221102097,0.0445811941290769,"reestimacao",0,0.00031188185322012
"dfm_4a","estendido","sa","2025Q2","m2",2025-05-31,"m1",2025-04-30,0.044581194129077,0.802498382594745,"hard",37,0.336037697238759
"dfm_4a","estendido","sa","2025Q2","m2",2025-05-31,"m1",2025-04-30,0.044581194129077,0.802498382594745,"soft",10,0.180231458237199
"dfm_4a","estendido","sa","2025Q2","m2",2025-05-31,"m1",2025-04-30,0.044581194129077,0.802498382594745,"trabalho",3,0.0398464549234153
"dfm_4a","estendido","sa","2025Q2","m2",2025-05-31,"m1",2025-04-30,0.044581194129077,0.802498382594745,"financeiro",7,0.13007395808881
"dfm_4a","estendido","sa","2025Q2","m2",2025-05-31,"m1",2025-04-30,0.044581194129077,0.802498382594745,"agro",3,0.00120938860736455
"dfm_4a","estendido","sa","2025Q2","m2",2025-05-31,"m1",2025-04-30,0.044581194129077,0.802498382594745,"revisao",0,0.0315009708113164
"dfm_4a","estendido","sa","2025Q2","m2",2025-05-31,"m1",2025-04-30,0.044581194129077,0.802498382594745,"reestimacao",0,0.0390172605531735
"dfm_4a","estendido","sa","2025Q2","m3",2025-06-30,"m2",2025-05-31,0.802498382594745,0.623543978071138,"hard",36,-0.129455282753715
"dfm_4a","estendido","sa","2025Q2","m3",2025-06-30,"m2",2025-05-31,0.802498382594745,0.623543978071138,"soft",10,-0.0441060651118206
"dfm_4a","estendido","sa","2025Q2","m3",2025-06-30,"m2",2025-05-31,0.802498382594745,0.623543978071138,"trabalho",3,-0.00190572745736559
"dfm_4a","estendido","sa","2025Q2","m3",2025-06-30,"m2",2025-05-31,0.802498382594745,0.623543978071138,"financeiro",7,0.0057434960433926
"dfm_4a","estendido","sa","2025Q2","m3",2025-06-30,"m2",2025-05-31,0.802498382594745,0.623543978071138,"agro",3,0.00129437025725868
"dfm_4a","estendido","sa","2025Q2","m3",2025-06-30,"m2",2025-05-31,0.802498382594745,0.623543978071138,"revisao",0,-0.0119940811898116
"dfm_4a","estendido","sa","2025Q2","m3",2025-06-30,"m2",2025-05-31,0.802498382594745,0.623543978071138,"reestimacao",0,0.00146888569253045
"dfm_4a","estendido","sa","2025Q2","vespera",2025-09-01,"m3",2025-06-30,0.623543978071138,0.477965025784215,"hard",36,-0.0983498072737379
"dfm_4a","estendido","sa","2025Q2","vespera",2025-09-01,"m3",2025-06-30,0.623543978071138,0.477965025784215,"soft",10,-0.00128057576261145
"dfm_4a","estendido","sa","2025Q2","vespera",2025-09-01,"m3",2025-06-30,0.623543978071138,0.477965025784215,"trabalho",3,0.00281102138342091
"dfm_4a","estendido","sa","2025Q2","vespera",2025-09-01,"m3",2025-06-30,0.623543978071138,0.477965025784215,"financeiro",7,-0.00985048434587765
"dfm_4a","estendido","sa","2025Q2","vespera",2025-09-01,"m3",2025-06-30,0.623543978071138,0.477965025784215,"agro",3,-0.000165929204520118
"dfm_4a","estendido","sa","2025Q2","vespera",2025-09-01,"m3",2025-06-30,0.623543978071138,0.477965025784215,"revisao",0,-0.0364621565830918
"dfm_4a","estendido","sa","2025Q2","vespera",2025-09-01,"m3",2025-06-30,0.623543978071138,0.477965025784215,"reestimacao",0,-0.00228102049398637
"dfm_4a","estendido","sa","2025Q3","m1",2025-07-31,"m3",2025-06-30,0.258805925630346,-0.47771503780305,"hard",36,-0.00280184536147395
"dfm_4a","estendido","sa","2025Q3","m1",2025-07-31,"m3",2025-06-30,0.258805925630346,-0.47771503780305,"soft",10,-0.668423642421263
"dfm_4a","estendido","sa","2025Q3","m1",2025-07-31,"m3",2025-06-30,0.258805925630346,-0.47771503780305,"trabalho",3,0.012875304927387
"dfm_4a","estendido","sa","2025Q3","m1",2025-07-31,"m3",2025-06-30,0.258805925630346,-0.47771503780305,"financeiro",7,-0.0317070266961959
"dfm_4a","estendido","sa","2025Q3","m1",2025-07-31,"m3",2025-06-30,0.258805925630346,-0.47771503780305,"agro",3,0.00100033711586362
"dfm_4a","estendido","sa","2025Q3","m1",2025-07-31,"m3",2025-06-30,0.258805925630346,-0.47771503780305,"revisao",0,-0.0478753319488011
"dfm_4a","estendido","sa","2025Q3","m1",2025-07-31,"m3",2025-06-30,0.258805925630346,-0.47771503780305,"reestimacao",0,0.000411240946392222
"dfm_4a","estendido","sa","2025Q3","m2",2025-08-31,"m1",2025-07-31,-0.47771503780305,-0.260893261973042,"hard",36,0.457933126327171
"dfm_4a","estendido","sa","2025Q3","m2",2025-08-31,"m1",2025-07-31,-0.47771503780305,-0.260893261973042,"soft",10,-0.320043964999925
"dfm_4a","estendido","sa","2025Q3","m2",2025-08-31,"m1",2025-07-31,-0.47771503780305,-0.260893261973042,"trabalho",1,0.0555015557462547
"dfm_4a","estendido","sa","2025Q3","m2",2025-08-31,"m1",2025-07-31,-0.47771503780305,-0.260893261973042,"financeiro",7,0.0401059248958534
"dfm_4a","estendido","sa","2025Q3","m2",2025-08-31,"m1",2025-07-31,-0.47771503780305,-0.260893261973042,"agro",3,0.00473115571781622
"dfm_4a","estendido","sa","2025Q3","m2",2025-08-31,"m1",2025-07-31,-0.47771503780305,-0.260893261973042,"revisao",0,-0.0347673949147697
"dfm_4a","estendido","sa","2025Q3","m2",2025-08-31,"m1",2025-07-31,-0.47771503780305,-0.260893261973042,"reestimacao",0,0.0133613730580636
"dfm_4a","estendido","sa","2025Q3","m3",2025-09-30,"m2",2025-08-31,-0.260893261973042,0.361879108686817,"hard",37,0.388546141892555
"dfm_4a","estendido","sa","2025Q3","m3",2025-09-30,"m2",2025-08-31,-0.260893261973042,0.361879108686817,"soft",10,0.177894616859031
"dfm_4a","estendido","sa","2025Q3","m3",2025-09-30,"m2",2025-08-31,-0.260893261973042,0.361879108686817,"trabalho",3,0.0255874728837213
"dfm_4a","estendido","sa","2025Q3","m3",2025-09-30,"m2",2025-08-31,-0.260893261973042,0.361879108686817,"financeiro",7,0.0441605051802454
"dfm_4a","estendido","sa","2025Q3","m3",2025-09-30,"m2",2025-08-31,-0.260893261973042,0.361879108686817,"agro",3,0.00133961558733986
"dfm_4a","estendido","sa","2025Q3","m3",2025-09-30,"m2",2025-08-31,-0.260893261973042,0.361879108686817,"revisao",0,0.00866584659514935
"dfm_4a","estendido","sa","2025Q3","m3",2025-09-30,"m2",2025-08-31,-0.260893261973042,0.361879108686817,"reestimacao",0,-0.0234218283417775
"dfm_4a","estendido","sa","2025Q3","vespera",2025-12-03,"m3",2025-09-30,0.361879108686817,0.423447238478499,"hard",36,0.0357503506279867
"dfm_4a","estendido","sa","2025Q3","vespera",2025-12-03,"m3",2025-09-30,0.361879108686817,0.423447238478499,"soft",10,0.00106221212412389
"dfm_4a","estendido","sa","2025Q3","vespera",2025-12-03,"m3",2025-09-30,0.361879108686817,0.423447238478499,"trabalho",3,-0.000421383354190503
"dfm_4a","estendido","sa","2025Q3","vespera",2025-12-03,"m3",2025-09-30,0.361879108686817,0.423447238478499,"financeiro",7,0.00747567424415662
"dfm_4a","estendido","sa","2025Q3","vespera",2025-12-03,"m3",2025-09-30,0.361879108686817,0.423447238478499,"agro",3,-0.000204169776785041
"dfm_4a","estendido","sa","2025Q3","vespera",2025-12-03,"m3",2025-09-30,0.361879108686817,0.423447238478499,"revisao",0,0.0205869067874146
"dfm_4a","estendido","sa","2025Q3","vespera",2025-12-03,"m3",2025-09-30,0.361879108686817,0.423447238478499,"reestimacao",0,-0.00268146085659732
"dfm_4a","estendido","sa","2025Q4","m1",2025-10-31,"m3",2025-09-30,0.665578265874635,0.230297163469179,"hard",36,-0.0821855901212892
"dfm_4a","estendido","sa","2025Q4","m1",2025-10-31,"m3",2025-09-30,0.665578265874635,0.230297163469179,"soft",10,-0.351669643908177
"dfm_4a","estendido","sa","2025Q4","m1",2025-10-31,"m3",2025-09-30,0.665578265874635,0.230297163469179,"trabalho",3,-0.00187803753415036
"dfm_4a","estendido","sa","2025Q4","m1",2025-10-31,"m3",2025-09-30,0.665578265874635,0.230297163469179,"financeiro",7,-0.00605167792800677
"dfm_4a","estendido","sa","2025Q4","m1",2025-10-31,"m3",2025-09-30,0.665578265874635,0.230297163469179,"agro",3,0.00105371919098753
"dfm_4a","estendido","sa","2025Q4","m1",2025-10-31,"m3",2025-09-30,0.665578265874635,0.230297163469179,"revisao",0,0.00130330546763657
"dfm_4a","estendido","sa","2025Q4","m1",2025-10-31,"m3",2025-09-30,0.665578265874635,0.230297163469179,"reestimacao",0,0.00414682242860498
"dfm_4a","estendido","sa","2025Q4","m2",2025-11-30,"m1",2025-10-31,0.230297163469179,0.694479882815076,"hard",36,0.169288851947559
"dfm_4a","estendido","sa","2025Q4","m2",2025-11-30,"m1",2025-10-31,0.230297163469179,0.694479882815076,"soft",10,0.117581450017244
"dfm_4a","estendido","sa","2025Q4","m2",2025-11-30,"m1",2025-10-31,0.230297163469179,0.694479882815076,"trabalho",3,0.031052766894641
"dfm_4a","estendido","sa","2025Q4","m2",2025-11-30,"m1",2025-10-31,0.230297163469179,0.694479882815076,"financeiro",7,0.146994353528645
"dfm_4a","estendido","sa","2025Q4","m2",2025-11-30,"m1",2025-10-31,0.230297163469179,0.694479882815076,"agro",3,0.00408799784335095
"dfm_4a","estendido","sa","2025Q4","m2",2025-11-30,"m1",2025-10-31,0.230297163469179,0.694479882815076,"revisao",0,-0.00158644226018223
"dfm_4a","estendido","sa","2025Q4","m2",2025-11-30,"m1",2025-10-31,0.230297163469179,0.694479882815076,"reestimacao",0,-0.00323625862223784
"dfm_4a","estendido","sa","2025Q4","m3",2025-12-31,"m2",2025-11-30,0.694479882815076,0.588306935781197,"hard",37,-0.152270562989976
"dfm_4a","estendido","sa","2025Q4","m3",2025-12-31,"m2",2025-11-30,0.694479882815076,0.588306935781197,"soft",10,0.0380199298475026
"dfm_4a","estendido","sa","2025Q4","m3",2025-12-31,"m2",2025-11-30,0.694479882815076,0.588306935781197,"trabalho",3,0.0129997308250514
"dfm_4a","estendido","sa","2025Q4","m3",2025-12-31,"m2",2025-11-30,0.694479882815076,0.588306935781197,"financeiro",7,-0.00340607798237438
"dfm_4a","estendido","sa","2025Q4","m3",2025-12-31,"m2",2025-11-30,0.694479882815076,0.588306935781197,"agro",3,0.00106753963793625
"dfm_4a","estendido","sa","2025Q4","m3",2025-12-31,"m2",2025-11-30,0.694479882815076,0.588306935781197,"revisao",0,0.0248913471907253
"dfm_4a","estendido","sa","2025Q4","m3",2025-12-31,"m2",2025-11-30,0.694479882815076,0.588306935781197,"reestimacao",0,-0.0274748535675696
"dfm_4a","estendido","sa","2025Q4","vespera",2026-03-02,"m3",2025-12-31,0.588306935781197,0.320230699561435,"hard",36,-0.27326575921402
"dfm_4a","estendido","sa","2025Q4","vespera",2026-03-02,"m3",2025-12-31,0.588306935781197,0.320230699561435,"soft",10,0.00339438291530325
"dfm_4a","estendido","sa","2025Q4","vespera",2026-03-02,"m3",2025-12-31,0.588306935781197,0.320230699561435,"trabalho",3,-0.00722451015991442
"dfm_4a","estendido","sa","2025Q4","vespera",2026-03-02,"m3",2025-12-31,0.588306935781197,0.320230699561435,"financeiro",7,0.0100696724772211
"dfm_4a","estendido","sa","2025Q4","vespera",2026-03-02,"m3",2025-12-31,0.588306935781197,0.320230699561435,"agro",3,0.00124273410197388
"dfm_4a","estendido","sa","2025Q4","vespera",2026-03-02,"m3",2025-12-31,0.588306935781197,0.320230699561435,"revisao",0,-0.00600504143129976
"dfm_4a","estendido","sa","2025Q4","vespera",2026-03-02,"m3",2025-12-31,0.588306935781197,0.320230699561435,"reestimacao",0,0.0037122850909721
"dfm_4a","estendido","sa","2026Q1","m1",2026-01-31,"m3",2025-12-31,0.473742836284607,0.496247235562044,"hard",36,-0.213818435374708
"dfm_4a","estendido","sa","2026Q1","m1",2026-01-31,"m3",2025-12-31,0.473742836284607,0.496247235562044,"soft",10,0.0500142722958517
"dfm_4a","estendido","sa","2026Q1","m1",2026-01-31,"m3",2025-12-31,0.473742836284607,0.496247235562044,"trabalho",3,-0.0296381519499626
"dfm_4a","estendido","sa","2026Q1","m1",2026-01-31,"m3",2025-12-31,0.473742836284607,0.496247235562044,"financeiro",7,0.195955801198195
"dfm_4a","estendido","sa","2026Q1","m1",2026-01-31,"m3",2025-12-31,0.473742836284607,0.496247235562044,"agro",3,0.00127168843608523
"dfm_4a","estendido","sa","2026Q1","m1",2026-01-31,"m3",2025-12-31,0.473742836284607,0.496247235562044,"revisao",0,0.0159666113337052
"dfm_4a","estendido","sa","2026Q1","m1",2026-01-31,"m3",2025-12-31,0.473742836284607,0.496247235562044,"reestimacao",0,0.00275261333850418
"dfm_4a","estendido","sa","2026Q1","m2",2026-02-28,"m1",2026-01-31,0.496247235562044,0.317982726707373,"hard",35,-0.417625901540781
"dfm_4a","estendido","sa","2026Q1","m2",2026-02-28,"m1",2026-01-31,0.496247235562044,0.317982726707373,"soft",10,0.120561806280291
"dfm_4a","estendido","sa","2026Q1","m2",2026-02-28,"m1",2026-01-31,0.496247235562044,0.317982726707373,"financeiro",7,0.139767459688492
"dfm_4a","estendido","sa","2026Q1","m2",2026-02-28,"m1",2026-01-31,0.496247235562044,0.317982726707373,"agro",3,-0.0238998944762126
"dfm_4a","estendido","sa","2026Q1","m2",2026-02-28,"m1",2026-01-31,0.496247235562044,0.317982726707373,"revisao",0,0.0289516629971565
"dfm_4a","estendido","sa","2026Q1","m2",2026-02-28,"m1",2026-01-31,0.496247235562044,0.317982726707373,"reestimacao",0,-0.026019641822424
"dfm_4a","estendido","sa","2026Q1","m3",2026-03-31,"m2",2026-02-28,0.317982726707373,0.248257908398733,"hard",37,0.192007435573004
"dfm_4a","estendido","sa","2026Q1","m3",2026-03-31,"m2",2026-02-28,0.317982726707373,0.248257908398733,"soft",10,-0.135822845947201
"dfm_4a","estendido","sa","2026Q1","m3",2026-03-31,"m2",2026-02-28,0.317982726707373,0.248257908398733,"trabalho",3,-0.0497177618201768
"dfm_4a","estendido","sa","2026Q1","m3",2026-03-31,"m2",2026-02-28,0.317982726707373,0.248257908398733,"financeiro",7,-0.0840888438715679
"dfm_4a","estendido","sa","2026Q1","m3",2026-03-31,"m2",2026-02-28,0.317982726707373,0.248257908398733,"agro",3,-0.00041520077964966
"dfm_4a","estendido","sa","2026Q1","m3",2026-03-31,"m2",2026-02-28,0.317982726707373,0.248257908398733,"revisao",0,-0.00612070554768696
"dfm_4a","estendido","sa","2026Q1","m3",2026-03-31,"m2",2026-02-28,0.317982726707373,0.248257908398733,"reestimacao",0,0.014433104103574
"dfm_4a","estendido","sa","2026Q1","vespera",2026-05-28,"m3",2026-03-31,0.248257908398733,0.685506465622238,"hard",36,0.37303848921303
"dfm_4a","estendido","sa","2026Q1","vespera",2026-05-28,"m3",2026-03-31,0.248257908398733,0.685506465622238,"soft",10,0.000473131234523434
"dfm_4a","estendido","sa","2026Q1","vespera",2026-05-28,"m3",2026-03-31,0.248257908398733,0.685506465622238,"trabalho",3,0.0167743563801512
"dfm_4a","estendido","sa","2026Q1","vespera",2026-05-28,"m3",2026-03-31,0.248257908398733,0.685506465622238,"financeiro",7,0.000444376490016974
"dfm_4a","estendido","sa","2026Q1","vespera",2026-05-28,"m3",2026-03-31,0.248257908398733,0.685506465622238,"agro",3,0.0000728699863835964
"dfm_4a","estendido","sa","2026Q1","vespera",2026-05-28,"m3",2026-03-31,0.248257908398733,0.685506465622238,"revisao",0,0.0525464618375788
"dfm_4a","estendido","sa","2026Q1","vespera",2026-05-28,"m3",2026-03-31,0.248257908398733,0.685506465622238,"reestimacao",0,-0.00610112792234097
"dfm_4a","estendido","sa","2026Q2","m1",2026-04-30,"m3",2026-03-31,-0.0217244454263689,0.785648898305179,"hard",36,0.590112282207792
"dfm_4a","estendido","sa","2026Q2","m1",2026-04-30,"m3",2026-03-31,-0.0217244454263689,0.785648898305179,"soft",10,-0.123686105356772
"dfm_4a","estendido","sa","2026Q2","m1",2026-04-30,"m3",2026-03-31,-0.0217244454263689,0.785648898305179,"trabalho",3,0.102638004937561
"dfm_4a","estendido","sa","2026Q2","m1",2026-04-30,"m3",2026-03-31,-0.0217244454263689,0.785648898305179,"financeiro",7,0.234258605431948
"dfm_4a","estendido","sa","2026Q2","m1",2026-04-30,"m3",2026-03-31,-0.0217244454263689,0.785648898305179,"agro",3,0.000477585506354638
"dfm_4a","estendido","sa","2026Q2","m1",2026-04-30,"m3",2026-03-31,-0.0217244454263689,0.785648898305179,"revisao",0,-0.00194565723898904
"dfm_4a","estendido","sa","2026Q2","m1",2026-04-30,"m3",2026-03-31,-0.0217244454263689,0.785648898305179,"reestimacao",0,0.0055186282399094
"dfm_4a","estendido","sa","2026Q2","m2",2026-05-31,"m1",2026-04-30,0.785648898305179,0.589466125496367,"hard",37,-0.228077556257778
"dfm_4a","estendido","sa","2026Q2","m2",2026-05-31,"m1",2026-04-30,0.785648898305179,0.589466125496367,"soft",10,0.212154490617783
"dfm_4a","estendido","sa","2026Q2","m2",2026-05-31,"m1",2026-04-30,0.785648898305179,0.589466125496367,"trabalho",3,-0.0884217966398306
"dfm_4a","estendido","sa","2026Q2","m2",2026-05-31,"m1",2026-04-30,0.785648898305179,0.589466125496367,"financeiro",7,-0.0757502230291769
"dfm_4a","estendido","sa","2026Q2","m2",2026-05-31,"m1",2026-04-30,0.785648898305179,0.589466125496367,"agro",3,-0.000264200424809398
"dfm_4a","estendido","sa","2026Q2","m2",2026-05-31,"m1",2026-04-30,0.785648898305179,0.589466125496367,"revisao",0,-0.0204007840956252
"dfm_4a","estendido","sa","2026Q2","m2",2026-05-31,"m1",2026-04-30,0.785648898305179,0.589466125496367,"reestimacao",0,0.00457729702165999
"dfm_4a","estendido","sa","2026Q2","m3",2026-06-30,"m2",2026-05-31,0.589466125496367,0.501367056540471,"hard",36,-0.100985898855839
"dfm_4a","estendido","sa","2026Q2","m3",2026-06-30,"m2",2026-05-31,0.589466125496367,0.501367056540471,"soft",10,0.0509626545394613
"dfm_4a","estendido","sa","2026Q2","m3",2026-06-30,"m2",2026-05-31,0.589466125496367,0.501367056540471,"trabalho",3,-0.0104584635985614
"dfm_4a","estendido","sa","2026Q2","m3",2026-06-30,"m2",2026-05-31,0.589466125496367,0.501367056540471,"financeiro",7,-0.0588624620126203
"dfm_4a","estendido","sa","2026Q2","m3",2026-06-30,"m2",2026-05-31,0.589466125496367,0.501367056540471,"agro",3,-0.000146375601683598
"dfm_4a","estendido","sa","2026Q2","m3",2026-06-30,"m2",2026-05-31,0.589466125496367,0.501367056540471,"revisao",0,0.0292418746917482
"dfm_4a","estendido","sa","2026Q2","m3",2026-06-30,"m2",2026-05-31,0.589466125496367,0.501367056540471,"reestimacao",0,0.00214960188786462
"dfm_4a","estendido","sa","2026Q2","vespera",2026-08-31,"m3",2026-06-30,0.501367056540472,0.318888104783228,"hard",36,-0.127704231562448
"dfm_4a","estendido","sa","2026Q2","vespera",2026-08-31,"m3",2026-06-30,0.501367056540472,0.318888104783228,"soft",10,-0.000447510642824077
"dfm_4a","estendido","sa","2026Q2","vespera",2026-08-31,"m3",2026-06-30,0.501367056540472,0.318888104783228,"trabalho",3,-0.00380336881328961
"dfm_4a","estendido","sa","2026Q2","vespera",2026-08-31,"m3",2026-06-30,0.501367056540472,0.318888104783228,"financeiro",7,-0.00108970121474532
"dfm_4a","estendido","sa","2026Q2","vespera",2026-08-31,"m3",2026-06-30,0.501367056540472,0.318888104783228,"agro",3,-0.000187998581317777
"dfm_4a","estendido","sa","2026Q2","vespera",2026-08-31,"m3",2026-06-30,0.501367056540472,0.318888104783228,"revisao",0,-0.0486002484897172
"dfm_4a","estendido","sa","2026Q2","vespera",2026-08-31,"m3",2026-06-30,0.501367056540472,0.318888104783228,"reestimacao",0,-0.000645892460580333
"dfm_4a","estendido","sa","2026Q3","m1",2026-07-31,"m3",2026-06-30,0.311055624767334,0.0703595970925532,"hard",36,-0.0827604558507303
"dfm_4a","estendido","sa","2026Q3","m1",2026-07-31,"m3",2026-06-30,0.311055624767334,0.0703595970925532,"soft",10,-0.253690341620938
"dfm_4a","estendido","sa","2026Q3","m1",2026-07-31,"m3",2026-06-30,0.311055624767334,0.0703595970925532,"trabalho",3,-0.0129243278858064
"dfm_4a","estendido","sa","2026Q3","m1",2026-07-31,"m3",2026-06-30,0.311055624767334,0.0703595970925532,"financeiro",7,0.109875889280337
"dfm_4a","estendido","sa","2026Q3","m1",2026-07-31,"m3",2026-06-30,0.311055624767334,0.0703595970925532,"agro",3,-0.000989683352147079
"dfm_4a","estendido","sa","2026Q3","m1",2026-07-31,"m3",2026-06-30,0.311055624767334,0.0703595970925532,"revisao",0,0.00489246617453654
"dfm_4a","estendido","sa","2026Q3","m1",2026-07-31,"m3",2026-06-30,0.311055624767334,0.0703595970925532,"reestimacao",0,-0.00509957441675046
"dfm_4a","estendido","sa","2026Q3","m2",2026-08-31,"m1",2026-07-31,0.0703595970925532,-0.262283726259603,"hard",33,-0.0662800002174646
"dfm_4a","estendido","sa","2026Q3","m2",2026-08-31,"m1",2026-07-31,0.0703595970925532,-0.262283726259603,"soft",8,-0.192553476788546
"dfm_4a","estendido","sa","2026Q3","m2",2026-08-31,"m1",2026-07-31,0.0703595970925532,-0.262283726259603,"trabalho",2,-0.0275612047077386
"dfm_4a","estendido","sa","2026Q3","m2",2026-08-31,"m1",2026-07-31,0.0703595970925532,-0.262283726259603,"financeiro",4,-0.0297952892675387
"dfm_4a","estendido","sa","2026Q3","m2",2026-08-31,"m1",2026-07-31,0.0703595970925532,-0.262283726259603,"agro",3,0.00202669302025724
"dfm_4a","estendido","sa","2026Q3","m2",2026-08-31,"m1",2026-07-31,0.0703595970925532,-0.262283726259603,"revisao",0,-0.0244006171472671
"dfm_4a","estendido","sa","2026Q3","m2",2026-08-31,"m1",2026-07-31,0.0703595970925532,-0.262283726259603,"reestimacao",0,0.00592057175754362
"dfm_4a","estendido","sa","2026Q3","m3",2026-09-30,"m2",2026-08-31,-0.262283726259603,-0.116090719681271,"financeiro",3,0.0873561980618434
"dfm_4a","estendido","sa","2026Q3","m3",2026-09-30,"m2",2026-08-31,-0.262283726259603,-0.116090719681271,"hard",1,0.023251441457165
"dfm_4a","estendido","sa","2026Q3","m3",2026-09-30,"m2",2026-08-31,-0.262283726259603,-0.116090719681271,"revisao",0,0.00129487537202344
"dfm_4a","estendido","sa","2026Q3","m3",2026-09-30,"m2",2026-08-31,-0.262283726259603,-0.116090719681271,"reestimacao",0,0.0342904916873288
"dfm_4a","estendido","sa","2026Q3","vespera",2026-12-01,"m3",2026-09-30,-0.116090719681271,-0.116090719681271,"revisao",0,0
"dfm_4a","estendido","sa","2026Q3","vespera",2026-12-01,"m3",2026-09-30,-0.116090719681271,-0.116090719681271,"reestimacao",0,-0.0000000000000000555111512312578
