"modelo","painel","trilha","variante","trimestre","timing","data","qoq_sa","aa","nivel_sa","nivel_nsa","denominador","denominador_origem","media","variancia","data_coleta"
"dfm_4a","core_longo","sa","principal","2019Q1","m1",2019-01-31,0.686333992749288,3.06113114372115,171.769910561939,170.483001710026,170.599031418017,"ultimo_qoq",NA,NA,NA
"dfm_4a","core_longo","sa","principal","2019Q1","m2",2019-02-28,0.472736353185366,1.82811404585592,170.124323006575,168.443353457857,169.323867530141,"publicado",NA,NA,NA
"dfm_4a","core_longo","sa","principal","2019Q1","m3",2019-03-31,0.411097975154595,1.76564416581151,170.019954521011,168.340016219576,169.323867530141,"publicado",NA,NA,NA
"dfm_4a","core_longo","sa","principal","2019Q1","vespera",2019-05-29,-0.0603650896924712,1.28782106197074,169.221655025636,167.549604585965,169.323867530141,"publicado",NA,NA,NA
"dfm_4a","core_longo","sa","principal","2019Q2","m1",2019-04-30,0.185367979325735,1.06554881005725,170.335117075157,169.49844682703,170.019954521011,"nowcast",NA,NA,NA
"dfm_4a","core_longo","sa","principal","2019Q2","m2",2019-05-31,-0.657703399439247,-0.886380550035337,167.303463087919,166.224838770208,168.411108674706,"publicado",NA,NA,NA
"dfm_4a","core_longo","sa","principal","2019Q2","m3",2019-06-30,0.0409096559175204,-0.189375639933265,168.480005079792,167.393795463009,168.411108674706,"publicado",NA,NA,NA
"dfm_4a","core_longo","sa","principal","2019Q2","vespera",2019-08-28,0.271828763714899,0.0410119125709985,168.868898509375,167.78018165274,168.411108674706,"publicado",NA,NA,NA
"dfm_4a","core_longo","sa","principal","2019Q3","m1",2019-07-31,0.328711759937583,-0.0294014506904916,169.033818669632,171.680708535912,168.480005079792,"nowcast",NA,NA,NA
"dfm_4a","core_longo","sa","principal","2019Q3","m2",2019-08-31,0.123166607660408,0.912808258962161,170.576528656062,173.298776576815,170.366693778752,"publicado",NA,NA,NA
"dfm_4a","core_longo","sa","principal","2019Q3","m3",2019-09-30,0.312183750587214,1.10331612390591,170.898550913142,173.625938019377,170.366693778752,"publicado",NA,NA,NA
"dfm_4a","core_longo","sa","principal","2019Q3","vespera",2019-12-02,0.511860297536737,1.30456746042311,171.238733244431,173.971549354594,170.366693778752,"publicado",NA,NA,NA
"dfm_4a","core_longo","sa","principal","2019Q4","m1",2019-10-31,0.386916233620971,1.36098584350264,171.559785149648,171.470352531737,170.898550913142,"nowcast",NA,NA,NA
"dfm_4a","core_longo","sa","principal","2019Q4","m2",2019-11-30,0.404993102865703,1.37923811537586,171.590678257238,171.501229535019,170.898550913142,"nowcast",NA,NA,NA
"dfm_4a","core_longo","sa","principal","2019Q4","m3",2019-12-31,0.943484951438411,1.74268817264338,172.368678538777,172.116070727897,170.757606220649,"publicado",NA,NA,NA
"dfm_4a","core_longo","sa","principal","2019Q4","vespera",2020-03-03,0.590884974321293,1.38729654396355,171.766587258318,171.514861817492,170.757606220649,"publicado",NA,NA,NA
"dfm_4a","core_longo","sa","principal","2020Q1","m1",2020-01-31,0.541547973521928,2.59002930568981,173.302137624391,171.233223094185,172.368678538777,"nowcast",NA,NA,NA
"dfm_4a","core_longo","sa","principal","2020Q1","m2",2020-02-29,0.033252401540329,2.07137747789741,172.425995263895,170.367540291114,172.368678538777,"nowcast",NA,NA,NA
"dfm_4a","core_longo","sa","principal","2020Q1","m3",2020-03-31,0.0303825938817504,1.98751723988158,172.175352462017,170.227569000121,172.123057012628,"publicado",NA,NA,NA
"dfm_4a","core_longo","sa","principal","2020Q1","vespera",2020-05-28,-1.07720577350945,0.858258460850236,170.268937504947,168.342720913522,172.123057012628,"publicado",NA,NA,NA
"dfm_4a","core_longo","sa","principal","2020Q2","m1",2020-04-30,-6.62314914255182,-5.56435304621199,160.771922081743,160.236422602601,172.175352462017,"nowcast",NA,NA,NA
"dfm_4a","core_longo","sa","principal","2020Q2","m2",2020-05-31,-9.40581136294671,-9.79162774967571,153.934035497219,153.063671658533,169.916015379224,"publicado",NA,NA,NA
"dfm_4a","core_longo","sa","principal","2020Q2","m3",2020-06-30,-7.6628631461873,-8.05610228258009,156.895583657259,156.008474825066,169.916015379224,"publicado",NA,NA,NA
"dfm_4a","core_longo","sa","principal","2020Q2","vespera",2020-08-31,-6.76220141575856,-7.1592762292486,158.42595218165,157.530190439012,169.916015379224,"publicado",NA,NA,NA
"dfm_4a","core_longo","sa","principal","2020Q3","m1",2020-07-31,3.07788168412573,-5.35638441868717,161.724644089848,164.335956212462,156.895583657259,"nowcast",NA,NA,NA
"dfm_4a","core_longo","sa","principal","2020Q3","m2",2020-08-31,5.21431721909396,-2.45246798746532,166.686783885771,169.378217970477,158.42595218165,"nowcast",NA,NA,NA
"dfm_4a","core_longo","sa","principal","2020Q3","m3",2020-09-30,7.33738706927702,-3.73202539876621,164.474573424309,167.156437986446,153.23139300769,"publicado",NA,NA,NA
"dfm_4a","core_longo","sa","principal","2020Q3","vespera",2020-12-02,7.07178587317687,-3.97023586669688,164.06758901168,166.742817429087,153.23139300769,"publicado",NA,NA,NA
"dfm_4a","core_longo","sa","principal","2020Q4","m1",2020-10-31,2.55347780786856,-1.70546153335948,168.674395156286,169.099534833008,164.474573424309,"nowcast",NA,NA,NA
"dfm_4a","core_longo","sa","principal","2020Q4","m2",2020-11-30,3.37439118780483,-0.918639832850221,170.024588936119,170.453131743154,164.474573424309,"nowcast",NA,NA,NA
"dfm_4a","core_longo","sa","principal","2020Q4","m3",2020-12-31,3.48872980836703,-0.184391887774116,171.113961930752,171.716284181746,165.345504044362,"publicado",NA,NA,NA
"dfm_4a","core_longo","sa","principal","2020Q4","vespera",2021-03-02,2.74067598027197,-0.905895068750939,169.877088558165,170.4750570069,165.345504044362,"publicado",NA,NA,NA
"dfm_4a","core_longo","sa","principal","2021Q1","m1",2021-01-31,0.141747123169211,0.126176482495155,171.35651104913,167.81267329878,171.113961930752,"nowcast",NA,NA,NA
"dfm_4a","core_longo","sa","principal","2021Q1","m2",2021-02-28,0.426898995012848,0.411284017212021,171.844445714561,168.290516948256,171.113961930752,"nowcast",NA,NA,NA
"dfm_4a","core_longo","sa","principal","2021Q1","m3",2021-03-31,0.836279117669347,0.909451638632786,172.160824702523,169.125451859768,170.73302010839,"publicado",NA,NA,NA
"dfm_4a","core_longo","sa","principal","2021Q1","vespera",2021-05-31,0.596572951411534,0.669571527990787,171.751567125485,168.723409915771,170.73302010839,"publicado",NA,NA,NA
"dfm_4a","core_longo","sa","principal","2021Q2","m1",2021-04-30,0.894777058264973,13.4665214235185,173.701280265281,173.009780538331,172.160824702523,"nowcast",NA,NA,NA
"dfm_4a","core_longo","sa","principal","2021Q2","m2",2021-05-31,0.180140665613182,12.395019478883,172.060961541706,171.375991875719,171.751567125485,"nowcast",NA,NA,NA
"dfm_4a","core_longo","sa","principal","2021Q2","m3",2021-06-30,1.14516542527754,14.3431035296638,175.179225449128,174.346362253408,173.195846497027,"publicado",NA,NA,NA
"dfm_4a","core_longo","sa","principal","2021Q2","vespera",2021-08-31,0.957003897938291,14.1303897246056,174.853337499071,174.022023688438,173.195846497027,"publicado",NA,NA,NA
"dfm_4a","core_longo","sa","principal","2021Q3","m1",2021-07-31,1.25447750331438,7.12644472473691,177.376809422867,180.363974293027,175.179225449128,"nowcast",NA,NA,NA
"dfm_4a","core_longo","sa","principal","2021Q3","m2",2021-08-31,1.12090994142955,6.78610560589386,176.813285942019,179.790960633891,174.853337499071,"nowcast",NA,NA,NA
"dfm_4a","core_longo","sa","principal","2021Q3","m3",2021-09-30,0.758004201478801,4.75519352927058,173.579603606928,176.371605361524,172.273761258543,"publicado",NA,NA,NA
"dfm_4a","core_longo","sa","principal","2021Q3","vespera",2021-12-01,0.352578443492679,4.33368405142642,172.881161404535,175.661928821604,172.273761258543,"publicado",NA,NA,NA
"dfm_4a","core_longo","sa","principal","2021Q4","m1",2021-10-31,-0.119736729150832,1.54271509624624,173.371765067096,174.104225419588,173.579603606928,"nowcast",NA,NA,NA
"dfm_4a","core_longo","sa","principal","2021Q4","m2",2021-11-30,-0.193541861013891,1.46768151872063,173.243654411767,173.975573522865,173.579603606928,"nowcast",NA,NA,NA
"dfm_4a","core_longo","sa","principal","2021Q4","m3",2021-12-31,-0.193581590146241,1.05362609571951,172.419756094396,173.265637821086,172.754176376069,"publicado",NA,NA,NA
"dfm_4a","core_longo","sa","principal","2021Q4","vespera",2022-03-03,0.229653746194014,1.48215029396688,173.150912813823,174.000381554683,172.754176376069,"publicado",NA,NA,NA
"dfm_4a","core_longo","sa","principal","2022Q1","m1",2022-01-31,0.524176612450344,0.462732839525204,173.323540131087,171.32291589509,172.419756094396,"nowcast",NA,NA,NA
"dfm_4a","core_longo","sa","principal","2022Q1","m2",2022-02-28,1.06384270898916,1.00206907391334,174.254031098463,172.242666470369,172.419756094396,"nowcast",NA,NA,NA
"dfm_4a","core_longo","sa","principal","2022Q1","m3",2022-03-31,0.886277455383433,1.18869288959129,174.59248132298,172.56092315495,173.05870107081,"publicado",NA,NA,NA
"dfm_4a","core_longo","sa","principal","2022Q1","vespera",2022-06-01,1.19541537905021,1.49875748120314,175.127471398195,173.08968808548,173.05870107081,"publicado",NA,NA,NA
"dfm_4a","core_longo","sa","principal","2022Q2","m1",2022-04-30,1.13630431582725,2.06643568889908,176.576383223363,174.919722354229,174.59248132298,"nowcast",NA,NA,NA
"dfm_4a","core_longo","sa","principal","2022Q2","m2",2022-05-31,1.21594107036027,2.14680484753114,176.715423009147,175.057457652016,174.59248132298,"nowcast",NA,NA,NA
"dfm_4a","core_longo","sa","principal","2022Q2","m3",2022-06-30,1.55668103289173,2.60963600290007,177.462701314836,175.850649817958,174.742517685626,"publicado",NA,NA,NA
"dfm_4a","core_longo","sa","principal","2022Q2","vespera",2022-08-31,1.27637473395212,2.32642344602068,176.972887030837,175.365284952592,174.742517685626,"publicado",NA,NA,NA
"dfm_4a","core_longo","sa","principal","2022Q3","m1",2022-07-31,-0.112934223688677,2.55702576748138,177.262285190769,179.945224170288,177.462701314836,"nowcast",NA,NA,NA
"dfm_4a","core_longo","sa","principal","2022Q3","m2",2022-08-31,0.834233839439213,3.24375992881512,178.449254741081,181.15015900222,176.972887030837,"nowcast",NA,NA,NA
"dfm_4a","core_longo","sa","principal","2022Q3","m3",2022-09-30,0.816658544531768,4.226456268089,179.948380943675,182.874385224057,178.490721217655,"publicado",NA,NA,NA
"dfm_4a","core_longo","sa","principal","2022Q3","vespera",2022-11-30,0.736563990966976,4.14365277504578,179.805419597361,182.729099291609,178.490721217655,"publicado",NA,NA,NA
"dfm_4a","core_longo","sa","principal","2022Q4","m1",2022-10-31,-0.350194577431273,3.35531368629796,179.318211471435,179.796903688684,179.948380943675,"nowcast",NA,NA,NA
"dfm_4a","core_longo","sa","principal","2022Q4","m2",2022-11-30,-0.648463222386042,2.96408819724725,178.639447579416,179.116327827931,179.805419597361,"nowcast",NA,NA,NA
"dfm_4a","core_longo","sa","principal","2022Q4","m3",2022-12-31,-0.221488464710884,3.56957604200261,179.683023266529,180.169634482668,180.081883866327,"publicado",NA,NA,NA
"dfm_4a","core_longo","sa","principal","2022Q4","vespera",2023-03-01,-0.303434457187768,3.48451652799924,179.535453379524,180.021664952107,180.081883866327,"publicado",NA,NA,NA
"dfm_4a","core_longo","sa","principal","2023Q1","m1",2023-01-31,0.548625342107578,3.03353839254854,180.668809867634,178.295932014462,179.683023266529,"nowcast",NA,NA,NA
"dfm_4a","core_longo","sa","principal","2023Q1","m2",2023-02-28,0.258894609199167,2.73664738592312,180.148212927412,177.782172518681,179.683023266529,"nowcast",NA,NA,NA
"dfm_4a","core_longo","sa","principal","2023Q1","m3",2023-03-31,0.507353653408926,3.07498660199279,180.03306747546,178.367656690217,179.124273927546,"publicado",NA,NA,NA
"dfm_4a","core_longo","sa","principal","2023Q1","vespera",2023-05-31,1.09384660342917,3.67646252159533,181.08361871382,179.408489717432,179.124273927546,"publicado",NA,NA,NA
"dfm_4a","core_longo","sa","principal","2023Q2","m1",2023-04-30,1.06606147634685,1.91769737551579,181.952330652501,180.854686593708,180.03306747546,"nowcast",NA,NA,NA
"dfm_4a","core_longo","sa","principal","2023Q2","m2",2023-05-31,0.907004681420598,2.35108707751579,182.72605561284,181.623743987532,181.08361871382,"nowcast",NA,NA,NA
"dfm_4a","core_longo","sa","principal","2023Q2","m3",2023-06-30,0.817063156555076,3.05267445381223,184.047859518236,182.868722713756,182.556259581213,"publicado",NA,NA,NA
"dfm_4a","core_longo","sa","principal","2023Q2","vespera",2023-08-31,0.712487788820648,2.9457801346404,183.856950638457,182.679036927182,182.556259581213,"publicado",NA,NA,NA
"dfm_4a","core_longo","sa","principal","2023Q3","m1",2023-07-31,-0.106162943005605,1.86601626295342,183.852468894033,186.457287889986,184.047859518236,"nowcast",NA,NA,NA
"dfm_4a","core_longo","sa","principal","2023Q3","m2",2023-08-31,0.237434818042193,2.11037072203335,184.293491054663,186.904558445912,183.856950638457,"nowcast",NA,NA,NA
"dfm_4a","core_longo","sa","principal","2023Q3","m3",2023-09-30,-0.0869270040250614,2.32411221554218,184.880613986002,187.295794509236,185.04146498772,"publicado",NA,NA,NA
"dfm_4a","core_longo","sa","principal","2023Q3","vespera",2023-12-04,0.237480722086625,2.65634834415749,185.480902794932,187.903925167068,185.04146498772,"publicado",NA,NA,NA
"dfm_4a","core_longo","sa","principal","2023Q4","m1",2023-10-31,0.360571463649095,3.39608946794283,185.547240721855,184.713391575259,184.880613986002,"nowcast",NA,NA,NA
"dfm_4a","core_longo","sa","principal","2023Q4","m2",2023-11-30,1.08906969482907,4.1466219448888,186.894092724538,186.054190826154,184.880613986002,"nowcast",NA,NA,NA
"dfm_4a","core_longo","sa","principal","2023Q4","m3",2023-12-31,0.464548858290814,3.41243874984489,185.711321846267,184.742598978803,184.852591244121,"publicado",NA,NA,NA
"dfm_4a","core_longo","sa","principal","2023Q4","vespera",2024-02-29,0.469541861972522,3.41757826117779,185.720551542953,184.751780530777,184.852591244121,"publicado",NA,NA,NA
"dfm_4a","core_longo","sa","principal","2024Q1","m1",2024-01-31,1.02628405196368,2.2330602547789,187.617247525066,184.7731705788,185.711321846267,"nowcast",NA,NA,NA
"dfm_4a","core_longo","sa","principal","2024Q1","m2",2024-02-29,0.472499202330212,1.67771339642291,186.598079667557,183.76945221672,185.720551542953,"nowcast",NA,NA,NA
"dfm_4a","core_longo","sa","principal","2024Q1","m3",2024-03-31,0.64953341248013,1.0672368735585,185.477055966575,182.666094042637,184.280095175858,"publicado",NA,NA,NA
"dfm_4a","core_longo","sa","principal","2024Q1","vespera",2024-06-03,1.01254465807867,1.43175464430978,186.146013435463,183.324913254995,184.280095175858,"publicado",NA,NA,NA
"dfm_4a","core_longo","sa","principal","2024Q2","m1",2024-04-30,0.553454829921396,1.36163087397818,186.503587691218,186.793369201433,185.477055966575,"nowcast",NA,NA,NA
"dfm_4a","core_longo","sa","principal","2024Q2","m2",2024-05-31,1.0885108454237,1.90098728328285,187.495993836544,187.787317306112,185.477055966575,"nowcast",NA,NA,NA
"dfm_4a","core_longo","sa","principal","2024Q2","m3",2024-06-30,0.606260376952172,2.26740985013254,187.715471110359,188.462575835628,186.584284523672,"publicado",NA,NA,NA
"dfm_4a","core_longo","sa","principal","2024Q2","vespera",2024-09-02,0.80382638507599,2.4682379482007,188.084098233079,188.8326700887,186.584284523672,"publicado",NA,NA,NA
"dfm_4a","core_longo","sa","principal","2024Q3","m1",2024-07-31,1.17955163127674,3.28602242406471,189.929672012,193.508841876023,187.715471110359,"nowcast",NA,NA,NA
"dfm_4a","core_longo","sa","principal","2024Q3","m2",2024-08-31,1.20831523118927,3.31538485726057,189.983665739084,193.563853099314,187.715471110359,"nowcast",NA,NA,NA
"dfm_4a","core_longo","sa","principal","2024Q3","m3",2024-09-30,1.02980026776442,4.13226228820136,191.39086656541,195.09429257124,189.440012806278,"publicado",NA,NA,NA
"dfm_4a","core_longo","sa","principal","2024Q3","vespera",2024-12-02,1.03795301819278,4.14066539643008,191.406311136866,195.110035996181,189.440012806278,"publicado",NA,NA,NA
"dfm_4a","core_longo","sa","principal","2024Q4","m1",2024-10-31,0.522741973577223,4.50152345257255,192.391346958541,191.132450382568,191.39086656541,"nowcast",NA,NA,NA
"dfm_4a","core_longo","sa","principal","2024Q4","m2",2024-11-30,0.365832097272412,4.33840294076919,192.091035786554,190.834104271443,191.39086656541,"nowcast",NA,NA,NA
"dfm_4a","core_longo","sa","principal","2024Q4","m3",2024-12-31,0.607313621139061,4.56772054516257,192.470877397528,191.253524335338,191.309031590211,"publicado",NA,NA,NA
"dfm_4a","core_longo","sa","principal","2024Q4","vespera",2025-03-06,0.234793808700595,4.1805364902211,191.75821335187,190.545367796322,191.309031590211,"publicado",NA,NA,NA
"dfm_4a","core_longo","sa","principal","2025Q1","m1",2025-01-31,-0.0171546555339352,2.55753607605627,192.437859681507,189.920147607084,192.470877397528,"nowcast",NA,NA,NA
"dfm_4a","core_longo","sa","principal","2025Q1","m2",2025-02-28,-0.0905770913687598,2.48222291522373,192.296542875049,189.780679683328,192.470877397528,"nowcast",NA,NA,NA
"dfm_4a","core_longo","sa","principal","2025Q1","m3",2025-03-31,0.724002829545678,2.49980161047461,192.409406216866,189.813232614341,191.026369893658,"publicado",NA,NA,NA
"dfm_4a","core_longo","sa","principal","2025Q1","vespera",2025-05-29,0.777991097677044,2.5547417103247,192.512538045646,189.914972888848,191.026369893658,"publicado",NA,NA,NA
"dfm_4a","core_longo","sa","principal","2025Q2","m1",2025-04-30,0.444612783496745,1.52582889576651,193.264883033557,193.590262745079,192.409406216866,"nowcast",NA,NA,NA
"dfm_4a","core_longo","sa","principal","2025Q2","m2",2025-05-31,0.918285605181768,2.8765191906106,195.804559270512,196.16576980481,194.022875137366,"publicado",NA,NA,NA
"dfm_4a","core_longo","sa","principal","2025Q2","m3",2025-06-30,0.770163161949022,2.7255225572214,195.517167847428,195.87784821629,194.022875137366,"publicado",NA,NA,NA
"dfm_4a","core_longo","sa","principal","2025Q2","vespera",2025-09-01,0.519659285754281,2.47015786615348,195.031133024505,195.390916780444,194.022875137366,"publicado",NA,NA,NA
"dfm_4a","core_longo","sa","principal","2025Q3","m1",2025-07-31,-0.076510586762446,2.24300930591794,195.367576515087,199.478564988069,195.517167847428,"nowcast",NA,NA,NA
"dfm_4a","core_longo","sa","principal","2025Q3","m2",2025-08-31,-0.370129663461893,1.94257446154187,194.793500812064,198.892409396255,195.517167847428,"nowcast",NA,NA,NA
"dfm_4a","core_longo","sa","principal","2025Q3","m3",2025-09-30,0.0867953777794916,1.85910922521204,194.834916039559,198.72956671701,194.665954988519,"publicado",NA,NA,NA
"dfm_4a","core_longo","sa","principal","2025Q3","vespera",2025-12-03,0.22961866965967,2.00446159894543,195.112944364644,199.013152686621,194.665954988519,"publicado",NA,NA,NA
"dfm_4a","core_longo","sa","principal","2025Q4","m1",2025-10-31,0.320258255599004,1.85523857032721,195.458890942965,192.961693814328,194.834916039559,"nowcast",NA,NA,NA
"dfm_4a","core_longo","sa","principal","2025Q4","m2",2025-11-30,0.418059142364835,1.95453588900578,195.649441218582,193.149809605645,194.834916039559,"nowcast",NA,NA,NA
"dfm_4a","core_longo","sa","principal","2025Q4","m3",2025-12-31,0.586417849210874,2.43294275193613,195.940314997896,194.05613705526,194.797984844863,"publicado",NA,NA,NA
"dfm_4a","core_longo","sa","principal","2025Q4","vespera",2026-03-02,0.299072408699841,2.14032233968506,195.380571870237,193.501776462863,194.797984844863,"publicado",NA,NA,NA
"dfm_4a","core_longo","sa","principal","2026Q1","m1",2026-01-31,1.08444999936095,2.45414250913281,198.065189742639,195.703087676248,195.940314997896,"nowcast",NA,NA,NA
"dfm_4a","core_longo","sa","principal","2026Q1","m2",2026-02-28,0.490541153379698,1.85218620879202,196.901482879023,194.553259043283,195.940314997896,"nowcast",NA,NA,NA
"dfm_4a","core_longo","sa","principal","2026Q1","m3",2026-03-31,0.307027216047695,1.50707403770405,196.236463888581,193.894041994343,195.635808711502,"publicado",NA,NA,NA
"dfm_4a","core_longo","sa","principal","2026Q1","vespera",2026-05-28,0.814908644398726,2.02103162553051,197.230061828231,194.875779622602,195.635808711502,"publicado",NA,NA,NA
"dfm_4a","core_longo","sa","principal","2026Q2","m1",2026-04-30,1.28650787538815,2.45513633383159,198.761061450891,199.972447372054,196.236463888581,"nowcast",NA,NA,NA
"dfm_4a","core_longo","sa","principal","2026Q2","m2",2026-05-31,0.456235728429211,1.97576062676308,197.79712814829,199.036799470119,196.898805448981,"publicado",NA,NA,NA
"dfm_4a","core_longo","sa","principal","2026Q2","m3",2026-06-30,0.681478811431413,2.20441079017513,198.240629088077,199.483080002318,196.898805448981,"publicado",NA,NA,NA
"dfm_4a","core_longo","sa","principal","2026Q2","vespera",2026-08-31,0.328347553381181,1.84593798478248,197.54531785931,198.783410988388,196.898805448981,"publicado",NA,NA,NA
"dfm_4a","core_longo","sa","principal","2026Q3","m1",2026-07-31,0.0291591692607174,1.80217426071358,198.298434408657,202.240606595031,198.240629088077,"nowcast",NA,NA,NA
"dfm_4a","core_longo","sa","principal","2026Q3","m2",2026-08-31,-0.42312457584387,0.986426259932038,196.709455071018,200.620038353686,197.54531785931,"nowcast",NA,NA,NA
"dfm_4a","core_longo","sa","principal","2026Q3","m3",2026-09-30,-0.313441949736293,1.52275609810308,197.674701499757,201.685513355516,198.296245116705,"publicado",NA,NA,NA
"dfm_4a","core_longo","sa","principal","2026Q3","vespera",2026-12-01,-0.313441949736293,1.52275609810308,197.674701499757,201.685513355516,198.296245116705,"publicado",NA,NA,NA
"dfm_4b","core_longo","sa","principal","2019Q1","m1",2019-01-31,0.134457569514157,2.49623811231672,170.828414729276,169.548559611728,170.599031418017,"ultimo_qoq",NA,NA,NA
"dfm_4b","core_longo","sa","principal","2019Q1","m2",2019-02-28,0.223205528515824,1.5752170491713,169.701807763565,168.02501301622,169.323867530141,"publicado",NA,NA,NA
"dfm_4b","core_longo","sa","principal","2019Q1","m3",2019-03-31,0.588041794461924,1.94497495808532,170.319562639218,168.63666396084,169.323867530141,"publicado",NA,NA,NA
"dfm_4b","core_longo","sa","principal","2019Q1","vespera",2019-05-29,-0.239545385685702,1.10622362292983,168.918260018608,167.249207373485,169.323867530141,"publicado",NA,NA,NA
"dfm_4b","core_longo","sa","principal","2019Q2","m1",2019-04-30,0.0252596308758068,1.08184629389991,170.36258473205,169.525779565348,170.319562639218,"nowcast",NA,NA,NA
"dfm_4b","core_longo","sa","principal","2019Q2","m2",2019-05-31,-1.03240075548745,-1.2602153860226,166.672431116424,165.597875133086,168.411108674706,"publicado",NA,NA,NA
"dfm_4b","core_longo","sa","principal","2019Q2","m3",2019-06-30,0.0841475318430485,-0.146237293760942,168.552822466005,167.466143387311,168.411108674706,"publicado",NA,NA,NA
"dfm_4b","core_longo","sa","principal","2019Q2","vespera",2019-08-28,0.388244856896947,0.157160026237957,169.064956142579,167.974975280244,168.411108674706,"publicado",NA,NA,NA
"dfm_4b","core_longo","sa","principal","2019Q3","m1",2019-07-31,0.0950836160712232,-0.219088809268841,168.713088584596,171.354956158777,168.552822466005,"nowcast",NA,NA,NA
"dfm_4b","core_longo","sa","principal","2019Q3","m2",2019-08-31,-0.238363907524586,0.548426460076534,169.960601070341,172.673019341007,170.366693778752,"publicado",NA,NA,NA
"dfm_4b","core_longo","sa","principal","2019Q3","m3",2019-09-30,0.197221668467029,0.987447370018946,170.702693814735,173.426955217902,170.366693778752,"publicado",NA,NA,NA
"dfm_4b","core_longo","sa","principal","2019Q3","vespera",2019-12-02,0.50747898488761,1.30015159366359,171.231268946927,173.963965933618,170.366693778752,"publicado",NA,NA,NA
"dfm_4b","core_longo","sa","principal","2019Q4","m1",2019-10-31,0.217414736695276,1.07387173404347,171.073826627024,170.984647335047,170.702693814735,"nowcast",NA,NA,NA
"dfm_4b","core_longo","sa","principal","2019Q4","m2",2019-11-30,0.334933182021513,1.19239449079682,171.274433778925,171.185149912191,170.702693814735,"nowcast",NA,NA,NA
"dfm_4b","core_longo","sa","principal","2019Q4","m3",2019-12-31,1.0508057698619,1.85085868576311,172.551936999294,172.299060621532,170.757606220649,"publicado",NA,NA,NA
"dfm_4b","core_longo","sa","principal","2019Q4","vespera",2020-03-03,0.573016252607972,1.36928634962363,171.736075056858,171.484394331931,170.757606220649,"publicado",NA,NA,NA
"dfm_4b","core_longo","sa","principal","2020Q1","m1",2020-01-31,0.495281809808223,2.65184168875825,173.406555355723,171.33639426639,172.551936999294,"nowcast",NA,NA,NA
"dfm_4b","core_longo","sa","principal","2020Q1","m2",2020-02-29,-0.299605979515483,1.83989615220648,172.034961078274,169.98117434744,172.551936999294,"nowcast",NA,NA,NA
"dfm_4b","core_longo","sa","principal","2020Q1","m3",2020-03-31,0.205320159191791,2.1658775289789,172.476460347292,170.525270515374,172.123057012628,"publicado",NA,NA,NA
"dfm_4b","core_longo","sa","principal","2020Q1","vespera",2020-05-28,-1.63891937095226,0.285554711073943,169.302098889373,167.386819939363,172.123057012628,"publicado",NA,NA,NA
"dfm_4b","core_longo","sa","principal","2020Q2","m1",2020-04-30,-5.33945530458402,-4.09867977889039,163.26715683612,162.723346223454,172.476460347292,"nowcast",NA,NA,NA
"dfm_4b","core_longo","sa","principal","2020Q2","m2",2020-05-31,-11.9487443497763,-12.3237310659554,149.613185092234,148.767251925639,169.916015379224,"publicado",NA,NA,NA
"dfm_4b","core_longo","sa","principal","2020Q2","m3",2020-06-30,-11.0074531956829,-11.3864486187934,151.212589514387,150.357613099052,169.916015379224,"publicado",NA,NA,NA
"dfm_4b","core_longo","sa","principal","2020Q2","vespera",2020-08-31,-7.1795172895472,-7.5748148664951,157.716865677363,156.825113205643,169.916015379224,"publicado",NA,NA,NA
"dfm_4b","core_longo","sa","principal","2020Q3","m1",2020-07-31,1.66740855346652,-10.0326717766848,153.733921165868,156.216209837805,151.212589514387,"nowcast",NA,NA,NA
"dfm_4b","core_longo","sa","principal","2020Q3","m2",2020-08-31,5.63793679587699,-2.49808019804912,166.608842880691,169.299018478834,157.716865677363,"nowcast",NA,NA,NA
"dfm_4b","core_longo","sa","principal","2020Q3","m3",2020-09-30,6.92569398521443,-4.10126169603571,163.843730376684,166.515308633901,153.23139300769,"publicado",NA,NA,NA
"dfm_4b","core_longo","sa","principal","2020Q3","vespera",2020-12-02,6.82915194844491,-4.18784761541982,163.695797668904,166.364963787404,153.23139300769,"publicado",NA,NA,NA
"dfm_4b","core_longo","sa","principal","2020Q4","m1",2020-10-31,5.03922325203199,0.290906144796321,172.100181734822,172.533956022608,163.843730376684,"nowcast",NA,NA,NA
"dfm_4b","core_longo","sa","principal","2020Q4","m2",2020-11-30,4.96432964823104,0.219398119916647,171.977473260541,172.410938264627,163.843730376684,"nowcast",NA,NA,NA
"dfm_4b","core_longo","sa","principal","2020Q4","m3",2020-12-31,3.98137617881944,0.29076900309819,171.928530555133,172.533720092945,165.345504044362,"publicado",NA,NA,NA
"dfm_4b","core_longo","sa","principal","2020Q4","vespera",2021-03-02,2.7982987051191,-0.850317545165991,169.972365143008,170.570668965937,165.345504044362,"publicado",NA,NA,NA
"dfm_4b","core_longo","sa","principal","2021Q1","m1",2021-01-31,1.62308242887788,2.09097141009813,174.719072324801,171.105693174981,171.928530555133,"nowcast",NA,NA,NA
"dfm_4b","core_longo","sa","principal","2021Q1","m2",2021-02-28,1.33602482258011,1.80259214451046,174.225538400447,170.622366065305,171.928530555133,"nowcast",NA,NA,NA
"dfm_4b","core_longo","sa","principal","2021Q1","m3",2021-03-31,1.0221585385976,1.09546594420715,172.478182251633,169.437214068083,170.73302010839,"publicado",NA,NA,NA
"dfm_4b","core_longo","sa","principal","2021Q1","vespera",2021-05-31,0.526985438095751,0.599933518030116,171.632758262382,168.606695775421,170.73302010839,"publicado",NA,NA,NA
"dfm_4b","core_longo","sa","principal","2021Q2","m1",2021-04-30,1.31211538176526,14.1458880652745,174.741295011146,174.045655015848,172.478182251633,"nowcast",NA,NA,NA
"dfm_4b","core_longo","sa","principal","2021Q2","m2",2021-05-31,0.0229415412601908,12.1410261316881,171.672133462435,170.988711709683,171.632758262382,"nowcast",NA,NA,NA
"dfm_4b","core_longo","sa","principal","2021Q2","m3",2021-06-30,1.10723650851001,14.3002254539942,175.113534140665,174.280983264359,173.195846497027,"publicado",NA,NA,NA
"dfm_4b","core_longo","sa","principal","2021Q2","vespera",2021-08-31,0.474706863602936,13.5851601083685,174.018019067824,173.190676652637,173.195846497027,"publicado",NA,NA,NA
"dfm_4b","core_longo","sa","principal","2021Q3","m1",2021-07-31,2.31784500893886,8.21088547529447,179.172394451721,182.189798384907,175.113534140665,"nowcast",NA,NA,NA
"dfm_4b","core_longo","sa","principal","2021Q3","m2",2021-08-31,1.55879985877585,6.73617462961,176.730611703297,179.706894096016,174.018019067824,"nowcast",NA,NA,NA
"dfm_4b","core_longo","sa","principal","2021Q3","m3",2021-09-30,0.595815688689361,4.58657080614173,173.300195355617,176.087702870615,172.273761258543,"publicado",NA,NA,NA
"dfm_4b","core_longo","sa","principal","2021Q3","vespera",2021-12-01,0.0798189391862714,4.05010385462705,172.411268347276,175.184477605362,172.273761258543,"publicado",NA,NA,NA
"dfm_4b","core_longo","sa","principal","2021Q4","m1",2021-10-31,-0.208579328198977,1.28908750088228,172.938726972376,173.669357827225,173.300195355617,"nowcast",NA,NA,NA
"dfm_4b","core_longo","sa","principal","2021Q4","m2",2021-11-30,0.366145282877617,1.87243756272479,173.934725846129,174.66956459311,173.300195355617,"nowcast",NA,NA,NA
"dfm_4b","core_longo","sa","principal","2021Q4","m3",2021-12-31,-0.310250669692957,0.935499088165415,172.21820538694,173.063098317077,172.754176376069,"publicado",NA,NA,NA
"dfm_4b","core_longo","sa","principal","2021Q4","vespera",2022-03-03,0.367233659649879,1.62144944280074,173.388587860173,174.239222621581,172.754176376069,"publicado",NA,NA,NA
"dfm_4b","core_longo","sa","principal","2022Q1","m1",2022-01-31,0.0381048032595421,-0.139910298737778,172.28382879528,170.295205650971,172.21820538694,"nowcast",NA,NA,NA
"dfm_4b","core_longo","sa","principal","2022Q1","m2",2022-02-28,0.991609215852041,0.811897378539772,173.925936982932,171.918359451724,172.21820538694,"nowcast",NA,NA,NA
"dfm_4b","core_longo","sa","principal","2022Q1","m3",2022-03-31,0.469258880338308,0.770424264919733,173.870794393783,171.84763377509,173.05870107081,"publicado",NA,NA,NA
"dfm_4b","core_longo","sa","principal","2022Q1","vespera",2022-06-01,1.13419861842188,1.43735721798444,175.021530467414,172.984979883403,173.05870107081,"publicado",NA,NA,NA
"dfm_4b","core_longo","sa","principal","2022Q2","m1",2022-04-30,0.729566959800199,1.23575755931136,175.139298262422,173.496120297269,173.870794393783,"nowcast",NA,NA,NA
"dfm_4b","core_longo","sa","principal","2022Q2","m2",2022-05-31,1.53226627098046,2.04249062997077,176.534957931365,174.878685719303,173.870794393783,"nowcast",NA,NA,NA
"dfm_4b","core_longo","sa","principal","2022Q2","m3",2022-06-30,2.06963936741629,3.12791276672197,178.359057623262,176.738863725091,174.742517685626,"publicado",NA,NA,NA
"dfm_4b","core_longo","sa","principal","2022Q2","vespera",2022-08-31,1.07947587651793,2.12748311156681,176.628821010062,175.02434438939,174.742517685626,"publicado",NA,NA,NA
"dfm_4b","core_longo","sa","principal","2022Q3","m1",2022-07-31,0.545005310495017,3.75397496984464,179.331123959058,182.045375680415,178.359057623262,"nowcast",NA,NA,NA
"dfm_4b","core_longo","sa","principal","2022Q3","m2",2022-08-31,1.05875014047077,3.27247052680211,178.498878900618,181.20053424421,176.628821010062,"nowcast",NA,NA,NA
"dfm_4b","core_longo","sa","principal","2022Q3","m3",2022-09-30,1.29401255686203,4.71995523749356,180.800413563045,183.740272100288,178.490721217655,"publicado",NA,NA,NA
"dfm_4b","core_longo","sa","principal","2022Q3","vespera",2022-11-30,0.881326444951425,4.29331135128996,180.063807145531,182.991688283926,178.490721217655,"publicado",NA,NA,NA
"dfm_4b","core_longo","sa","principal","2022Q4","m1",2022-10-31,0.164938776375223,4.38150643970696,181.098623552857,181.582068602514,180.800413563045,"nowcast",NA,NA,NA
"dfm_4b","core_longo","sa","principal","2022Q4","m2",2022-11-30,-0.47122854838223,3.29599480432803,179.215295080957,179.693712561609,180.063807145531,"nowcast",NA,NA,NA
"dfm_4b","core_longo","sa","principal","2022Q4","m3",2022-12-31,-0.163567303359169,3.62969790624728,179.787328785048,180.274222477708,180.081883866327,"publicado",NA,NA,NA
"dfm_4b","core_longo","sa","principal","2022Q4","vespera",2023-03-01,-0.258099473680617,3.53157400509987,179.617093471874,180.103526139272,180.081883866327,"publicado",NA,NA,NA
"dfm_4b","core_longo","sa","principal","2023Q1","m1",2023-01-31,-0.507917056322971,2.01006730367583,178.874158277042,176.524851116655,179.787328785048,"nowcast",NA,NA,NA
"dfm_4b","core_longo","sa","principal","2023Q1","m2",2023-02-28,-0.409306154804279,2.11117388827202,179.051448182773,176.699812522569,179.787328785048,"nowcast",NA,NA,NA
"dfm_4b","core_longo","sa","principal","2023Q1","m3",2023-03-31,-0.0124315872100822,2.54192255478416,179.102005937218,177.445208013765,179.124273927546,"publicado",NA,NA,NA
"dfm_4b","core_longo","sa","principal","2023Q1","vespera",2023-05-31,1.2680767085306,3.85514363393389,181.395707124546,179.717691128495,179.124273927546,"publicado",NA,NA,NA
"dfm_4b","core_longo","sa","principal","2023Q2","m1",2023-04-30,2.12979429278266,2.4577671995782,182.916510237928,181.813049677694,179.102005937218,"nowcast",NA,NA,NA
"dfm_4b","core_longo","sa","principal","2023Q2","m2",2023-05-31,1.96482281448145,3.60228975076753,184.959811362619,183.844024401663,181.395707124546,"nowcast",NA,NA,NA
"dfm_4b","core_longo","sa","principal","2023Q2","m3",2023-06-30,1.06193229544815,3.30297354866831,184.494883459068,183.312882712662,182.556259581213,"publicado",NA,NA,NA
"dfm_4b","core_longo","sa","principal","2023Q2","vespera",2023-08-31,0.87289405354678,3.10974339702492,184.149782315475,182.969992523658,182.556259581213,"publicado",NA,NA,NA
"dfm_4b","core_longo","sa","principal","2023Q3","m1",2023-07-31,0.39939411195018,2.63022345272603,185.231745160453,187.856105721668,184.494883459068,"nowcast",NA,NA,NA
"dfm_4b","core_longo","sa","principal","2023Q3","m2",2023-08-31,1.33988062578354,3.39783710730106,186.617169571142,189.261158804435,184.149782315475,"nowcast",NA,NA,NA
"dfm_4b","core_longo","sa","principal","2023Q3","m3",2023-09-30,-0.432202450816277,1.97050479958212,184.241711241017,186.648545483737,185.04146498772,"publicado",NA,NA,NA
"dfm_4b","core_longo","sa","principal","2023Q3","vespera",2023-12-04,0.214985543193236,2.63331032580438,185.439277386357,187.861755986628,185.04146498772,"publicado",NA,NA,NA
"dfm_4b","core_longo","sa","principal","2023Q4","m1",2023-10-31,0.0837941855197366,2.75461424540122,184.396095082339,183.567419183296,184.241711241017,"nowcast",NA,NA,NA
"dfm_4b","core_longo","sa","principal","2023Q4","m2",2023-11-30,0.659976177855426,3.34617213785935,185.457662644881,184.624216062089,184.241711241017,"nowcast",NA,NA,NA
"dfm_4b","core_longo","sa","principal","2023Q4","m3",2023-12-31,-0.0645648413048927,2.86779948482092,184.733241461936,183.769620538851,184.852591244121,"publicado",NA,NA,NA
"dfm_4b","core_longo","sa","principal","2023Q4","vespera",2024-02-29,0.25683781001653,3.19863292180469,185.327362591231,184.360642564019,184.852591244121,"publicado",NA,NA,NA
"dfm_4b","core_longo","sa","principal","2024Q1","m1",2024-01-31,1.14604721746103,1.81518785729615,186.850371635436,184.017919708017,184.733241461936,"nowcast",NA,NA,NA
"dfm_4b","core_longo","sa","principal","2024Q1","m2",2024-02-29,-0.171536064754652,0.812070598712622,185.009459326529,182.204913662136,185.327362591231,"nowcast",NA,NA,NA
"dfm_4b","core_longo","sa","principal","2024Q1","m3",2024-03-31,0.814166893887158,1.23255359683121,185.780442702804,182.964882859412,184.280095175858,"publicado",NA,NA,NA
"dfm_4b","core_longo","sa","principal","2024Q1","vespera",2024-06-03,0.951247557576673,1.370203156031,186.033055080318,183.213666818522,184.280095175858,"publicado",NA,NA,NA
"dfm_4b","core_longo","sa","principal","2024Q2","m1",2024-04-30,1.17213149962301,2.15209839583432,187.958033791862,188.250075159878,185.780442702804,"nowcast",NA,NA,NA
"dfm_4b","core_longo","sa","principal","2024Q2","m2",2024-05-31,1.52388816928759,2.507262227992,188.611528890002,188.904585631495,185.780442702804,"nowcast",NA,NA,NA
"dfm_4b","core_longo","sa","principal","2024Q2","m3",2024-06-30,0.678525818993614,2.34086849526618,187.85030706835,188.597948438685,186.584284523672,"publicado",NA,NA,NA
"dfm_4b","core_longo","sa","principal","2024Q2","vespera",2024-09-02,1.00459606607779,2.67232261624781,188.458702905916,189.208765682449,186.584284523672,"publicado",NA,NA,NA
"dfm_4b","core_longo","sa","principal","2024Q3","m1",2024-07-31,1.16267591998624,3.34297331506452,190.034397354254,193.615540737133,187.85030706835,"nowcast",NA,NA,NA
"dfm_4b","core_longo","sa","principal","2024Q3","m2",2024-08-31,1.47874605228424,3.66585551396557,190.628136068327,194.220468285947,187.85030706835,"nowcast",NA,NA,NA
"dfm_4b","core_longo","sa","principal","2024Q3","m3",2024-09-30,1.2006114514056,4.30831880746141,191.714451293574,195.42413868543,189.440012806278,"publicado",NA,NA,NA
"dfm_4b","core_longo","sa","principal","2024Q3","vespera",2024-12-02,1.14945475008921,4.25559116645688,191.617540032049,195.325352184545,189.440012806278,"publicado",NA,NA,NA
"dfm_4b","core_longo","sa","principal","2024Q4","m1",2024-10-31,0.928668466991467,5.1009111796819,193.494842949404,192.228725740349,191.714451293574,"nowcast",NA,NA,NA
"dfm_4b","core_longo","sa","principal","2024Q4","m2",2024-11-30,0.86104648433587,5.03049380371896,193.365201836402,192.099932923052,191.714451293574,"nowcast",NA,NA,NA
"dfm_4b","core_longo","sa","principal","2024Q4","m3",2024-12-31,0.942457740080971,4.91605761242435,193.112038365907,191.890630044663,191.309031590211,"publicado",NA,NA,NA
"dfm_4b","core_longo","sa","principal","2024Q4","vespera",2025-03-06,0.2750613368244,4.22238914959883,191.835248769969,190.621915975503,191.309031590211,"publicado",NA,NA,NA
"dfm_4b","core_longo","sa","principal","2025Q1","m1",2025-01-31,-0.724024437540649,2.17168881135534,191.713860016305,189.20562020842,193.112038365907,"nowcast",NA,NA,NA
"dfm_4b","core_longo","sa","principal","2025Q1","m2",2025-02-28,-0.698289219260384,2.1981746826724,191.763557820904,189.25466780436,193.112038365907,"nowcast",NA,NA,NA
"dfm_4b","core_longo","sa","principal","2025Q1","m3",2025-03-31,0.654428174027788,2.4290003298725,192.276500278065,189.682119970871,191.026369893658,"publicado",NA,NA,NA
"dfm_4b","core_longo","sa","principal","2025Q1","vespera",2025-05-29,0.76267710674065,2.53915772846587,192.483284284675,189.886113847882,191.026369893658,"publicado",NA,NA,NA
"dfm_4b","core_longo","sa","principal","2025Q2","m1",2025-04-30,0.691148638022132,1.70471789667255,193.605416690973,193.931369723118,192.276500278065,"nowcast",NA,NA,NA
"dfm_4b","core_longo","sa","principal","2025Q2","m2",2025-05-31,0.955806889853306,2.91476854393067,195.87735914582,196.238703977715,194.022875137366,"publicado",NA,NA,NA
"dfm_4b","core_longo","sa","principal","2025Q2","m3",2025-06-30,1.12038651893829,3.08254170088049,196.196681274061,196.558615175573,194.022875137366,"publicado",NA,NA,NA
"dfm_4b","core_longo","sa","principal","2025Q2","vespera",2025-09-01,0.575981312494744,2.52757277396798,195.140410640122,195.500395985984,194.022875137366,"publicado",NA,NA,NA
"dfm_4b","core_longo","sa","principal","2025Q3","m1",2025-07-31,0.141030822137722,2.82171628784746,196.473379066669,200.607636198781,196.196681274061,"nowcast",NA,NA,NA
"dfm_4b","core_longo","sa","principal","2025Q3","m2",2025-08-31,-0.00533691492627941,2.6714304179045,196.186210424094,200.314424859662,196.196681274061,"nowcast",NA,NA,NA
"dfm_4b","core_longo","sa","principal","2025Q3","m3",2025-09-30,0.155828935060009,1.92936521277465,194.969300873102,198.866637834888,194.665954988519,"publicado",NA,NA,NA
"dfm_4b","core_longo","sa","principal","2025Q3","vespera",2025-12-03,0.364481020203122,2.14171206083229,195.375475447249,199.280931631773,194.665954988519,"publicado",NA,NA,NA
"dfm_4b","core_longo","sa","principal","2025Q4","m1",2025-10-31,0.107061965173272,1.70888422437803,195.178038838101,192.684429896557,194.969300873102,"nowcast",NA,NA,NA
"dfm_4b","core_longo","sa","principal","2025Q4","m2",2025-11-30,0.501150686619267,2.10927879551857,195.946390863124,193.442965399746,194.969300873102,"nowcast",NA,NA,NA
"dfm_4b","core_longo","sa","principal","2025Q4","m3",2025-12-31,0.435265497669368,2.27901560646924,195.645873263048,193.764526695988,194.797984844863,"publicado",NA,NA,NA
"dfm_4b","core_longo","sa","principal","2025Q4","vespera",2026-03-02,0.180887133813723,2.01996746717454,195.150349336376,193.273767767538,194.797984844863,"publicado",NA,NA,NA
"dfm_4b","core_longo","sa","principal","2026Q1","m1",2026-01-31,0.439059766752647,1.64703122418051,196.504875577858,194.161381633962,195.645873263048,"nowcast",NA,NA,NA
"dfm_4b","core_longo","sa","principal","2026Q1","m2",2026-02-28,-0.160703841566279,1.04005431337015,195.331462828848,193.001962866847,195.645873263048,"nowcast",NA,NA,NA
"dfm_4b","core_longo","sa","principal","2026Q1","m3",2026-03-31,0.407676319677397,1.60892728066742,196.433369576428,194.088597271949,195.635808711502,"publicado",NA,NA,NA
"dfm_4b","core_longo","sa","principal","2026Q1","vespera",2026-05-28,0.984464028686793,2.19261552572276,197.561772875497,195.203531124306,195.635808711502,"publicado",NA,NA,NA
"dfm_4b","core_longo","sa","principal","2026Q2","m1",2026-04-30,1.95808697561601,3.2379501952899,200.279705801868,201.500347380918,196.433369576428,"nowcast",NA,NA,NA
"dfm_4b","core_longo","sa","principal","2026Q2","m2",2026-05-31,0.807310012751961,2.33214534415473,198.48838922036,199.732392943448,196.898805448981,"publicado",NA,NA,NA
"dfm_4b","core_longo","sa","principal","2026Q2","m3",2026-06-30,0.960208124261785,2.48735622884051,198.789443775477,200.035334324232,196.898805448981,"publicado",NA,NA,NA
"dfm_4b","core_longo","sa","principal","2026Q2","vespera",2026-08-31,0.41822384282082,1.9371737643382,197.722283199598,198.961485439104,196.898805448981,"publicado",NA,NA,NA
"dfm_4b","core_longo","sa","principal","2026Q3","m1",2026-07-31,0.0851081864610359,2.14110448570459,198.95862986595,202.913926735719,198.789443775477,"nowcast",NA,NA,NA
"dfm_4b","core_longo","sa","principal","2026Q3","m2",2026-08-31,-0.33152118908939,1.16987536193731,197.06679193524,200.984479073526,197.722283199598,"nowcast",NA,NA,NA
"dfm_4b","core_longo","sa","principal","2026Q3","m3",2026-09-30,-0.282863465342753,1.55389782948245,197.735337486123,201.747379643641,198.296245116705,"publicado",NA,NA,NA
"dfm_4b","core_longo","sa","principal","2026Q3","vespera",2026-12-01,-0.282863465342753,1.55389782948245,197.735337486123,201.747379643641,198.296245116705,"publicado",NA,NA,NA
"famidas","core_longo","sa","principal","2019Q1","m1",2019-01-31,0.153986982595278,2.51622814793424,170.861731718834,169.581626988716,170.599031418017,"ultimo_qoq",NA,NA,NA
"famidas","core_longo","sa","principal","2019Q1","m2",2019-02-28,0.408901830340525,1.76341839499341,170.016235923675,168.336334365069,169.323867530141,"publicado",NA,NA,NA
"famidas","core_longo","sa","principal","2019Q1","m3",2019-03-31,1.00308678216483,2.36561890465214,171.022332864386,169.332490232743,169.323867530141,"publicado",NA,NA,NA
"famidas","core_longo","sa","principal","2019Q1","vespera",2019-05-29,-0.350624721855031,0.993645825985712,168.730176190579,167.062981969825,169.323867530141,"publicado",NA,NA,NA
"famidas","core_longo","sa","principal","2019Q2","m1",2019-04-30,0.656201104505461,2.13916592652861,172.144583301593,171.299025123704,171.022332864386,"nowcast",NA,NA,NA
"famidas","core_longo","sa","principal","2019Q2","m2",2019-05-31,0.340768506884603,0.10979296257001,168.985000695165,167.895535314628,168.411108674706,"publicado",NA,NA,NA
"famidas","core_longo","sa","principal","2019Q2","m3",2019-06-30,0.625079791805039,0.393449788143907,169.463812482186,168.371260147993,168.411108674706,"publicado",NA,NA,NA
"famidas","core_longo","sa","principal","2019Q2","vespera",2019-08-28,0.376927402089411,0.145868623207002,169.045896291464,167.956038310141,168.411108674706,"publicado",NA,NA,NA
"famidas","core_longo","sa","principal","2019Q3","m1",2019-07-31,0.55200628987373,0.778154851772483,170.399263386148,173.067534664807,169.463812482186,"nowcast",NA,NA,NA
"famidas","core_longo","sa","principal","2019Q3","m2",2019-08-31,0.278580480254664,1.0694478345695,170.841302132475,173.56777559968,170.366693778752,"publicado",NA,NA,NA
"famidas","core_longo","sa","principal","2019Q3","m3",2019-09-30,0.395217816216253,1.18700505452694,171.040013305464,173.7696580242,170.366693778752,"publicado",NA,NA,NA
"famidas","core_longo","sa","principal","2019Q3","vespera",2019-12-02,0.749263845213854,1.54384333930753,171.643189819522,174.382460692713,170.366693778752,"publicado",NA,NA,NA
"famidas","core_longo","sa","principal","2019Q4","m1",2019-10-31,0.754201425944201,1.81604405136297,172.329999524749,172.24016540081,171.040013305464,"nowcast",NA,NA,NA
"famidas","core_longo","sa","principal","2019Q4","m2",2019-11-30,0.38665121094692,1.44462024618541,171.701341588114,171.611835178067,171.040013305464,"nowcast",NA,NA,NA
"famidas","core_longo","sa","principal","2019Q4","m3",2019-12-31,0.957626849470095,1.75694203679615,172.39282690533,172.140183704807,170.757606220649,"publicado",NA,NA,NA
"famidas","core_longo","sa","principal","2019Q4","vespera",2020-03-03,-0.0497042502196843,0.741635560982989,170.672732432784,170.422610045804,170.757606220649,"publicado",NA,NA,NA
"famidas","core_longo","sa","principal","2020Q1","m1",2020-01-31,0.608534510724268,2.67276280856259,173.441896751062,171.371313749297,172.39282690533,"nowcast",NA,NA,NA
"famidas","core_longo","sa","principal","2020Q1","m2",2020-02-29,0.77161473632601,2.8391890208457,173.723035362101,171.649096073072,172.39282690533,"nowcast",NA,NA,NA
"famidas","core_longo","sa","principal","2020Q1","m3",2020-03-31,0.171844772621754,2.13174718301405,172.418841488581,170.468303486663,172.123057012628,"publicado",NA,NA,NA
"famidas","core_longo","sa","principal","2020Q1","vespera",2020-05-28,-0.615774906252109,1.32871740851301,171.06316641967,169.127964883984,172.123057012628,"publicado",NA,NA,NA
"famidas","core_longo","sa","principal","2020Q2","m1",2020-04-30,-4.47462047394781,-3.2548392707757,164.703752706389,164.155157076972,172.418841488581,"nowcast",NA,NA,NA
"famidas","core_longo","sa","principal","2020Q2","m2",2020-05-31,-13.8940625126252,-14.2607646397383,146.307777983473,145.480534035349,169.916015379224,"publicado",NA,NA,NA
"famidas","core_longo","sa","principal","2020Q2","m3",2020-06-30,-11.6613151979864,-12.0375259979446,150.101573253994,149.252878674734,169.916015379224,"publicado",NA,NA,NA
"famidas","core_longo","sa","principal","2020Q2","vespera",2020-08-31,-5.01248599901701,-5.41701238186317,161.398998898253,160.486427147715,169.916015379224,"publicado",NA,NA,NA
"famidas","core_longo","sa","principal","2020Q3","m1",2020-07-31,-2.92297779892836,-14.7259658500031,145.714137591937,148.066933580893,150.101573253994,"nowcast",NA,NA,NA
"famidas","core_longo","sa","principal","2020Q3","m2",2020-08-31,-1.4548223160942,-6.92108067629183,159.050930244328,161.61907083043,161.398998898253,"nowcast",NA,NA,NA
"famidas","core_longo","sa","principal","2020Q3","m3",2020-09-30,7.19495365565874,-3.85977004225865,164.256320720514,166.934626530804,153.23139300769,"publicado",NA,NA,NA
"famidas","core_longo","sa","principal","2020Q3","vespera",2020-12-02,10.0991423526978,-1.25508241796144,168.706449516558,171.457317562254,153.23139300769,"publicado",NA,NA,NA
"famidas","core_longo","sa","principal","2020Q4","m1",2020-10-31,6.83276092659808,2.2602309178799,175.479562422172,175.921854356111,164.256320720514,"nowcast",NA,NA,NA
"famidas","core_longo","sa","principal","2020Q4","m2",2020-11-30,4.04902633432487,-0.404357544975009,170.90710240228,171.337869562865,164.256320720514,"nowcast",NA,NA,NA
"famidas","core_longo","sa","principal","2020Q4","m3",2020-12-31,3.95946759610535,0.269638020907847,171.892305698616,172.497367724699,165.345504044362,"publicado",NA,NA,NA
"famidas","core_longo","sa","principal","2020Q4","vespera",2021-03-02,3.04660378475565,-0.610825548625193,170.382926428501,170.982675429806,165.345504044362,"publicado",NA,NA,NA
"famidas","core_longo","sa","principal","2021Q1","m1",2021-01-31,-1.18354455445813,-0.749493943018564,169.857883674987,166.345039157574,171.892305698616,"nowcast",NA,NA,NA
"famidas","core_longo","sa","principal","2021Q1","m2",2021-02-28,-3.40976383529952,-2.9854918769769,166.031184023242,162.597479788284,171.892305698616,"nowcast",NA,NA,NA
"famidas","core_longo","sa","principal","2021Q1","m3",2021-03-31,0.128029543609109,0.200688118527914,170.951608814825,167.93755569491,170.73302010839,"publicado",NA,NA,NA
"famidas","core_longo","sa","principal","2021Q1","vespera",2021-05-31,-0.0465914700664039,0.0259403899449007,170.653473084433,167.644676404832,170.73302010839,"publicado",NA,NA,NA
"famidas","core_longo","sa","principal","2021Q2","m1",2021-04-30,0.942392730425179,12.7227326822437,172.562644348841,171.875677498241,170.951608814825,"nowcast",NA,NA,NA
"famidas","core_longo","sa","principal","2021Q2","m2",2021-05-31,0.83044206854983,12.4013491099747,172.070651316367,171.38564307567,170.653473084433,"nowcast",NA,NA,NA
"famidas","core_longo","sa","principal","2021Q2","m3",2021-06-30,1.37747228858351,14.605722979738,175.581571287501,174.7467951992,173.195846497027,"publicado",NA,NA,NA
"famidas","core_longo","sa","principal","2021Q2","vespera",2021-08-31,0.806601179210009,13.9603616904788,174.592846237215,173.762770892983,173.195846497027,"publicado",NA,NA,NA
"famidas","core_longo","sa","principal","2021Q3","m1",2021-07-31,1.24694460638421,7.36450114143348,177.770976220475,180.76477916928,175.581571287501,"nowcast",NA,NA,NA
"famidas","core_longo","sa","principal","2021Q3","m2",2021-08-31,1.76422417122049,7.30536203528684,177.673055431754,180.665209317521,174.592846237215,"nowcast",NA,NA,NA
"famidas","core_longo","sa","principal","2021Q3","m3",2021-09-30,1.65559990130344,5.68839791329301,175.125925479911,177.942799588705,172.273761258543,"publicado",NA,NA,NA
"famidas","core_longo","sa","principal","2021Q3","vespera",2021-12-01,0.722905286594488,4.71870219887442,173.519137386096,176.310166550646,172.273761258543,"publicado",NA,NA,NA
"famidas","core_longo","sa","principal","2021Q4","m1",2021-10-31,0.119109489736391,2.69228618114821,175.334517076146,176.075269655621,175.125925479911,"nowcast",NA,NA,NA
"famidas","core_longo","sa","principal","2021Q4","m2",2021-11-30,-0.381535839064706,2.17877368945183,174.457757310712,175.194805758971,175.125925479911,"nowcast",NA,NA,NA
"famidas","core_longo","sa","principal","2021Q4","m3",2021-12-31,-0.358562434581688,0.886583606547386,172.134744795413,172.979228272534,172.754176376069,"publicado",NA,NA,NA
"famidas","core_longo","sa","principal","2021Q4","vespera",2022-03-03,0.246127800482432,1.4988302124417,173.179372430625,174.028980792781,172.754176376069,"publicado",NA,NA,NA
"famidas","core_longo","sa","principal","2022Q1","m1",2022-01-31,0.0320223809176623,-0.194373270590054,172.189866439083,170.202327875479,172.134744795413,"nowcast",NA,NA,NA
"famidas","core_longo","sa","principal","2022Q1","m2",2022-02-28,0.975898578313106,0.74736671620439,173.814605322655,171.808312861079,172.134744795413,"nowcast",NA,NA,NA
"famidas","core_longo","sa","principal","2022Q1","m3",2022-03-31,0.298055329542413,0.598707516517027,173.574511752588,171.554798678802,173.05870107081,"publicado",NA,NA,NA
"famidas","core_longo","sa","principal","2022Q1","vespera",2022-06-01,1.96212925414179,2.26776964814668,176.454336471358,174.401113756231,173.05870107081,"publicado",NA,NA,NA
"famidas","core_longo","sa","principal","2022Q2","m1",2022-04-30,0.829742361276531,1.16375511138576,175.014733004979,173.372723726056,173.574511752588,"nowcast",NA,NA,NA
"famidas","core_longo","sa","principal","2022Q2","m2",2022-05-31,0.449172697090128,0.781924756482844,174.354161068489,172.718349354939,173.574511752588,"nowcast",NA,NA,NA
"famidas","core_longo","sa","principal","2022Q2","m3",2022-06-30,0.917890317583181,1.96422220921169,176.346462336163,174.744550630369,174.742517685626,"publicado",NA,NA,NA
"famidas","core_longo","sa","principal","2022Q2","vespera",2022-08-31,1.64417449461649,2.69803661001824,177.615589592664,176.002149275627,174.742517685626,"publicado",NA,NA,NA
"famidas","core_longo","sa","principal","2022Q3","m1",2022-07-31,-0.520666767734723,1.49594493024729,175.428284910703,178.083465527328,176.346462336163,"nowcast",NA,NA,NA
"famidas","core_longo","sa","principal","2022Q3","m2",2022-08-31,0.216714908820204,2.9841332249783,178.0005090557,180.694621362815,177.615589592664,"nowcast",NA,NA,NA
"famidas","core_longo","sa","principal","2022Q3","m3",2022-09-30,0.388483106345983,3.783799179197,179.184127515981,182.09770485043,178.490721217655,"publicado",NA,NA,NA
"famidas","core_longo","sa","principal","2022Q3","vespera",2022-11-30,0.376650101365739,3.77156596105728,179.16300670005,182.076240604914,178.490721217655,"publicado",NA,NA,NA
"famidas","core_longo","sa","principal","2022Q4","m1",2022-10-31,-0.973008104798434,2.27312685668337,177.440651432738,177.914331479886,179.184127515981,"nowcast",NA,NA,NA
"famidas","core_longo","sa","principal","2022Q4","m2",2022-11-30,0.0614501020970604,3.32931383594222,179.273102550587,179.751674349005,179.16300670005,"nowcast",NA,NA,NA
"famidas","core_longo","sa","principal","2022Q4","m3",2022-12-31,-0.412306502021142,3.37150791168779,179.339394550184,179.825075163172,180.081883866327,"publicado",NA,NA,NA
"famidas","core_longo","sa","principal","2022Q4","vespera",2023-03-01,-0.329656656175903,3.45729802182688,179.488231949595,179.97431563877,180.081883866327,"publicado",NA,NA,NA
"famidas","core_longo","sa","principal","2023Q1","m1",2023-01-31,0.379545876876852,2.66356871240028,180.020069827815,177.655712431904,179.339394550184,"nowcast",NA,NA,NA
"famidas","core_longo","sa","principal","2023Q1","m2",2023-02-28,0.0368672061156206,2.31309277674381,179.405511974419,177.049226091908,179.339394550184,"nowcast",NA,NA,NA
"famidas","core_longo","sa","principal","2023Q1","m3",2023-03-31,0.560758652996407,3.12975592400624,180.128728793212,178.462433085035,179.124273927546,"publicado",NA,NA,NA
"famidas","core_longo","sa","principal","2023Q1","vespera",2023-05-31,1.88502687856014,4.48785485553447,182.500814637106,180.812575752582,179.124273927546,"publicado",NA,NA,NA
"famidas","core_longo","sa","principal","2023Q2","m1",2023-04-30,1.23828938828927,2.14562324735421,182.359243727118,181.259144928025,180.128728793212,"nowcast",NA,NA,NA
"famidas","core_longo","sa","principal","2023Q2","m2",2023-05-31,1.36852560776064,3.62389616989822,184.998385019786,183.882365359719,182.500814637106,"nowcast",NA,NA,NA
"famidas","core_longo","sa","principal","2023Q2","m3",2023-06-30,0.526183904586519,2.75534497485355,183.516841235945,182.341106498742,182.556259581213,"publicado",NA,NA,NA
"famidas","core_longo","sa","principal","2023Q2","vespera",2023-08-31,0.851631312810919,3.08800915650604,184.110965851303,182.931424744376,182.556259581213,"publicado",NA,NA,NA
"famidas","core_longo","sa","principal","2023Q3","m1",2023-07-31,0.0503374065389028,1.73124019688373,183.609218854385,186.210591487459,183.516841235945,"nowcast",NA,NA,NA
"famidas","core_longo","sa","principal","2023Q3","m2",2023-08-31,0.868404348394969,2.89509277244635,185.709793484628,188.340927027263,184.110965851303,"nowcast",NA,NA,NA
"famidas","core_longo","sa","principal","2023Q3","m3",2023-09-30,-0.7055986695503,1.69051115584571,183.73581487265,186.13604035835,185.04146498772,"publicado",NA,NA,NA
"famidas","core_longo","sa","principal","2023Q3","vespera",2023-12-04,-0.151606084323996,2.25787234049826,184.760930868276,187.174547915878,185.04146498772,"publicado",NA,NA,NA
"famidas","core_longo","sa","principal","2023Q4","m1",2023-10-31,0.170457302232263,2.56119905298233,184.049005985917,183.221889904987,183.73581487265,"nowcast",NA,NA,NA
"famidas","core_longo","sa","principal","2023Q4","m2",2023-11-30,0.329211340048308,2.72374203133563,184.340694010941,183.512267084268,183.73581487265,"nowcast",NA,NA,NA
"famidas","core_longo","sa","principal","2023Q4","m3",2023-12-31,0.269167126917713,3.2113240127752,185.350153653006,184.383314741158,184.852591244121,"publicado",NA,NA,NA
"famidas","core_longo","sa","principal","2023Q4","vespera",2024-02-29,0.948379596574611,3.91046633426813,186.60569550322,185.632307329382,184.852591244121,"publicado",NA,NA,NA
"famidas","core_longo","sa","principal","2024Q1","m1",2024-01-31,0.997449249841886,2.00511666130612,187.198927370198,184.361191710378,185.350153653006,"nowcast",NA,NA,NA
"famidas","core_longo","sa","principal","2024Q1","m2",2024-02-29,0.453344657478771,2.14283257722447,187.451662454335,184.610095600763,186.60569550322,"nowcast",NA,NA,NA
"famidas","core_longo","sa","principal","2024Q1","m3",2024-03-31,0.958232192540787,1.37721677777827,186.045926372278,183.226343042087,184.280095175858,"publicado",NA,NA,NA
"famidas","core_longo","sa","principal","2024Q1","vespera",2024-06-03,1.38859388218258,1.80936450220019,186.83899730355,184.007394739071,184.280095175858,"publicado",NA,NA,NA
"famidas","core_longo","sa","principal","2024Q2","m1",2024-04-30,0.405778976584648,1.52319436694255,186.800861628289,187.091105030371,186.045926372278,"nowcast",NA,NA,NA
"famidas","core_longo","sa","principal","2024Q2","m2",2024-05-31,1.0234337598561,2.14772302707438,187.949983191609,188.242012050937,186.045926372278,"nowcast",NA,NA,NA
"famidas","core_longo","sa","principal","2024Q2","m3",2024-06-30,0.462147310001981,2.12091727574071,187.446578775485,188.192613313343,186.584284523672,"publicado",NA,NA,NA
"famidas","core_longo","sa","principal","2024Q2","vespera",2024-09-02,1.31633568965268,2.98920949516777,189.04036005214,189.792737815284,186.584284523672,"publicado",NA,NA,NA
"famidas","core_longo","sa","principal","2024Q3","m1",2024-07-31,1.2031522622638,3.16212820710389,189.701846528558,193.276723087086,187.446578775485,"nowcast",NA,NA,NA
"famidas","core_longo","sa","principal","2024Q3","m2",2024-08-31,1.39775201882422,3.36049480524436,190.066617114536,193.648367669501,187.446578775485,"nowcast",NA,NA,NA
"famidas","core_longo","sa","principal","2024Q3","m3",2024-09-30,0.801853255817253,3.89731539161258,190.959043716786,194.654113921756,189.440012806278,"publicado",NA,NA,NA
"famidas","core_longo","sa","principal","2024Q3","vespera",2024-12-02,1.22833216359286,4.33689077795574,191.766965414292,195.477668957879,189.440012806278,"publicado",NA,NA,NA
"famidas","core_longo","sa","principal","2024Q4","m1",2024-10-31,0.613513418864131,4.35989476946621,192.130603074523,190.873412654196,190.959043716786,"nowcast",NA,NA,NA
"famidas","core_longo","sa","principal","2024Q4","m2",2024-11-30,0.89796850058399,4.65494164126503,192.673795778379,191.413051022341,190.959043716786,"nowcast",NA,NA,NA
"famidas","core_longo","sa","principal","2024Q4","m3",2024-12-31,0.476648300964211,4.43191158462877,192.220902838877,191.005130832993,191.309031590211,"publicado",NA,NA,NA
"famidas","core_longo","sa","principal","2024Q4","vespera",2025-03-06,0.238113125049288,4.18398647145861,191.764563503832,190.551677784406,191.309031590211,"publicado",NA,NA,NA
"famidas","core_longo","sa","principal","2025Q1","m1",2025-01-31,-0.17835860711457,2.25919746470167,191.87806031399,189.367672233033,192.220902838877,"nowcast",NA,NA,NA
"famidas","core_longo","sa","principal","2025Q1","m2",2025-02-28,-0.272756003484487,2.16249496751917,191.696608786432,189.188594680651,192.220902838877,"nowcast",NA,NA,NA
"famidas","core_longo","sa","principal","2025Q1","m3",2025-03-31,0.510479812120335,2.28251410888072,192.001520947791,189.41085092739,191.026369893658,"publicado",NA,NA,NA
"famidas","core_longo","sa","principal","2025Q1","vespera",2025-05-29,0.620983054945845,2.39496556184864,192.212611281176,189.619093026054,191.026369893658,"publicado",NA,NA,NA
"famidas","core_longo","sa","principal","2025Q2","m1",2025-04-30,0.426301314661237,1.29213675855875,192.820025955761,193.144656708314,192.001520947791,"nowcast",NA,NA,NA
"famidas","core_longo","sa","principal","2025Q2","m2",2025-05-31,0.256898426474272,2.20229835565784,194.521316850594,194.880160122955,194.022875137366,"publicado",NA,NA,NA
"famidas","core_longo","sa","principal","2025Q2","m3",2025-06-30,0.326694025359431,2.27344827883649,194.65673627827,195.015829365672,194.022875137366,"publicado",NA,NA,NA
"famidas","core_longo","sa","principal","2025Q2","vespera",2025-09-01,0.586302923783144,2.53809466735351,195.160436927104,195.520459216467,194.022875137366,"publicado",NA,NA,NA
"famidas","core_longo","sa","principal","2025Q3","m1",2025-07-31,-0.0734859496770435,1.79613969896646,194.513690927006,198.606711660036,194.65673627827,"nowcast",NA,NA,NA
"famidas","core_longo","sa","principal","2025Q3","m2",2025-08-31,-0.391115321080948,1.47256748020934,193.89540395917,197.975414495508,194.65673627827,"nowcast",NA,NA,NA
"famidas","core_longo","sa","principal","2025Q3","m3",2025-09-30,0.0928980950206881,1.86532000796014,194.846795952357,198.74168410321,194.665954988519,"publicado",NA,NA,NA
"famidas","core_longo","sa","principal","2025Q3","vespera",2025-12-03,0.311051684236507,2.08733661052924,195.271466720146,199.174843823221,194.665954988519,"publicado",NA,NA,NA
"famidas","core_longo","sa","principal","2025Q4","m1",2025-10-31,0.245349635333825,1.78538969751953,195.324851855686,192.82936722026,194.846795952357,"nowcast",NA,NA,NA
"famidas","core_longo","sa","principal","2025Q4","m2",2025-11-30,0.13307320358602,1.67138839570484,195.106084825816,192.613395174011,194.846795952357,"nowcast",NA,NA,NA
"famidas","core_longo","sa","principal","2025Q4","m3",2025-12-31,0.483453411141554,2.32808813422771,195.739742347431,193.85749312765,194.797984844863,"publicado",NA,NA,NA
"famidas","core_longo","sa","principal","2025Q4","vespera",2026-03-02,0.30434967266979,2.14569648153919,195.390851874106,193.511957613382,194.797984844863,"publicado",NA,NA,NA
"famidas","core_longo","sa","principal","2026Q1","m1",2026-01-31,1.21279667896019,2.47921880410371,198.113667442025,195.750987236315,195.739742347431,"nowcast",NA,NA,NA
"famidas","core_longo","sa","principal","2026Q1","m2",2026-02-28,0.149592054454617,1.4027108631776,196.032553449392,193.694692363431,195.739742347431,"nowcast",NA,NA,NA
"famidas","core_longo","sa","principal","2026Q1","m3",2026-03-31,0.401744002643545,1.60292399095698,196.421763840024,194.077130070098,195.635808711502,"publicado",NA,NA,NA
"famidas","core_longo","sa","principal","2026Q1","vespera",2026-05-28,0.859491993744088,2.06614835831036,197.317282824274,194.961959485072,195.635808711502,"publicado",NA,NA,NA
"famidas","core_longo","sa","principal","2026Q2","m1",2026-04-30,1.26351252503494,2.52859888108121,198.903577428037,200.115831939089,196.421763840024,"nowcast",NA,NA,NA
"famidas","core_longo","sa","principal","2026Q2","m2",2026-05-31,0.789937040983868,2.31450958468644,198.454182046477,199.697971379939,196.898805448981,"publicado",NA,NA,NA
"famidas","core_longo","sa","principal","2026Q2","m3",2026-06-30,1.04428387228499,2.57270372661165,198.954987919006,200.201915997119,196.898805448981,"publicado",NA,NA,NA
"famidas","core_longo","sa","principal","2026Q2","vespera",2026-08-31,1.05308595355107,2.58163895025108,198.972319111874,200.219355811295,196.898805448981,"publicado",NA,NA,NA
"famidas","core_longo","sa","principal","2026Q3","m1",2026-07-31,-0.191095857688273,1.94405094129733,198.574793178429,202.522459376185,198.954987919006,"nowcast",NA,NA,NA
"famidas","core_longo","sa","principal","2026Q3","m2",2026-08-31,-0.234538144123209,1.9085559180845,198.50565312731,202.45194482109,198.972319111874,"nowcast",NA,NA,NA
"famidas","core_longo","sa","principal","2026Q3","m3",2026-09-30,0.113251930702063,1.95730955846487,198.520819442809,202.548798998085,198.296245116705,"publicado",NA,NA,NA
"famidas","core_longo","sa","principal","2026Q3","vespera",2026-12-01,1.08475145161719,2.94670382425504,200.447266514111,204.51433360408,198.296245116705,"publicado",NA,NA,NA
"focus","nenhum","nsa","principal","2015Q1","m1",2015-01-31,1.40411571729888,-0.2,177.40995471515,173.1002058,174.953406437412,"focus_t1",NA,NA,2015-01-30
"focus","nenhum","nsa","principal","2015Q1","m2",2015-02-28,1.09868040223891,-0.800000000000001,176.343361801031,172.0595232,174.426966899486,"focus_t1",NA,NA,2015-02-27
"focus","nenhum","nsa","principal","2015Q1","m3",2015-03-31,0.33881152983346,-1.18999999999999,175.606426277838,171.38307951,175.013460494921,"publicado",NA,NA,2015-03-31
"focus","nenhum","nsa","principal","2015Q1","vespera",2015-05-28,0.0341698593653739,-1.49,175.073262348243,170.86273821,175.013460494921,"publicado",NA,NA,2015-05-28
"focus","nenhum","nsa","principal","2015Q2","m1",2015-04-30,-1.9247873106776,-1.1,171.860344907554,172.052374,175.233211527121,"focus_t1",NA,NA,2015-04-30
"focus","nenhum","nsa","principal","2015Q2","m2",2015-05-31,-1.74163986585034,-1.2,171.703596944289,171.878408,174.747061430566,"publicado",NA,NA,2015-05-29
"focus","nenhum","nsa","principal","2015Q2","m3",2015-06-30,-1.85103682551387,-1.31,171.512428971983,171.6870454,174.747061430566,"publicado",NA,NA,2015-06-30
"focus","nenhum","nsa","principal","2015Q2","vespera",2015-08-27,-2.58698000870486,-2.05000000000001,170.226389885558,170.399697,174.747061430566,"publicado",NA,NA,2015-08-27
"focus","nenhum","nsa","principal","2015Q3","m1",2015-07-31,0.133567864545525,-2,170.714789427537,173.730578,170.487073484158,"focus_t1",NA,NA,2015-07-31
"focus","nenhum","nsa","principal","2015Q3","m2",2015-08-31,-0.378839217061389,-2.66,169.808412897157,172.56055574,170.454160102739,"publicado",NA,NA,2015-08-31
"focus","nenhum","nsa","principal","2015Q3","m3",2015-09-30,-1.4432115944423,-3.7,167.994145900927,170.7168843,170.454160102739,"publicado",NA,NA,2015-09-30
"focus","nenhum","nsa","principal","2015Q3","vespera",2015-11-30,-1.85258558574263,-4.1,167.296350902377,170.0077799,170.454160102739,"publicado",NA,NA,2015-11-30
"focus","nenhum","nsa","principal","2015Q4","m1",2015-10-31,-0.0241740072723595,-4.14,167.569840511435,168.57776638,167.610358651725,"focus_t1",NA,NA,2015-10-30
"focus","nenhum","nsa","principal","2015Q4","m2",2015-11-30,-0.170889735316704,-4.46,167.010458611125,168.01501982,167.296350902377,"focus_t1",NA,NA,2015-11-30
"focus","nenhum","nsa","principal","2015Q4","m3",2015-12-31,-0.984160928867772,-5.33000000000001,165.50845027853,166.48505261,167.153509813344,"publicado",NA,NA,2015-12-31
"focus","nenhum","nsa","principal","2015Q4","vespera",2016-03-02,-1.50711349605448,-5.83,164.634316707818,165.60576111,167.153509813344,"publicado",NA,NA,2016-03-02
"focus","nenhum","nsa","principal","2016Q1","m1",2016-01-31,0.560167881524176,-5,165.960899157642,162.106385,165.036418150346,"focus_t1",NA,NA,2016-01-29
"focus","nenhum","nsa","principal","2016Q1","m2",2016-02-29,0.253926345684352,-5.50000000000001,165.087420741023,161.2531935,164.669282050647,"focus_t1",NA,NA,2016-02-29
"focus","nenhum","nsa","principal","2016Q1","m3",2016-03-31,-0.252324874125009,-5.76000000000001,164.680672671571,160.80953392,165.097254110188,"publicado",NA,NA,2016-03-31
"focus","nenhum","nsa","principal","2016Q1","vespera",2016-05-31,-0.506351211457468,-6.00000000000001,164.261282163918,160.400002,165.097254110188,"publicado",NA,NA,2016-05-31
"focus","nenhum","nsa","principal","2016Q2","m1",2016-04-30,-1.72848365195591,-4.4,161.422052755222,161.7539572,164.261282163918,"focus_t1",NA,NA,2016-04-29
"focus","nenhum","nsa","principal","2016Q2","m2",2016-05-31,-1.72848365195591,-4.4,161.422052755222,161.7539572,164.261282163918,"focus_t1",NA,NA,2016-05-31
"focus","nenhum","nsa","principal","2016Q2","m3",2016-06-30,-1.80169327912734,-3.99,162.155107082103,162.44767187,165.130247655926,"publicado",NA,NA,2016-06-30
"focus","nenhum","nsa","principal","2016Q2","vespera",2016-08-30,-1.49485553288986,-3.69,162.661789012367,162.95526797,165.130247655926,"publicado",NA,NA,2016-08-30
"focus","nenhum","nsa","principal","2016Q3","m1",2016-07-31,0.284294161664311,-2.63999999999999,163.005665089059,165.23851576,162.543563228638,"focus_t1",NA,NA,2016-07-29
"focus","nenhum","nsa","principal","2016Q3","m2",2016-08-31,-0.236915695063644,-2.54,163.215986156213,165.40823486,163.603588735615,"publicado",NA,NA,2016-08-31
"focus","nenhum","nsa","principal","2016Q3","m3",2016-09-30,-0.195970452172234,-2.5,163.282974043,165.4761225,163.603588735615,"publicado",NA,NA,2016-09-30
"focus","nenhum","nsa","principal","2016Q3","vespera",2016-11-29,-0.707785988314957,-3,162.445625458164,164.627527,163.603588735615,"publicado",NA,NA,2016-11-29
"focus","nenhum","nsa","principal","2016Q4","m1",2016-10-31,0.337982930845326,-1.28000000000001,163.498771152192,164.02495824,162.948034609065,"focus_t1",NA,NA,2016-10-31
"focus","nenhum","nsa","principal","2016Q4","m2",2016-11-30,-0.403494190948051,-1.73999999999999,162.621893287358,163.26066042,163.280721513603,"publicado",NA,NA,2016-11-30
"focus","nenhum","nsa","principal","2016Q4","m3",2016-12-31,-0.667030640269795,-2,162.191589071454,162.828666,163.280721513603,"publicado",NA,NA,2016-12-30
"focus","nenhum","nsa","principal","2016Q4","vespera",2017-03-06,-0.778526830367443,-2.11,162.009537287802,162.64589913,163.280721513603,"publicado",NA,NA,2017-03-06
"focus","nenhum","nsa","principal","2017Q1","m1",2017-01-31,-0.577062271834106,-1,161.239187945426,160.251795,162.175038909304,"focus_t1",NA,NA,2017-01-31
"focus","nenhum","nsa","principal","2017Q1","m2",2017-02-28,-0.576129806729575,-1.09000000000001,161.092606865475,160.10611155,162.026087449952,"focus_t1",NA,NA,2017-02-24
"focus","nenhum","nsa","principal","2017Q1","m3",2017-03-31,0.00342194947977603,-1,161.772690433009,160.251795,161.767154842695,"publicado",NA,NA,2017-03-31
"focus","nenhum","nsa","principal","2017Q1","vespera",2017-05-31,0.356969400816332,-0.649999999999995,162.344614086055,160.81834175,161.767154842695,"publicado",NA,NA,2017-05-31
"focus","nenhum","nsa","principal","2017Q2","m1",2017-04-30,2.15651592877493,0,165.261344270604,163.753,161.772690433009,"focus_t1",NA,NA,2017-04-28
"focus","nenhum","nsa","principal","2017Q2","m2",2017-05-31,1.79662885705805,0,165.261344270604,163.753,162.344614086055,"focus_t1",NA,NA,2017-05-31
"focus","nenhum","nsa","principal","2017Q2","m3",2017-06-30,1.38580417441208,-0.2,165.264333647441,163.425494,163.005398036928,"publicado",NA,NA,2017-06-30
"focus","nenhum","nsa","principal","2017Q2","vespera",2017-08-31,1.58898213868945,0,165.595524696834,163.753,163.005398036928,"publicado",NA,NA,2017-08-31
"focus","nenhum","nsa","principal","2017Q3","m1",2017-07-31,-0.850026266139936,0.499999999999989,163.859543402876,166.3816695,165.264333647441,"focus_t1",NA,NA,2017-07-31
"focus","nenhum","nsa","principal","2017Q3","m2",2017-08-31,-0.940020899015592,0.609999999999999,164.03889215685,166.56377879,165.595524696834,"focus_t1",NA,NA,2017-08-31
"focus","nenhum","nsa","principal","2017Q3","m3",2017-09-30,-0.77152199663254,1.01,164.758893202179,167.22599439,166.039927768103,"publicado",NA,NA,2017-09-29
"focus","nenhum","nsa","principal","2017Q3","vespera",2017-11-30,-0.683109334318888,1.09999999999999,164.905693522823,167.3749929,166.039927768103,"publicado",NA,NA,2017-11-30
"focus","nenhum","nsa","principal","2017Q4","m1",2017-10-31,0.329290654746517,1.94000000000001,165.448712560738,165.54525912,164.905693522823,"focus_t1",NA,NA,2017-10-31
"focus","nenhum","nsa","principal","2017Q4","m2",2017-11-30,0.388342620994142,2,165.546092615218,165.642696,164.905693522823,"focus_t1",NA,NA,2017-11-30
"focus","nenhum","nsa","principal","2017Q4","m3",2017-12-31,0.00645686964766412,2.14000000000001,165.842676549403,165.87004872,165.831968995331,"publicado",NA,NA,2017-12-29
"focus","nenhum","nsa","principal","2017Q4","vespera",2018-02-28,0.261025880672805,2.4,166.264833352838,166.2922752,165.831968995331,"publicado",NA,NA,2018-02-28
"focus","nenhum","nsa","principal","2018Q1","m1",2018-01-31,1.6325114678257,2.09999999999999,168.649088469159,165.735867,165.940097350196,"focus_t1",NA,NA,2018-01-31
"focus","nenhum","nsa","principal","2018Q1","m2",2018-02-28,1.49361909401824,2.16000000000001,168.748196650434,165.8332632,166.264833352838,"focus_t1",NA,NA,2018-02-28
"focus","nenhum","nsa","principal","2018Q1","m3",2018-03-31,1.17805216204541,2.15000000000001,168.63517954332,165.8170305,166.671699978209,"publicado",NA,NA,2018-03-29
"focus","nenhum","nsa","principal","2018Q1","vespera",2018-05-29,0.435188342940829,1.4,167.397035787495,164.599578,166.671699978209,"publicado",NA,NA,2018-05-29
"focus","nenhum","nsa","principal","2018Q2","m1",2018-04-30,0.36540921934789,2.59,168.754320817532,169.31710075,168.13992204099,"focus_t1",NA,NA,2018-04-30
"focus","nenhum","nsa","principal","2018Q2","m2",2018-05-31,-0.0496923379469494,2.2,168.074178882181,168.673435,168.157740394822,"publicado",NA,NA,2018-05-30
"focus","nenhum","nsa","principal","2018Q2","m3",2018-06-30,-1.00811994566526,1.22,166.462508673722,167.0560185,168.157740394822,"publicado",NA,NA,2018-06-29
"focus","nenhum","nsa","principal","2018Q2","vespera",2018-08-30,-1.12547842824303,1.09999999999999,166.265161301257,166.8579675,168.157740394822,"publicado",NA,NA,2018-08-30
"focus","nenhum","nsa","principal","2018Q3","m1",2018-07-31,1.26226215932586,1.49999999999999,168.363863516505,170.794253,166.265161301257,"focus_t1",NA,NA,2018-07-31
"focus","nenhum","nsa","principal","2018Q3","m2",2018-08-31,0.691653624913213,1.49999999999999,168.470488690707,170.794253,167.313260459776,"publicado",NA,NA,2018-08-31
"focus","nenhum","nsa","principal","2018Q3","m3",2018-09-30,0.671812904987124,1.47999999999999,168.437292535299,170.76059896,167.313260459776,"publicado",NA,NA,2018-09-28
"focus","nenhum","nsa","principal","2018Q3","vespera",2018-11-29,0.691653624913213,1.49999999999999,168.470488690707,170.794253,167.313260459776,"publicado",NA,NA,2018-11-29
"focus","nenhum","nsa","principal","2018Q4","m1",2018-10-31,0.819239081296752,1.77,169.850664774512,169.52683768,168.470488690707,"focus_t1",NA,NA,2018-10-31
"focus","nenhum","nsa","principal","2018Q4","m2",2018-11-30,0.320233266426007,1.8,169.718956215407,169.5768112,169.177194559222,"publicado",NA,NA,2018-11-30
"focus","nenhum","nsa","principal","2018Q4","m3",2018-12-31,0.290669346995842,1.77,169.668940805913,169.52683768,169.177194559222,"publicado",NA,NA,2018-12-31
"focus","nenhum","nsa","principal","2018Q4","vespera",2019-02-27,-0.0640976861663756,1.41,169.068755891988,168.92715544,169.177194559222,"publicado",NA,NA,2019-02-27
"focus","nenhum","nsa","principal","2019Q1","m1",2019-01-31,0.491375557228779,2.15000000000001,170.251346644288,168.97581495,169.418863758444,"focus_t1",NA,NA,2019-01-31
"focus","nenhum","nsa","principal","2019Q1","m2",2019-02-28,0.49433099550158,1.85,170.160887890125,168.47955705,169.323867530141,"publicado",NA,NA,2019-02-28
"focus","nenhum","nsa","principal","2019Q1","m3",2019-03-31,-0.147017214091716,1.2,169.074932297306,167.4043316,169.323867530141,"publicado",NA,NA,2019-03-29
"focus","nenhum","nsa","principal","2019Q1","vespera",2019-05-29,-0.798232319217185,0.540000000000007,167.972269695367,166.31256422,169.323867530141,"publicado",NA,NA,2019-05-29
"focus","nenhum","nsa","principal","2019Q2","m1",2019-04-30,1.45924758935929,1.47999999999999,171.033629998621,170.19352872,168.573722023697,"focus_t1",NA,NA,2019-04-30
"focus","nenhum","nsa","principal","2019Q2","m2",2019-05-31,1.23302944982111,1,170.487667241435,169.388514,168.411108674706,"publicado",NA,NA,2019-05-31
"focus","nenhum","nsa","principal","2019Q2","m3",2019-06-30,1.01252186092053,0.780000000000003,170.116307966256,169.01954892,168.411108674706,"publicado",NA,NA,2019-06-28
"focus","nenhum","nsa","principal","2019Q2","vespera",2019-08-28,0.952383427584014,0.72000000000001,170.015028163934,168.91892208,168.411108674706,"publicado",NA,NA,2019-08-28
"focus","nenhum","nsa","principal","2019Q3","m1",2019-07-31,0.297452255626651,0.849999999999995,170.520741700112,173.1909152,170.015028163934,"focus_t1",NA,NA,2019-07-31
"focus","nenhum","nsa","principal","2019Q3","m2",2019-08-31,0.0310845723374698,0.819999999999999,170.419651536919,173.13939584,170.366693778752,"publicado",NA,NA,2019-08-30
"focus","nenhum","nsa","principal","2019Q3","m3",2019-09-30,0.0410063224438373,0.829999999999997,170.43655489454,173.15656896,170.366693778752,"publicado",NA,NA,2019-09-30
"focus","nenhum","nsa","principal","2019Q3","vespera",2019-12-02,0.209676074251997,1,170.7239119741,173.448512,170.366693778752,"publicado",NA,NA,2019-12-02
"focus","nenhum","nsa","principal","2019Q4","m1",2019-10-31,0.528676998036226,1.29999999999999,171.456562809006,171.367184,170.554878397888,"focus_t1",NA,NA,2019-10-31
"focus","nenhum","nsa","principal","2019Q4","m2",2019-11-30,0.627424293475753,1.49999999999999,171.795075272598,171.70552,170.7239119741,"focus_t1",NA,NA,2019-11-29
"focus","nenhum","nsa","principal","2019Q4","m3",2019-12-31,0.90113210043532,1.69999999999999,172.296357824238,172.043856,170.757606220649,"publicado",NA,NA,2019-12-31
"focus","nenhum","nsa","principal","2019Q4","vespera",2020-03-03,0.801917614594205,1.6,172.126941543192,171.874688,170.757606220649,"publicado",NA,NA,2020-03-03
"focus","nenhum","nsa","principal","2020Q1","m1",2020-01-31,0.103303735498006,2.09999999999999,172.474346397998,170.4153142,172.296357824238,"focus_t1",NA,NA,2020-01-31
"focus","nenhum","nsa","principal","2020Q1","m2",2020-02-29,0.00554886467112325,1.89999999999999,172.136492634241,170.0814938,172.126941543192,"focus_t1",NA,NA,2020-02-28
"focus","nenhum","nsa","principal","2020Q1","m3",2020-03-31,-0.64394122933169,1.29999999999999,171.014685683338,169.0800326,172.123057012628,"publicado",NA,NA,2020-03-31
"focus","nenhum","nsa","principal","2020Q1","vespera",2020-05-28,-2.24266162218646,-0.329999999999986,168.262919270072,166.35939634,172.123057012628,"publicado",NA,NA,2020-05-28
"focus","nenhum","nsa","principal","2020Q2","m1",2020-04-30,-9.5027960961159,-10,153.220457042429,152.71011,169.309603427265,"focus_t1",NA,NA,2020-04-30
"focus","nenhum","nsa","principal","2020Q2","m2",2020-05-31,-13.6321825964599,-14,146.752753902099,145.922994,169.916015379224,"publicado",NA,NA,2020-05-29
"focus","nenhum","nsa","principal","2020Q2","m3",2020-06-30,-12.4873068773897,-12.86,148.698081104988,147.85732206,169.916015379224,"publicado",NA,NA,2020-06-30
"focus","nenhum","nsa","principal","2020Q2","vespera",2020-08-31,-10.1573843613872,-10.54,152.656992605602,151.79384934,169.916015379224,"publicado",NA,NA,2020-08-31
"focus","nenhum","nsa","principal","2020Q3","m1",2020-07-31,4.63814079729994,-6.99999999999999,158.916074877063,161.482038,151.872036014963,"focus_t1",NA,NA,2020-07-31
"focus","nenhum","nsa","principal","2020Q3","m2",2020-08-31,5.21945122469718,-5.99999999999999,160.624849875741,163.218404,152.656992605602,"focus_t1",NA,NA,2020-08-31
"focus","nenhum","nsa","principal","2020Q3","m3",2020-09-30,5.92361388945883,-5.00000000000002,162.308229086905,164.95477,153.23139300769,"publicado",NA,NA,2020-09-30
"focus","nenhum","nsa","principal","2020Q3","vespera",2020-12-02,7.49574331666027,-3.59,164.717224908089,167.40304606,153.23139300769,"publicado",NA,NA,2020-12-02
"focus","nenhum","nsa","principal","2020Q4","m1",2020-10-31,1.85744095097105,-3.05,166.367153918239,166.78647825,163.333333691664,"focus_t1",NA,NA,2020-10-30
"focus","nenhum","nsa","principal","2020Q4","m2",2020-11-30,1.69068393948997,-2.5,167.310959329844,167.7326625,164.529289063883,"focus_t1",NA,NA,2020-11-30
"focus","nenhum","nsa","principal","2020Q4","m3",2020-12-31,1.29526928202961,-2.3,167.487173567466,168.0767295,165.345504044362,"publicado",NA,NA,2020-12-31
"focus","nenhum","nsa","principal","2020Q4","vespera",2021-03-02,1.91734872490799,-1.69999999999999,168.515753957849,169.1089305,165.345504044362,"publicado",NA,NA,2021-03-02
"focus","nenhum","nsa","principal","2021Q1","m1",2021-01-31,1.36071876773822,-0.600000000000012,170.113728464018,166.5955928,167.830033697594,"focus_t1",NA,NA,2021-01-29
"focus","nenhum","nsa","principal","2021Q1","m2",2021-02-28,0.714861464667105,-0.849999999999995,169.68587703428,166.1765898,168.481467944836,"focus_t1",NA,NA,2021-02-26
"focus","nenhum","nsa","principal","2021Q1","m3",2021-03-31,-0.712048966324408,-0.639999999999996,169.517317403534,166.52855232,170.73302010839,"publicado",NA,NA,2021-03-31
"focus","nenhum","nsa","principal","2021Q1","vespera",2021-05-31,0.397146138822313,0.469999999999993,171.411079705445,168.38892564,170.73302010839,"publicado",NA,NA,2021-05-31
"focus","nenhum","nsa","principal","2021Q2","m1",2021-04-30,-1.34319842525015,9.40000000000001,167.476008100156,166.809291,169.756170306478,"focus_t1",NA,NA,2021-04-30
"focus","nenhum","nsa","principal","2021Q2","m2",2021-05-31,-1.40260028885153,10.4,169.006867406373,168.334056,171.411079705445,"focus_t1",NA,NA,2021-05-31
"focus","nenhum","nsa","principal","2021Q2","m3",2021-06-30,-0.440970926928808,12.55,172.432103167327,171.61230075,173.195846497027,"publicado",NA,NA,2021-06-30
"focus","nenhum","nsa","principal","2021Q2","vespera",2021-08-31,-0.251494747209113,12.7642,172.760268040703,171.938905413,173.195846497027,"publicado",NA,NA,2021-08-31
"focus","nenhum","nsa","principal","2021Q3","m1",2021-07-31,0.821047997146662,5.27500000000001,174.311241822445,177.246780125,172.89171783592,"focus_t1",NA,NA,2021-07-30
"focus","nenhum","nsa","principal","2021Q3","m2",2021-08-31,0.777958081214702,5.15000000000001,174.104270507053,177.03632325,172.760268040703,"focus_t1",NA,NA,2021-08-31
"focus","nenhum","nsa","principal","2021Q3","m3",2021-09-30,0.897285228935241,4.89999999999999,173.819548271647,176.6154095,172.273761258543,"publicado",NA,NA,2021-09-30
"focus","nenhum","nsa","principal","2021Q3","vespera",2021-12-01,0.41636394567055,4.4,172.991047088274,175.773582,172.273761258543,"publicado",NA,NA,2021-12-01
"focus","nenhum","nsa","principal","2021Q4","m1",2021-10-31,0.678195383315772,2.29999999999999,174.664736407266,175.4026593,173.488147798298,"focus_t1",NA,NA,2021-10-29
"focus","nenhum","nsa","principal","2021Q4","m2",2021-11-30,0.671408165505838,2,174.152523104019,174.888282,172.991047088274,"focus_t1",NA,NA,2021-11-30
"focus","nenhum","nsa","principal","2021Q4","m3",2021-12-31,-0.0490142381437964,1.2,172.669502232657,173.5166092,172.754176376069,"publicado",NA,NA,2021-12-31
"focus","nenhum","nsa","principal","2021Q4","vespera",2022-03-03,-0.0609648994848722,1.1879,172.648856966085,173.4958626489,172.754176376069,"publicado",NA,NA,2022-03-03
"focus","nenhum","nsa","principal","2022Q1","m1",2022-01-31,0.275635314665901,0.299999999999989,173.042784959046,171.0454014,172.567129009989,"focus_t1",NA,NA,2022-01-31
"focus","nenhum","nsa","principal","2022Q1","m2",2022-02-28,0.228167159564618,0.299999999999989,173.042784959046,171.0454014,172.648856966085,"focus_t1",NA,NA,2022-02-25
"focus","nenhum","nsa","principal","2022Q1","m3",2022-03-31,0.299343950272135,0.600000000000001,173.576741822885,171.5570028,173.05870107081,"publicado",NA,NA,2022-03-31
"focus","nenhum","nsa","principal","2022Q1","vespera",2022-06-01,1.29635532154722,1.6,175.302156751542,173.2623408,173.05870107081,"publicado",NA,NA,2022-06-01
"focus","nenhum","nsa","principal","2022Q2","m1",2022-04-30,0.266560386173453,1,174.731434336737,173.092083,174.266907794348,"focus_t1",NA,NA,2022-04-29
"focus","nenhum","nsa","principal","2022Q2","m2",2022-05-31,0.291232276032272,1.62500000000001,175.812693212583,174.163197375,175.302156751542,"focus_t1",NA,NA,2022-05-31
"focus","nenhum","nsa","principal","2022Q2","m3",2022-06-30,1.15124861439122,2.2,176.754238499234,175.1486226,174.742517685626,"publicado",NA,NA,2022-06-30
"focus","nenhum","nsa","principal","2022Q2","vespera",2022-08-31,1.64611773677081,2.69999999999999,177.618985262929,176.0055141,174.742517685626,"publicado",NA,NA,2022-08-31
"focus","nenhum","nsa","principal","2022Q3","m1",2022-07-31,-0.306994186526099,2.37510000000001,176.94783986596,179.6260195837,177.49273223543,"focus_t1",NA,NA,2022-07-29
"focus","nenhum","nsa","principal","2022Q3","m2",2022-08-31,-0.207368073086933,2.55030000000001,177.250660195753,179.9334232261,177.618985262929,"focus_t1",NA,NA,2022-08-31
"focus","nenhum","nsa","principal","2022Q3","m3",2022-09-30,0.0172400248461324,3.4,178.521493062341,181.4242958,178.490721217655,"publicado",NA,NA,2022-09-30
"focus","nenhum","nsa","principal","2022Q3","vespera",2022-11-30,0.30742544077893,3.69999999999999,179.039447104108,181.9506719,178.490721217655,"publicado",NA,NA,2022-11-30
"focus","nenhum","nsa","principal","2022Q4","m1",2022-10-31,-0.54846135135368,2.49999999999999,177.834269185318,178.309,178.815000352676,"focus_t1",NA,NA,2022-10-31
"focus","nenhum","nsa","principal","2022Q4","m2",2022-11-30,-0.576231153240814,2.6,178.007766033304,178.48296,179.039447104108,"focus_t1",NA,NA,2022-11-30
"focus","nenhum","nsa","principal","2022Q4","m3",2022-12-31,-1.29651893971984,2.4537,177.747088134996,178.22845652,180.081883866327,"publicado",NA,NA,2022-12-30
"focus","nenhum","nsa","principal","2022Q4","vespera",2023-03-01,-1.44584531411474,2.29870000000001,177.478178386876,177.95881852,180.081883866327,"publicado",NA,NA,2023-03-01
"focus","nenhum","nsa","principal","2023Q1","m1",2023-01-31,0.248034446093692,1.46500000000001,177.918385403575,175.581631225,177.478178386876,"focus_t1",NA,NA,2023-01-31
"focus","nenhum","nsa","principal","2023Q1","m2",2023-02-28,0.381415263619167,1.6,178.155107248837,175.815244,177.478178386876,"focus_t1",NA,NA,2023-02-28
"focus","nenhum","nsa","principal","2023Q1","m3",2023-03-31,-0.784627082002054,1.75000000000001,177.718816363871,176.07481375,179.124273927546,"publicado",NA,NA,2023-03-31
"focus","nenhum","nsa","principal","2023Q1","vespera",2023-05-31,0.0441991291065147,2.6,179.20344529664,177.545709,179.124273927546,"publicado",NA,NA,2023-05-31
"focus","nenhum","nsa","principal","2023Q2","m1",2023-04-30,1.01116637666538,0.800000000000001,179.956920162702,178.8713136,178.155471932333,"focus_t1",NA,NA,2023-04-28
"focus","nenhum","nsa","principal","2023Q2","m2",2023-05-31,0.818951681527413,1.2,180.671034925252,179.5811204,179.20344529664,"focus_t1",NA,NA,2023-05-31
"focus","nenhum","nsa","principal","2023Q2","m3",2023-06-30,0.080717124309948,2.29999999999999,182.703613744195,181.5330891,182.556259581213,"publicado",NA,NA,2023-06-30
"focus","nenhum","nsa","principal","2023Q2","vespera",2023-08-31,0.374208963384182,2.6,183.239401467785,182.0654442,182.556259581213,"publicado",NA,NA,2023-08-31
"focus","nenhum","nsa","principal","2023Q3","m1",2023-07-31,0.0732697242131986,1.4,183.011381320061,185.6042838,182.877387562546,"focus_t1",NA,NA,2023-07-31
"focus","nenhum","nsa","principal","2023Q3","m2",2023-08-31,-0.0259417736470868,1.49999999999999,183.191865917024,185.7873255,183.239401467785,"focus_t1",NA,NA,2023-08-31
"focus","nenhum","nsa","principal","2023Q3","m3",2023-09-30,-0.208114792344571,2.2,184.656366327109,187.0686174,185.04146498772,"publicado",NA,NA,2023-09-29
"focus","nenhum","nsa","principal","2023Q3","vespera",2023-12-04,-0.403402238934891,2,184.295003575002,186.702534,185.04146498772,"publicado",NA,NA,2023-12-04
"focus","nenhum","nsa","principal","2023Q4","m1",2023-10-31,-0.719331802304357,2.05949999999999,183.148692681684,182.325622608,184.475684951056,"focus_t1",NA,NA,2023-10-31
"focus","nenhum","nsa","principal","2023Q4","m2",2023-11-30,-0.658516743395388,2.04200000000001,183.117288431007,182.294359488,184.331139850212,"focus_t1",NA,NA,2023-11-30
"focus","nenhum","nsa","principal","2023Q4","m3",2023-12-31,-0.805619854012296,2.105,183.363382068402,182.40690672,184.852591244121,"publicado",NA,NA,2023-12-29
"focus","nenhum","nsa","principal","2023Q4","vespera",2024-02-29,-0.713327937711727,2.2,183.533986067193,182.5766208,184.852591244121,"publicado",NA,NA,2024-02-29
"focus","nenhum","nsa","principal","2024Q1","m1",2024-01-31,1.51166283010167,1.49999999999999,186.271941545484,183.448258,183.498069435868,"focus_t1",NA,NA,2024-01-31
"focus","nenhum","nsa","principal","2024Q1","m2",2024-02-29,1.69178137155432,1.69999999999999,186.638979853948,183.8097324,183.533986067193,"focus_t1",NA,NA,2024-02-29
"focus","nenhum","nsa","principal","2024Q1","m3",2024-03-31,1.4788547901321,1.89999999999999,187.005330190626,184.1712068,184.280095175858,"publicado",NA,NA,2024-03-28
"focus","nenhum","nsa","principal","2024Q1","vespera",2024-06-03,1.77761491218351,2.2,187.55588562789,184.7134184,184.280095175858,"publicado",NA,NA,2024-06-03
"focus","nenhum","nsa","principal","2024Q2","m1",2024-04-30,-0.0485086618769559,1.7844,187.281475320771,187.5724654804,187.372367148802,"focus_t1",NA,NA,2024-04-30
"focus","nenhum","nsa","principal","2024Q2","m2",2024-05-31,-0.229107604896828,1.69999999999999,187.126180830485,187.4169297,187.55588562789,"focus_t1",NA,NA,2024-05-31
"focus","nenhum","nsa","principal","2024Q2","m3",2024-06-30,-0.0503086048864843,1.6,186.490416573191,187.2326456,186.584284523672,"publicado",NA,NA,2024-06-28
"focus","nenhum","nsa","principal","2024Q2","vespera",2024-09-02,0.854747655777932,2.51999999999999,188.179109321688,188.92805932,186.584284523672,"publicado",NA,NA,2024-09-02
"focus","nenhum","nsa","principal","2024Q3","m1",2024-07-31,0.476944172914151,2.09999999999999,187.748729763332,191.2868004,186.857523692429,"focus_t1",NA,NA,2024-07-31
"focus","nenhum","nsa","principal","2024Q3","m2",2024-08-31,0.137730975468053,2.45500000000001,188.401528970638,191.95190142,188.142398609764,"focus_t1",NA,NA,2024-08-30
"focus","nenhum","nsa","principal","2024Q3","m3",2024-09-30,0.222333965777599,3.29999999999999,189.86120229952,193.5350292,189.440012806278,"publicado",NA,NA,2024-09-30
"focus","nenhum","nsa","principal","2024Q3","vespera",2024-12-02,0.707437227954633,3.8,190.780181981512,194.4717912,189.440012806278,"publicado",NA,NA,2024-12-02
"focus","nenhum","nsa","principal","2024Q4","m1",2024-10-31,-0.0782929455108605,3.16000000000001,189.921550390129,188.67881472,190.070362075141,"focus_t1",NA,NA,2024-10-31
"focus","nenhum","nsa","principal","2024Q4","m2",2024-11-30,-0.292614796582336,3.31410000000001,190.205254450958,188.9606623872,190.763456551299,"focus_t1",NA,NA,2024-11-29
"focus","nenhum","nsa","principal","2024Q4","m3",2024-12-31,0.0671563664332187,4.0063,191.437507784486,190.2266906496,191.309031590211,"publicado",NA,NA,2024-12-31
"focus","nenhum","nsa","principal","2024Q4","vespera",2025-03-06,0.0610949731800314,4,191.425911791752,190.215168,191.309031590211,"publicado",NA,NA,2025-03-06
"focus","nenhum","nsa","principal","2025Q1","m1",2025-01-31,0.953222866143566,3,193.268094238301,190.73952,191.443213749164,"focus_t1",NA,NA,2025-01-31
"focus","nenhum","nsa","principal","2025Q1","m2",2025-02-28,0.962347484364168,3,193.268094238301,190.73952,191.425911791752,"focus_t1",NA,NA,2025-02-28
"focus","nenhum","nsa","principal","2025Q1","m3",2025-03-31,1.0190003120861,2.8,192.972929199041,190.369152,191.026369893658,"publicado",NA,NA,2025-03-31
"focus","nenhum","nsa","principal","2025Q1","vespera",2025-05-29,1.31380284217972,3.09999999999999,193.536079770634,190.924704,191.026369893658,"publicado",NA,NA,2025-05-29
"focus","nenhum","nsa","principal","2025Q2","m1",2025-04-30,0.649891911195266,2.2,194.548237240279,194.8757776,193.292047856277,"focus_t1",NA,NA,2025-04-30
"focus","nenhum","nsa","principal","2025Q2","m2",2025-05-31,0.367454817975243,2.315,194.735821540032,195.09506052,194.022875137366,"publicado",NA,NA,2025-05-30
"focus","nenhum","nsa","principal","2025Q2","m3",2025-06-30,0.524016864487953,2.47459999999999,195.03958772405,195.3993870768,194.022875137366,"publicado",NA,NA,2025-06-30
"focus","nenhum","nsa","principal","2025Q2","vespera",2025-09-01,0.352740339919522,2.29999999999999,194.707272086647,195.0664584,194.022875137366,"publicado",NA,NA,2025-09-01
"focus","nenhum","nsa","principal","2025Q3","m1",2025-07-31,-0.0951540315454968,1.89999999999999,194.712148850406,198.8093456,194.897601775881,"focus_t1",NA,NA,2025-07-31
"focus","nenhum","nsa","principal","2025Q3","m2",2025-08-31,-0.0956332204363419,1.8,194.521067251927,198.6142432,194.707272086647,"focus_t1",NA,NA,2025-08-29
"focus","nenhum","nsa","principal","2025Q3","m3",2025-09-30,0.0287146329768229,1.8,194.721852603025,198.6142432,194.665954988519,"publicado",NA,NA,2025-09-30
"focus","nenhum","nsa","principal","2025Q3","vespera",2025-12-03,-0.0100980804613182,1.76050000000001,194.646297463753,198.537177752,194.665954988519,"publicado",NA,NA,2025-12-03
"focus","nenhum","nsa","principal","2025Q4","m1",2025-10-31,0.296575082133654,1.77210000000001,195.299349097314,192.804190287,194.721852603025,"focus_t1",NA,NA,2025-10-31
"focus","nenhum","nsa","principal","2025Q4","m2",2025-11-30,0.339151717416364,1.79530000000001,195.343869598503,192.848141991,194.683596836305,"focus_t1",NA,NA,2025-11-28
"focus","nenhum","nsa","principal","2025Q4","m3",2025-12-31,-0.094033452091935,1.74000000000001,194.614809575108,192.7433778,194.797984844863,"publicado",NA,NA,2025-12-31
"focus","nenhum","nsa","principal","2025Q4","vespera",2026-03-02,-0.0351150523192456,1.8,194.729581430568,192.857046,194.797984844863,"publicado",NA,NA,2026-03-02
"focus","nenhum","nsa","principal","2026Q1","m1",2026-01-31,0.79431848834306,1.49999999999999,196.220633607722,193.8805295,194.674299653521,"focus_t1",NA,NA,2026-01-30
"focus","nenhum","nsa","principal","2026Q1","m2",2026-02-28,0.855549274116729,1.59050000000001,196.395588950988,194.0533983465,194.729581430568,"focus_t1",NA,NA,2026-02-27
"focus","nenhum","nsa","principal","2026Q1","m3",2026-03-31,0.448263465105314,1.65,196.512772566619,194.16705245,195.635808711502,"publicado",NA,NA,2026-03-31
"focus","nenhum","nsa","principal","2026Q1","vespera",2026-05-28,0.596490120489146,1.8,196.802756982605,194.4535754,195.635808711502,"publicado",NA,NA,2026-05-28
"focus","nenhum","nsa","principal","2026Q2","m1",2026-04-30,0.447931248912914,1.8,197.490109131984,198.693749,196.609434038614,"focus_t1",NA,NA,2026-04-30
"focus","nenhum","nsa","principal","2026Q2","m2",2026-05-31,0.31264705802323,1.83,197.5144037715,198.75230315,196.898805448981,"publicado",NA,NA,2026-05-29
"focus","nenhum","nsa","principal","2026Q2","m3",2026-06-30,0.430858956746238,1.95000000000001,197.747161587984,198.98651975,196.898805448981,"publicado",NA,NA,2026-06-30
"focus","nenhum","nsa","principal","2026Q2","vespera",2026-08-31,0.381603998944979,1.89999999999999,197.650179164449,198.8889295,196.898805448981,"publicado",NA,NA,2026-08-31
"focus","nenhum","nsa","principal","2026Q3","m1",2026-07-31,0.493308934196213,2.06999999999999,198.820126849712,202.77267028,197.844144011519,"focus_t1",NA,NA,2026-07-31
"focus","nenhum","nsa","principal","2026Q3","m2",2026-08-31,0.493475119759923,1.9701,198.625533622787,202.5742085404,197.650179164449,"focus_t1",NA,NA,2026-08-31
"focus","nenhum","nsa","principal","2026Q3","m3",2026-09-30,0.0307618166768941,1.87330000000001,198.357244644105,202.3819052732,198.296245116705,"publicado",NA,NA,2026-09-11
"focus","nenhum","nsa","principal","2026Q3","vespera",2026-12-01,0.0307618166768941,1.87330000000001,198.357244644105,202.3819052732,198.296245116705,"publicado",NA,NA,2026-09-11
"lasso","core_longo","sa","principal","2019Q1","m1",2019-01-31,1.00656646813888,3.38891665178207,172.31622406324,171.025222202961,170.599031418017,"ultimo_qoq",NA,NA,NA
"lasso","core_longo","sa","principal","2019Q1","m2",2019-02-28,0.472260626455379,1.82763190157009,170.123517487677,168.442555898154,169.323867530141,"publicado",NA,NA,NA
"lasso","core_longo","sa","principal","2019Q1","m3",2019-03-31,0.922437386184938,2.2838815479358,170.885774187973,169.197280869425,169.323867530141,"publicado",NA,NA,NA
"lasso","core_longo","sa","principal","2019Q1","vespera",2019-05-29,-0.132039230878289,1.21518003627841,169.100293597761,167.429442309751,169.323867530141,"publicado",NA,NA,NA
"lasso","core_longo","sa","principal","2019Q2","m1",2019-04-30,0.0682426783612966,1.46146498126205,171.002391217218,170.162443380584,170.885774187973,"nowcast",NA,NA,NA
"lasso","core_longo","sa","principal","2019Q2","m2",2019-05-31,-0.107025168507935,-0.336969931521425,168.230866401861,167.146263010266,168.411108674706,"publicado",NA,NA,NA
"lasso","core_longo","sa","principal","2019Q2","m3",2019-06-30,0.952222417909043,0.719839360955032,170.014757005756,168.918652670009,168.411108674706,"publicado",NA,NA,NA
"lasso","core_longo","sa","principal","2019Q2","vespera",2019-08-28,0.136201027850968,-0.094303620281333,168.640486335736,167.553242078175,168.411108674706,"publicado",NA,NA,NA
"lasso","core_longo","sa","principal","2019Q3","m1",2019-07-31,0.769664520763413,1.32465212158794,171.323300270491,174.006040984228,170.014757005756,"nowcast",NA,NA,NA
"lasso","core_longo","sa","principal","2019Q3","m2",2019-08-31,0.738519317181408,1.53301407237652,171.624884722351,174.363863462661,170.366693778752,"publicado",NA,NA,NA
"lasso","core_longo","sa","principal","2019Q3","m3",2019-09-30,0.475041165881174,1.26745794722145,171.176005707152,173.907820742259,170.366693778752,"publicado",NA,NA,NA
"lasso","core_longo","sa","principal","2019Q3","vespera",2019-12-02,0.708674141594234,1.50293351676161,171.574038483451,174.312205763537,170.366693778752,"publicado",NA,NA,NA
"lasso","core_longo","sa","principal","2019Q4","m1",2019-10-31,0.80177495878504,1.94511021884962,172.54845205636,172.458504055024,171.176005707152,"nowcast",NA,NA,NA
"lasso","core_longo","sa","principal","2019Q4","m2",2019-11-30,0.10259908993282,1.23800400924525,171.351630731191,171.26230662236,171.176005707152,"nowcast",NA,NA,NA
"lasso","core_longo","sa","principal","2019Q4","m3",2019-12-31,0.909414005223108,1.70834747538886,172.310499806603,172.057977257166,170.757606220649,"publicado",NA,NA,NA
"lasso","core_longo","sa","principal","2019Q4","vespera",2020-03-03,-0.0961333138375431,0.694838902990735,170.593451275159,170.343445075411,170.757606220649,"publicado",NA,NA,NA
"lasso","core_longo","sa","principal","2020Q1","m1",2020-01-31,0.555517618370005,2.56965206751589,173.26771499133,171.199211405195,172.310499806603,"nowcast",NA,NA,NA
"lasso","core_longo","sa","principal","2020Q1","m2",2020-02-29,0.773090695021428,2.79158314897172,173.642616247153,171.569637017115,172.310499806603,"nowcast",NA,NA,NA
"lasso","core_longo","sa","principal","2020Q1","m3",2020-03-31,0.505914052224976,2.47235266236303,172.993851745174,171.036808773455,172.123057012628,"publicado",NA,NA,NA
"lasso","core_longo","sa","principal","2020Q1","vespera",2020-05-28,-0.0100832003377627,1.94625971613158,172.105701499962,170.158705984715,172.123057012628,"publicado",NA,NA,NA
"lasso","core_longo","sa","principal","2020Q2","m1",2020-04-30,-3.07500700456208,-1.5099851998844,167.674278686548,167.115788822525,172.993851745174,"nowcast",NA,NA,NA
"lasso","core_longo","sa","principal","2020Q2","m2",2020-05-31,-6.8844645504053,-7.28101867794904,158.21820753498,157.323620408648,169.916015379224,"publicado",NA,NA,NA
"lasso","core_longo","sa","principal","2020Q2","m3",2020-06-30,-10.4891266208362,-10.8703294580123,152.093309377018,151.233353252563,169.916015379224,"publicado",NA,NA,NA
"lasso","core_longo","sa","principal","2020Q2","vespera",2020-08-31,-3.59194667653082,-4.00252275590667,163.812722711916,162.886503440755,169.916015379224,"publicado",NA,NA,NA
"lasso","core_longo","sa","principal","2020Q3","m1",2020-07-31,-2.19144125388514,-12.9433225755229,148.760273850931,151.16225475283,152.093309377018,"nowcast",NA,NA,NA
"lasso","core_longo","sa","principal","2020Q3","m2",2020-08-31,0.794426112219715,-3.37282914133848,165.114093756278,167.780134155171,163.812722711916,"nowcast",NA,NA,NA
"lasso","core_longo","sa","principal","2020Q3","m3",2020-09-30,3.99703070638726,-6.72789990514111,159.356098838032,161.95450335331,153.23139300769,"publicado",NA,NA,NA
"lasso","core_longo","sa","principal","2020Q3","vespera",2020-12-02,1.17108251149465,-9.26241575724341,155.025859053323,157.553656201258,153.23139300769,"publicado",NA,NA,NA
"lasso","core_longo","sa","principal","2020Q4","m1",2020-10-31,5.30185915796668,-2.21213718190655,167.804934758055,168.227882981165,159.356098838032,"nowcast",NA,NA,NA
"lasso","core_longo","sa","principal","2020Q4","m2",2020-11-30,5.82718145049379,-1.72430017040739,168.642067869753,169.067126066342,159.356098838032,"nowcast",NA,NA,NA
"lasso","core_longo","sa","principal","2020Q4","m3",2020-12-31,2.42115437445409,-1.21407590591807,169.348773948495,169.944882726392,165.345504044362,"publicado",NA,NA,NA
"lasso","core_longo","sa","principal","2020Q4","vespera",2021-03-02,2.73362356172737,-0.91269717606246,169.865427701176,170.463355103619,165.345504044362,"publicado",NA,NA,NA
"lasso","core_longo","sa","principal","2021Q1","m1",2021-01-31,0.183111086685184,-0.8657804226199,169.65887032876,166.150141622324,169.348773948495,"nowcast",NA,NA,NA
"lasso","core_longo","sa","principal","2021Q1","m2",2021-02-28,-0.615928767482821,-1.65645453420372,168.305706132367,164.82496232322,169.348773948495,"nowcast",NA,NA,NA
"lasso","core_longo","sa","principal","2021Q1","m3",2021-03-31,-0.208977337170435,-0.136563313550664,170.376226789297,167.372318247729,170.73302010839,"publicado",NA,NA,NA
"lasso","core_longo","sa","principal","2021Q1","vespera",2021-05-31,0.18498818904662,0.257688096387798,171.048856030393,168.033088341803,170.73302010839,"publicado",NA,NA,NA
"lasso","core_longo","sa","principal","2021Q2","m1",2021-04-30,0.033157548726348,11.3314062745994,170.432719369713,169.75423168829,170.376226789297,"nowcast",NA,NA,NA
"lasso","core_longo","sa","principal","2021Q2","m2",2021-05-31,0.17693462204651,11.9315798528514,171.351500677325,170.669355354333,171.048856030393,"nowcast",NA,NA,NA
"lasso","core_longo","sa","principal","2021Q2","m3",2021-06-30,1.22859997662972,14.437425047683,175.323730626613,174.49018040283,173.195846497027,"publicado",NA,NA,NA
"lasso","core_longo","sa","principal","2021Q2","vespera",2021-08-31,0.869339542836678,14.0312864764266,174.701506477176,173.870914524229,173.195846497027,"publicado",NA,NA,NA
"lasso","core_longo","sa","principal","2021Q3","m1",2021-07-31,0.444652094232967,6.3573175186741,176.103311266532,179.069029426903,175.323730626613,"nowcast",NA,NA,NA
"lasso","core_longo","sa","principal","2021Q3","m2",2021-08-31,0.897299653561845,6.45744686674241,176.269102489563,179.237612704425,174.701506477176,"nowcast",NA,NA,NA
"lasso","core_longo","sa","principal","2021Q3","m3",2021-09-30,1.25115100453401,5.26790404990665,174.429166153078,177.234832993146,172.273761258543,"publicado",NA,NA,NA
"lasso","core_longo","sa","principal","2021Q3","vespera",2021-12-01,1.03466997051931,5.04283495695119,174.056226133369,176.855894289446,172.273761258543,"publicado",NA,NA,NA
"lasso","core_longo","sa","principal","2021Q4","m1",2021-10-31,-1.40983414470919,0.721712880241743,171.97000421032,172.696542409047,174.429166153078,"nowcast",NA,NA,NA
"lasso","core_longo","sa","principal","2021Q4","m2",2021-11-30,-0.690787945991522,1.45630505935597,173.224230498999,173.956067548026,174.429166153078,"nowcast",NA,NA,NA
"lasso","core_longo","sa","principal","2021Q4","m3",2021-12-31,-0.966339199148725,0.271211901052348,171.084785051581,171.924117484637,172.754176376069,"publicado",NA,NA,NA
"lasso","core_longo","sa","principal","2021Q4","vespera",2022-03-03,0.487906257223392,1.74362999741315,173.597054812223,174.448712300895,172.754176376069,"publicado",NA,NA,NA
"lasso","core_longo","sa","principal","2022Q1","m1",2022-01-31,0.407610158111882,-0.430699559501524,171.782144014435,169.799311674599,171.084785051581,"nowcast",NA,NA,NA
"lasso","core_longo","sa","principal","2022Q1","m2",2022-02-28,0.164428388030147,-0.671850989047473,171.366097005806,169.38806697804,171.084785051581,"nowcast",NA,NA,NA
"lasso","core_longo","sa","principal","2022Q1","m3",2022-03-31,0.76625118306386,1.06830682803005,174.38476541516,172.355624229499,173.05870107081,"publicado",NA,NA,NA
"lasso","core_longo","sa","principal","2022Q1","vespera",2022-06-01,2.1927022451111,2.49903380180865,176.85336309455,174.795497305509,173.05870107081,"publicado",NA,NA,NA
"lasso","core_longo","sa","principal","2022Q2","m1",2022-04-30,0.765099869582375,1.57083270785479,175.718983027923,174.070366390565,174.38476541516,"nowcast",NA,NA,NA
"lasso","core_longo","sa","principal","2022Q2","m2",2022-05-31,0.607438265560911,1.41191041802184,175.4440452096,173.798008071929,174.38476541516,"nowcast",NA,NA,NA
"lasso","core_longo","sa","principal","2022Q2","m3",2022-06-30,0.530152328288724,1.57246409402561,175.668919211647,174.073162232451,174.742517685626,"publicado",NA,NA,NA
"lasso","core_longo","sa","principal","2022Q2","vespera",2022-08-31,1.49223729977392,2.5445241074479,177.350090713095,175.739062158434,174.742517685626,"publicado",NA,NA,NA
"lasso","core_longo","sa","principal","2022Q3","m1",2022-07-31,-0.868967469101967,0.751989991673185,174.142413450374,176.77813186352,175.668919211647,"nowcast",NA,NA,NA
"lasso","core_longo","sa","principal","2022Q3","m2",2022-08-31,0.864951326119701,3.49533436572118,178.884082674592,181.591568238748,177.350090713095,"nowcast",NA,NA,NA
"lasso","core_longo","sa","principal","2022Q3","m3",2022-09-30,0.24548654465737,3.63596622084972,178.928891921706,181.838319063542,178.490721217655,"publicado",NA,NA,NA
"lasso","core_longo","sa","principal","2022Q3","vespera",2022-11-30,0.437232416828848,3.8341972775916,179.27114051185,182.186132698698,178.490721217655,"publicado",NA,NA,NA
"lasso","core_longo","sa","principal","2022Q4","m1",2022-10-31,-0.416603965694551,2.70127044434705,178.183467062187,178.659130064986,178.928891921706,"nowcast",NA,NA,NA
"lasso","core_longo","sa","principal","2022Q4","m2",2022-11-30,-0.220021608492371,3.10083862716701,178.876705264933,179.35421887582,179.27114051185,"nowcast",NA,NA,NA
"lasso","core_longo","sa","principal","2022Q4","m3",2022-12-31,-0.282801848643777,3.50593306836111,179.57260896968,180.058921165721,180.081883866327,"publicado",NA,NA,NA
"lasso","core_longo","sa","principal","2022Q4","vespera",2023-03-01,-0.163983593327499,3.62926579942517,179.786579122231,180.27347078468,180.081883866327,"publicado",NA,NA,NA
"lasso","core_longo","sa","principal","2023Q1","m1",2023-01-31,0.271534334437895,2.68646038134048,180.060210258279,177.695325663796,179.57260896968,"nowcast",NA,NA,NA
"lasso","core_longo","sa","principal","2023Q1","m2",2023-02-28,0.259611547275584,2.67425044738758,180.03880019831,177.674196800439,179.57260896968,"nowcast",NA,NA,NA
"lasso","core_longo","sa","principal","2023Q1","m3",2023-03-31,0.456452647199335,3.02278524216819,179.941891417665,178.277324064089,179.124273927546,"publicado",NA,NA,NA
"lasso","core_longo","sa","principal","2023Q1","vespera",2023-05-31,1.68752295727281,4.28530535740785,182.147037172122,180.462070935307,179.124273927546,"publicado",NA,NA,NA
"lasso","core_longo","sa","principal","2023Q2","m1",2023-04-30,1.23413976463032,2.0354908795325,182.162625852878,181.063713169075,179.941891417665,"nowcast",NA,NA,NA
"lasso","core_longo","sa","principal","2023Q2","m2",2023-05-31,1.52641408198326,3.58410994724647,184.927355197432,183.811764031258,182.147037172122,"nowcast",NA,NA,NA
"lasso","core_longo","sa","principal","2023Q2","m3",2023-06-30,0.970040773788816,3.20904433896778,184.327129734255,183.146203733252,182.556259581213,"publicado",NA,NA,NA
"lasso","core_longo","sa","principal","2023Q2","vespera",2023-08-31,1.44256447983897,3.69204622502428,185.189751337654,184.003298791091,182.556259581213,"publicado",NA,NA,NA
"lasso","core_longo","sa","principal","2023Q3","m1",2023-07-31,1.22883327345824,3.38400394085747,186.59220283644,189.235838341413,184.327129734255,"nowcast",NA,NA,NA
"lasso","core_longo","sa","principal","2023Q3","m2",2023-08-31,1.22097979396456,3.85976639371577,187.45088078198,190.106682023086,185.189751337654,"nowcast",NA,NA,NA
"lasso","core_longo","sa","principal","2023Q3","m3",2023-09-30,-0.0239605429444234,2.38859814352168,184.997128048037,187.413830648071,185.04146498772,"publicado",NA,NA,NA
"lasso","core_longo","sa","principal","2023Q3","vespera",2023-12-04,0.175777018065371,2.59315564529374,185.36672535706,187.788256176792,185.04146498772,"publicado",NA,NA,NA
"lasso","core_longo","sa","principal","2023Q4","m1",2023-10-31,0.493808867735557,3.59860479564242,185.910660271394,185.075177917643,184.997128048037,"nowcast",NA,NA,NA
"lasso","core_longo","sa","principal","2023Q4","m2",2023-11-30,0.721252724292021,3.83307562000539,186.331424873945,185.494051604417,184.997128048037,"nowcast",NA,NA,NA
"lasso","core_longo","sa","principal","2023Q4","m3",2023-12-31,0.43964879202596,3.38680805118805,185.665293428554,184.696810658358,184.852591244121,"publicado",NA,NA,NA
"lasso","core_longo","sa","principal","2023Q4","vespera",2024-02-29,1.10399496310754,4.07064785842766,186.89335454063,185.918465855758,184.852591244121,"publicado",NA,NA,NA
"lasso","core_longo","sa","principal","2024Q1","m1",2024-01-31,1.10734957958023,2.2897354013768,187.721257274762,184.875603651857,185.665293428554,"nowcast",NA,NA,NA
"lasso","core_longo","sa","principal","2024Q1","m2",2024-02-29,0.847103937036797,2.70128820816824,188.476535505004,185.619432671373,186.89335454063,"nowcast",NA,NA,NA
"lasso","core_longo","sa","principal","2024Q1","m3",2024-03-31,0.952878076892971,1.37184044213041,186.036059802866,183.216626003574,184.280095175858,"publicado",NA,NA,NA
"lasso","core_longo","sa","principal","2024Q1","vespera",2024-06-03,1.42813103616546,1.84906573847436,186.91185640854,184.079149641878,184.280095175858,"publicado",NA,NA,NA
"lasso","core_longo","sa","principal","2024Q2","m1",2024-04-30,0.392755650413346,1.50464272532034,186.766726939548,187.056917304572,186.036059802866,"nowcast",NA,NA,NA
"lasso","core_longo","sa","principal","2024Q2","m2",2024-05-31,0.861551158967733,1.97863031833698,187.638855632196,187.930401074474,186.036059802866,"nowcast",NA,NA,NA
"lasso","core_longo","sa","principal","2024Q2","m3",2024-06-30,0.432448703536537,2.09072830392127,187.391165843098,188.136979838327,186.584284523672,"publicado",NA,NA,NA
"lasso","core_longo","sa","principal","2024Q2","vespera",2024-09-02,1.05767538954902,2.72627835327313,188.557740581845,189.308197526824,186.584284523672,"publicado",NA,NA,NA
"lasso","core_longo","sa","principal","2024Q3","m1",2024-07-31,0.881387148010448,2.80373491530479,189.042807495346,192.605264653461,187.391165843098,"nowcast",NA,NA,NA
"lasso","core_longo","sa","principal","2024Q3","m2",2024-08-31,1.06274331445453,2.98854691866293,189.382652929973,192.951514377241,187.391165843098,"nowcast",NA,NA,NA
"lasso","core_longo","sa","principal","2024Q3","m3",2024-09-30,1.12143245705243,4.22670835405212,191.564454596532,195.271239542317,189.440012806278,"publicado",NA,NA,NA
"lasso","core_longo","sa","principal","2024Q3","vespera",2024-12-02,1.25713836848254,4.36658157488052,191.821535892524,195.533295378496,189.440012806278,"publicado",NA,NA,NA
"lasso","core_longo","sa","principal","2024Q4","m1",2024-10-31,0.618127593103379,4.69555543789022,192.748567348971,191.487333331458,191.564454596532,"nowcast",NA,NA,NA
"lasso","core_longo","sa","principal","2024Q4","m2",2024-11-30,0.250408855483708,4.31293534347048,192.044148954801,190.787524239725,191.564454596532,"nowcast",NA,NA,NA
"lasso","core_longo","sa","principal","2024Q4","m3",2024-12-31,0.617997017260907,4.57882449317524,192.491315699189,191.273833367422,191.309031590211,"publicado",NA,NA,NA
"lasso","core_longo","sa","principal","2024Q4","vespera",2025-03-06,0.321639115610806,4.27080046265798,191.924356267501,190.710459879798,191.309031590211,"publicado",NA,NA,NA
"lasso","core_longo","sa","principal","2025Q1","m1",2025-01-31,-0.491732006244494,2.08157652556624,191.544774290655,189.038746673105,192.491315699189,"nowcast",NA,NA,NA
"lasso","core_longo","sa","principal","2025Q1","m2",2025-02-28,-0.373306190176537,2.20306486265902,191.772733702132,189.263723635266,192.491315699189,"nowcast",NA,NA,NA
"lasso","core_longo","sa","principal","2025Q1","m3",2025-03-31,0.310840574533255,2.0793551629344,191.620157359345,189.034633064928,191.026369893658,"publicado",NA,NA,NA
"lasso","core_longo","sa","principal","2025Q1","vespera",2025-05-29,0.661472649930039,2.43616900230554,192.289957084659,189.695395205229,191.026369893658,"publicado",NA,NA,NA
"lasso","core_longo","sa","principal","2025Q2","m1",2025-04-30,0.283856950335903,0.947557859685388,192.164084494255,192.487610907311,191.620157359345,"nowcast",NA,NA,NA
"lasso","core_longo","sa","principal","2025Q2","m2",2025-05-31,0.645575698189704,2.59851757958542,195.275439668182,195.635674108894,194.022875137366,"publicado",NA,NA,NA
"lasso","core_longo","sa","principal","2025Q2","m3",2025-06-30,0.542193941801261,2.49312978805414,195.074855412069,195.4347198249,194.022875137366,"publicado",NA,NA,NA
"lasso","core_longo","sa","principal","2025Q2","vespera",2025-09-01,0.662594388266236,2.61586650288272,195.308459819979,195.668755174629,194.022875137366,"publicado",NA,NA,NA
"lasso","core_longo","sa","principal","2025Q3","m1",2025-07-31,0.468069334713905,2.56766876022485,195.987940989991,200.111983375249,195.074855412069,"nowcast",NA,NA,NA
"lasso","core_longo","sa","principal","2025Q3","m2",2025-08-31,-0.190952946318201,1.89487411537788,194.702354228134,198.799344876081,195.074855412069,"nowcast",NA,NA,NA
"lasso","core_longo","sa","principal","2025Q3","m3",2025-09-30,0.171025997870222,1.94483138166182,194.998884380552,198.896812701575,194.665954988519,"publicado",NA,NA,NA
"lasso","core_longo","sa","principal","2025Q3","vespera",2025-12-03,0.399729018499229,2.17758422253815,195.444091299747,199.350919080193,194.665954988519,"publicado",NA,NA,NA
"lasso","core_longo","sa","principal","2025Q4","m1",2025-10-31,0.10596119538302,1.72319838575734,195.205507529425,192.711547645866,194.998884380552,"nowcast",NA,NA,NA
"lasso","core_longo","sa","principal","2025Q4","m2",2025-11-30,0.323207115618707,1.94395396892884,195.629134650247,193.129762475517,194.998884380552,"nowcast",NA,NA,NA
"lasso","core_longo","sa","principal","2025Q4","m3",2025-12-31,0.469081940076732,2.31345283749163,195.711747011404,193.829766997043,194.797984844863,"publicado",NA,NA,NA
"lasso","core_longo","sa","principal","2025Q4","vespera",2026-03-02,0.360316148091444,2.20269036695111,195.499873440416,193.619930819478,194.797984844863,"publicado",NA,NA,NA
"lasso","core_longo","sa","principal","2026Q1","m1",2026-01-31,0.328771237926162,1.56960312717562,196.35519094482,194.013482122184,195.711747011404,"nowcast",NA,NA,NA
"lasso","core_longo","sa","principal","2026Q1","m2",2026-02-28,0.406652186161605,1.64844728031175,196.507613109201,194.164086517829,195.711747011404,"nowcast",NA,NA,NA
"lasso","core_longo","sa","principal","2026Q1","m3",2026-03-31,0.566416324431462,1.76956640897703,196.743921868477,194.395442584807,195.635808711502,"publicado",NA,NA,NA
"lasso","core_longo","sa","principal","2026Q1","vespera",2026-05-28,1.20621262241107,2.41701706114508,197.995592530136,195.632172390397,195.635808711502,"publicado",NA,NA,NA
"lasso","core_longo","sa","principal","2026Q2","m1",2026-04-30,1.22032623421793,2.65296199612957,199.144839561268,200.358564488856,196.743921868477,"nowcast",NA,NA,NA
"lasso","core_longo","sa","principal","2026Q2","m2",2026-05-31,0.709821303045266,2.23318199705367,198.2964351155,199.539235787759,196.898805448981,"publicado",NA,NA,NA
"lasso","core_longo","sa","principal","2026Q2","m3",2026-06-30,0.838304668041268,2.36360883196687,198.549417326377,199.793803536277,196.898805448981,"publicado",NA,NA,NA
"lasso","core_longo","sa","principal","2026Q2","vespera",2026-08-31,0.89080793007783,2.41690627082409,198.652795622149,199.897829743926,196.898805448981,"publicado",NA,NA,NA
"lasso","core_longo","sa","principal","2026Q3","m1",2026-07-31,-0.176554998499612,1.75105920464027,198.198868405596,202.139061220175,198.549417326377,"nowcast",NA,NA,NA
"lasso","core_longo","sa","principal","2026Q3","m2",2026-08-31,-0.173975861918274,1.80666801772769,198.307187708741,202.24953391069,198.652795622149,"nowcast",NA,NA,NA
"lasso","core_longo","sa","principal","2026Q3","m3",2026-09-30,-0.0791198491602918,1.7613943451291,198.139353426678,202.159593051611,198.296245116705,"publicado",NA,NA,NA
"lasso","core_longo","sa","principal","2026Q3","vespera",2026-12-01,0.714494939018517,2.56962729199746,199.713061752328,203.765231856791,198.296245116705,"publicado",NA,NA,NA
"mfbvar","core_longo","sa","principal","2019Q1","m1",2019-01-31,0.642991106226143,3.01676596788278,171.695968017342,170.40961314671,170.599031418017,"ultimo_qoq",NA,NA,NA
"mfbvar","core_longo","sa","principal","2019Q1","m2",2019-02-28,0.507171005647478,1.863013221944,170.182629091895,168.501083430647,169.323867530141,"publicado",NA,NA,NA
"mfbvar","core_longo","sa","principal","2019Q1","m3",2019-03-31,0.556854696166864,1.91336714568551,170.266755438214,168.584378538823,169.323867530141,"publicado",NA,NA,NA
"mfbvar","core_longo","sa","principal","2019Q1","vespera",2019-05-29,0.0704974043245432,1.42044889165625,169.443236461652,167.768996613436,169.323867530141,"publicado",NA,NA,NA
"mfbvar","core_longo","sa","principal","2019Q2","m1",2019-04-30,0.334395961853651,1.36281103251401,170.836120592779,169.996989461984,170.266755438214,"nowcast",NA,NA,NA
"mfbvar","core_longo","sa","principal","2019Q2","m2",2019-05-31,0.221578282593171,-0.00912289640268016,168.784271117004,167.696099862723,168.411108674706,"publicado",NA,NA,NA
"mfbvar","core_longo","sa","principal","2019Q2","m3",2019-06-30,0.227707869619298,-0.00300741914192049,168.794594022471,167.706356215253,168.411108674706,"publicado",NA,NA,NA
"mfbvar","core_longo","sa","principal","2019Q2","vespera",2019-08-28,0.270226699726051,0.0394135363912751,168.86620045565,167.777500993671,168.411108674706,"publicado",NA,NA,NA
"mfbvar","core_longo","sa","principal","2019Q3","m1",2019-07-31,0.343879815652781,0.172407612677938,169.375044561228,172.027277662143,168.794594022471,"nowcast",NA,NA,NA
"mfbvar","core_longo","sa","principal","2019Q3","m2",2019-08-31,0.0953978599842031,0.884820507427908,170.529219958743,173.250712875252,170.366693778752,"publicado",NA,NA,NA
"mfbvar","core_longo","sa","principal","2019Q3","m3",2019-09-30,0.225103551233197,1.015549148906,170.750195256567,173.475214740006,170.366693778752,"publicado",NA,NA,NA
"mfbvar","core_longo","sa","principal","2019Q3","vespera",2019-12-02,0.388666863447429,1.18040243634101,171.028852663821,173.758319268758,170.366693778752,"publicado",NA,NA,NA
"mfbvar","core_longo","sa","principal","2019Q4","m1",2019-10-31,0.312161879750406,1.19758100401357,171.283212275757,171.19392383287,170.750195256567,"nowcast",NA,NA,NA
"mfbvar","core_longo","sa","principal","2019Q4","m2",2019-11-30,0.258802126597923,1.14375026364457,171.192100393061,171.102859446002,170.750195256567,"nowcast",NA,NA,NA
"mfbvar","core_longo","sa","principal","2019Q4","m3",2019-12-31,0.843721945127318,1.64213530935398,172.198325617307,171.945967460128,170.757606220649,"publicado",NA,NA,NA
"mfbvar","core_longo","sa","principal","2019Q4","vespera",2020-03-03,0.541420194849307,1.33744013534274,171.682122384969,171.430520728157,170.757606220649,"publicado",NA,NA,NA
"mfbvar","core_longo","sa","principal","2020Q1","m1",2020-01-31,0.649268360217325,2.59844551382391,173.316354862364,171.247270604015,172.198325617307,"nowcast",NA,NA,NA
"mfbvar","core_longo","sa","principal","2020Q1","m2",2020-02-29,0.26027584944901,2.2019197608645,172.646516272044,170.585428676698,172.198325617307,"nowcast",NA,NA,NA
"mfbvar","core_longo","sa","principal","2020Q1","m3",2020-03-31,0.308595895734243,2.27117389682192,172.654221702181,170.701020893533,172.123057012628,"publicado",NA,NA,NA
"mfbvar","core_longo","sa","principal","2020Q2","m1",2020-04-30,-7.66025461823233,-6.35348268158048,159.428468710667,158.897444009031,172.654221702181,"nowcast",NA,NA,NA
"mfbvar","core_longo","sa","principal","2020Q2","m2",2020-05-31,-11.5181769069917,-11.8949972945963,150.344788134534,149.494718385472,169.916015379224,"publicado",NA,NA,NA
"mfbvar","core_longo","sa","principal","2020Q2","m3",2020-06-30,-9.77100566851685,-10.1552667905037,153.313511884802,152.446656570476,169.916015379224,"publicado",NA,NA,NA
"mfbvar","core_longo","sa","principal","2020Q2","vespera",2020-08-31,-9.75847778755157,-10.1427922624283,153.33479876095,152.467823087749,169.916015379224,"publicado",NA,NA,NA
"mfbvar","core_longo","sa","principal","2020Q3","m1",2020-07-31,5.149736403501,-5.6582910315695,161.20875361782,163.811735834678,153.313511884802,"nowcast",NA,NA,NA
"mfbvar","core_longo","sa","principal","2020Q3","m2",2020-08-31,8.40484877515977,-2.7242575265369,166.222356716503,168.906291855677,153.33479876095,"nowcast",NA,NA,NA
"mfbvar","core_longo","sa","principal","2020Q3","m3",2020-09-30,10.2571197317128,-1.11339681590026,168.94852045506,171.703335624363,153.23139300769,"publicado",NA,NA,NA
"mfbvar","core_longo","sa","principal","2020Q3","vespera",2020-12-02,9.74631286569418,-1.57152556066161,168.165803978681,170.907856448336,153.23139300769,"publicado",NA,NA,NA
"mfbvar","core_longo","sa","principal","2020Q4","m1",2020-10-31,2.20650059340586,0.626678594021146,172.676370561451,173.111597119045,168.94852045506,"nowcast",NA,NA,NA
"mfbvar","core_longo","sa","principal","2020Q4","m2",2020-11-30,3.4803110200492,1.88079953199818,174.828454430668,175.26910526288,168.94852045506,"nowcast",NA,NA,NA
"mfbvar","core_longo","sa","principal","2020Q4","m3",2020-12-31,3.05687199760467,-0.600921785078679,170.399904456792,170.999713220867,165.345504044362,"publicado",NA,NA,NA
"mfbvar","core_longo","sa","principal","2020Q4","vespera",2021-03-02,2.1980078684706,-1.42930228113889,168.979811233419,169.574621260177,165.345504044362,"publicado",NA,NA,NA
"mfbvar","core_longo","sa","principal","2021Q1","m1",2021-01-31,-0.857251005224213,-1.28632404816348,168.939149562935,165.445305459389,170.399904456792,"nowcast",NA,NA,NA
"mfbvar","core_longo","sa","principal","2021Q1","m2",2021-02-28,-0.48658928658486,-0.917266490727375,169.570756777355,166.063850354343,170.399904456792,"nowcast",NA,NA,NA
"mfbvar","core_longo","sa","principal","2021Q1","m3",2021-03-31,-0.250008654524581,-0.177624405554899,170.306172781988,167.303499364797,170.73302010839,"publicado",NA,NA,NA
"mfbvar","core_longo","sa","principal","2021Q1","vespera",2021-05-31,-0.226610350607515,-0.154209122501969,170.34612141292,167.342743660177,170.73302010839,"publicado",NA,NA,NA
"mfbvar","core_longo","sa","principal","2021Q2","m1",2021-04-30,1.02178894842515,12.385469869924,172.04634243396,171.361430966215,170.306172781988,"nowcast",NA,NA,NA
"mfbvar","core_longo","sa","principal","2021Q2","m2",2021-05-31,0.250631092204134,11.5537274157058,170.773061757544,170.093219183009,170.34612141292,"nowcast",NA,NA,NA
"mfbvar","core_longo","sa","principal","2021Q2","m3",2021-06-30,1.1108816753296,14.3043462608097,175.119847418194,174.287266526363,173.195846497027,"publicado",NA,NA,NA
"mfbvar","core_longo","sa","principal","2021Q2","vespera",2021-08-31,1.14824669215807,14.3465868559942,175.184562075384,174.35167350748,173.195846497027,"publicado",NA,NA,NA
"mfbvar","core_longo","sa","principal","2021Q3","m1",2021-07-31,1.17107291846175,7.00192209685653,177.17062852616,180.154321147983,175.119847418194,"nowcast",NA,NA,NA
"mfbvar","core_longo","sa","principal","2021Q3","m2",2021-08-31,0.992620249132781,6.85265683889422,176.923479511899,179.903009950088,175.184562075384,"nowcast",NA,NA,NA
"mfbvar","core_longo","sa","principal","2021Q3","m3",2021-09-30,0.656467595744981,4.64962884616429,173.404682677176,176.193870854989,172.273761258543,"publicado",NA,NA,NA
"mfbvar","core_longo","sa","principal","2021Q3","vespera",2021-12-01,0.378069512397738,4.36018638121727,172.925075827722,175.706549601668,172.273761258543,"publicado",NA,NA,NA
"mfbvar","core_longo","sa","principal","2021Q4","m1",2021-10-31,-0.570980381783526,0.982095661120663,172.414575957996,173.142992381697,173.404682677176,"nowcast",NA,NA,NA
"mfbvar","core_longo","sa","principal","2021Q4","m2",2021-11-30,-0.199967023018455,1.35890422898373,173.057930495452,173.789064960877,173.404682677176,"nowcast",NA,NA,NA
"mfbvar","core_longo","sa","principal","2021Q4","m3",2021-12-31,-0.119632200555064,1.12849957665202,172.54750675332,173.394015217631,172.754176376069,"publicado",NA,NA,NA
"mfbvar","core_longo","sa","principal","2021Q4","vespera",2022-03-03,0.451277881280854,1.70654390349292,173.533777763043,174.385124818034,172.754176376069,"publicado",NA,NA,NA
"mfbvar","core_longo","sa","principal","2022Q1","m1",2022-01-31,0.220161543332353,0.233114150491986,172.927390007169,170.931338419172,172.54750675332,"nowcast",NA,NA,NA
"mfbvar","core_longo","sa","principal","2022Q1","m2",2022-02-28,0.703290178737159,0.716305226181513,173.761016421971,171.755342521806,172.54750675332,"nowcast",NA,NA,NA
"mfbvar","core_longo","sa","principal","2022Q1","m3",2022-03-31,0.928088867222687,1.23062963479186,174.664839609208,172.632439480137,173.05870107081,"publicado",NA,NA,NA
"mfbvar","core_longo","sa","principal","2022Q1","vespera",2022-06-01,1.41312644528822,1.71712115539033,175.504239341514,173.462071956891,173.05870107081,"publicado",NA,NA,NA
"mfbvar","core_longo","sa","principal","2022Q2","m1",2022-04-30,0.947905531100757,1.91852595589785,176.320497284752,174.666237168276,174.664839609208,"nowcast",NA,NA,NA
"mfbvar","core_longo","sa","principal","2022Q2","m2",2022-05-31,1.13655576835676,2.10899007698295,176.650002919078,174.992651341102,174.664839609208,"nowcast",NA,NA,NA
"mfbvar","core_longo","sa","principal","2022Q2","m3",2022-06-30,1.8440206967433,2.89995484767855,177.964805877759,176.348193318719,174.742517685626,"publicado",NA,NA,NA
"mfbvar","core_longo","sa","principal","2022Q2","vespera",2022-08-31,1.50447587651703,2.55688957559859,177.371476710225,175.760253887538,174.742517685626,"publicado",NA,NA,NA
"mfbvar","core_longo","sa","principal","2022Q3","m1",2022-07-31,-0.592711786967004,2.3532000994734,176.909987496669,179.587594302935,177.964805877759,"nowcast",NA,NA,NA
"mfbvar","core_longo","sa","principal","2022Q3","m2",2022-08-31,0.936514343463424,3.58125259991136,179.032586030829,181.742319255521,177.371476710225,"nowcast",NA,NA,NA
"mfbvar","core_longo","sa","principal","2022Q3","m3",2022-09-30,0.808406441801113,4.21792506464709,179.933651705996,182.859416485404,178.490721217655,"publicado",NA,NA,NA
"mfbvar","core_longo","sa","principal","2022Q3","vespera",2022-11-30,0.665963292963356,4.0706642365522,179.67940390231,182.601034550819,178.490721217655,"publicado",NA,NA,NA
"mfbvar","core_longo","sa","principal","2022Q4","m1",2022-10-31,-0.433088464336628,3.26088450424658,179.154379816997,179.632634683587,179.933651705996,"nowcast",NA,NA,NA
"mfbvar","core_longo","sa","principal","2022Q4","m2",2022-11-30,-0.896408002301763,2.63514606440738,178.068743347242,178.544100093643,179.67940390231,"nowcast",NA,NA,NA
"mfbvar","core_longo","sa","principal","2022Q4","m3",2022-12-31,-0.274772193682815,3.51426780844966,179.587068923602,180.073420279579,180.081883866327,"publicado",NA,NA,NA
"mfbvar","core_longo","sa","principal","2022Q4","vespera",2023-03-01,-0.391259658305065,3.3933544260039,179.377296102842,179.863079359476,180.081883866327,"publicado",NA,NA,NA
"mfbvar","core_longo","sa","principal","2023Q1","m1",2023-01-31,0.96582346916172,3.40579668774785,181.321562982846,178.940111965264,179.587068923602,"nowcast",NA,NA,NA
"mfbvar","core_longo","sa","principal","2023Q1","m2",2023-02-28,0.402446442499693,2.82880490700579,180.309810693675,177.941647883402,179.587068923602,"nowcast",NA,NA,NA
"mfbvar","core_longo","sa","principal","2023Q1","m3",2023-03-31,0.9156411688509,3.49370452316171,180.764409523032,179.092233397673,179.124273927546,"publicado",NA,NA,NA
"mfbvar","core_longo","sa","principal","2023Q1","vespera",2023-05-31,1.80885439104432,4.40973641101541,182.364371221911,180.677394518488,179.124273927546,"publicado",NA,NA,NA
"mfbvar","core_longo","sa","principal","2023Q2","m1",2023-04-30,0.897778829221574,2.16132402647184,182.387274122497,181.287006227483,180.764409523032,"nowcast",NA,NA,NA
"mfbvar","core_longo","sa","principal","2023Q2","m2",2023-05-31,0.977508888514422,3.1470059531731,184.146999160088,183.036115563007,182.364371221911,"nowcast",NA,NA,NA
"mfbvar","core_longo","sa","principal","2023Q2","m3",2023-06-30,0.879937706455469,3.11694324244232,184.162640944763,182.982768771749,182.556259581213,"publicado",NA,NA,NA
"mfbvar","core_longo","sa","principal","2023Q2","vespera",2023-08-31,0.373979728797913,2.59976568215288,183.238982985698,182.065028398997,182.556259581213,"publicado",NA,NA,NA
"mfbvar","core_longo","sa","principal","2023Q3","m1",2023-07-31,-0.336241083502176,1.69477815522012,183.543410485444,186.143850746544,184.162640944763,"nowcast",NA,NA,NA
"mfbvar","core_longo","sa","principal","2023Q3","m2",2023-08-31,0.157473330732216,1.68598240738058,183.527535515406,186.12775086017,183.238982985698,"nowcast",NA,NA,NA
"mfbvar","core_longo","sa","principal","2023Q3","m3",2023-09-30,-0.342287655561835,2.06258936192787,184.408090895396,186.817098632092,185.04146498772,"publicado",NA,NA,NA
"mfbvar","core_longo","sa","principal","2023Q3","vespera",2023-12-04,0.033050413139124,2.44698485201622,185.102621956377,187.520702671873,185.04146498772,"publicado",NA,NA,NA
"mfbvar","core_longo","sa","principal","2023Q4","m1",2023-10-31,0.485727834971339,3.26043913744856,185.303812322814,184.471057143243,184.408090895396,"nowcast",NA,NA,NA
"mfbvar","core_longo","sa","principal","2023Q4","m2",2023-11-30,1.2952011525978,4.09226443293162,186.796546614157,185.957083087913,184.408090895396,"nowcast",NA,NA,NA
"mfbvar","core_longo","sa","principal","2023Q4","m3",2023-12-31,0.659829877972795,3.61344982008176,186.072303871357,185.101698019383,184.852591244121,"publicado",NA,NA,NA
"mfbvar","core_longo","sa","principal","2023Q4","vespera",2024-02-29,0.822474201467238,3.78086654899281,186.372956117848,185.40078197858,184.852591244121,"publicado",NA,NA,NA
"mfbvar","core_longo","sa","principal","2024Q1","m1",2024-01-31,0.75728141807585,2.15903382801477,187.48139485276,184.639377287807,186.072303871357,"nowcast",NA,NA,NA
"mfbvar","core_longo","sa","principal","2024Q1","m2",2024-02-29,0.326728136688237,1.88685196765901,186.981889004662,184.147443414492,186.372956117848,"nowcast",NA,NA,NA
"mfbvar","core_longo","sa","principal","2024Q1","m3",2024-03-31,0.797836544706709,1.21615547542033,185.750349119791,182.935245353921,184.280095175858,"publicado",NA,NA,NA
"mfbvar","core_longo","sa","principal","2024Q1","vespera",2024-06-03,1.06472731250609,1.48415386084753,186.242175680708,183.419618131788,184.280095175858,"publicado",NA,NA,NA
"mfbvar","core_longo","sa","principal","2024Q2","m1",2024-04-30,0.223124735902136,1.17750756471653,186.164804095702,186.45405921807,185.750349119791,"nowcast",NA,NA,NA
"mfbvar","core_longo","sa","principal","2024Q2","m2",2024-05-31,0.996565301507646,1.95831328079872,187.601472646548,187.8929600047,185.750349119791,"nowcast",NA,NA,NA
"mfbvar","core_longo","sa","principal","2024Q2","m3",2024-06-30,0.582572260185077,2.24333060956718,187.671272807172,188.418201623865,186.584284523672,"publicado",NA,NA,NA
"mfbvar","core_longo","sa","principal","2024Q2","vespera",2024-09-02,0.974534317390896,2.64176450622311,188.402612407213,189.152451944413,186.584284523672,"publicado",NA,NA,NA
"mfbvar","core_longo","sa","principal","2024Q3","m1",2024-07-31,1.14050877631751,3.22185703811939,189.811680144164,193.388626485486,187.671272807172,"nowcast",NA,NA,NA
"mfbvar","core_longo","sa","principal","2024Q3","m2",2024-08-31,1.03715111258129,3.1163723997776,189.617707501087,193.190998483921,187.671272807172,"nowcast",NA,NA,NA
"mfbvar","core_longo","sa","principal","2024Q3","m3",2024-09-30,1.10482465338204,4.20959055154979,191.532992771132,195.239168928502,189.440012806278,"publicado",NA,NA,NA
"mfbvar","core_longo","sa","principal","2024Q3","vespera",2024-12-02,1.18535677236964,4.29259568186593,191.685552827655,195.394681032272,189.440012806278,"publicado",NA,NA,NA
"mfbvar","core_longo","sa","principal","2024Q4","m1",2024-10-31,0.237022068158588,4.28187639638304,191.986968231804,190.730717673973,191.532992771132,"nowcast",NA,NA,NA
"mfbvar","core_longo","sa","principal","2024Q4","m2",2024-11-30,0.239480139952697,4.28443365849756,191.991676250276,190.735394885923,191.532992771132,"nowcast",NA,NA,NA
"mfbvar","core_longo","sa","principal","2024Q4","m3",2024-12-31,0.741807153840557,4.70750841581005,192.72817567249,191.509195232449,191.309031590211,"publicado",NA,NA,NA
"mfbvar","core_longo","sa","principal","2024Q4","vespera",2025-03-06,0.265784223074017,4.21274684226352,191.817500813493,190.604280272525,191.309031590211,"publicado",NA,NA,NA
"mfbvar","core_longo","sa","principal","2025Q1","m1",2025-01-31,-0.0752017813056116,2.63501518583071,192.583240651307,190.063626521729,192.72817567249,"nowcast",NA,NA,NA
"mfbvar","core_longo","sa","principal","2025Q1","m2",2025-02-28,-0.0627219748797314,2.64783347663409,192.607292754559,190.08736394537,192.72817567249,"nowcast",NA,NA,NA
"mfbvar","core_longo","sa","principal","2025Q1","m3",2025-03-31,0.794110620982957,2.57114542636554,192.543330585862,189.945349946361,191.026369893658,"publicado",NA,NA,NA
"mfbvar","core_longo","sa","principal","2025Q1","vespera",2025-05-29,0.789354533660713,2.56630548758952,192.534245204901,189.936387154138,191.026369893658,"publicado",NA,NA,NA
"mfbvar","core_longo","sa","principal","2025Q2","m1",2025-04-30,0.330600799420422,1.48117533465186,193.179880376009,193.505116977517,192.543330585862,"nowcast",NA,NA,NA
"mfbvar","core_longo","sa","principal","2025Q2","m2",2025-05-31,0.932724206388791,2.89123796060606,195.832573459704,196.193835673187,194.022875137366,"publicado",NA,NA,NA
"mfbvar","core_longo","sa","principal","2025Q2","m3",2025-06-30,0.675935349116208,2.62946633374264,195.334344335791,195.694687440911,194.022875137366,"publicado",NA,NA,NA
"mfbvar","core_longo","sa","principal","2025Q2","vespera",2025-09-01,0.434420850672024,2.38326545166259,194.865750962036,195.225229629354,194.022875137366,"publicado",NA,NA,NA
"mfbvar","core_longo","sa","principal","2025Q3","m1",2025-07-31,-0.163680483154049,2.0582943042226,195.014620137216,199.118181586602,195.334344335791,"nowcast",NA,NA,NA
"mfbvar","core_longo","sa","principal","2025Q3","m2",2025-08-31,-0.501594922339177,1.71285918150472,194.354557183018,198.444229371736,195.334344335791,"nowcast",NA,NA,NA
"mfbvar","core_longo","sa","principal","2025Q3","m3",2025-09-30,0.0469368381591284,1.81854487978144,194.757325032763,198.650424705531,194.665954988519,"publicado",NA,NA,NA
"mfbvar","core_longo","sa","principal","2025Q3","vespera",2025-12-03,0.222033800251786,1.99674241842258,195.098179206176,198.99809238016,194.665954988519,"publicado",NA,NA,NA
"mfbvar","core_longo","sa","principal","2025Q4","m1",2025-10-31,0.391979519821151,1.88746542408038,195.520733860243,193.022746621958,194.757325032763,"nowcast",NA,NA,NA
"mfbvar","core_longo","sa","principal","2025Q4","m2",2025-11-30,0.354757796850858,1.84968922890723,195.448241828255,192.951180753488,194.757325032763,"nowcast",NA,NA,NA
"mfbvar","core_longo","sa","principal","2025Q4","m3",2025-12-31,0.648431298029628,2.49609461864466,196.061115946528,194.175776372184,194.797984844863,"publicado",NA,NA,NA
"mfbvar","core_longo","sa","principal","2025Q4","vespera",2026-03-02,0.35640116118254,2.19870351029106,195.49224712481,193.612377839141,194.797984844863,"publicado",NA,NA,NA
"mfbvar","core_longo","sa","principal","2026Q1","m1",2026-01-31,0.943283560547248,2.37413999324703,197.910528221877,195.550270630521,196.061115946528,"nowcast",NA,NA,NA
"mfbvar","core_longo","sa","principal","2026Q1","m2",2026-02-28,0.367711480712307,1.79040926249583,196.782055179076,194.435255623984,196.061115946528,"nowcast",NA,NA,NA
"mfbvar","core_longo","sa","principal","2026Q1","m3",2026-03-31,0.176817737643153,1.3753067674374,195.981727522486,193.642346347741,195.635808711502,"publicado",NA,NA,NA
"mfbvar","core_longo","sa","principal","2026Q1","vespera",2026-05-28,0.770933636958882,1.97653051269828,197.144030966795,194.790775688422,195.635808711502,"publicado",NA,NA,NA
"mfbvar","core_longo","sa","principal","2026Q2","m1",2026-04-30,1.0935198367366,2.12717707960715,198.124826589323,199.332334859863,195.981727522486,"nowcast",NA,NA,NA
"mfbvar","core_longo","sa","principal","2026Q2","m2",2026-05-31,0.5321501772096,2.05282337553925,197.946602791101,199.187210928494,196.898805448981,"publicado",NA,NA,NA
"mfbvar","core_longo","sa","principal","2026Q2","m3",2026-06-30,1.29362115895384,2.82581254834182,199.445930057996,200.695935060916,196.898805448981,"publicado",NA,NA,NA
"mfbvar","core_longo","sa","principal","2026Q2","vespera",2026-08-31,0.748698191723252,2.27264694679015,198.372983244902,199.61626367398,196.898805448981,"publicado",NA,NA,NA
"mfbvar","core_longo","sa","principal","2026Q3","m1",2026-07-31,0.220562158278925,2.61711038384234,199.885832305932,203.859561956983,199.445930057996,"nowcast",NA,NA,NA
"mfbvar","core_longo","sa","principal","2026Q3","m2",2026-08-31,-0.144665512884967,1.69311803492072,198.086005951266,202.023955060646,198.372983244902,"nowcast",NA,NA,NA
"mfbvar","core_longo","sa","principal","2026Q3","m3",2026-09-30,-0.0676795243499173,1.77304539746879,198.162039161206,202.182739078793,198.296245116705,"publicado",NA,NA,NA
"mfbvar","core_longo","sa","principal","2026Q3","vespera",2026-12-01,-0.0769481600186972,1.76360603616705,198.143659804702,202.163986805874,198.296245116705,"publicado",NA,NA,NA
"rf","core_longo","sa","principal","2019Q1","m1",2019-01-31,0.528258743709653,2.89932751729234,171.500235718166,170.215347283812,170.599031418017,"ultimo_qoq",NA,NA,NA
"rf","core_longo","sa","principal","2019Q1","m2",2019-02-28,0.296074508672217,1.64906903221762,169.825192338996,168.147178449611,169.323867530141,"publicado",NA,NA,NA
"rf","core_longo","sa","principal","2019Q1","m3",2019-03-31,0.531474989842362,1.88764506700163,170.223781537898,168.541829256319,169.323867530141,"publicado",NA,NA,NA
"rf","core_longo","sa","principal","2019Q1","vespera",2019-05-29,0.375877825041449,1.72994889570532,169.960318400689,168.280969353633,169.323867530141,"publicado",NA,NA,NA
"rf","core_longo","sa","principal","2019Q2","m1",2019-04-30,0.575915910704627,1.58116182542323,171.204127379577,170.363188633683,170.223781537898,"nowcast",NA,NA,NA
"rf","core_longo","sa","principal","2019Q2","m2",2019-05-31,0.295103573322852,0.0642331456327527,168.908095874278,167.819126307805,168.411108674706,"publicado",NA,NA,NA
"rf","core_longo","sa","principal","2019Q2","m3",2019-06-30,0.454942365506716,0.223704003101988,169.177282156287,168.086577115458,168.411108674706,"publicado",NA,NA,NA
"rf","core_longo","sa","principal","2019Q2","vespera",2019-08-28,0.327973160378714,0.097027069816269,168.963451910255,167.874125457168,168.411108674706,"publicado",NA,NA,NA
"rf","core_longo","sa","principal","2019Q3","m1",2019-07-31,0.257423529171996,0.313012509547406,169.612784286571,172.268740138796,169.177282156287,"nowcast",NA,NA,NA
"rf","core_longo","sa","principal","2019Q3","m2",2019-08-31,0.226517732241649,1.01697448313967,170.752604549995,173.47766248359,170.366693778752,"publicado",NA,NA,NA
"rf","core_longo","sa","principal","2019Q3","m3",2019-09-30,0.239809597623464,1.03037117751246,170.775249461587,173.500668787596,170.366693778752,"publicado",NA,NA,NA
"rf","core_longo","sa","principal","2019Q3","vespera",2019-12-02,0.547267137017382,1.34025354312131,171.299054706226,174.032833492645,170.366693778752,"publicado",NA,NA,NA
"rf","core_longo","sa","principal","2019Q4","m1",2019-10-31,0.544595666237746,1.44694954360998,171.705284069162,171.615775603934,170.775249461587,"nowcast",NA,NA,NA
"rf","core_longo","sa","principal","2019Q4","m2",2019-11-30,0.577808482684272,1.48046043389629,171.762003339301,171.672465306814,170.775249461587,"nowcast",NA,NA,NA
"rf","core_longo","sa","principal","2019Q4","m3",2019-12-31,0.731347588254661,1.52887124723651,172.006437855505,171.754360911525,170.757606220649,"publicado",NA,NA,NA
"rf","core_longo","sa","principal","2019Q4","vespera",2020-03-03,0.496553523265053,1.29221823936265,171.605509130581,171.354019751165,170.757606220649,"publicado",NA,NA,NA
"rf","core_longo","sa","principal","2020Q1","m1",2020-01-31,0.592616428487536,2.42643109264979,173.025776264293,170.960160989604,172.006437855505,"nowcast",NA,NA,NA
"rf","core_longo","sa","principal","2020Q1","m2",2020-02-29,0.497696150154092,2.329780407011,172.862507274729,170.798841136903,172.006437855505,"nowcast",NA,NA,NA
"rf","core_longo","sa","principal","2020Q1","m3",2020-03-31,0.497405720874466,2.46367786208943,172.979206945153,171.022329646969,172.123057012628,"publicado",NA,NA,NA
"rf","core_longo","sa","principal","2020Q1","vespera",2020-05-28,-0.215209448974252,1.73712008998317,171.752631930074,169.809630616431,172.123057012628,"publicado",NA,NA,NA
"rf","core_longo","sa","principal","2020Q2","m1",2020-04-30,-0.204014116940832,1.3987801943629,172.626304943612,172.051320859411,172.979206945153,"nowcast",NA,NA,NA
"rf","core_longo","sa","principal","2020Q2","m2",2020-05-31,-0.748263947844008,-1.17095051037436,168.644595094528,167.691055763958,169.916015379224,"publicado",NA,NA,NA
"rf","core_longo","sa","principal","2020Q2","m3",2020-06-30,-1.16127122156513,-1.58219889672714,167.942829591795,166.99325813821,169.916015379224,"publicado",NA,NA,NA
"rf","core_longo","sa","principal","2020Q2","vespera",2020-08-31,-0.755269546431936,-1.17792627399412,168.632691460554,167.679219434739,169.916015379224,"publicado",NA,NA,NA
"rf","core_longo","sa","principal","2020Q3","m1",2020-07-31,-0.318844518884487,-2.03078040450765,167.407353084782,170.110421952147,167.942829591795,"nowcast",NA,NA,NA
"rf","core_longo","sa","principal","2020Q3","m2",2020-08-31,0.205349175009251,-1.11104303844241,168.978977301264,171.707422643512,168.632691460554,"nowcast",NA,NA,NA
"rf","core_longo","sa","principal","2020Q3","m3",2020-09-30,0.0498568399052601,-10.2680124782178,153.307789337986,155.807572245247,153.23139300769,"publicado",NA,NA,NA
"rf","core_longo","sa","principal","2020Q3","vespera",2020-12-02,1.23197789993488,-9.20780034440584,155.119169905307,157.648488547185,153.23139300769,"publicado",NA,NA,NA
"rf","core_longo","sa","principal","2020Q4","m1",2020-10-31,0.741192356663012,-9.99812971964675,154.444094954729,154.833367508752,153.307789337986,"nowcast",NA,NA,NA
"rf","core_longo","sa","principal","2020Q4","m2",2020-11-30,1.25863208784907,-9.53585066105441,155.237370367766,155.628642353015,153.307789337986,"nowcast",NA,NA,NA
"rf","core_longo","sa","principal","2020Q4","m3",2020-12-31,1.60282425850606,-2.00336106103739,167.995701893534,168.58704784906,165.345504044362,"publicado",NA,NA,NA
"rf","core_longo","sa","principal","2020Q4","vespera",2021-03-02,1.77996283166326,-1.83250966076843,168.288592560178,168.880969492742,165.345504044362,"publicado",NA,NA,NA
"rf","core_longo","sa","principal","2021Q1","m1",2021-01-31,0.905196813453779,-0.949031689907776,169.516393633814,166.010611499334,167.995701893534,"nowcast",NA,NA,NA
"rf","core_longo","sa","principal","2021Q1","m2",2021-02-28,1.27306048504356,-0.58792786148516,170.134388790912,166.615825849017,167.995701893534,"nowcast",NA,NA,NA
"rf","core_longo","sa","principal","2021Q1","m3",2021-03-31,1.27466510924814,1.34815574794103,172.909294345677,169.860725211418,170.73302010839,"publicado",NA,NA,NA
"rf","core_longo","sa","principal","2021Q1","vespera",2021-05-31,1.39503267322931,1.46861065745076,173.114801522893,170.062609085215,170.73302010839,"publicado",NA,NA,NA
"rf","core_longo","sa","principal","2021Q2","m1",2021-04-30,1.14185180628212,14.2388863144725,174.883662246393,174.187455491287,172.909294345677,"nowcast",NA,NA,NA
"rf","core_longo","sa","principal","2021Q2","m2",2021-05-31,0.789620590574147,13.976347096328,174.48175164105,173.787144880333,173.114801522893,"nowcast",NA,NA,NA
"rf","core_longo","sa","principal","2021Q2","m3",2021-06-30,1.14971055935467,14.348241736064,175.187097432567,174.35419681069,173.195846497027,"publicado",NA,NA,NA
"rf","core_longo","sa","principal","2021Q2","vespera",2021-08-31,1.70581079718581,14.9769047749729,176.150239946851,175.312760209211,173.195846497027,"publicado",NA,NA,NA
"rf","core_longo","sa","principal","2021Q3","m1",2021-07-31,0.880252378630608,6.73531359330919,176.729186024771,179.705444407943,175.187097432567,"nowcast",NA,NA,NA
"rf","core_longo","sa","principal","2021Q3","m2",2021-08-31,1.15014915516947,7.60925379120709,178.176230443428,181.176858191835,176.150239946851,"nowcast",NA,NA,NA
"rf","core_longo","sa","principal","2021Q3","m3",2021-09-30,1.32605118282623,5.34577560695622,174.558199507411,177.36594182953,172.273761258543,"publicado",NA,NA,NA
"rf","core_longo","sa","principal","2021Q3","vespera",2021-12-01,1.00069896208388,5.00751627838822,173.9977029994,176.79642981969,172.273761258543,"publicado",NA,NA,NA
"rf","core_longo","sa","principal","2021Q4","m1",2021-10-31,0.280086379958133,2.52395562921237,175.047113249332,175.786651606247,174.558199507411,"nowcast",NA,NA,NA
"rf","core_longo","sa","principal","2021Q4","m2",2021-11-30,0.3059109803764,2.55035808141402,175.092192206852,175.83192101317,174.558199507411,"nowcast",NA,NA,NA
"rf","core_longo","sa","principal","2021Q4","m3",2021-12-31,0.318600824774351,1.57220887901952,173.304572606835,174.154795194087,172.754176376069,"publicado",NA,NA,NA
"rf","core_longo","sa","principal","2021Q4","vespera",2022-03-03,0.706576259925518,1.96503255892646,173.974816374372,174.828327140242,172.754176376069,"publicado",NA,NA,NA
"rf","core_longo","sa","principal","2022Q1","m1",2022-01-31,0.190963480253425,0.64356491632509,173.635521050124,171.631295707276,173.304572606835,"nowcast",NA,NA,NA
"rf","core_longo","sa","principal","2022Q1","m2",2022-02-28,0.496954618766954,0.950938335474594,174.165817684939,172.155471279142,173.304572606835,"nowcast",NA,NA,NA
"rf","core_longo","sa","principal","2022Q1","m3",2022-03-31,0.577206589364065,0.878695556637998,174.057607296859,172.032272923166,173.05870107081,"publicado",NA,NA,NA
"rf","core_longo","sa","principal","2022Q1","vespera",2022-06-01,0.906472183184603,1.20894815285408,174.627430056597,172.595465225092,173.05870107081,"publicado",NA,NA,NA
"rf","core_longo","sa","principal","2022Q2","m1",2022-04-30,0.665211905467755,1.2797808745465,175.21545922297,173.571566706523,174.057607296859,"nowcast",NA,NA,NA
"rf","core_longo","sa","principal","2022Q2","m2",2022-05-31,0.878392857495913,1.49426331291176,175.586516887282,173.939143063192,174.057607296859,"nowcast",NA,NA,NA
"rf","core_longo","sa","principal","2022Q2","m3",2022-06-30,1.0827698748894,2.13081126260966,176.634577025749,175.030048118069,174.742517685626,"publicado",NA,NA,NA
"rf","core_longo","sa","principal","2022Q2","vespera",2022-08-31,1.05117789888214,2.09889173623536,176.579372411488,174.975344976401,174.742517685626,"publicado",NA,NA,NA
"rf","core_longo","sa","principal","2022Q3","m1",2022-07-31,0.389174846222984,2.5915711630295,177.321994369266,180.005837072226,176.634577025749,"nowcast",NA,NA,NA
"rf","core_longo","sa","principal","2022Q3","m2",2022-08-31,0.689566270325814,2.8663932765276,177.79700420399,180.488036379883,176.579372411488,"nowcast",NA,NA,NA
"rf","core_longo","sa","principal","2022Q3","m3",2022-09-30,0.873119221641083,4.28482654516975,180.049158013452,182.97680095341,178.490721217655,"publicado",NA,NA,NA
"rf","core_longo","sa","principal","2022Q3","vespera",2022-11-30,0.586987821812213,3.98901767526938,179.538440014267,182.457778555798,178.490721217655,"publicado",NA,NA,NA
"rf","core_longo","sa","principal","2022Q4","m1",2022-10-31,0.483813981811054,4.27870195600952,180.920261014054,181.403229922674,180.049158013452,"nowcast",NA,NA,NA
"rf","core_longo","sa","principal","2022Q4","m2",2022-11-30,0.379214952495199,3.87466903096525,180.219276624278,180.700374246267,179.538440014267,"nowcast",NA,NA,NA
"rf","core_longo","sa","principal","2022Q4","m3",2022-12-31,0.398959826769563,4.21359814170981,180.800338238243,181.289975327318,180.081883866327,"publicado",NA,NA,NA
"rf","core_longo","sa","principal","2022Q4","vespera",2023-03-01,0.178379441271481,3.98463684876509,180.403112924599,180.891674262112,180.081883866327,"publicado",NA,NA,NA
"rf","core_longo","sa","principal","2023Q1","m1",2023-01-31,0.178915904574217,3.29302524155339,181.123818798876,178.744964924625,180.800338238243,"nowcast",NA,NA,NA
"rf","core_longo","sa","principal","2023Q1","m2",2023-02-28,0.317031835011261,3.43543457150146,181.373532868267,178.991399285773,180.800338238243,"nowcast",NA,NA,NA
"rf","core_longo","sa","principal","2023Q1","m3",2023-03-31,0.391630181552749,2.95630677531817,179.825778646733,178.162285403951,179.124273927546,"publicado",NA,NA,NA
"rf","core_longo","sa","principal","2023Q1","vespera",2023-05-31,0.836042806930126,3.41207268439281,180.621829535183,178.950972357798,179.124273927546,"publicado",NA,NA,NA
"rf","core_longo","sa","principal","2023Q2","m1",2023-04-30,0.580693424852252,1.31145558372805,180.870015119524,179.77890022807,179.825778646733,"nowcast",NA,NA,NA
"rf","core_longo","sa","principal","2023Q2","m2",2023-05-31,0.938471192543755,2.12191257421195,182.316913372816,181.217069935453,180.621829535183,"nowcast",NA,NA,NA
"rf","core_longo","sa","principal","2023Q2","m3",2023-06-30,0.894755902541799,3.13209003098649,184.189692489275,183.009647005516,182.556259581213,"publicado",NA,NA,NA
"rf","core_longo","sa","principal","2023Q2","vespera",2023-08-31,0.350475984857646,2.5757407443409,183.1960754299,182.022395738426,182.556259581213,"publicado",NA,NA,NA
"rf","core_longo","sa","principal","2023Q3","m1",2023-07-31,0.519012704664057,2.58252699113029,185.145660393976,187.768801307524,184.189692489275,"nowcast",NA,NA,NA
"rf","core_longo","sa","principal","2023Q3","m2",2023-08-31,0.637516194184284,2.14942614526514,184.363980077875,186.976046156538,183.1960754299,"nowcast",NA,NA,NA
"rf","core_longo","sa","principal","2023Q3","m3",2023-09-30,0.586098534284307,3.01337878137653,186.125990301831,188.557439748871,185.04146498772,"publicado",NA,NA,NA
"rf","core_longo","sa","principal","2023Q3","vespera",2023-12-04,0.722392316691156,3.15296151932156,186.378190313484,188.812934365312,185.04146498772,"publicado",NA,NA,NA
"rf","core_longo","sa","principal","2023Q4","m1",2023-10-31,0.697126771864065,4.44164743632283,187.423524409622,186.581243245683,186.125990301831,"nowcast",NA,NA,NA
"rf","core_longo","sa","principal","2023Q4","m2",2023-11-30,0.683193929131387,4.42719648727274,187.397591768109,186.555427145439,186.125990301831,"nowcast",NA,NA,NA
"rf","core_longo","sa","principal","2023Q4","m3",2023-12-31,0.690068006853028,3.64457521392738,186.128199836135,185.157302414974,184.852591244121,"publicado",NA,NA,NA
"rf","core_longo","sa","principal","2023Q4","vespera",2024-02-29,0.681924930722522,3.63619319886683,186.113147148901,185.14232824682,184.852591244121,"publicado",NA,NA,NA
"rf","core_longo","sa","principal","2024Q1","m1",2024-01-31,0.645393782445991,2.07624400253887,187.329459665257,184.489745275357,186.128199836135,"nowcast",NA,NA,NA
"rf","core_longo","sa","principal","2024Q1","m2",2024-02-29,0.417425664049231,1.83679843740157,186.89003118927,184.056978065403,186.113147148901,"nowcast",NA,NA,NA
"rf","core_longo","sa","principal","2024Q1","m3",2024-03-31,0.7632160111396,1.18139126392243,185.686550367583,182.872413491458,184.280095175858,"publicado",NA,NA,NA
"rf","core_longo","sa","principal","2024Q1","vespera",2024-06-03,0.922416338811294,1.34125228544555,185.979924882937,183.16134182565,184.280095175858,"publicado",NA,NA,NA
"rf","core_longo","sa","principal","2024Q2","m1",2024-04-30,0.80665332885419,1.73163958849434,187.184397107358,187.4752364309,185.686550367583,"nowcast",NA,NA,NA
"rf","core_longo","sa","principal","2024Q2","m2",2024-05-31,0.845680324294773,1.77102468960897,187.256864988904,187.547816910024,185.686550367583,"nowcast",NA,NA,NA
"rf","core_longo","sa","principal","2024Q2","m3",2024-06-30,0.728024756092083,2.39118472875333,187.942664305982,188.69067325672,186.584284523672,"publicado",NA,NA,NA
"rf","core_longo","sa","principal","2024Q2","vespera",2024-09-02,0.767912857114994,2.43173143787629,188.017089233885,188.765394394707,186.584284523672,"publicado",NA,NA,NA
"rf","core_longo","sa","principal","2024Q3","m1",2024-07-31,0.650783438130542,2.87060015092284,189.165764038466,192.730538277158,187.942664305982,"nowcast",NA,NA,NA
"rf","core_longo","sa","principal","2024Q3","m2",2024-08-31,0.755542323270464,2.97766945547635,189.362650678295,192.931135188902,187.942664305982,"nowcast",NA,NA,NA
"rf","core_longo","sa","principal","2024Q3","m3",2024-09-30,0.643536571827363,3.73413705791164,190.659128570361,194.348395397287,189.440012806278,"publicado",NA,NA,NA
"rf","core_longo","sa","principal","2024Q3","vespera",2024-12-02,0.787984764078908,3.8830210208882,190.932771244261,194.627333075139,189.440012806278,"publicado",NA,NA,NA
"rf","core_longo","sa","principal","2024Q4","m1",2024-10-31,0.318504116738882,3.89047642460405,191.266385743796,190.014850256789,190.659128570361,"nowcast",NA,NA,NA
"rf","core_longo","sa","principal","2024Q4","m2",2024-11-30,0.390787207497634,3.96533324989752,191.40420005474,190.151762791397,190.659128570361,"nowcast",NA,NA,NA
"rf","core_longo","sa","principal","2024Q4","m3",2024-12-31,0.574725138259269,4.53384921664666,192.40853268652,191.191573946453,191.309031590211,"publicado",NA,NA,NA
"rf","core_longo","sa","principal","2024Q4","vespera",2025-03-06,0.657248556342238,4.6196211691016,192.56640743849,191.348450161317,191.309031590211,"publicado",NA,NA,NA
"rf","core_longo","sa","principal","2025Q1","m1",2025-01-31,0.477859916002443,3.03191326129979,193.327975939198,190.798618253805,192.40853268652,"nowcast",NA,NA,NA
"rf","core_longo","sa","principal","2025Q1","m2",2025-02-28,0.347873422823697,2.89862263288148,193.077870834982,190.551785336475,192.40853268652,"nowcast",NA,NA,NA
"rf","core_longo","sa","principal","2025Q1","m3",2025-03-31,0.544752029589501,2.31739055732056,192.066989920705,189.475436529669,191.026369893658,"publicado",NA,NA,NA
"rf","core_longo","sa","principal","2025Q1","vespera",2025-05-29,0.712362863106653,2.4879564274275,192.387170811521,189.791297230567,191.026369893658,"publicado",NA,NA,NA
"rf","core_longo","sa","principal","2025Q2","m1",2025-04-30,0.410825749161292,1.3110611945921,192.856050570938,193.180741974338,192.066989920705,"nowcast",NA,NA,NA
"rf","core_longo","sa","principal","2025Q2","m2",2025-05-31,0.553701698808795,2.50486084330865,195.097183093079,195.457088694908,194.022875137366,"publicado",NA,NA,NA
"rf","core_longo","sa","principal","2025Q2","m3",2025-06-30,0.783217593701746,2.73883029913038,195.542496431248,195.903223525024,194.022875137366,"publicado",NA,NA,NA
"rf","core_longo","sa","principal","2025Q2","vespera",2025-09-01,0.766932744324222,2.72222945608736,195.510900098274,195.871568904703,194.022875137366,"publicado",NA,NA,NA
"rf","core_longo","sa","principal","2025Q3","m1",2025-07-31,0.7050191778875,3.0560295178508,196.921108532008,201.064786934035,195.542496431248,"nowcast",NA,NA,NA
"rf","core_longo","sa","principal","2025Q3","m2",2025-08-31,0.535476482467145,2.88252876122106,196.589580512866,200.726282793833,195.542496431248,"nowcast",NA,NA,NA
"rf","core_longo","sa","principal","2025Q3","m3",2025-09-30,0.333946775371663,2.1106371226483,195.31603566795,199.220303681578,194.665954988519,"publicado",NA,NA,NA
"rf","core_longo","sa","principal","2025Q3","vespera",2025-12-03,0.279473619206305,2.05519936841962,195.209994978288,199.112143292572,194.665954988519,"publicado",NA,NA,NA
"rf","core_longo","sa","principal","2025Q4","m1",2025-10-31,0.65088237047386,2.44326876394749,196.587313310821,194.075699375236,195.31603566795,"nowcast",NA,NA,NA
"rf","core_longo","sa","principal","2025Q4","m2",2025-11-30,0.509477953028026,2.29934622298562,196.311127808406,193.80304243906,195.31603566795,"nowcast",NA,NA,NA
"rf","core_longo","sa","principal","2025Q4","m3",2025-12-31,0.552181295611609,2.39807769748999,195.873622881405,193.990086255564,194.797984844863,"publicado",NA,NA,NA
"rf","core_longo","sa","principal","2025Q4","vespera",2026-03-02,0.392159112437285,2.23511789159743,195.561902893276,193.681363792095,194.797984844863,"publicado",NA,NA,NA
"rf","core_longo","sa","principal","2026Q1","m1",2026-01-31,0.624446411902069,1.95319230375166,197.09674869135,194.746196138588,195.873622881405,"nowcast",NA,NA,NA
"rf","core_longo","sa","principal","2026Q1","m2",2026-02-28,0.425351193891266,1.75146803323474,196.706773674849,194.360871918087,195.873622881405,"nowcast",NA,NA,NA
"rf","core_longo","sa","principal","2026Q1","m3",2026-03-31,0.484994118744098,1.68717008949268,196.58463087791,194.238053007955,195.635808711502,"publicado",NA,NA,NA
"rf","core_longo","sa","principal","2026Q1","vespera",2026-05-28,0.693807248758294,1.89848140472828,196.993144133509,194.641689950686,195.635808711502,"publicado",NA,NA,NA
"rf","core_longo","sa","principal","2026Q2","m1",2026-04-30,0.615230278963619,1.95668702537848,197.79407905086,198.999571519569,196.58463087791,"nowcast",NA,NA,NA
"rf","core_longo","sa","principal","2026Q2","m2",2026-05-31,0.603608415671864,2.12536250830089,198.087303209028,199.328793170514,196.898805448981,"publicado",NA,NA,NA
"rf","core_longo","sa","principal","2026Q2","m3",2026-06-30,0.660776451812972,2.18339528174452,198.199866389289,199.442061827885,196.898805448981,"publicado",NA,NA,NA
"rf","core_longo","sa","principal","2026Q2","vespera",2026-08-31,0.644883408346519,2.16726183632507,198.168573176554,199.410572488448,196.898805448981,"publicado",NA,NA,NA
"rf","core_longo","sa","principal","2026Q3","m1",2026-07-31,0.400576774239081,2.15916471116469,198.993809020617,202.949805251859,198.199866389289,"nowcast",NA,NA,NA
"rf","core_longo","sa","principal","2026Q3","m2",2026-08-31,0.274336509551687,2.01460391902946,198.712221923235,202.66262020396,198.168573176554,"nowcast",NA,NA,NA
"rf","core_longo","sa","principal","2026Q3","m3",2026-09-30,0.590209948432641,2.44305300723235,199.466609282752,203.51377887638,198.296245116705,"publicado",NA,NA,NA
"rf","core_longo","sa","principal","2026Q3","vespera",2026-12-01,0.509806519879841,2.36116857039281,199.307172302987,203.351106926617,198.296245116705,"publicado",NA,NA,NA
"ridge","core_longo","sa","principal","2019Q1","m1",2019-01-31,0.593078223828059,2.96567583564138,171.610817123418,170.325100207587,170.599031418017,"ultimo_qoq",NA,NA,NA
"ridge","core_longo","sa","principal","2019Q1","m2",2019-02-28,0.531282452442028,1.88744993227083,170.223455526125,168.541506465813,169.323867530141,"publicado",NA,NA,NA
"ridge","core_longo","sa","principal","2019Q1","m3",2019-03-31,0.677812209150841,2.03595637609661,170.471565377267,168.787164785644,169.323867530141,"publicado",NA,NA,NA
"ridge","core_longo","sa","principal","2019Q1","vespera",2019-05-29,0.289706899146469,1.64261552360898,169.814410456277,168.136503100845,169.323867530141,"publicado",NA,NA,NA
"ridge","core_longo","sa","principal","2019Q2","m1",2019-04-30,0.51572472450776,1.66814572345764,171.350729388173,170.509070546851,170.471565377267,"nowcast",NA,NA,NA
"ridge","core_longo","sa","principal","2019Q2","m2",2019-05-31,0.179946860824032,-0.0506584863335213,168.714159178045,167.626439943351,168.411108674706,"publicado",NA,NA,NA
"ridge","core_longo","sa","principal","2019Q2","m3",2019-06-30,0.595379407190655,0.363817771179131,169.413793735177,168.321563877493,168.411108674706,"publicado",NA,NA,NA
"ridge","core_longo","sa","principal","2019Q2","vespera",2019-08-28,0.410398716295157,0.179262889417875,169.102265702805,168.012044301523,168.411108674706,"publicado",NA,NA,NA
"ridge","core_longo","sa","principal","2019Q3","m1",2019-07-31,0.81758347505918,1.01450520896327,170.798892917226,173.473421969415,169.413793735177,"nowcast",NA,NA,NA
"ridge","core_longo","sa","principal","2019Q3","m2",2019-08-31,0.692592651675095,1.48672519691204,171.546640980765,174.284371021359,170.366693778752,"publicado",NA,NA,NA
"ridge","core_longo","sa","principal","2019Q3","m3",2019-09-30,0.704892066200191,1.49912161326322,171.567595086646,174.305659535916,170.366693778752,"publicado",NA,NA,NA
"ridge","core_longo","sa","principal","2019Q3","vespera",2019-12-02,0.611382134547322,1.40487419657724,171.408285307734,174.143807316272,170.366693778752,"publicado",NA,NA,NA
"ridge","core_longo","sa","principal","2019Q4","m1",2019-10-31,0.552760438429956,1.92590904760486,172.515952877451,172.426021817652,171.567595086646,"nowcast",NA,NA,NA
"ridge","core_longo","sa","principal","2019Q4","m2",2019-11-30,0.430864234326944,1.80234822880208,172.306818491569,172.2169964517,171.567595086646,"nowcast",NA,NA,NA
"ridge","core_longo","sa","principal","2019Q4","m3",2019-12-31,0.629976274392163,1.42669734288867,171.833338626559,171.581515361018,170.757606220649,"publicado",NA,NA,NA
"ridge","core_longo","sa","principal","2019Q4","vespera",2020-03-03,0.553491918689497,1.34960743504484,171.702735771628,171.451103905717,170.757606220649,"publicado",NA,NA,NA
"ridge","core_longo","sa","principal","2020Q1","m1",2020-01-31,0.578116132851814,2.30860414687155,172.826734878777,170.763495798752,171.833338626559,"nowcast",NA,NA,NA
"ridge","core_longo","sa","principal","2020Q1","m2",2020-02-29,0.548408284037349,2.27838516225267,172.775686890325,170.713057231086,171.833338626559,"nowcast",NA,NA,NA
"ridge","core_longo","sa","principal","2020Q1","m3",2020-03-31,0.476613996982111,2.44247933976118,172.943419594384,170.986947150954,172.123057012628,"publicado",NA,NA,NA
"ridge","core_longo","sa","principal","2020Q1","vespera",2020-05-28,-0.891462621186723,1.04763575261384,170.588644296917,168.658810929959,172.123057012628,"publicado",NA,NA,NA
"ridge","core_longo","sa","principal","2020Q2","m1",2020-04-30,-0.709383496079796,0.864422251140029,171.716587518225,171.144633522867,172.943419594384,"nowcast",NA,NA,NA
"ridge","core_longo","sa","principal","2020Q2","m2",2020-05-31,-2.08184356158816,-2.49885076569906,166.378629752944,165.437902496628,169.916015379224,"publicado",NA,NA,NA
"ridge","core_longo","sa","principal","2020Q2","m3",2020-06-30,-4.24064054495611,-4.64845401087767,162.710487938679,161.790500851877,169.916015379224,"publicado",NA,NA,NA
"ridge","core_longo","sa","principal","2020Q2","vespera",2020-08-31,-2.52967292917442,-2.94477294794516,165.617695935844,164.681271102159,169.916015379224,"publicado",NA,NA,NA
"ridge","core_longo","sa","principal","2020Q3","m1",2020-07-31,-2.20428055787157,-6.8783822267262,159.123892287429,161.693210966508,162.710487938679,"nowcast",NA,NA,NA
"ridge","core_longo","sa","principal","2020Q3","m2",2020-08-31,-1.33712588455734,-4.37408144402501,163.403178854078,166.041593699364,165.617695935844,"nowcast",NA,NA,NA
"ridge","core_longo","sa","principal","2020Q3","m3",2020-09-30,2.88451741873776,-7.72568272660903,157.651379229971,160.221987186729,153.23139300769,"publicado",NA,NA,NA
"ridge","core_longo","sa","principal","2020Q3","vespera",2020-12-02,4.82382508449717,-5.9863705800332,160.623007380919,163.24206966143,153.23139300769,"publicado",NA,NA,NA
"ridge","core_longo","sa","principal","2020Q4","m1",2020-10-31,2.65982604022692,-5.68548736563695,161.844631667507,162.252557092837,157.651379229971,"nowcast",NA,NA,NA
"ridge","core_longo","sa","principal","2020Q4","m2",2020-11-30,3.40887037690505,-4.99733354461211,163.025510395324,163.43641219653,157.651379229971,"nowcast",NA,NA,NA
"ridge","core_longo","sa","principal","2020Q4","m3",2020-12-31,3.48047096621127,-0.192357599147774,171.100306306562,171.70258048967,165.345504044362,"publicado",NA,NA,NA
"ridge","core_longo","sa","principal","2020Q4","vespera",2021-03-02,3.22882435391418,-0.435072527452807,170.684219947049,171.285029503484,165.345504044362,"publicado",NA,NA,NA
"ridge","core_longo","sa","principal","2021Q1","m1",2021-01-31,0.133276139748362,0.109716996054621,171.328342189905,167.785087001992,171.100306306562,"nowcast",NA,NA,NA
"ridge","core_longo","sa","principal","2021Q1","m2",2021-02-28,0.430407397685406,0.40677834558287,171.836734682368,168.282965388537,171.100306306562,"nowcast",NA,NA,NA
"ridge","core_longo","sa","principal","2021Q1","m3",2021-03-31,-0.13273066229561,-0.0602613097657967,170.506405040043,167.500201321697,170.73302010839,"publicado",NA,NA,NA
"ridge","core_longo","sa","principal","2021Q1","vespera",2021-05-31,-0.112602921934624,-0.0401189635752641,170.540769739041,167.53396013562,170.73302010839,"publicado",NA,NA,NA
"ridge","core_longo","sa","principal","2021Q2","m1",2021-04-30,-0.0122566068061047,11.3658884575609,170.485506740398,169.806808913993,170.506405040043,"nowcast",NA,NA,NA
"ridge","core_longo","sa","principal","2021Q2","m2",2021-05-31,-0.178448463433412,11.2031926543133,170.236442355914,169.558736047554,170.540769739041,"nowcast",NA,NA,NA
"ridge","core_longo","sa","principal","2021Q2","m3",2021-06-30,1.19852684449642,14.403427819575,175.271645210847,174.438342619314,173.195846497027,"publicado",NA,NA,NA
"ridge","core_longo","sa","principal","2021Q2","vespera",2021-08-31,1.40895039046081,14.6413085052224,175.636090052509,174.801054762965,173.195846497027,"publicado",NA,NA,NA
"ridge","core_longo","sa","principal","2021Q3","m1",2021-07-31,1.03427193921286,6.94986302810445,177.084430654659,180.066671636583,175.271645210847,"nowcast",NA,NA,NA
"ridge","core_longo","sa","principal","2021Q3","m2",2021-08-31,1.36995562724946,7.52832235180025,178.042226551664,181.04059756922,175.636090052509,"nowcast",NA,NA,NA
"ridge","core_longo","sa","principal","2021Q3","m3",2021-09-30,1.32385649746569,5.34349385582884,174.554418640393,177.362100147836,172.273761258543,"publicado",NA,NA,NA
"ridge","core_longo","sa","principal","2021Q3","vespera",2021-12-01,1.17021651095679,5.18375878913984,174.289737256837,177.093161404129,172.273761258543,"publicado",NA,NA,NA
"ridge","core_longo","sa","principal","2021Q4","m1",2021-10-31,-0.695072886211889,1.52477714217694,173.341138204739,174.073469164982,174.554418640393,"nowcast",NA,NA,NA
"ridge","core_longo","sa","principal","2021Q4","m2",2021-11-30,-0.889925868878916,1.32556844009419,173.001013713641,173.73190771727,174.554418640393,"nowcast",NA,NA,NA
"ridge","core_longo","sa","principal","2021Q4","m3",2021-12-31,-0.882373586256646,0.356226770689783,171.229839154571,172.069883214984,172.754176376069,"publicado",NA,NA,NA
"ridge","core_longo","sa","principal","2021Q4","vespera",2022-03-03,0.110612268024446,1.36162124166255,172.945263688666,173.793723526363,172.754176376069,"publicado",NA,NA,NA
"ridge","core_longo","sa","principal","2022Q1","m1",2022-01-31,0.117612045741544,-0.634100525930881,171.431226071321,169.45244427731,171.229839154571,"nowcast",NA,NA,NA
"ridge","core_longo","sa","principal","2022Q1","m2",2022-02-28,0.577590713100018,-0.177575514127004,172.218846803584,170.23097372789,171.229839154571,"nowcast",NA,NA,NA
"ridge","core_longo","sa","principal","2022Q1","m3",2022-03-31,0.292208836644381,0.592843498245532,173.564393887921,171.544798545611,173.05870107081,"publicado",NA,NA,NA
"ridge","core_longo","sa","principal","2022Q1","vespera",2022-06-01,1.79943010467993,2.10458279376426,176.172771436646,174.122825012352,173.05870107081,"publicado",NA,NA,NA
"ridge","core_longo","sa","principal","2022Q2","m1",2022-04-30,0.646391535100199,0.973910677298928,174.68629943796,173.047371562273,173.564393887921,"nowcast",NA,NA,NA
"ridge","core_longo","sa","principal","2022Q2","m2",2022-05-31,1.25777083754834,1.58727950387847,175.747436218611,174.098552629995,173.564393887921,"nowcast",NA,NA,NA
"ridge","core_longo","sa","principal","2022Q2","m3",2022-06-30,0.85521731056426,1.90089939901334,176.236945945789,174.636029074739,174.742517685626,"publicado",NA,NA,NA
"ridge","core_longo","sa","principal","2022Q2","vespera",2022-08-31,0.983288997893883,2.03029895289315,176.460741636672,174.857791830386,174.742517685626,"publicado",NA,NA,NA
"ridge","core_longo","sa","principal","2022Q3","m1",2022-07-31,0.111412369199626,2.07740487011929,176.433295702673,179.103687578848,176.236945945789,"nowcast",NA,NA,NA
"ridge","core_longo","sa","principal","2022Q3","m2",2022-08-31,0.392227210113383,2.49372165376649,177.152868680538,179.834151595317,176.460741636672,"nowcast",NA,NA,NA
"ridge","core_longo","sa","principal","2022Q3","m3",2022-09-30,0.603792671263004,4.00639089445418,179.568435111252,182.488261380328,178.490721217655,"publicado",NA,NA,NA
"ridge","core_longo","sa","principal","2022Q3","vespera",2022-11-30,0.349010542438366,3.74299158335618,179.113672651979,182.026104373266,178.490721217655,"publicado",NA,NA,NA
"ridge","core_longo","sa","principal","2022Q4","m1",2022-10-31,0.352140101846765,3.86400080099107,180.200767581537,180.681815793404,179.568435111252,"nowcast",NA,NA,NA
"ridge","core_longo","sa","principal","2022Q4","m2",2022-11-30,-0.448406996046247,2.7744979134452,178.310514412932,178.786516570229,179.113672651979,"nowcast",NA,NA,NA
"ridge","core_longo","sa","principal","2022Q4","m3",2022-12-31,-0.194970172341091,3.59710189156519,179.730777906998,180.217518450567,180.081883866327,"publicado",NA,NA,NA
"ridge","core_longo","sa","principal","2022Q4","vespera",2023-03-01,-0.371098033719997,3.41428208746593,179.413603536213,179.899485119356,180.081883866327,"publicado",NA,NA,NA
"ridge","core_longo","sa","principal","2023Q1","m1",2023-01-31,0.26867779758899,2.77397949673759,180.213674602668,177.846774429822,179.730777906998,"nowcast",NA,NA,NA
"ridge","core_longo","sa","principal","2023Q1","m2",2023-02-28,-0.0014553202632217,2.49709686374247,179.728162248568,177.367638724316,179.730777906998,"nowcast",NA,NA,NA
"ridge","core_longo","sa","principal","2023Q1","m3",2023-03-31,0.284084662323569,2.84601382111427,179.633138516273,177.971427306955,179.124273927546,"publicado",NA,NA,NA
"ridge","core_longo","sa","principal","2023Q1","vespera",2023-05-31,1.70795322777662,4.30625755425622,182.183632745823,180.498327978626,179.124273927546,"publicado",NA,NA,NA
"ridge","core_longo","sa","principal","2023Q2","m1",2023-04-30,0.710680533481023,1.33371595192009,180.909756263389,179.818401629853,179.633138516273,"nowcast",NA,NA,NA
"ridge","core_longo","sa","principal","2023Q2","m2",2023-05-31,1.15510788410318,3.22601347326605,184.288050251216,183.17631575054,182.183632745823,"nowcast",NA,NA,NA
"ridge","core_longo","sa","principal","2023Q2","m3",2023-06-30,1.23523045598131,3.48011458374422,184.81125009886,183.627222490802,182.556259581213,"publicado",NA,NA,NA
"ridge","core_longo","sa","principal","2023Q2","vespera",2023-08-31,0.853706151912315,3.09013000501885,184.114753599959,182.935188226116,182.556259581213,"publicado",NA,NA,NA
"ridge","core_longo","sa","principal","2023Q3","m1",2023-07-31,0.565356771125258,2.97615206112249,185.856093015096,188.489299327264,184.81125009886,"nowcast",NA,NA,NA
"ridge","core_longo","sa","principal","2023Q3","m2",2023-08-31,0.59514061972501,2.61844966411926,185.210495285539,187.834554778848,184.114753599959,"nowcast",NA,NA,NA
"ridge","core_longo","sa","principal","2023Q3","m3",2023-09-30,-0.0576008943291795,2.35414600440869,184.934879449007,187.350768866952,185.04146498772,"publicado",NA,NA,NA
"ridge","core_longo","sa","principal","2023Q3","vespera",2023-12-04,0.171212795322329,2.58848128160807,185.358279652431,187.779700142037,185.04146498772,"publicado",NA,NA,NA
"ridge","core_longo","sa","principal","2023Q4","m1",2023-10-31,0.136428751750128,3.19544796061892,185.18718379659,184.354952745519,184.934879449007,"nowcast",NA,NA,NA
"ridge","core_longo","sa","principal","2023Q4","m2",2023-11-30,0.21248156589444,3.2738240753069,185.327831976746,184.494968852869,184.934879449007,"nowcast",NA,NA,NA
"ridge","core_longo","sa","principal","2023Q4","m3",2023-12-31,0.186532447655363,3.12626461814354,185.197401307123,184.231359194787,184.852591244121,"publicado",NA,NA,NA
"ridge","core_longo","sa","principal","2023Q4","vespera",2024-02-29,1.08222017421504,4.0482341408703,186.853103279124,185.878424556236,184.852591244121,"publicado",NA,NA,NA
"ridge","core_longo","sa","principal","2024Q1","m1",2024-01-31,0.593385913382471,1.51329291923095,186.29633659843,183.472283250016,185.197401307123,"nowcast",NA,NA,NA
"ridge","core_longo","sa","principal","2024Q1","m2",2024-02-29,0.580482920843606,2.40770475278851,187.937753630726,185.088818154457,186.853103279124,"nowcast",NA,NA,NA
"ridge","core_longo","sa","principal","2024Q1","m3",2024-03-31,0.98211692766601,1.40120063642837,186.089941184899,183.269690796663,184.280095175858,"publicado",NA,NA,NA
"ridge","core_longo","sa","principal","2024Q1","vespera",2024-06-03,1.59963259075468,2.02127903797193,187.227899636565,184.390403137417,184.280095175858,"publicado",NA,NA,NA
"ridge","core_longo","sa","principal","2024Q2","m1",2024-04-30,0.528210047408262,1.67103565373159,187.072886951454,187.363553015158,186.089941184899,"nowcast",NA,NA,NA
"ridge","core_longo","sa","principal","2024Q2","m2",2024-05-31,0.619733662267463,1.76359972808564,187.243203192516,187.534133886505,186.089941184899,"nowcast",NA,NA,NA
"ridge","core_longo","sa","principal","2024Q2","m3",2024-06-30,0.160917170785013,1.814713407402,186.884530675457,187.62832827041,186.584284523672,"publicado",NA,NA,NA
"ridge","core_longo","sa","principal","2024Q2","vespera",2024-09-02,0.952808073850564,2.61967953214377,188.36207465115,189.111752848695,186.584284523672,"publicado",NA,NA,NA
"ridge","core_longo","sa","principal","2024Q3","m1",2024-07-31,0.361604115100667,1.99753662230771,187.560312828866,191.094832802772,186.884530675457,"nowcast",NA,NA,NA
"ridge","core_longo","sa","principal","2024Q3","m2",2024-08-31,0.67824291038483,2.31933675098044,188.152061755369,191.697733067044,186.884530675457,"nowcast",NA,NA,NA
"ridge","core_longo","sa","principal","2024Q3","m3",2024-09-30,0.954991616649137,4.05515638421345,191.249149047157,194.949832809577,189.440012806278,"publicado",NA,NA,NA
"ridge","core_longo","sa","principal","2024Q3","vespera",2024-12-02,1.04631061149738,4.14927963792899,191.422143762692,195.126174984371,189.440012806278,"publicado",NA,NA,NA
"ridge","core_longo","sa","principal","2024Q4","m1",2024-10-31,0.342458045545513,4.23686317231144,191.904097145106,190.648388847252,191.249149047157,"nowcast",NA,NA,NA
"ridge","core_longo","sa","principal","2024Q4","m2",2024-11-30,0.142988449896864,4.02965193438038,191.52261324082,190.269401150766,191.249149047157,"nowcast",NA,NA,NA
"ridge","core_longo","sa","principal","2024Q4","m3",2024-12-31,0.391513610533623,4.34342556708962,192.058032487067,190.843290614802,191.309031590211,"publicado",NA,NA,NA
"ridge","core_longo","sa","principal","2024Q4","vespera",2025-03-06,0.306567364216326,4.25513541176634,191.895522645865,190.681808627037,191.309031590211,"publicado",NA,NA,NA
"ridge","core_longo","sa","principal","2025Q1","m1",2025-01-31,0.594635380338371,2.96375126389112,193.200077499017,190.672393140524,192.058032487067,"nowcast",NA,NA,NA
"ridge","core_longo","sa","principal","2025Q1","m2",2025-02-28,-0.50761834994848,1.83553822861497,191.083110671612,188.583123113278,192.058032487067,"nowcast",NA,NA,NA
"ridge","core_longo","sa","principal","2025Q1","m3",2025-03-31,0.296249397212245,2.06450673814338,191.592284362984,189.007136157963,191.026369893658,"publicado",NA,NA,NA
"ridge","core_longo","sa","principal","2025Q1","vespera",2025-05-29,0.819282743955196,2.59676134251547,192.591415978601,189.992786524524,191.026369893658,"publicado",NA,NA,NA
"ridge","core_longo","sa","principal","2025Q2","m1",2025-04-30,0.457503327049613,1.10764424712746,192.468825438315,192.792864911577,191.592284362984,"nowcast",NA,NA,NA
"ridge","core_longo","sa","principal","2025Q2","m2",2025-05-31,0.457204058592042,2.40649074837418,194.909955597091,195.269515810926,194.022875137366,"publicado",NA,NA,NA
"ridge","core_longo","sa","principal","2025Q2","m3",2025-06-30,0.622710526609671,2.57520872877863,195.231076004877,195.591228605705,194.022875137366,"publicado",NA,NA,NA
"ridge","core_longo","sa","principal","2025Q2","vespera",2025-09-01,0.604462796466865,2.55660691693684,195.195671234207,195.555758522071,194.022875137366,"publicado",NA,NA,NA
"ridge","core_longo","sa","principal","2025Q3","m1",2025-07-31,0.637228181395866,2.82263964905409,196.475143440023,200.609437698656,195.231076004877,"nowcast",NA,NA,NA
"ridge","core_longo","sa","principal","2025Q3","m2",2025-08-31,0.318469364493179,2.49695874987164,195.852827171923,199.97402644801,195.231076004877,"nowcast",NA,NA,NA
"ridge","core_longo","sa","principal","2025Q3","m3",2025-09-30,0.330222077005438,2.106846468184,195.308784948305,199.212908023742,194.665954988519,"publicado",NA,NA,NA
"ridge","core_longo","sa","principal","2025Q3","vespera",2025-12-03,0.387547910120345,2.16518741390654,195.420378828793,199.32673260903,194.665954988519,"publicado",NA,NA,NA
"ridge","core_longo","sa","principal","2025Q4","m1",2025-10-31,0.599578644490584,2.38725035922782,196.479814713669,193.969574188046,195.308784948305,"nowcast",NA,NA,NA
"ridge","core_longo","sa","principal","2025Q4","m2",2025-11-30,0.33315024180518,2.11608747826824,195.959456637627,193.455864244955,195.308784948305,"nowcast",NA,NA,NA
"ridge","core_longo","sa","principal","2025Q4","m3",2025-12-31,0.422748850436472,2.2662691836731,195.621491086468,193.740378980393,194.797984844863,"publicado",NA,NA,NA
"ridge","core_longo","sa","principal","2025Q4","vespera",2026-03-02,0.386893082607265,2.22975519011503,195.551644773286,193.671204315017,194.797984844863,"publicado",NA,NA,NA
"ridge","core_longo","sa","principal","2026Q1","m1",2026-01-31,0.579677010519708,1.77665426137035,196.755463897932,194.408981467319,195.621491086468,"nowcast",NA,NA,NA
"ridge","core_longo","sa","principal","2026Q1","m2",2026-02-28,0.10023607951013,1.29150760625623,195.817574399812,193.482277128613,195.621491086468,"nowcast",NA,NA,NA
"ridge","core_longo","sa","principal","2026Q1","m3",2026-03-31,0.332202878090482,1.53255089472846,196.285716498617,193.942706689218,195.635808711502,"publicado",NA,NA,NA
"ridge","core_longo","sa","principal","2026Q1","vespera",2026-05-28,0.816524154117482,2.02266646278151,197.233222343734,194.878902411881,195.635808711502,"publicado",NA,NA,NA
"ridge","core_longo","sa","principal","2026Q2","m1",2026-04-30,0.906939703815657,2.0968072038539,198.065909594462,199.273058784518,196.285716498617,"nowcast",NA,NA,NA
"ridge","core_longo","sa","principal","2026Q2","m2",2026-05-31,1.15671249554556,2.68683297195,199.176358535189,200.424674028817,196.898805448981,"publicado",NA,NA,NA
"ridge","core_longo","sa","principal","2026Q2","m3",2026-06-30,1.15897981752018,2.68913458997571,199.180822865073,200.429166338388,196.898805448981,"publicado",NA,NA,NA
"ridge","core_longo","sa","principal","2026Q2","vespera",2026-08-31,1.14076938731189,2.6706487044718,199.144966745526,200.393085494632,196.898805448981,"publicado",NA,NA,NA
"ridge","core_longo","sa","principal","2026Q3","m1",2026-07-31,0.275215656183203,2.5365958653965,199.728999673712,203.69961149258,199.180822865073,"nowcast",NA,NA,NA
"ridge","core_longo","sa","principal","2026Q3","m2",2026-08-31,-0.0136680367355035,2.22279209487959,199.117747538314,203.076207666856,199.144966745526,"nowcast",NA,NA,NA
"ridge","core_longo","sa","principal","2026Q3","m3",2026-09-30,0.222261888495989,2.06832744867829,198.736982095918,202.769347582854,198.296245116705,"publicado",NA,NA,NA
"ridge","core_longo","sa","principal","2026Q3","vespera",2026-12-01,0.670831340814626,2.52515942273284,199.626478476606,203.676891809839,198.296245116705,"publicado",NA,NA,NA
"sarima","core","sa","principal","2015Q1","m1",2015-01-31,1.41074779854704,-1.22038010311183,175.596071069004,171.330386102176,173.153314496632,"ultimo_qoq",0.447501391164153,0.696545665257083,NA
"sarima","core","sa","principal","2015Q1","m2",2015-02-28,1.41074779854704,-1.22038010311183,175.596071069004,171.330386102176,173.153314496632,"ultimo_qoq",0.447501391164153,0.696545665257083,NA
"sarima","core","sa","principal","2015Q1","m3",2015-03-31,0.458680272887224,-1.07195763612749,175.816212713108,171.587820566908,175.013460494921,"publicado",0.45763154058621,0.675435975907838,NA
"sarima","core","sa","principal","2015Q1","vespera",2015-05-28,0.458680272887224,-1.07195763612749,175.816212713108,171.587820566908,175.013460494921,"publicado",0.45763154058621,0.675435975907838,NA
"sarima","core","sa","principal","2015Q2","m1",2015-04-30,0.458680272887224,1.64054888540588,176.622646997361,176.819997273985,175.816212713108,"nowcast",0.45763154058621,0.675435975907838,NA
"sarima","core","sa","principal","2015Q2","m2",2015-05-31,0.420441072587674,0.973999203996834,175.48176984996,175.660427455225,174.747061430566,"publicado",0.419559688712994,0.64608524244136,NA
"sarima","core","sa","principal","2015Q2","m3",2015-06-30,0.420441072587674,0.973999203996834,175.48176984996,175.660427455225,174.747061430566,"publicado",0.419559688712994,0.64608524244136,NA
"sarima","core","sa","principal","2015Q2","vespera",2015-08-27,0.420441072587674,0.973999203996834,175.48176984996,175.660427455225,174.747061430566,"publicado",0.419559688712994,0.64608524244136,NA
"sarima","core","sa","principal","2015Q3","m1",2015-07-31,0.420441072587696,1.1600556218422,176.219567285313,179.332601364233,175.48176984996,"nowcast",0.419559688712994,0.64608524244136,NA
"sarima","core","sa","principal","2015Q3","m2",2015-08-31,-1.01074233278595,-3.27743357336149,168.731307748586,171.465993581054,170.454160102739,"publicado",-1.01588501529446,0.56451489581023,NA
"sarima","core","sa","principal","2015Q3","m3",2015-09-30,-1.01074233278595,-3.27743357336149,168.731307748586,171.465993581054,170.454160102739,"publicado",-1.01588501529446,0.56451489581023,NA
"sarima","core","sa","principal","2015Q3","vespera",2015-11-30,-1.01074233278595,-3.27743357336149,168.731307748586,171.465993581054,170.454160102739,"publicado",-1.01588501529446,0.56451489581023,NA
"sarima","core","sa","principal","2015Q4","m1",2015-10-31,-1.01074233278597,-4.45118433749905,167.025868992508,168.030522894208,168.731307748586,"nowcast",-1.01588501529446,0.69650201536242,NA
"sarima","core","sa","principal","2015Q4","m2",2015-11-30,-1.01074233278597,-4.45118433749905,167.025868992508,168.030522894208,168.731307748586,"nowcast",-1.01588501529446,0.69650201536242,NA
"sarima","core","sa","principal","2015Q4","m3",2015-12-31,-1.4901626306812,-5.81379311391044,164.662650674234,165.63426226436,167.153509813344,"publicado",-1.50137710271673,0.731405535313797,NA
"sarima","core","sa","principal","2015Q4","vespera",2016-03-02,-1.4901626306812,-5.81379311391044,164.662650674234,165.63426226436,167.153509813344,"publicado",-1.50137710271673,0.731405535313797,NA
"sarima","core","sa","principal","2016Q1","m1",2016-01-31,-1.49016263068119,-7.14772895303305,162.208909387197,158.441536825937,164.662650674234,"nowcast",-1.50137710271673,0.934768301918637,NA
"sarima","core","sa","principal","2016Q1","m2",2016-02-29,-1.49016263068119,-7.14772895303305,162.208909387197,158.441536825937,164.662650674234,"nowcast",-1.50137710271673,0.934768301918637,NA
"sarima","core","sa","principal","2016Q1","m3",2016-03-31,-1.34195425170287,-6.78946431997893,162.881724489212,159.052873505281,165.097254110188,"publicado",-1.35103983221501,0.695527663407929,NA
"sarima","core","sa","principal","2016Q1","vespera",2016-05-31,-1.34195425170287,-6.78946431997893,162.881724489212,159.052873505281,165.097254110188,"publicado",-1.35103983221501,0.695527663407929,NA
"sarima","core","sa","principal","2016Q2","m1",2016-04-30,-1.34195425170285,-4.8300384708889,160.695926262182,161.026337697756,162.881724489212,"nowcast",-1.35103983221501,0.868092271272071,NA
"sarima","core","sa","principal","2016Q2","m2",2016-05-31,-1.34195425170285,-4.8300384708889,160.695926262182,161.026337697756,162.881724489212,"nowcast",-1.35103983221501,0.868092271272071,NA
"sarima","core","sa","principal","2016Q2","m3",2016-06-30,-0.224443025810139,-2.44789808523452,164.759624331559,165.056888262458,165.130247655926,"publicado",-0.224695276679654,0.716504131417959,NA
"sarima","core","sa","principal","2016Q2","vespera",2016-08-30,-0.224443025810139,-2.44789808523452,164.759624331559,165.056888262458,165.130247655926,"publicado",-0.224695276679654,0.716504131417959,NA
"sarima","core","sa","principal","2016Q3","m1",2016-07-31,-0.22444302581015,-1.81326448327186,164.389832845396,166.641643838371,164.759624331559,"nowcast",-0.224695276679654,1.43300826283592,NA
"sarima","core","sa","principal","2016Q3","m2",2016-08-31,-0.820057919507533,-3.10968007344866,162.26194454959,164.441378966464,163.603588735615,"publicado",-0.823438891101624,0.993387626615818,NA
"sarima","core","sa","principal","2016Q3","m3",2016-09-30,-0.820057919507533,-3.10968007344866,162.26194454959,164.441378966464,163.603588735615,"publicado",-0.823438891101624,0.993387626615818,NA
"sarima","core","sa","principal","2016Q3","vespera",2016-11-29,-0.820057919507533,-3.10968007344866,162.26194454959,164.441378966464,163.603588735615,"publicado",-0.823438891101624,0.993387626615818,NA
"sarima","core","sa","principal","2016Q4","m1",2016-10-31,-0.820057919507555,-2.83022873517159,160.931302622964,161.449226842624,162.26194454959,"nowcast",-0.823438891101624,1.12687934444563,NA
"sarima","core","sa","principal","2016Q4","m2",2016-11-30,-0.599945235993138,-1.93381482843524,162.301126603587,162.938633787703,163.280721513603,"publicado",-0.601752137997169,0.933882701649188,NA
"sarima","core","sa","principal","2016Q4","m3",2016-12-31,-0.599945235993138,-1.93381482843524,162.301126603587,162.938633787703,163.280721513603,"publicado",-0.601752137997169,0.933882701649188,NA
"sarima","core","sa","principal","2016Q4","vespera",2017-03-06,-0.599945235993138,-1.93381482843524,162.301126603587,162.938633787703,163.280721513603,"publicado",-0.601752137997169,0.933882701649188,NA
"sarima","core","sa","principal","2017Q1","m1",2017-01-31,-0.599945235993127,-0.945832911687694,161.327408726566,160.339475536687,162.301126603587,"nowcast",-0.601752137997169,1.06867336079522,NA
"sarima","core","sa","principal","2017Q1","m2",2017-02-28,-0.599945235993127,-0.945832911687694,161.327408726566,160.339475536687,162.301126603587,"nowcast",-0.601752137997169,1.06867336079522,NA
"sarima","core","sa","principal","2017Q1","m3",2017-03-31,-0.714973939880881,-1.7111875939869,160.610561842283,159.100592085675,161.767154842695,"publicado",-0.717542127122164,0.828036202694649,NA
"sarima","core","sa","principal","2017Q1","vespera",2017-05-31,-0.714973939880881,-1.7111875939869,160.610561842283,159.100592085675,161.767154842695,"publicado",-0.717542127122164,0.828036202694649,NA
"sarima","core","sa","principal","2017Q2","m1",2017-04-30,-0.71497393988087,-3.50905174817779,159.462238180414,158.006822490806,160.610561842283,"nowcast",-0.717542127122164,0.951320840075702,NA
"sarima","core","sa","principal","2017Q2","m2",2017-05-31,-0.71497393988087,-3.50905174817779,159.462238180414,158.006822490806,160.610561842283,"nowcast",-0.717542127122164,0.951320840075702,NA
"sarima","core","sa","principal","2017Q2","m3",2017-06-30,-0.185711624456486,-1.74693527367282,162.702678064282,160.892341081303,163.005398036928,"publicado",-0.185884282290678,0.919639645806513,NA
"sarima","core","sa","principal","2017Q2","vespera",2017-08-31,-0.185711624456486,-1.74693527367282,162.702678064282,160.892341081303,163.005398036928,"publicado",-0.185884282290678,0.919639645806513,NA
"sarima","core","sa","principal","2017Q3","m1",2017-07-31,-0.185711624456497,-0.394862886980019,162.400520277814,164.900189090952,162.702678064282,"nowcast",-0.185884282290678,1.05886811391306,NA
"sarima","core","sa","principal","2017Q3","m2",2017-08-31,-0.185711624456497,-0.394862886980019,162.400520277814,164.900189090952,162.702678064282,"nowcast",-0.185884282290678,1.05886811391306,NA
"sarima","core","sa","principal","2017Q3","m3",2017-09-30,0.643944498268056,2.45087940807738,167.109132747894,169.611426444369,166.039927768103,"publicado",0.641880033615213,0.847838201772724,NA
"sarima","core","sa","principal","2017Q3","vespera",2017-11-30,0.643944498268056,2.45087940807738,167.109132747894,169.611426444369,166.039927768103,"publicado",0.641880033615213,0.847838201772724,NA
"sarima","core","sa","principal","2017Q4","m1",2017-10-31,0.324704817855825,3.29738161415467,167.651744153003,167.749576277543,167.109132747894,"nowcast",0.324178790146087,1.06409732698944,NA
"sarima","core","sa","principal","2017Q4","m2",2017-11-30,0.324704817855825,3.29738161415467,167.651744153003,167.749576277543,167.109132747894,"nowcast",0.324178790146087,1.06409732698944,NA
"sarima","core","sa","principal","2017Q4","m3",2017-12-31,-0.14250657218926,1.98785856408199,165.595647540722,165.622978939424,165.831968995331,"publicado",-0.142608209376089,0.821531185591542,NA
"sarima","core","sa","principal","2017Q4","vespera",2018-02-28,-0.14250657218926,1.98785856408199,165.595647540722,165.622978939424,165.831968995331,"publicado",-0.142608209376089,0.821531185591542,NA
"sarima","core","sa","principal","2018Q1","m1",2018-01-31,0,0.251449725443131,165.595647540722,162.73517079582,165.595647540722,"nowcast",0,1.06456907128767,NA
"sarima","core","sa","principal","2018Q1","m2",2018-02-28,0,0.251449725443131,165.595647540722,162.73517079582,165.595647540722,"nowcast",0,1.06456907128767,NA
"sarima","core","sa","principal","2018Q1","m3",2018-03-31,0.212682231238537,1.17535642538378,167.026181068566,164.234920824633,166.671699978209,"publicado",0.212456382750828,0.796310956049757,NA
"sarima","core","sa","principal","2018Q1","vespera",2018-05-29,0.212682231238537,1.17535642538378,167.026181068566,164.234920824633,166.671699978209,"publicado",0.212456382750828,0.796310956049757,NA
"sarima","core","sa","principal","2018Q2","m1",2018-04-30,0.098962011217596,1.63990579338669,167.191473536611,167.74904151905,167.026181068566,"nowcast",0.0989130761013755,0.968914831041501,NA
"sarima","core","sa","principal","2018Q2","m2",2018-05-31,0.264947326795184,2.52172160835533,168.603269832797,169.20441238547,168.157740394822,"publicado",0.264596960087019,0.75887075894216,NA
"sarima","core","sa","principal","2018Q2","m3",2018-06-30,0.264947326795184,2.52172160835533,168.603269832797,169.20441238547,168.157740394822,"publicado",0.264596960087019,0.75887075894216,NA
"sarima","core","sa","principal","2018Q2","vespera",2018-08-30,0.264947326795184,2.52172160835533,168.603269832797,169.20441238547,168.157740394822,"publicado",0.264596960087019,0.75887075894216,NA
"sarima","core","sa","principal","2018Q3","m1",2018-07-31,0,1.64432872111691,168.603269832797,171.037115227681,168.603269832797,"nowcast",0,1.02511052964126,NA
"sarima","core","sa","principal","2018Q3","m2",2018-08-31,-0.333266108920305,0.466852273857565,166.755662066934,169.055773254925,167.313260459776,"publicado",-0.333822677330358,0.681469839826026,NA
"sarima","core","sa","principal","2018Q3","m3",2018-09-30,-0.333266108920305,0.466852273857565,166.755662066934,169.055773254925,167.313260459776,"publicado",-0.333822677330358,0.681469839826026,NA
"sarima","core","sa","principal","2018Q3","vespera",2018-11-29,-0.333266108920305,0.466852273857565,166.755662066934,169.055773254925,167.313260459776,"publicado",-0.333822677330358,0.681469839826026,NA
"sarima","core","sa","principal","2018Q4","m1",2018-10-31,0,-0.0844432897475378,166.755662066934,166.437735719031,166.755662066934,"nowcast",0,1.04678671066544,NA
"sarima","core","sa","principal","2018Q4","m2",2018-11-30,0.592703271879946,2.07648905561799,170.179913326649,170.037382245024,169.177194559222,"publicado",0.590953695829973,0.688547683609538,NA
"sarima","core","sa","principal","2018Q4","m3",2018-12-31,0.592703271879946,2.07648905561799,170.179913326649,170.037382245024,169.177194559222,"publicado",0.590953695829973,0.688547683609538,NA
"sarima","core","sa","principal","2018Q4","vespera",2019-02-27,0.592703271879946,2.07648905561799,170.179913326649,170.037382245024,169.177194559222,"publicado",0.590953695829973,0.688547683609538,NA
"sarima","core","sa","principal","2019Q1","m1",2019-01-31,-0.245674367482418,2.10714034842809,170.179913326649,168.904916814387,170.599031418017,"ultimo_qoq",0,1.08366080680238,NA
"sarima","core","sa","principal","2019Q1","m2",2019-02-28,-0.642962018003368,0.697364898317865,168.235179374508,166.572876133243,169.323867530141,"publicado",-0.64503792175219,0.490571708425679,NA
"sarima","core","sa","principal","2019Q1","m3",2019-03-31,-0.642962018003368,0.697364898317865,168.235179374508,166.572876133243,169.323867530141,"publicado",-0.64503792175219,0.490571708425679,NA
"sarima","core","sa","principal","2019Q1","vespera",2019-05-29,-0.642962018003368,0.697364898317865,168.235179374508,166.572876133243,169.323867530141,"publicado",-0.64503792175219,0.490571708425679,NA
"sarima","core","sa","principal","2019Q2","m1",2019-04-30,0,-0.180414792911299,168.235179374508,167.408823825001,168.235179374508,"nowcast",0,0.875893404536515,NA
"sarima","core","sa","principal","2019Q2","m2",2019-05-31,0.0425506135517395,-0.187738459637865,168.482768634736,167.396541201003,168.411108674706,"publicado",0.0425415633453487,0.649969301495693,NA
"sarima","core","sa","principal","2019Q2","m3",2019-06-30,0.0425506135517395,-0.187738459637865,168.482768634736,167.396541201003,168.411108674706,"publicado",0.0425415633453487,0.649969301495693,NA
"sarima","core","sa","principal","2019Q2","vespera",2019-08-28,0.0425506135517395,-0.187738459637865,168.482768634736,167.396541201003,168.411108674706,"publicado",0.0425415633453487,0.649969301495693,NA
"sarima","core","sa","principal","2019Q3","m1",2019-07-31,0,-0.355305475416112,168.482768634736,171.121029643402,168.482768634736,"nowcast",0,1.04886524956943,NA
"sarima","core","sa","principal","2019Q3","m2",2019-08-31,0.472493637632976,1.26489032737529,171.171665567502,173.903411337886,170.366693778752,"publicado",0.471380890175604,0.708727922041875,NA
"sarima","core","sa","principal","2019Q3","m3",2019-09-30,0.472493637632976,1.26489032737529,171.171665567502,173.903411337886,170.366693778752,"publicado",0.471380890175604,0.708727922041875,NA
"sarima","core","sa","principal","2019Q3","vespera",2019-12-02,0.472493637632976,1.26489032737529,171.171665567502,173.903411337886,170.366693778752,"publicado",0.471380890175604,0.708727922041875,NA
"sarima","core","sa","principal","2019Q4","m1",2019-10-31,0,1.1316769560082,171.171665567502,171.08243527294,171.171665567502,"nowcast",0,0.951779911678658,NA
"sarima","core","sa","principal","2019Q4","m2",2019-11-30,0,1.1316769560082,171.171665567502,171.08243527294,171.171665567502,"nowcast",0,0.951779911678658,NA
"sarima","core","sa","principal","2019Q4","m3",2019-12-31,-0.139403958942352,0.651225669763789,170.519563357382,170.269665441026,170.757606220649,"publicado",-0.139501216659112,0.542636576009347,NA
"sarima","core","sa","principal","2019Q4","vespera",2020-03-03,-0.139403958942352,0.651225669763789,170.519563357382,170.269665441026,170.757606220649,"publicado",-0.139501216659112,0.542636576009347,NA
"sarima","core","sa","principal","2020Q1","m1",2020-01-31,0,0.942822990114234,170.519563357382,168.483867738446,170.519563357382,"nowcast",0,0.80465909695026,NA
"sarima","core","sa","principal","2020Q1","m2",2020-02-29,0,0.942822990114234,170.519563357382,168.483867738446,170.519563357382,"nowcast",0,0.80465909695026,NA
"sarima","core","sa","principal","2020Q1","m3",2020-03-31,0.289119204059918,2.25131613584568,172.620697825067,170.667876264972,172.123057012628,"publicado",0.288702058327996,0.577889773302124,NA
"sarima","core","sa","principal","2020Q1","vespera",2020-05-28,0.289119204059918,2.25131613584568,172.620697825067,170.667876264972,172.123057012628,"publicado",0.288702058327996,0.577889773302124,NA
"sarima","core","sa","principal","2020Q2","m1",2020-04-30,0.134036081605915,1.53139317222224,172.852071844472,172.27633577537,172.620697825067,"nowcast",0.133946333437722,0.702285914470573,NA
"sarima","core","sa","principal","2020Q2","m2",2020-05-31,-0.402379333725178,-0.826538926193232,169.232308448649,168.275446107353,169.916015379224,"publicado",-0.403191057570593,0.60994822729605,NA
"sarima","core","sa","principal","2020Q2","m3",2020-06-30,-0.402379333725178,-0.826538926193232,169.232308448649,168.275446107353,169.916015379224,"publicado",-0.403191057570593,0.60994822729605,NA
"sarima","core","sa","principal","2020Q2","vespera",2020-08-31,-0.402379333725178,-0.826538926193232,169.232308448649,168.275446107353,169.916015379224,"publicado",-0.403191057570593,0.60994822729605,NA
"sarima","core","sa","principal","2020Q3","m1",2020-07-31,-0.172435292317952,-1.1335650664538,168.940492222879,171.668316159822,169.232308448649,"nowcast",-0.172584133095437,0.721704760657244,NA
"sarima","core","sa","principal","2020Q3","m2",2020-08-31,-0.172435292317952,-1.1335650664538,168.940492222879,171.668316159822,169.232308448649,"nowcast",-0.172584133095437,0.721704760657244,NA
"sarima","core","sa","principal","2020Q3","m3",2020-09-30,-6.27229374351173,-15.9381768860466,143.620269930973,145.962091553083,153.23139300769,"publicado",-6.47763493472497,3.13985907776961,NA
"sarima","core","sa","principal","2020Q3","vespera",2020-12-02,-6.27229374351173,-15.9381768860466,143.620269930973,145.962091553083,153.23139300769,"publicado",-6.47763493472497,3.13985907776961,NA
"sarima","core","sa","principal","2020Q4","m1",2020-10-31,0,-16.3056838932839,143.620269930973,143.982261299447,143.620269930973,"nowcast",0,4.63474718637323,NA
"sarima","core","sa","principal","2020Q4","m2",2020-11-30,0,-16.3056838932839,143.620269930973,143.982261299447,143.620269930973,"nowcast",0,4.63474718637323,NA
"sarima","core","sa","principal","2020Q4","m3",2020-12-31,-2.87185736804448,-6.31922297653109,160.597017003734,161.162319540669,165.345504044362,"publicado",-2.91390212527718,4.4817687234553,NA
"sarima","core","sa","principal","2020Q4","vespera",2021-03-02,-2.87185736804448,-6.31922297653109,160.597017003734,161.162319540669,165.345504044362,"publicado",-2.91390212527718,4.4817687234553,NA
"sarima","core","sa","principal","2021Q1","m1",2021-01-31,1.12408611222095,-5.10592317771257,162.402265768514,159.043611483076,160.597017003734,"nowcast",1.11781521405414,5.14130631452371,NA
"sarima","core","sa","principal","2021Q1","m2",2021-02-28,1.12408611222095,-5.10592317771257,162.402265768514,159.043611483076,160.597017003734,"nowcast",1.11781521405414,5.14130631452371,NA
"sarima","core","sa","principal","2021Q1","m3",2021-03-31,-3.69436563130267,-3.62448080303052,164.425518092221,161.526526680351,170.73302010839,"publicado",-3.76433603940371,4.60717382102447,NA
"sarima","core","sa","principal","2021Q1","vespera",2021-05-31,-3.69436563130267,-3.62448080303052,164.425518092221,161.526526680351,170.73302010839,"publicado",-3.76433603940371,4.60717382102447,NA
"sarima","core","sa","principal","2021Q2","m1",2021-04-30,-0.306938692850922,7.07766016808817,163.920832556275,163.268268506195,164.425518092221,"nowcast",-0.307410715784909,4.88671257188973,NA
"sarima","core","sa","principal","2021Q2","m2",2021-05-31,-0.306938692850922,7.07766016808817,163.920832556275,163.268268506195,164.425518092221,"nowcast",-0.307410715784909,4.88671257188973,NA
"sarima","core","sa","principal","2021Q2","m3",2021-06-30,0,13.0485110671319,173.195846497027,172.372412977275,173.195846497027,"publicado",0,5.17932041760799,NA
"sarima","core","sa","principal","2021Q2","vespera",2021-08-31,0,13.0485110671319,173.195846497027,172.372412977275,173.195846497027,"publicado",0,5.17932041760799,NA
"sarima","core","sa","principal","2021Q3","m1",2021-07-31,0,4.60135874969585,173.195846497027,176.112600665719,173.195846497027,"nowcast",0,5.17932041760799,NA
"sarima","core","sa","principal","2021Q3","m2",2021-08-31,0,4.60135874969585,173.195846497027,176.112600665719,173.195846497027,"nowcast",0,5.17932041760799,NA
"sarima","core","sa","principal","2021Q3","m3",2021-09-30,0,3.96711840361474,172.273761258543,175.044758735838,172.273761258543,"publicado",0,4.73202801861781,NA
"sarima","core","sa","principal","2021Q3","vespera",2021-12-01,0,3.96711840361474,172.273761258543,175.044758735838,172.273761258543,"publicado",0,4.73202801861781,NA
"sarima","core","sa","principal","2021Q4","m1",2021-10-31,0,0.899621407586038,172.273761258543,173.001582768854,172.273761258543,"nowcast",0,4.73202801861781,NA
"sarima","core","sa","principal","2021Q4","m2",2021-11-30,0,0.899621407586038,172.273761258543,173.001582768854,172.273761258543,"nowcast",0,4.73202801861781,NA
"sarima","core","sa","principal","2021Q4","m3",2021-12-31,0,1.24962673316671,172.754176376069,173.601698750047,172.754176376069,"publicado",0,4.56551790296622,NA
"sarima","core","sa","principal","2021Q4","vespera",2022-03-03,0,1.24962673316671,172.754176376069,173.601698750047,172.754176376069,"publicado",0,4.56551790296622,NA
"sarima","core","sa","principal","2022Q1","m1",2022-01-31,0,0.132715123722638,172.754176376069,170.760124143659,172.754176376069,"nowcast",0,4.56551790296622,NA
"sarima","core","sa","principal","2022Q1","m2",2022-02-28,0,0.132715123722638,172.754176376069,170.760124143659,172.754176376069,"nowcast",0,4.56551790296622,NA
"sarima","core","sa","principal","2022Q1","m3",2022-03-31,0,0.299758740074041,173.05870107081,171.04498997028,173.05870107081,"publicado",0,4.44673808602035,NA
"sarima","core","sa","principal","2022Q1","vespera",2022-06-01,0,0.299758740074041,173.05870107081,171.04498997028,173.05870107081,"publicado",0,4.44673808602035,NA
"sarima","core","sa","principal","2022Q2","m1",2022-04-30,0,0.0331100955021535,173.05870107081,171.4350435188,173.05870107081,"nowcast",0,4.44673808602035,NA
"sarima","core","sa","principal","2022Q2","m2",2022-05-31,0,0.0331100955021535,173.05870107081,171.4350435188,173.05870107081,"nowcast",0,4.44673808602035,NA
"sarima","core","sa","principal","2022Q2","m3",2022-06-30,0,1.03681506652167,174.742517685626,173.155176035149,174.742517685626,"publicado",0,4.36376741836521,NA
"sarima","core","sa","principal","2022Q2","vespera",2022-08-31,0,1.03681506652167,174.742517685626,173.155176035149,174.742517685626,"publicado",0,4.36376741836521,NA
"sarima","core","sa","principal","2022Q3","m1",2022-07-31,0,1.09918683307479,174.742517685626,177.387318927884,174.742517685626,"nowcast",0,4.36376741836521,NA
"sarima","core","sa","principal","2022Q3","m2",2022-08-31,0,1.09918683307479,174.742517685626,177.387318927884,174.742517685626,"nowcast",0,4.36376741836521,NA
"sarima","core","sa","principal","2022Q3","m3",2022-09-30,0,3.38217688701821,178.490721217655,181.393023597663,178.490721217655,"publicado",0,4.60698239387486,NA
"sarima","core","sa","principal","2022Q3","vespera",2022-11-30,0,3.38217688701821,178.490721217655,181.393023597663,178.490721217655,"publicado",0,4.60698239387486,NA
"sarima","core","sa","principal","2022Q4","m1",2022-10-31,0,2.8783653939298,178.490721217655,178.96720443928,178.490721217655,"nowcast",0,4.60698239387486,NA
"sarima","core","sa","principal","2022Q4","m2",2022-11-30,0,2.8783653939298,178.490721217655,178.96720443928,178.490721217655,"nowcast",0,4.60698239387486,NA
"sarima","core","sa","principal","2022Q4","m3",2022-12-31,0,3.79947991644745,180.081883866327,180.569575262652,180.081883866327,"publicado",0,4.52222125812614,NA
"sarima","core","sa","principal","2022Q4","vespera",2023-03-01,0,3.79947991644745,180.081883866327,180.569575262652,180.081883866327,"publicado",0,4.52222125812614,NA
"sarima","core","sa","principal","2023Q1","m1",2023-01-31,0,2.69882061401452,180.081883866327,177.716714613831,180.081883866327,"nowcast",0,4.52222125812614,NA
"sarima","core","sa","principal","2023Q1","m2",2023-02-28,0,2.69882061401452,180.081883866327,177.716714613831,180.081883866327,"nowcast",0,4.52222125812614,NA
"sarima","core","sa","principal","2023Q1","m3",2023-03-31,0,2.55467172823807,179.124273927546,177.467270012205,179.124273927546,"publicado",0,4.12490894961638,NA
"sarima","core","sa","principal","2023Q1","vespera",2023-05-31,0,2.55467172823807,179.124273927546,177.467270012205,179.124273927546,"publicado",0,4.12490894961638,NA
"sarima","core","sa","principal","2023Q2","m1",2023-04-30,0,0.333606485219784,179.124273927546,178.043690379333,179.124273927546,"nowcast",0,4.12490894961638,NA
"sarima","core","sa","principal","2023Q2","m2",2023-05-31,0,0.333606485219784,179.124273927546,178.043690379333,179.124273927546,"nowcast",0,4.12490894961638,NA
"sarima","core","sa","principal","2023Q2","m3",2023-06-30,0,2.21749297912552,182.556259581213,181.386678988839,182.556259581213,"publicado",0,4.15656091278096,NA
"sarima","core","sa","principal","2023Q2","vespera",2023-08-31,0,2.21749297912552,182.556259581213,181.386678988839,182.556259581213,"publicado",0,4.15656091278096,NA
"sarima","core","sa","principal","2023Q3","m1",2023-07-31,0,1.14783347359968,182.556259581213,185.142713903246,182.556259581213,"nowcast",0,4.15656091278096,NA
"sarima","core","sa","principal","2023Q3","m2",2023-08-31,0,1.14783347359968,182.556259581213,185.142713903246,182.556259581213,"nowcast",0,4.15656091278096,NA
"sarima","core","sa","principal","2023Q3","m3",2023-09-30,0,2.41313688716629,185.04146498772,187.458746781596,185.04146498772,"publicado",0,4.12120164360093,NA
"sarima","core","sa","principal","2023Q3","vespera",2023-12-04,0,2.41313688716629,185.04146498772,187.458746781596,185.04146498772,"publicado",0,4.12120164360093,NA
"sarima","core","sa","principal","2023Q4","m1",2023-10-31,0,3.11424624109735,185.04146498772,184.209888796856,185.04146498772,"nowcast",0,4.12120164360093,NA
"sarima","core","sa","principal","2023Q4","m2",2023-11-30,0,3.11424624109735,185.04146498772,184.209888796856,185.04146498772,"nowcast",0,4.12120164360093,NA
"sarima","core","sa","principal","2023Q4","m3",2023-12-31,0,2.93425882568008,184.852591244121,183.88834775876,184.852591244121,"publicado",0,4.07907707029059,NA
"sarima","core","sa","principal","2023Q4","vespera",2024-02-29,0,2.93425882568008,184.852591244121,183.88834775876,184.852591244121,"publicado",0,4.07907707029059,NA
"sarima","core","sa","principal","2024Q1","m1",2024-01-31,0,0.726592827706063,184.852591244121,182.050423532197,184.852591244121,"nowcast",0,4.07907707029059,NA
"sarima","core","sa","principal","2024Q1","m2",2024-02-29,0,0.726592827706063,184.852591244121,182.050423532197,184.852591244121,"nowcast",0,4.07907707029059,NA
"sarima","core","sa","principal","2024Q1","m3",2024-03-31,0,0.415007846451232,184.280095175858,181.487273561456,184.280095175858,"publicado",0,4.053272753484,NA
"sarima","core","sa","principal","2024Q1","vespera",2024-06-03,0,0.415007846451232,184.280095175858,181.487273561456,184.280095175858,"publicado",0,4.053272753484,NA
"sarima","core","sa","principal","2024Q2","m1",2024-04-30,0,0.153199280875782,184.280095175858,184.566421915968,184.280095175858,"nowcast",0,4.053272753484,NA
"sarima","core","sa","principal","2024Q2","m2",2024-05-31,0,0.153199280875782,184.280095175858,184.566421915968,184.280095175858,"nowcast",0,4.053272753484,NA
"sarima","core","sa","principal","2024Q2","m3",2024-06-30,0,1.65113927001797,186.584284523672,187.326887143499,186.584284523672,"publicado",0,3.92206332185713,NA
"sarima","core","sa","principal","2024Q2","vespera",2024-09-02,0,1.65113927001797,186.584284523672,187.326887143499,186.584284523672,"publicado",0,3.92206332185713,NA
"sarima","core","sa","principal","2024Q3","m1",2024-07-31,0,1.4667607811826,186.584284523672,190.100411525804,186.584284523672,"nowcast",0,3.92206332185713,NA
"sarima","core","sa","principal","2024Q3","m2",2024-08-31,0,1.4667607811826,186.584284523672,190.100411525804,186.584284523672,"nowcast",0,3.92206332185713,NA
"sarima","core","sa","principal","2024Q3","m3",2024-09-30,0,3.07083851716456,189.440012806278,193.105689662032,189.440012806278,"publicado",0,3.88224510828479,NA
"sarima","core","sa","principal","2024Q3","vespera",2024-12-02,0,3.07083851716456,189.440012806278,193.105689662032,189.440012806278,"publicado",0,3.88224510828479,NA
"sarima","core","sa","principal","2024Q4","m1",2024-10-31,0,2.89844244084958,189.440012806278,188.200428036774,189.440012806278,"nowcast",0,3.88224510828479,NA
"sarima","core","sa","principal","2024Q4","m2",2024-11-30,0,2.89844244084958,189.440012806278,188.200428036774,189.440012806278,"nowcast",0,3.88224510828479,NA
"sarima","core","sa","principal","2024Q4","m3",2024-12-31,0,3.93650002318657,191.309031590211,190.099027050408,191.309031590211,"publicado",0,3.84013860437105,NA
"sarima","core","sa","principal","2024Q4","vespera",2025-03-06,0,3.93650002318657,191.309031590211,190.099027050408,191.309031590211,"publicado",0,3.84013860437105,NA
"sarima","core","sa","principal","2025Q1","m1",2025-01-31,0,1.95594017445795,191.309031590211,188.806088252668,191.309031590211,"nowcast",0,3.84013860437105,NA
"sarima","core","sa","principal","2025Q1","m2",2025-02-28,0,1.95594017445795,191.309031590211,188.806088252668,191.309031590211,"nowcast",0,3.84013860437105,NA
"sarima","core","sa","principal","2025Q1","m3",2025-03-31,0,1.76303436226029,191.026369893658,188.448857553408,191.026369893658,"publicado",0,3.75271907844623,NA
"sarima","core","sa","principal","2025Q1","vespera",2025-05-29,0,1.76303436226029,191.026369893658,188.448857553408,191.026369893658,"publicado",0,3.75271907844623,NA
"sarima","core","sa","principal","2025Q2","m1",2025-04-30,0,0.349894093462932,191.026369893658,191.347980856568,191.026369893658,"nowcast",0,3.75271907844623,NA
"sarima","core","sa","principal","2025Q2","m2",2025-05-31,0,1.94041503349547,194.022875137366,194.380798909189,194.022875137366,"publicado",0,3.72740673663296,NA
"sarima","core","sa","principal","2025Q2","m3",2025-06-30,0,1.94041503349547,194.022875137366,194.380798909189,194.022875137366,"publicado",0,3.72740673663296,NA
"sarima","core","sa","principal","2025Q2","vespera",2025-09-01,0,1.94041503349547,194.022875137366,194.380798909189,194.022875137366,"publicado",0,3.72740673663296,NA
"sarima","core","sa","principal","2025Q3","m1",2025-07-31,0,1.5392778171599,194.022875137366,198.105567963947,194.022875137366,"nowcast",0,3.72740673663296,NA
"sarima","core","sa","principal","2025Q3","m2",2025-08-31,0,1.5392778171599,194.022875137366,198.105567963947,194.022875137366,"nowcast",0,3.72740673663296,NA
"sarima","core","sa","principal","2025Q3","m3",2025-09-30,0,1.77077689493697,194.665954988519,198.557228220667,194.665954988519,"publicado",0,3.92971085735209,NA
"sarima","core","sa","principal","2025Q3","vespera",2025-12-03,0,1.77077689493697,194.665954988519,198.557228220667,194.665954988519,"publicado",0,3.92971085735209,NA
"sarima","core","sa","principal","2025Q4","m1",2025-10-31,0,1.44203311100279,194.665954988519,192.178888467801,194.665954988519,"nowcast",0,3.92971085735209,NA
"sarima","core","sa","principal","2025Q4","m2",2025-11-30,0,1.44203311100279,194.665954988519,192.178888467801,194.665954988519,"nowcast",0,3.92971085735209,NA
"sarima","core","sa","principal","2025Q4","m3",2025-12-31,0,1.83575968029142,194.797984844863,192.924791641522,194.797984844863,"publicado",0,3.59509222431407,NA
"sarima","core","sa","principal","2025Q4","vespera",2026-03-02,0,1.83575968029142,194.797984844863,192.924791641522,194.797984844863,"publicado",0,3.59509222431407,NA
"sarima","core","sa","principal","2026Q1","m1",2026-01-31,0,0.764099566007759,194.797984844863,192.474847078308,194.797984844863,"nowcast",0,3.59509222431407,NA
"sarima","core","sa","principal","2026Q1","m2",2026-02-28,0,0.764099566007759,194.797984844863,192.474847078308,194.797984844863,"nowcast",0,3.59509222431407,NA
"sarima","core","sa","principal","2026Q1","m3",2026-03-31,0,1.19637362900966,195.635808711502,193.300556676574,195.635808711502,"publicado",0,3.79902429255581,NA
"sarima","core","sa","principal","2026Q1","vespera",2026-05-28,0,1.19637362900966,195.635808711502,193.300556676574,195.635808711502,"publicado",0,3.79902429255581,NA
"sarima","core","sa","principal","2026Q2","m1",2026-04-30,0,0.844165889447512,195.635808711502,196.828147203853,195.635808711502,"nowcast",0,3.79902429255581,NA
"sarima","core","sa","principal","2026Q2","m2",2026-05-31,0,1.51262376826631,196.898805448981,198.132846634021,196.898805448981,"publicado",0,3.75278470403383,NA
"sarima","core","sa","principal","2026Q2","m3",2026-06-30,0,1.51262376826631,196.898805448981,198.132846634021,196.898805448981,"publicado",0,3.75278470403383,NA
"sarima","core","sa","principal","2026Q2","vespera",2026-08-31,0,1.51262376826631,196.898805448981,198.132846634021,196.898805448981,"publicado",0,3.75278470403383,NA
"sarima","core","sa","principal","2026Q3","m1",2026-07-31,0,1.08363469342883,196.898805448981,200.813153016504,196.898805448981,"nowcast",0,3.75278470403383,NA
"sarima","core","sa","principal","2026Q3","m2",2026-08-31,0,1.08363469342883,196.898805448981,200.813153016504,196.898805448981,"nowcast",0,3.75278470403383,NA
"sarima","core","sa","principal","2026Q3","m3",2026-09-30,0,1.84197155940877,198.296245116705,202.319668067808,198.296245116705,"publicado",0,3.42404832428683,NA
"sarima","core","sa","principal","2026Q3","vespera",2026-12-01,0,1.84197155940877,198.296245116705,202.319668067808,198.296245116705,"publicado",0,3.42404832428683,NA
"sarima","core_longo","sa","principal","2019Q1","m1",2019-01-31,-0.0702170856117568,2.28673598191591,170.479241750073,169.202002654133,170.599031418017,"ultimo_qoq",0.208263830949446,1.64204671791607,NA
"sarima","core_longo","sa","principal","2019Q1","m2",2019-02-28,-0.031464506127421,1.31711151454592,169.270590611467,167.598056647581,169.323867530141,"publicado",-0.0314694572417424,1.13736637535565,NA
"sarima","core_longo","sa","principal","2019Q1","m3",2019-03-31,-0.031464506127421,1.31711151454592,169.270590611467,167.598056647581,169.323867530141,"publicado",-0.0314694572417424,1.13736637535565,NA
"sarima","core_longo","sa","principal","2019Q1","vespera",2019-05-29,-0.031464506127421,1.31711151454592,169.270590611467,167.598056647581,169.323867530141,"publicado",-0.0314694572417424,1.13736637535565,NA
"sarima","core_longo","sa","principal","2019Q2","m1",2019-04-30,0.146570958872072,0.58113646085951,169.518692139214,168.686032094418,169.270590611467,"nowcast",0.146463648486577,1.48646691871976,NA
"sarima","core_longo","sa","principal","2019Q2","m2",2019-05-31,-0.0722745220560261,-0.302299277973694,168.289390350822,167.20440964872,168.411108674706,"publicado",-0.0723006526800026,1.24433703360676,NA
"sarima","core_longo","sa","principal","2019Q2","m3",2019-06-30,-0.0722745220560261,-0.302299277973694,168.289390350822,167.20440964872,168.411108674706,"publicado",-0.0723006526800026,1.24433703360676,NA
"sarima","core_longo","sa","principal","2019Q2","vespera",2019-08-28,-0.0722745220560261,-0.302299277973694,168.289390350822,167.20440964872,168.411108674706,"publicado",-0.0723006526800026,1.24433703360676,NA
"sarima","core_longo","sa","principal","2019Q3","m1",2019-07-31,0.0972764943651061,-0.372854354539709,168.453096370144,171.090892742697,168.289390350822,"nowcast",0.0972292114442929,1.60030617658146,NA
"sarima","core_longo","sa","principal","2019Q3","m2",2019-08-31,0.567916283800107,1.3610655435863,171.334233974893,174.068574190787,170.366693778752,"publicado",0.566309719031709,1.24151417686875,NA
"sarima","core_longo","sa","principal","2019Q3","m3",2019-09-30,0.567916283800107,1.3610655435863,171.334233974893,174.068574190787,170.366693778752,"publicado",0.566309719031709,1.24151417686875,NA
"sarima","core_longo","sa","principal","2019Q3","vespera",2019-12-02,0.567916283800107,1.3610655435863,171.334233974893,174.068574190787,170.366693778752,"publicado",0.566309719031709,1.24151417686875,NA
"sarima","core_longo","sa","principal","2019Q4","m1",2019-10-31,0.226231611615613,1.45673476943393,171.721846173664,171.632329074756,171.334233974893,"nowcast",0.225976093208163,1.57817696240714,NA
"sarima","core_longo","sa","principal","2019Q4","m2",2019-11-30,0.226231611615613,1.45673476943393,171.721846173664,171.632329074756,171.334233974893,"nowcast",0.225976093208163,1.57817696240714,NA
"sarima","core_longo","sa","principal","2019Q4","m3",2019-12-31,0.0669638553810747,0.859227366868676,170.871952097131,170.621537751984,170.757606220649,"publicado",0.0669414445956335,1.1113036117692,NA
"sarima","core_longo","sa","principal","2019Q4","vespera",2020-03-03,0.0669638553810747,0.859227366868676,170.871952097131,170.621537751984,170.757606220649,"publicado",0.0669414445956335,1.1113036117692,NA
"sarima","core_longo","sa","principal","2020Q1","m1",2020-01-31,0.184960702680703,1.33851768097595,171.187998060414,169.144322538352,170.871952097131,"nowcast",0.184789861000587,1.43755997835349,NA
"sarima","core_longo","sa","principal","2020Q1","m2",2020-02-29,0.184960702680703,1.33851768097595,171.187998060414,169.144322538352,170.871952097131,"nowcast",0.184789861000587,1.43755997835349,NA
"sarima","core_longo","sa","principal","2020Q1","m3",2020-03-31,0.436288200612278,2.40136455297508,172.874009600907,170.9183223781,172.123057012628,"publicado",0.435339222826522,1.10666870680421,NA
"sarima","core_longo","sa","principal","2020Q1","vespera",2020-05-28,0.436288200612278,2.40136455297508,172.874009600907,170.9183223781,172.123057012628,"publicado",0.435339222826522,1.10666870680421,NA
"sarima","core_longo","sa","principal","2020Q2","m1",2020-04-30,0.260390149507761,1.80869046779673,173.324156492967,172.746848003258,172.874009600907,"nowcast",0.260051721719051,1.40946649646273,NA
"sarima","core_longo","sa","principal","2020Q2","m2",2020-05-31,-0.413163976108211,-0.837277639672673,169.213983614039,168.257224883834,169.916015379224,"publicado",-0.414019856737748,1.12517060007381,NA
"sarima","core_longo","sa","principal","2020Q2","m3",2020-06-30,-0.413163976108211,-0.837277639672673,169.213983614039,168.257224883834,169.916015379224,"publicado",-0.414019856737748,1.12517060007381,NA
"sarima","core_longo","sa","principal","2020Q2","vespera",2020-08-31,-0.413163976108211,-0.837277639672673,169.213983614039,168.257224883834,169.916015379224,"publicado",-0.414019856737748,1.12517060007381,NA
"sarima","core_longo","sa","principal","2020Q3","m1",2020-07-31,0.0702260504289676,-0.903971533701464,169.332815911504,172.066974563913,169.213983614039,"nowcast",0.0702014034765649,1.40837983662049,NA
"sarima","core_longo","sa","principal","2020Q3","m2",2020-08-31,0.0702260504289676,-0.903971533701464,169.332815911504,172.066974563913,169.213983614039,"nowcast",0.0702014034765649,1.40837983662049,NA
"sarima","core_longo","sa","principal","2020Q3","m3",2020-09-30,-6.43639405889903,-16.0853539827237,143.368816731775,145.706538246434,153.23139300769,"publicado",-6.65287035323355,2.60426703333402,NA
"sarima","core_longo","sa","principal","2020Q3","vespera",2020-12-02,-6.43639405889903,-16.0853539827237,143.368816731775,145.706538246434,153.23139300769,"publicado",-6.65287035323355,2.60426703333402,NA
"sarima","core_longo","sa","principal","2020Q4","m1",2020-10-31,-1.52896542838147,-17.7296342612672,141.176757088866,141.532589643143,143.368816731775,"nowcast",-1.54077463184716,3.8796892133298,NA
"sarima","core_longo","sa","principal","2020Q4","m2",2020-11-30,-1.52896542838147,-17.7296342612672,141.176757088866,141.532589643143,143.368816731775,"nowcast",-1.54077463184716,3.8796892133298,NA
"sarima","core_longo","sa","principal","2020Q4","m3",2020-12-31,0.0322872132609842,-3.51815509246675,165.39888949987,165.981094659001,165.345504044362,"publicado",0.0322820020619554,3.80361464592332,NA
"sarima","core_longo","sa","principal","2020Q4","vespera",2021-03-02,0.0322872132609842,-3.51815509246675,165.39888949987,165.981094659001,165.345504044362,"publicado",0.0322820020619554,3.80361464592332,NA
"sarima","core_longo","sa","principal","2021Q1","m1",2021-01-31,0.0322872132609842,-3.32374704626616,165.452292192054,162.030560065493,165.39888949987,"nowcast",0.0322820020619554,3.81706271795255,NA
"sarima","core_longo","sa","principal","2021Q1","m2",2021-02-28,0.0322872132609842,-3.32374704626616,165.452292192054,162.030560065493,165.39888949987,"nowcast",0.0322820020619554,3.81706271795255,NA
"sarima","core_longo","sa","principal","2021Q1","m3",2021-03-31,0.531343610340596,0.604294852811815,171.640199101477,168.614005424851,170.73302010839,"publicado",0.529936960741123,3.75257624030567,NA
"sarima","core_longo","sa","principal","2021Q1","vespera",2021-05-31,0.531343610340596,0.604294852811815,171.640199101477,168.614005424851,170.73302010839,"publicado",0.529936960741123,3.75257624030567,NA
"sarima","core_longo","sa","principal","2021Q2","m1",2021-04-30,0.531343610340596,12.7159090527833,172.552198332179,171.865273066867,171.640199101477,"nowcast",0.529936960741123,3.75257624030567,NA
"sarima","core_longo","sa","principal","2021Q2","m2",2021-05-31,0.531343610340596,12.7159090527833,172.552198332179,171.865273066867,171.640199101477,"nowcast",0.529936960741123,3.75257624030567,NA
"sarima","core_longo","sa","principal","2021Q2","m3",2021-06-30,0.553316097247625,13.6740266765651,174.154166995459,173.326177285493,173.195846497027,"publicado",0.551790927151529,3.88752944952922,NA
"sarima","core_longo","sa","principal","2021Q2","vespera",2021-08-31,0.553316097247625,13.6740266765651,174.154166995459,173.326177285493,173.195846497027,"publicado",0.551790927151529,3.88752944952922,NA
"sarima","core_longo","sa","principal","2021Q3","m1",2021-07-31,0.553316097247647,5.76211352313711,175.117790035473,178.066911243797,174.154166995459,"nowcast",0.551790927151529,3.88752944952922,NA
"sarima","core_longo","sa","principal","2021Q3","m2",2021-08-31,0.553316097247647,5.76211352313711,175.117790035473,178.066911243797,174.154166995459,"nowcast",0.551790927151529,3.88752944952922,NA
"sarima","core_longo","sa","principal","2021Q3","m3",2021-09-30,0.538765979760458,4.52725786771069,173.201913676258,175.98784034526,172.273761258543,"publicado",0.537319827780243,3.66808280843316,NA
"sarima","core_longo","sa","principal","2021Q3","vespera",2021-12-01,0.538765979760458,4.52725786771069,173.201913676258,175.98784034526,172.273761258543,"publicado",0.537319827780243,3.66808280843316,NA
"sarima","core_longo","sa","principal","2021Q4","m1",2021-10-31,0.538765979760436,1.98977587629876,174.135066663439,174.870751809519,173.201913676258,"nowcast",0.537319827780243,3.66808280843316,NA
"sarima","core_longo","sa","principal","2021Q4","m2",2021-11-30,0.538765979760436,1.98977587629876,174.135066663439,174.870751809519,173.201913676258,"nowcast",0.537319827780243,3.66808280843316,NA
"sarima","core_longo","sa","principal","2021Q4","m3",2021-12-31,0.535238284852113,1.79155349871247,173.678822866715,174.530881504911,172.754176376069,"publicado",0.533810975483195,3.58569917457794,NA
"sarima","core_longo","sa","principal","2021Q4","vespera",2022-03-03,0.535238284852113,1.79155349871247,173.678822866715,174.530881504911,172.754176376069,"publicado",0.533810975483195,3.58569917457794,NA
"sarima","core_longo","sa","principal","2022Q1","m1",2022-01-31,0.535238284852091,1.20748097996961,174.608418419378,172.592963199419,173.678822866715,"nowcast",0.533810975483195,3.58569917457794,NA
"sarima","core_longo","sa","principal","2022Q1","m2",2022-02-28,0.535238284852091,1.20748097996961,174.608418419378,172.592963199419,173.678822866715,"nowcast",0.533810975483195,3.58569917457794,NA
"sarima","core_longo","sa","principal","2022Q1","m3",2022-03-31,0.530443088333654,0.83179187792608,173.9766789894,171.952286297519,173.05870107081,"publicado",0.529041194298636,3.53116489603417,NA
"sarima","core_longo","sa","principal","2022Q1","vespera",2022-06-01,0.530443088333654,0.83179187792608,173.9766789894,171.952286297519,173.05870107081,"publicado",0.529041194298636,3.53116489603417,NA
"sarima","core_longo","sa","principal","2022Q2","m1",2022-04-30,0.530443088333632,1.09716216291365,174.899526258412,173.258597863045,173.9766789894,"nowcast",0.529041194298636,3.53116489603417,NA
"sarima","core_longo","sa","principal","2022Q2","m2",2022-05-31,0.530443088333632,1.09716216291365,174.899526258412,173.258597863045,173.9766789894,"nowcast",0.529041194298636,3.53116489603417,NA
"sarima","core_longo","sa","principal","2022Q2","m3",2022-06-30,0.536257525522488,1.57863259086413,175.679587587003,174.083733697469,174.742517685626,"publicado",0.534824784691987,3.48472975001477,NA
"sarima","core_longo","sa","principal","2022Q2","vespera",2022-08-31,0.536257525522488,1.57863259086413,175.679587587003,174.083733697469,174.742517685626,"publicado",0.534824784691987,3.48472975001477,NA
"sarima","core_longo","sa","principal","2022Q3","m1",2022-07-31,0.536257525522488,2.1863981592307,176.621682596245,179.29492578701,175.679587587003,"nowcast",0.534824784691987,3.48472975001477,NA
"sarima","core_longo","sa","principal","2022Q3","m2",2022-08-31,0.536257525522488,2.1863981592307,176.621682596245,179.29492578701,175.679587587003,"nowcast",0.534824784691987,3.48472975001477,NA
"sarima","core_longo","sa","principal","2022Q3","m3",2022-09-30,0.556961152071556,3.95797545044481,179.48484519489,182.40331227167,178.490721217655,"publicado",0.555415858581356,3.61308530153681,NA
"sarima","core_longo","sa","principal","2022Q3","vespera",2022-11-30,0.556961152071556,3.95797545044481,179.48484519489,182.40331227167,178.490721217655,"publicado",0.555415858581356,3.61308530153681,NA
"sarima","core_longo","sa","principal","2022Q4","m1",2022-10-31,0.556961152071511,4.02754179798213,180.484506056481,180.96631171177,179.48484519489,"nowcast",0.555415858581356,3.61308530153681,NA
"sarima","core_longo","sa","principal","2022Q4","m2",2022-11-30,0.556961152071511,4.02754179798213,180.484506056481,180.96631171177,179.48484519489,"nowcast",0.555415858581356,3.61308530153681,NA
"sarima","core_longo","sa","principal","2022Q4","m3",2022-12-31,0.561243158860747,4.38204739641153,181.092581119874,181.583009650797,180.081883866327,"publicado",0.559674057688205,3.56652946819196,NA
"sarima","core_longo","sa","principal","2022Q4","vespera",2023-03-01,0.561243158860747,4.38204739641153,181.092581119874,181.583009650797,180.081883866327,"publicado",0.559674057688205,3.56652946819196,NA
"sarima","core_longo","sa","principal","2023Q1","m1",2023-01-31,0.561243158860747,3.8548357739004,182.108950842614,179.717158387483,181.092581119874,"nowcast",0.559674057688205,3.56652946819196,NA
"sarima","core_longo","sa","principal","2023Q1","m2",2023-02-28,0.561243158860747,3.8548357739004,182.108950842614,179.717158387483,181.092581119874,"nowcast",0.559674057688205,3.56652946819196,NA
"sarima","core_longo","sa","principal","2023Q1","m3",2023-03-31,0.539376632099531,3.10782766266657,180.090428403529,178.424486996276,179.124273927546,"publicado",0.537927205918078,3.28379938301348,NA
"sarima","core_longo","sa","principal","2023Q1","vespera",2023-05-31,0.539376632099531,3.10782766266657,180.090428403529,178.424486996276,179.124273927546,"publicado",0.537927205918078,3.28379938301348,NA
"sarima","core_longo","sa","principal","2023Q2","m1",2023-04-30,0.539376632099553,1.41887751729874,181.061794090986,179.969522275364,180.090428403529,"nowcast",0.537927205918078,3.28379938301348,NA
"sarima","core_longo","sa","principal","2023Q2","m2",2023-05-31,0.539376632099553,1.41887751729874,181.061794090986,179.969522275364,180.090428403529,"nowcast",0.537927205918078,3.28379938301348,NA
"sarima","core_longo","sa","principal","2023Q2","m3",2023-06-30,0.555608121142281,2.78542167134559,183.5705569851,182.394478107971,182.556259581213,"publicado",0.554070312716996,3.29914459307722,NA
"sarima","core_longo","sa","principal","2023Q2","vespera",2023-08-31,0.555608121142281,2.78542167134559,183.5705569851,182.394478107971,182.556259581213,"publicado",0.554070312716996,3.29914459307722,NA
"sarima","core_longo","sa","principal","2023Q3","m1",2023-07-31,0.555608121142281,2.2749270653835,184.590489907735,187.205765174238,183.5705569851,"nowcast",0.554070312716996,3.29914459307722,NA
"sarima","core_longo","sa","principal","2023Q3","m2",2023-08-31,0.555608121142281,2.2749270653835,184.590489907735,187.205765174238,183.5705569851,"nowcast",0.554070312716996,3.29914459307722,NA
"sarima","core_longo","sa","principal","2023Q3","m3",2023-09-30,0.565825394903952,2.99261642339161,186.088476587723,188.519435975855,185.04146498772,"publicado",0.564230615964472,3.25876796740323,NA
"sarima","core_longo","sa","principal","2023Q3","vespera",2023-12-04,0.565825394903952,2.99261642339161,186.088476587723,188.519435975855,185.04146498772,"publicado",0.564230615964472,3.25876796740323,NA
"sarima","core_longo","sa","principal","2023Q4","m1",2023-10-31,0.565825394903929,4.28444071206675,187.141412445246,186.300399092242,186.088476587723,"nowcast",0.564230615964472,3.25876796740323,NA
"sarima","core_longo","sa","principal","2023Q4","m2",2023-11-30,0.565825394903929,4.28444071206675,187.141412445246,186.300399092242,186.088476587723,"nowcast",0.564230615964472,3.25876796740323,NA
"sarima","core_longo","sa","principal","2023Q4","m3",2023-12-31,0.557074434069116,3.50767926549647,185.882357770656,184.912742731356,184.852591244121,"publicado",0.555528513073351,3.26249226002332,NA
"sarima","core_longo","sa","principal","2023Q4","vespera",2024-02-29,0.557074434069116,3.50767926549647,185.882357770656,184.912742731356,184.852591244121,"publicado",0.555528513073351,3.26249226002332,NA
"sarima","core_longo","sa","principal","2024Q1","m1",2024-01-31,0.557074434069094,1.85196288935616,186.917860863241,184.084385871261,185.882357770656,"nowcast",0.555528513073351,3.26249226002332,NA
"sarima","core_longo","sa","principal","2024Q1","m2",2024-02-29,0.557074434069094,1.85196288935616,186.917860863241,184.084385871261,185.882357770656,"nowcast",0.555528513073351,3.26249226002332,NA
"sarima","core_longo","sa","principal","2024Q1","m3",2024-03-31,0.546690865366273,0.96396752180461,185.287537622873,182.479447907819,184.280095175858,"publicado",0.545201934954237,3.26491118977037,NA
"sarima","core_longo","sa","principal","2024Q1","vespera",2024-06-03,0.546690865366273,0.96396752180461,185.287537622873,182.479447907819,184.280095175858,"publicado",0.545201934954237,3.26491118977037,NA
"sarima","core_longo","sa","principal","2024Q2","m1",2024-04-30,0.546690865366295,1.25124935226053,186.300487665719,186.589953607569,185.287537622873,"nowcast",0.545201934954237,3.26491118977037,NA
"sarima","core_longo","sa","principal","2024Q2","m2",2024-05-31,0.546690865366295,1.25124935226053,186.300487665719,186.589953607569,185.287537622873,"nowcast",0.545201934954237,3.26491118977037,NA
"sarima","core_longo","sa","principal","2024Q2","m3",2024-06-30,0.555265352239398,2.21557282654099,187.620322408356,188.367048443236,186.584284523672,"publicado",0.553729437162168,3.16478662451568,NA
"sarima","core_longo","sa","principal","2024Q2","vespera",2024-09-02,0.555265352239398,2.21557282654099,187.620322408356,188.367048443236,186.584284523672,"publicado",0.553729437162168,3.16478662451568,NA
"sarima","core_longo","sa","principal","2024Q3","m1",2024-07-31,0.555265352239376,2.59670873372306,188.662113052449,192.21739613364,187.620322408356,"nowcast",0.553729437162168,3.16478662451568,NA
"sarima","core_longo","sa","principal","2024Q3","m2",2024-08-31,0.555265352239376,2.59670873372306,188.662113052449,192.21739613364,187.620322408356,"nowcast",0.553729437162168,3.16478662451568,NA
"sarima","core_longo","sa","principal","2024Q3","m3",2024-09-30,0.567242569667714,3.65550019014738,190.514597202899,194.201067338246,189.440012806278,"publicado",0.565639807181141,3.13063185809386,NA
"sarima","core_longo","sa","principal","2024Q3","vespera",2024-12-02,0.567242569667714,3.65550019014738,190.514597202899,194.201067338246,189.440012806278,"publicado",0.565639807181141,3.13063185809386,NA
"sarima","core_longo","sa","principal","2024Q4","m1",2024-10-31,0.567242569667692,4.0691208817589,191.595277099665,190.34158953977,190.514597202899,"nowcast",0.565639807181141,3.13063185809386,NA
"sarima","core_longo","sa","principal","2024Q4","m2",2024-11-30,0.567242569667692,4.0691208817589,191.595277099665,190.34158953977,190.514597202899,"nowcast",0.565639807181141,3.13063185809386,NA
"sarima","core_longo","sa","principal","2024Q4","m3",2024-12-31,0.571930513036878,4.53094458100174,192.403186316071,191.186261391096,191.309031590211,"publicado",0.570301199885679,3.10370845038225,NA
"sarima","core_longo","sa","principal","2024Q4","vespera",2025-03-06,0.571930513036878,4.53094458100174,192.403186316071,191.186261391096,191.309031590211,"publicado",0.570301199885679,3.10370845038225,NA
"sarima","core_longo","sa","principal","2025Q1","m1",2025-01-31,0.5719305130369,3.12550946268366,193.503598846668,190.971943443376,192.403186316071,"nowcast",0.570301199885679,3.10370845038225,NA
"sarima","core_longo","sa","principal","2025Q1","m2",2025-02-28,0.5719305130369,3.12550946268366,193.503598846668,190.971943443376,192.403186316071,"nowcast",0.570301199885679,3.10370845038225,NA
"sarima","core_longo","sa","principal","2025Q1","m3",2025-03-31,0.563662931950404,2.33663486538829,192.103114730999,189.511073909121,191.026369893658,"publicado",0.562080296812756,3.06252667136646,NA
"sarima","core_longo","sa","principal","2025Q1","vespera",2025-05-29,0.563662931950404,2.33663486538829,192.103114730999,189.511073909121,191.026369893658,"publicado",0.562080296812756,3.06252667136646,NA
"sarima","core_longo","sa","principal","2025Q2","m1",2025-04-30,0.563662931950404,1.48435267967586,193.18592877986,193.511175564427,192.103114730999,"nowcast",0.562080296812756,3.06252667136646,NA
"sarima","core_longo","sa","principal","2025Q2","m2",2025-05-31,0.575581932084734,2.52716564392046,195.139635750768,195.499619667153,194.022875137366,"publicado",0.573931788207513,3.03966664219638,NA
"sarima","core_longo","sa","principal","2025Q2","m3",2025-06-30,0.575581932084734,2.52716564392046,195.139635750768,195.499619667153,194.022875137366,"publicado",0.573931788207513,3.03966664219638,NA
"sarima","core_longo","sa","principal","2025Q2","vespera",2025-09-01,0.575581932084734,2.52716564392046,195.139635750768,195.499619667153,194.022875137366,"publicado",0.573931788207513,3.03966664219638,NA
"sarima","core_longo","sa","principal","2025Q3","m1",2025-07-31,0.575581932084712,2.7115252323719,196.262824236485,200.392650804963,195.139635750768,"nowcast",0.573931788207513,3.03966664219638,NA
"sarima","core_longo","sa","principal","2025Q3","m2",2025-08-31,0.575581932084712,2.7115252323719,196.262824236485,200.392650804963,195.139635750768,"nowcast",0.573931788207513,3.03966664219638,NA
"sarima","core_longo","sa","principal","2025Q3","m3",2025-09-30,0.579673050750196,2.36071466213603,195.794381068573,199.708210962979,194.665954988519,"publicado",0.577999411165088,3.2446873363161,NA
"sarima","core_longo","sa","principal","2025Q3","vespera",2025-12-03,0.579673050750196,2.36071466213603,195.794381068573,199.708210962979,194.665954988519,"publicado",0.577999411165088,3.2446873363161,NA
"sarima","core_longo","sa","principal","2025Q4","m1",2025-10-31,0.579673050750174,2.62150603093414,196.929348330511,194.413364530424,195.794381068573,"nowcast",0.577999411165088,3.2446873363161,NA
"sarima","core_longo","sa","principal","2025Q4","m2",2025-11-30,0.579673050750174,2.62150603093414,196.929348330511,194.413364530424,195.794381068573,"nowcast",0.577999411165088,3.2446873363161,NA
"sarima","core_longo","sa","principal","2025Q4","m3",2025-12-31,0.567204933692289,2.41337713346106,195.902888625636,194.019070578028,194.797984844863,"publicado",0.565602383481826,2.97167873041188,NA
"sarima","core_longo","sa","principal","2025Q4","vespera",2026-03-02,0.567204933692289,2.41337713346106,195.902888625636,194.019070578028,194.797984844863,"publicado",0.565602383481826,2.97167873041188,NA
"sarima","core_longo","sa","principal","2026Q1","m1",2026-01-31,0.567204933692289,1.91041925135484,197.014059475167,194.664493064233,195.902888625636,"nowcast",0.565602383481826,2.97167873041188,NA
"sarima","core_longo","sa","principal","2026Q1","m2",2026-02-28,0.567204933692289,1.91041925135484,197.014059475167,194.664493064233,195.902888625636,"nowcast",0.565602383481826,2.97167873041188,NA
"sarima","core_longo","sa","principal","2026Q1","m3",2026-03-31,0.572368551256619,1.77558984667425,196.755566555563,194.406948272394,195.635808711502,"publicado",0.570736746129617,3.17723857269557,NA
"sarima","core_longo","sa","principal","2026Q1","vespera",2026-05-28,0.572368551256619,1.77558984667425,196.755566555563,194.406948272394,195.635808711502,"publicado",0.570736746129617,3.17723857269557,NA
"sarima","core_longo","sa","principal","2026Q2","m1",2026-04-30,0.572368551256619,2.00187018504934,197.881733541374,199.08776023653,196.755566555563,"nowcast",0.570736746129617,3.17723857269557,NA
"sarima","core_longo","sa","principal","2026Q2","m2",2026-05-31,0.573180065351542,2.09447389152133,198.02739015073,199.268504613841,196.898805448981,"publicado",0.571543638552052,3.14747666721976,NA
"sarima","core_longo","sa","principal","2026Q2","m3",2026-06-30,0.573180065351542,2.09447389152133,198.02739015073,199.268504613841,196.898805448981,"publicado",0.571543638552052,3.14747666721976,NA
"sarima","core_longo","sa","principal","2026Q2","vespera",2026-08-31,0.573180065351542,2.09447389152133,198.02739015073,199.268504613841,196.898805448981,"publicado",0.571543638552052,3.14747666721976,NA
"sarima","core_longo","sa","principal","2026Q3","m1",2026-07-31,0.57318006535152,2.24573813532738,199.16244367501,203.121792362594,198.02739015073,"nowcast",0.571543638552052,3.14747666721976,NA
"sarima","core_longo","sa","principal","2026Q3","m2",2026-08-31,0.57318006535152,2.24573813532738,199.16244367501,203.121792362594,198.02739015073,"nowcast",0.571543638552052,3.14747666721976,NA
"sarima","core_longo","sa","principal","2026Q3","m3",2026-09-30,0.568260356087857,2.42069910963918,199.423084065314,203.469370534006,198.296245116705,"publicado",0.566651847726298,2.8680443683906,NA
"sarima","core_longo","sa","principal","2026Q3","vespera",2026-12-01,0.568260356087857,2.42069910963918,199.423084065314,203.469370534006,198.296245116705,"publicado",0.566651847726298,2.8680443683906,NA
