"modelo","painel","trilha","variante","trimestre","timing","q05","q16","q50","q84","q95"
"dfm_4a","core","sa","principal","2019Q1","m1",1.44073066726136,1.96300365408332,2.79682070020701,3.65374659508324,4.20002603032522
"dfm_4a","core","sa","principal","2019Q1","m2",0.556429129099547,0.994326197029204,1.64559457794073,2.32092413356001,2.73540385983986
"dfm_4a","core","sa","principal","2019Q1","m3",1.10269060696294,1.43837759306134,1.96427762049459,2.47215779598255,2.80524065488385
"dfm_4a","core","sa","principal","2019Q1","vespera",0.608364507971627,0.8608597049141,1.24019211135832,1.61894188210979,1.86268358642543
"dfm_4a","core","sa","principal","2019Q2","m1",0.00547616797056727,0.499677594230151,1.26538630844704,2.04527675046272,2.53007005478485
"dfm_4a","core","sa","principal","2019Q2","m2",-1.98845744248556,-1.54362046544949,-0.83692343809742,-0.140636644178911,0.304584364554591
"dfm_4a","core","sa","principal","2019Q2","m3",-1.05543255117757,-0.690193884989629,-0.131013970192928,0.454895791844479,0.844397440485089
"dfm_4a","core","sa","principal","2019Q2","vespera",-0.694330345957389,-0.386703123380134,0.114867721259315,0.614074962972579,0.954213828275582
"dfm_4a","core","sa","principal","2019Q3","m1",-1.49088159300401,-0.984827980290174,-0.128000909492693,0.704970446667213,1.24408940637484
"dfm_4a","core","sa","principal","2019Q3","m2",-0.184581362770563,0.288182949302474,1.01748975772006,1.72070142963184,2.20877553267929
"dfm_4a","core","sa","principal","2019Q3","m3",0.277654939566317,0.642202205369225,1.22333650490916,1.8082050373359,2.20212514423498
"dfm_4a","core","sa","principal","2019Q3","vespera",0.653444588636695,0.953895050308598,1.41870505040766,1.8756338566802,2.19776192718279
"dfm_4a","core","sa","principal","2019Q4","m1",-0.0309133210241896,0.556664492146553,1.43475876976416,2.31042859684816,2.85818489104546
"dfm_4a","core","sa","principal","2019Q4","m2",0.250755399045929,0.725507815026237,1.41494660714253,2.15540306888457,2.64629791851833
"dfm_4a","core","sa","principal","2019Q4","m3",1.15813260658519,1.46746270520043,1.96325294057553,2.46059929887352,2.74494703962918
"dfm_4a","core","sa","principal","2019Q4","vespera",0.943013429159482,1.16649094670106,1.50641258717122,1.84905516522555,2.06818866189081
"dfm_4a","core","sa","principal","2020Q1","m1",1.16991452997717,1.70904198350887,2.53360758339972,3.33239769299572,3.86937435877623
"dfm_4a","core","sa","principal","2020Q1","m2",0.732242826358706,1.18717023768847,1.88982746958776,2.59309793129269,3.07277087858895
"dfm_4a","core","sa","principal","2020Q1","m3",1.18532089689405,1.49215153670511,1.9707352661712,2.44684784853818,2.77264698081322
"dfm_4a","core","sa","principal","2020Q1","vespera",0.319680001981951,0.578213998850017,0.99884148735977,1.41503296856851,1.69101161430198
"dfm_4a","core","sa","principal","2020Q2","m1",-4.22953415789265,-3.64216127672619,-2.73529358704819,-1.83343315929109,-1.22377875809315
"dfm_4a","core","sa","principal","2020Q2","m2",-9.96932722876715,-9.56700020562495,-8.94895878683873,-8.32081170999817,-7.88845191095634
"dfm_4a","core","sa","principal","2020Q2","m3",-7.50787631538711,-7.17834188690875,-6.69674745111141,-6.19729519132273,-5.87931591790711
"dfm_4a","core","sa","principal","2020Q2","vespera",-7.44875940438383,-7.21630443240855,-6.81849763060787,-6.42110010037115,-6.16704665543075
"dfm_4a","core","sa","principal","2020Q3","m1",-5.6542975624866,-5.06843158245161,-4.20273417507669,-3.30475471109212,-2.74257754698422
"dfm_4a","core","sa","principal","2020Q3","m2",-3.78722612765363,-3.39271848469051,-2.77753387870994,-2.16763044946574,-1.74727646353175
"dfm_4a","core","sa","principal","2020Q3","m3",-4.14803476241175,-3.80178947351008,-3.28654065213891,-2.75969775643643,-2.39613026295135
"dfm_4a","core","sa","principal","2020Q3","vespera",-4.43049035569787,-4.13708420176214,-3.67334932812061,-3.20198300202546,-2.89069440837253
"dfm_4a","core","sa","principal","2020Q4","m1",-4.04094278517002,-3.21916420518707,-1.92790281900703,-0.627931740069787,0.241297782908332
"dfm_4a","core","sa","principal","2020Q4","m2",-2.44503864313693,-1.90058569520717,-1.07534347954152,-0.230760361196612,0.360689778793501
"dfm_4a","core","sa","principal","2020Q4","m3",-1.49121884499727,-1.0950092061612,-0.466516216992763,0.134700737423394,0.551132327156707
"dfm_4a","core","sa","principal","2020Q4","vespera",-1.87910165239541,-1.50925820907293,-0.963242473014581,-0.423367086377623,-0.0681336452241529
"dfm_4a","core","sa","principal","2021Q1","m1",-3.07560339530394,-2.26794806040287,-0.890703664160991,0.477889060076228,1.34020588625592
"dfm_4a","core","sa","principal","2021Q1","m2",-1.74714486089216,-1.17161574735788,-0.279086912520404,0.626843862184501,1.21201350946572
"dfm_4a","core","sa","principal","2021Q1","m3",-0.260325320281306,0.149031206257117,0.746738515917755,1.33944287212495,1.7451730841665
"dfm_4a","core","sa","principal","2021Q1","vespera",-0.174574105043958,0.154203787092856,0.675147344233817,1.19758082197692,1.5422665567817
"dfm_4a","core","sa","principal","2021Q2","m1",10.6979879366054,11.6654755093048,13.1557212719825,14.6750266916689,15.6725002569522
"dfm_4a","core","sa","principal","2021Q2","m2",10.8875727116828,11.5184942959701,12.4537081166328,13.4226941366241,14.0671539998054
"dfm_4a","core","sa","principal","2021Q2","m3",13.7441685515518,14.1004949504417,14.6421094875101,15.2065617968318,15.5661152134719
"dfm_4a","core","sa","principal","2021Q2","vespera",13.4311045648503,13.6869046821751,14.1017386197613,14.5065732183136,14.7671498841545
"dfm_4a","core","sa","principal","2021Q3","m1",4.53355911003732,5.40938694304647,6.85859684162751,8.32863269075369,9.278966828608
"dfm_4a","core","sa","principal","2021Q3","m2",5.04307696932923,5.5869937360949,6.4304520356574,7.29367544369683,7.8506173055401
"dfm_4a","core","sa","principal","2021Q3","m3",3.5951850501686,3.97062108258512,4.53175192862415,5.09896756131954,5.486307896876
"dfm_4a","core","sa","principal","2021Q3","vespera",3.59448764105016,3.89558902364663,4.3377395080999,4.77953646641233,5.10587506173279
"dfm_4a","core","sa","principal","2021Q4","m1",-1.28257323791242,-0.485570352456773,0.798741076174558,2.05804080528397,2.93701477993399
"dfm_4a","core","sa","principal","2021Q4","m2",-0.356254094923869,0.186949893303861,1.00404075174829,1.80792115041153,2.36281981689548
"dfm_4a","core","sa","principal","2021Q4","m3",-0.0150870287464194,0.344175533784277,0.860377308317617,1.41268141138605,1.78682631117526
"dfm_4a","core","sa","principal","2021Q4","vespera",0.656576670974276,0.978389893508501,1.42137492685087,1.8830639957448,2.17872626589989
"dfm_4a","core","sa","principal","2022Q1","m1",-2.00388322865408,-1.22357467721803,0.0657362601292011,1.34297256355011,2.1783251526432
"dfm_4a","core","sa","principal","2022Q1","m2",-0.281577982267663,0.268233452363396,1.09430043550121,1.94511233946225,2.52160258403227
"dfm_4a","core","sa","principal","2022Q1","m3",0.318171656116036,0.694932165455969,1.23563554258173,1.76704308337892,2.1092074591234
"dfm_4a","core","sa","principal","2022Q1","vespera",0.895544731025867,1.16043921435642,1.60070814234664,2.04035886448504,2.31898854858109
"dfm_4a","core","sa","principal","2022Q2","m1",-0.202777639525775,0.617595347991942,1.86768528802823,3.11309206740596,4.03453272803199
"dfm_4a","core","sa","principal","2022Q2","m2",0.561377809515199,1.07517796045845,1.8648863576899,2.68082298450171,3.19546106397696
"dfm_4a","core","sa","principal","2022Q2","m3",1.6152908990465,1.98806175483082,2.52950777267396,3.06724395097216,3.42645902190966
"dfm_4a","core","sa","principal","2022Q2","vespera",1.48278042453228,1.76549983253726,2.19553488481572,2.6360627083104,2.90037757344382
"dfm_4a","core","sa","principal","2022Q3","m1",-0.00716676880054048,0.808790653235397,2.02812538631739,3.30975615086206,4.1406842407172
"dfm_4a","core","sa","principal","2022Q3","m2",1.87072553597491,2.38600961305243,3.19926569292246,4.0184953189264,4.55396771239787
"dfm_4a","core","sa","principal","2022Q3","m3",3.63630642664711,4.00308762074878,4.55235118382917,5.11780827947715,5.48867862387205
"dfm_4a","core","sa","principal","2022Q3","vespera",3.68901100629819,3.98639042103771,4.44772208605965,4.88673454944529,5.18678616787228
"dfm_4a","core","sa","principal","2022Q4","m1",1.33846239343188,2.19698068021941,3.52553577487977,4.81477287795826,5.72261316832693
"dfm_4a","core","sa","principal","2022Q4","m2",1.71640376500389,2.27060772852935,3.12710082678697,4.00067142088587,4.59049066095765
"dfm_4a","core","sa","principal","2022Q4","m3",2.63841206980859,2.9864351146895,3.53017132196261,4.06913458543518,4.45368664452478
"dfm_4a","core","sa","principal","2022Q4","vespera",2.79987080000523,3.09842710588111,3.57545312131086,4.01777693313537,4.30206658334861
"dfm_4a","core","sa","principal","2023Q1","m1",0.707503210660275,1.60688502780449,2.85739365736083,4.19770659688962,4.99995354489389
"dfm_4a","core","sa","principal","2023Q1","m2",1.18647371953678,1.73065694147308,2.56763880608434,3.42267885916613,4.00681695859193
"dfm_4a","core","sa","principal","2023Q1","m3",1.9327388426242,2.35928783767413,2.99360625921432,3.66131297809371,4.07280332465044
"dfm_4a","core","sa","principal","2023Q1","vespera",2.43678444200182,2.78366970534199,3.34248330646062,3.920550879133,4.31078580954938
"dfm_4a","core","sa","principal","2023Q2","m1",-0.574231300296585,0.260362668216472,1.51247116153901,2.76248234250707,3.62164874420304
"dfm_4a","core","sa","principal","2023Q2","m2",0.582935427567112,1.14384495917384,1.95608368853064,2.78354989433553,3.33754156859922
"dfm_4a","core","sa","principal","2023Q2","m3",1.70869739997399,2.18415900647777,2.87827700928946,3.61018828132137,4.06698771441271
"dfm_4a","core","sa","principal","2023Q2","vespera",1.82011480121309,2.23525738080246,2.9138460713231,3.59989163302794,4.03126129552077
"dfm_4a","core","sa","principal","2023Q3","m1",-0.370729128194748,0.461648899828061,1.68618569755777,2.96200204704379,3.81703831448764
"dfm_4a","core","sa","principal","2023Q3","m2",0.776512162672532,1.39848260856878,2.30176894753377,3.21575301771077,3.83958639983109
"dfm_4a","core","sa","principal","2023Q3","m3",1.39955633649542,1.87496741601857,2.54512760170263,3.22611894117602,3.68202819435803
"dfm_4a","core","sa","principal","2023Q3","vespera",1.75856709998694,2.17669156673733,2.78819439137796,3.40437614744735,3.80668661793193
"dfm_4a","core","sa","principal","2023Q4","m1",1.24948507413958,2.05265404352276,3.33076204558923,4.6560548656813,5.52344999358072
"dfm_4a","core","sa","principal","2023Q4","m2",2.79616730723121,3.37243579537292,4.26790570795493,5.20716815337314,5.79831392372432
"dfm_4a","core","sa","principal","2023Q4","m3",2.1058400898988,2.53462455225587,3.28294677605118,4.01592262381063,4.50134838782286
"dfm_4a","core","sa","principal","2023Q4","vespera",2.19294244246543,2.65333289828198,3.32817959910545,3.99465099858157,4.48527726479301
"dfm_4a","core","sa","principal","2024Q1","m1",-0.0910084280116835,0.670678265568831,1.91612439168356,3.19331679688063,4.04349492009307
"dfm_4a","core","sa","principal","2024Q1","m2",-0.0518694837540512,0.527436828075324,1.45820340410636,2.3760283448265,3.00953721393672
"dfm_4a","core","sa","principal","2024Q1","m3",-0.101049798685414,0.348991485547105,1.07247126038331,1.78584661863887,2.2760838731472
"dfm_4a","core","sa","principal","2024Q1","vespera",0.277127550896638,0.721115389413362,1.37140780869867,2.01929540312513,2.48066333551225
"dfm_4a","core","sa","principal","2024Q2","m1",-0.714949258085157,0.0849979254746964,1.35068964560328,2.63087776996021,3.47582089189622
"dfm_4a","core","sa","principal","2024Q2","m2",0.11302252350661,0.733633999334514,1.6131104908899,2.53943813054327,3.15845973417735
"dfm_4a","core","sa","principal","2024Q2","m3",1.0956861979887,1.52885729338926,2.18909159014544,2.86554199122735,3.32563947093171
"dfm_4a","core","sa","principal","2024Q2","vespera",1.50807531197001,1.89063773785965,2.47975703351953,3.09637125598532,3.49984531671692
"dfm_4a","core","sa","principal","2024Q3","m1",0.956006963245232,1.81140364306813,3.06274366175865,4.35851006579911,5.17022133467668
"dfm_4a","core","sa","principal","2024Q3","m2",1.79836309787173,2.39547996442855,3.27069188760571,4.15037809251997,4.75996615844633
"dfm_4a","core","sa","principal","2024Q3","m3",2.9960900630347,3.42853016924272,4.09817786138694,4.75551738747594,5.20003267857837
"dfm_4a","core","sa","principal","2024Q3","vespera",3.18548648279219,3.57095947648824,4.15110582365611,4.78420621198026,5.16998589233224
"dfm_4a","core","sa","principal","2024Q4","m1",2.14767496111814,2.98379098963973,4.23916956906923,5.49767344629436,6.32889005206038
"dfm_4a","core","sa","principal","2024Q4","m2",3.04525293597093,3.56121443837782,4.44263981146137,5.34640673863348,5.94063820352225
"dfm_4a","core","sa","principal","2024Q4","m3",3.55358737270374,3.98369478479326,4.65511656060348,5.30804558328566,5.76271547963553
"dfm_4a","core","sa","principal","2024Q4","vespera",3.2674796804071,3.69604368548292,4.272753285953,4.86455273927927,5.26578986937425
"dfm_4a","core","sa","principal","2025Q1","m1",0.277432916580481,1.04521190166129,2.31423640791915,3.61297125607138,4.43775343244595
"dfm_4a","core","sa","principal","2025Q1","m2",0.908390224198602,1.49546077683874,2.37537331156231,3.28768654870882,3.87587480162018
"dfm_4a","core","sa","principal","2025Q1","m3",1.25929391128977,1.68964737147754,2.36115739931266,3.0045544295506,3.43905675802135
"dfm_4a","core","sa","principal","2025Q1","vespera",1.44425813518179,1.82396531335287,2.41149944218297,3.00005679156817,3.37164218203113
"dfm_4a","core","sa","principal","2025Q2","m1",-0.752018618874651,0.00206348431948204,1.23899160435033,2.57749717632723,3.3098066351796
"dfm_4a","core","sa","principal","2025Q2","m2",1.54949632618786,2.10561401280585,2.9960129512177,3.89676646762326,4.47314404346832
"dfm_4a","core","sa","principal","2025Q2","m3",1.67103721591754,2.08203894637155,2.74199965346966,3.42725457114271,3.85242850498364
"dfm_4a","core","sa","principal","2025Q2","vespera",1.50389356472621,1.88613517590032,2.47524003662708,3.08878641077095,3.48990907384684
"dfm_4a","core","sa","principal","2025Q3","m1",0.042027428037178,0.836252004215364,2.06345729143489,3.31046923557361,4.14586382110282
"dfm_4a","core","sa","principal","2025Q3","m2",0.463624972179241,1.04824536516193,1.92542741774097,2.77886917908595,3.36199120642488
"dfm_4a","core","sa","principal","2025Q3","m3",1.04763188250706,1.40905904464978,1.92409141923084,2.4741341518178,2.8176315018637
"dfm_4a","core","sa","principal","2025Q3","vespera",1.35272317944476,1.63736004669299,2.07249791298044,2.50571382658449,2.79306112885803
"dfm_4a","core","sa","principal","2025Q4","m1",-0.155772470333907,0.684674617343966,1.92439050347878,3.13185435139086,3.9859730306774
"dfm_4a","core","sa","principal","2025Q4","m2",0.968665250280114,1.47938845589195,2.28170378125369,3.10700858824003,3.63137070153024
"dfm_4a","core","sa","principal","2025Q4","m3",1.41458244440592,1.8715809903139,2.50694229416537,3.15490187077128,3.56518233694276
"dfm_4a","core","sa","principal","2025Q4","vespera",1.27153099058815,1.64999901682621,2.23426892776133,2.80973045763615,3.19341956646259
"dfm_4a","core","sa","principal","2026Q1","m1",0.607482401915115,1.36013535850518,2.54538340866934,3.78545536188925,4.60263692606997
"dfm_4a","core","sa","principal","2026Q1","m2",0.435226745146935,0.958800109027979,1.8552658591516,2.75395332730463,3.32716567092017
"dfm_4a","core","sa","principal","2026Q1","m3",0.645440867023376,0.964341826059126,1.48037863781387,1.98640891434675,2.33153287902323
"dfm_4a","core","sa","principal","2026Q1","vespera",1.33561878056154,1.59247370721281,2.00706311523237,2.44049813652372,2.71404802292512
"dfm_4a","core","sa","principal","2026Q2","m1",0.385158048931166,1.17126591081804,2.39054564158048,3.63766689459462,4.39464323275343
"dfm_4a","core","sa","principal","2026Q2","m2",0.805358331896406,1.26787931335527,2.04523076408351,2.82158606474816,3.36457412919129
"dfm_4a","core","sa","principal","2026Q2","m3",1.36224120802823,1.67588371046464,2.20888153734007,2.73336697222331,3.09638005035837
"dfm_4a","core","sa","principal","2026Q2","vespera",1.16904380506976,1.43979762454194,1.85392383290182,2.27813690980076,2.57001855645421
"dfm_4a","estendido","sa","principal","2019Q1","m1",1.49147182409203,2.05469390959413,2.9292247603162,3.77112775025742,4.33299449263275
"dfm_4a","estendido","sa","principal","2019Q1","m2",0.962657815138308,1.37399865186688,1.96543476504398,2.59377564624941,3.00946727124711
"dfm_4a","estendido","sa","principal","2019Q1","m3",1.3177909379018,1.63739252336141,2.14087247635629,2.64807050415953,2.96955654838255
"dfm_4a","estendido","sa","principal","2019Q1","vespera",0.791415394317435,1.06842502309042,1.48562427333908,1.92056262420472,2.20301414207321
"dfm_4a","estendido","sa","principal","2019Q2","m1",0.0502162951020324,0.558704545446954,1.38700453414542,2.16847812861324,2.75067422047725
"dfm_4a","estendido","sa","principal","2019Q2","m2",-1.85174881912313,-1.41924697397473,-0.706342098536961,0.0206305566067408,0.478456705184251
"dfm_4a","estendido","sa","principal","2019Q2","m3",-1.15751698895166,-0.797994798650006,-0.200762586522796,0.407330738843583,0.830701751010143
"dfm_4a","estendido","sa","principal","2019Q2","vespera",-0.981200686060878,-0.611761136365574,-0.0796038789919462,0.482711007476918,0.854372212218405
"dfm_4a","estendido","sa","principal","2019Q3","m1",-1.81844250187898,-1.23929473806307,-0.342711448897254,0.580431194148714,1.17476575992704
"dfm_4a","estendido","sa","principal","2019Q3","m2",0.17753491478977,0.650714766984305,1.36529929406917,2.0967544373892,2.60989725620162
"dfm_4a","estendido","sa","principal","2019Q3","m3",0.455433751216677,0.812672578829536,1.38362651874634,1.96338400019462,2.33234638370524
"dfm_4a","estendido","sa","principal","2019Q3","vespera",0.596841260325545,0.931723411830966,1.41092735377418,1.89544447780449,2.21098719522314
"dfm_4a","estendido","sa","principal","2019Q4","m1",-0.0817479785196506,0.525924030804624,1.4473614518272,2.36586182140869,3.01987608954334
"dfm_4a","estendido","sa","principal","2019Q4","m2",0.674189688916298,1.13548544022197,1.82312748377867,2.5554265314858,3.05537909171367
"dfm_4a","estendido","sa","principal","2019Q4","m3",1.14530565204904,1.45851923101713,1.9420401264317,2.40305902748458,2.70250096908929
"dfm_4a","estendido","sa","principal","2019Q4","vespera",0.939183365714037,1.17861299439488,1.55689170615302,1.92546296331024,2.18525920387464
"dfm_4a","estendido","sa","principal","2020Q1","m1",0.712559123867802,1.26047436136726,2.11594382598339,2.9511724304594,3.57077208766776
"dfm_4a","estendido","sa","principal","2020Q1","m2",1.02197576542697,1.4482346612959,2.07049682555988,2.71751168237069,3.11779509812032
"dfm_4a","estendido","sa","principal","2020Q1","m3",1.4852186197996,1.79497346197615,2.26643249450357,2.73896996837048,3.03598282745166
"dfm_4a","estendido","sa","principal","2020Q1","vespera",-0.28393024755884,-0.0286664779295043,0.381089252938893,0.797658550173899,1.08205887111635
"dfm_4a","estendido","sa","principal","2020Q2","m1",1.01943025692235,1.58222746919716,2.4727101932555,3.39250730807152,3.96472634105469
"dfm_4a","estendido","sa","principal","2020Q2","m2",-11.2858731511786,-10.8582025834226,-10.2429132907035,-9.65011576554533,-9.24903342583885
"dfm_4a","estendido","sa","principal","2020Q2","m3",-9.5730845563757,-9.2476157555969,-8.77166286159877,-8.27506670660889,-7.94828485692732
"dfm_4a","estendido","sa","principal","2020Q2","vespera",-9.76293904490613,-9.51837390486116,-9.13786237234181,-8.74829655071715,-8.4995758208045
"dfm_4a","estendido","sa","principal","2020Q3","m1",-4.82502454763125,-4.16053629304556,-3.03888012946463,-1.9196170450838,-1.20007962699101
"dfm_4a","estendido","sa","principal","2020Q3","m2",-3.49146991496044,-3.01423704161269,-2.28524154061406,-1.516555601197,-1.07229977740054
"dfm_4a","estendido","sa","principal","2020Q3","m3",-3.46233497666296,-3.13464619333888,-2.59436075547467,-2.07043300045614,-1.7366060667842
"dfm_4a","estendido","sa","principal","2020Q3","vespera",-3.66507255120569,-3.35960372455739,-2.87893557979211,-2.38299852978923,-2.07511581065393
"dfm_4a","estendido","sa","principal","2020Q4","m1",-3.84126170428297,-2.94238303472472,-1.55639501537528,-0.144577211046052,0.804039134435544
"dfm_4a","estendido","sa","principal","2020Q4","m2",-2.69261814606177,-2.15313453861376,-1.34033474357401,-0.49492525243611,0.0384043612126365
"dfm_4a","estendido","sa","principal","2020Q4","m3",-2.22117235759893,-1.83866641704048,-1.22441123071914,-0.565463403742887,-0.116352043186228
"dfm_4a","estendido","sa","principal","2020Q4","vespera",-2.48508586502117,-2.13805662217774,-1.55322694529327,-0.982640557159515,-0.596590797827577
"dfm_4a","estendido","sa","principal","2021Q1","m1",-3.48892469269114,-2.62212478165338,-1.31148893988811,0.0171875399519984,0.927370787593579
"dfm_4a","estendido","sa","principal","2021Q1","m2",-2.34686886360823,-1.77044618601881,-0.908256082792963,-0.00154055712802195,0.570478639747575
"dfm_4a","estendido","sa","principal","2021Q1","m3",-1.0563605041034,-0.643269114904596,0.0119710208730361,0.660075051549473,1.05962230785021
"dfm_4a","estendido","sa","principal","2021Q1","vespera",-0.689233383884004,-0.309900069412249,0.260125360034669,0.84684851346548,1.21218182585969
"dfm_4a","estendido","sa","principal","2021Q2","m1",9.6675385317336,10.6177651965732,12.1136158055316,13.6010352484767,14.6204133680957
"dfm_4a","estendido","sa","principal","2021Q2","m2",10.1170670021302,10.7580411871812,11.752776924822,12.7444475628297,13.3706088223903
"dfm_4a","estendido","sa","principal","2021Q2","m3",13.2906645826116,13.6610918477509,14.2460740955684,14.8374140043817,15.2301923202442
"dfm_4a","estendido","sa","principal","2021Q2","vespera",13.0750566003801,13.4030610346193,13.8839524406439,14.360955647248,14.6811318683891
"dfm_4a","estendido","sa","principal","2021Q3","m1",4.33304673437928,5.28498808464308,6.7137921088497,8.17070072664282,9.13807499723215
"dfm_4a","estendido","sa","principal","2021Q3","m2",4.34718001669844,4.9037768516163,5.78547864223969,6.65033256031508,7.18566637080918
"dfm_4a","estendido","sa","principal","2021Q3","m3",3.04428494655213,3.43325254300208,4.03638269349069,4.60097800714767,4.97394738702911
"dfm_4a","estendido","sa","principal","2021Q3","vespera",3.20564280787109,3.52046097934758,4.03713523274596,4.55443405335531,4.89322240062159
"dfm_4a","estendido","sa","principal","2021Q4","m1",-1.58605293472606,-0.740621405495844,0.584143012561578,1.87918534548428,2.74786273620837
"dfm_4a","estendido","sa","principal","2021Q4","m2",-0.636847154867402,-0.103529344038347,0.691287494348358,1.49293393767995,1.97287559174742
"dfm_4a","estendido","sa","principal","2021Q4","m3",0.0956430819449872,0.451541240760263,0.997053120360569,1.5487748763864,1.92544150582444
"dfm_4a","estendido","sa","principal","2021Q4","vespera",0.598282457890791,0.923721650023629,1.43432096871331,1.94532504817882,2.2530343736983
"dfm_4a","estendido","sa","principal","2022Q1","m1",-1.88515016255981,-1.0170369916577,0.274839422174133,1.5225885168558,2.33612464321394
"dfm_4a","estendido","sa","principal","2022Q1","m2",-0.838974126303659,-0.30166821954457,0.484919302395426,1.28973365636099,1.81376265991788
"dfm_4a","estendido","sa","principal","2022Q1","m3",0.234228151721061,0.563359915955392,1.12082230397126,1.67591235892907,2.0638312728826
"dfm_4a","estendido","sa","principal","2022Q1","vespera",0.456840926539165,0.796906757557929,1.27775699229408,1.78156554101509,2.09600716629425
"dfm_4a","estendido","sa","principal","2022Q2","m1",-0.241890920284867,0.563903659325413,1.81038397184267,3.09931448386104,3.90714406905018
"dfm_4a","estendido","sa","principal","2022Q2","m2",0.152728622227448,0.661138057278629,1.45342551627533,2.26901095862274,2.82365227599202
"dfm_4a","estendido","sa","principal","2022Q2","m3",1.23967473883034,1.59100380887598,2.12746507244326,2.67405808893763,3.02434311781496
"dfm_4a","estendido","sa","principal","2022Q2","vespera",1.12402883574536,1.43790732849676,1.89827051771838,2.38249489927217,2.70564705638883
"dfm_4a","estendido","sa","principal","2022Q3","m1",-0.268434652441028,0.510560936603362,1.756640574046,2.96460361993309,3.75458565457033
"dfm_4a","estendido","sa","principal","2022Q3","m2",1.61536853803713,2.13442064166859,2.94199473704558,3.74319896760825,4.24774336084487
"dfm_4a","estendido","sa","principal","2022Q3","m3",3.6215105104635,4.0008241592231,4.5821442873916,5.15716895193277,5.52711097986624
"dfm_4a","estendido","sa","principal","2022Q3","vespera",3.4418910136391,3.75838406694554,4.29141291899091,4.81118397508334,5.13347852780975
"dfm_4a","estendido","sa","principal","2022Q4","m1",1.43574234197305,2.36145728305447,3.65635313412186,4.94301156996987,5.86226684862296
"dfm_4a","estendido","sa","principal","2022Q4","m2",1.94386458782142,2.47252120303387,3.28113267144254,4.08434276829827,4.6453092717229
"dfm_4a","estendido","sa","principal","2022Q4","m3",2.92426362404478,3.29731822905831,3.85794837417407,4.41557686962066,4.75113440117111
"dfm_4a","estendido","sa","principal","2022Q4","vespera",3.1474106294112,3.46405291935603,3.9486484722552,4.47051319816491,4.78534541716391
"dfm_4a","estendido","sa","principal","2023Q1","m1",0.938207454463865,1.78154673048622,3.04134935768956,4.29859221473769,5.11059647085732
"dfm_4a","estendido","sa","principal","2023Q1","m2",1.62943340086162,2.17448454305822,2.98660904997067,3.79011172482065,4.34101623602955
"dfm_4a","estendido","sa","principal","2023Q1","m3",1.7458953444574,2.19418546484547,2.88442797321152,3.55045528149507,4.00413254489818
"dfm_4a","estendido","sa","principal","2023Q1","vespera",2.00490385578767,2.41435941153232,3.0463717589035,3.7063297069402,4.11545640256403
"dfm_4a","estendido","sa","principal","2023Q2","m1",-0.614971277326138,0.14981616210879,1.38000288671646,2.61275229675991,3.48526869185972
"dfm_4a","estendido","sa","principal","2023Q2","m2",-0.162943934699377,0.369628229206917,1.25735095628864,2.12692750050328,2.6888550011318
"dfm_4a","estendido","sa","principal","2023Q2","m3",1.66955316885206,2.15038331013069,2.93401632600154,3.6754625468263,4.19172688273405
"dfm_4a","estendido","sa","principal","2023Q2","vespera",1.6517806369229,2.13880529454325,2.8746402761943,3.59989154509148,4.03481501848624
"dfm_4a","estendido","sa","principal","2023Q3","m1",0.19423089400305,1.00273330740108,2.29559238493507,3.59739754345491,4.41121530599304
"dfm_4a","estendido","sa","principal","2023Q3","m2",0.780367233365284,1.3755112885108,2.31347039993421,3.27853787194497,3.82411967846897
"dfm_4a","estendido","sa","principal","2023Q3","m3",1.66912961947948,2.10315178948581,2.81156753746273,3.51167695128417,4.00241894271071
"dfm_4a","estendido","sa","principal","2023Q3","vespera",1.9368384247668,2.3551313163885,3.03787279114496,3.74118175268085,4.19333939549353
"dfm_4a","estendido","sa","principal","2023Q4","m1",1.13427137178115,1.99923187549653,3.29128088258656,4.57674958848441,5.4584708743795
"dfm_4a","estendido","sa","principal","2023Q4","m2",2.70635527001679,3.28295802980499,4.18841010280828,5.1262302652466,5.67418157511953
"dfm_4a","estendido","sa","principal","2023Q4","m3",1.93392433683352,2.41405202052346,3.17079062735317,3.92341568887765,4.40477384120169
"dfm_4a","estendido","sa","principal","2023Q4","vespera",2.05551508779754,2.52700478359819,3.26765331085656,3.99128140975094,4.46552807030153
"dfm_4a","estendido","sa","principal","2024Q1","m1",-0.0572346765426495,0.801712687202261,2.06377329458193,3.42405547363294,4.25946132326004
"dfm_4a","estendido","sa","principal","2024Q1","m2",-0.232566380689945,0.344214087984275,1.2700436133478,2.19029401189423,2.81794574848069
"dfm_4a","estendido","sa","principal","2024Q1","m3",-0.407050588062319,0.110988973844756,0.84832158142536,1.61073720739265,2.08005915898282
"dfm_4a","estendido","sa","principal","2024Q1","vespera",-0.0971964835594419,0.384321103330738,1.06631221907797,1.81168504183531,2.28689463992588
"dfm_4a","estendido","sa","principal","2024Q2","m1",-1.11975504885669,-0.35150289469524,0.917702172093038,2.20870027633884,3.04419527938539
"dfm_4a","estendido","sa","principal","2024Q2","m2",-0.355622561334911,0.243632610338227,1.16145620867879,2.10453544920496,2.70564917846499
"dfm_4a","estendido","sa","principal","2024Q2","m3",0.883908095584433,1.3261848366982,2.03505727513996,2.74716491105551,3.15611638036902
"dfm_4a","estendido","sa","principal","2024Q2","vespera",1.39446459497014,1.82690489366337,2.46329744282828,3.12099817185299,3.59018051325968
"dfm_4a","estendido","sa","principal","2024Q3","m1",0.693943468778421,1.49581649696585,2.70738313015835,3.98500812896639,4.83428983677331
"dfm_4a","estendido","sa","principal","2024Q3","m2",1.47968924671783,2.00340799353105,2.8784035131471,3.75464878324955,4.30229671136123
"dfm_4a","estendido","sa","principal","2024Q3","m3",2.82276479011634,3.2769560974064,3.97393294432611,4.67739898505577,5.13388432126831
"dfm_4a","estendido","sa","principal","2024Q3","vespera",3.01532257875069,3.45979956705555,4.09311612245961,4.73715941755175,5.16443976094742
"dfm_4a","estendido","sa","principal","2024Q4","m1",2.02006386915881,2.85842043378001,4.15562476025756,5.46675919042837,6.30827948898797
"dfm_4a","estendido","sa","principal","2024Q4","m2",2.7851324029881,3.37090562159352,4.2370848735973,5.13595998667411,5.71849470677618
"dfm_4a","estendido","sa","principal","2024Q4","m3",3.40845308521313,3.84891638056113,4.53175453670448,5.22020721376908,5.68836025787514
"dfm_4a","estendido","sa","principal","2024Q4","vespera",3.28788057197026,3.6925981066516,4.3534492808972,4.97124372692195,5.42898682986841
"dfm_4a","estendido","sa","principal","2025Q1","m1",0.0723814062377704,0.858999557484418,2.12126425011187,3.36065656286817,4.23270351606802
"dfm_4a","estendido","sa","principal","2025Q1","m2",1.28358089214377,1.8780410055084,2.75259348142616,3.62545724317043,4.19430488039918
"dfm_4a","estendido","sa","principal","2025Q1","m3",1.15004493958777,1.57637579064981,2.25044621793939,2.9019427868085,3.37221707489351
"dfm_4a","estendido","sa","principal","2025Q1","vespera",1.16234324780889,1.5653679411849,2.19267513340221,2.83094900267523,3.24606786537017
"dfm_4a","estendido","sa","principal","2025Q2","m1",-1.09778819338748,-0.310392275830891,0.871648800976044,2.06371426377284,2.83962458798052
"dfm_4a","estendido","sa","principal","2025Q2","m2",1.33752795061749,1.90222795480509,2.77243571559119,3.66261136318686,4.22644466501488
"dfm_4a","estendido","sa","principal","2025Q2","m3",1.44508044299973,1.9064614054724,2.57884184343465,3.26501353194605,3.71084765964291
"dfm_4a","estendido","sa","principal","2025Q2","vespera",1.37042313017863,1.79556499714523,2.42235597655311,3.06364334358056,3.4777082718798
"dfm_4a","estendido","sa","principal","2025Q3","m1",-0.345651788668663,0.441044132424862,1.67607964384477,2.91034659338838,3.7134240097204
"dfm_4a","estendido","sa","principal","2025Q3","m2",0.488777143011987,1.03352615826896,1.89417119114181,2.758248129665,3.37357484696964
"dfm_4a","estendido","sa","principal","2025Q3","m3",1.19145364275736,1.57553526394749,2.12259917204869,2.71496272016755,3.06831388641202
"dfm_4a","estendido","sa","principal","2025Q3","vespera",1.33703624154179,1.67049113064633,2.19098107618422,2.6974908954814,3.02863672550581
"dfm_4a","estendido","sa","principal","2025Q4","m1",0.0827599393821865,0.870832357525373,2.08265904836856,3.28052417155212,4.07255229926289
"dfm_4a","estendido","sa","principal","2025Q4","m2",1.2474512742093,1.72897002906216,2.51007633424155,3.31196531769457,3.81009216826281
"dfm_4a","estendido","sa","principal","2025Q4","m3",1.35271456902486,1.78340599280291,2.42330812146022,3.10163241327669,3.52553107423084
"dfm_4a","estendido","sa","principal","2025Q4","vespera",1.12946194969164,1.52672699244102,2.15882165940169,2.798846910726,3.1822817175506
"dfm_4a","estendido","sa","principal","2026Q1","m1",-0.160768141607441,0.669705236910302,1.83586030401764,3.09669693133675,3.89723864781102
"dfm_4a","estendido","sa","principal","2026Q1","m2",0.254530470199045,0.833215368954269,1.64993464293809,2.52993719021924,3.09751474420981
"dfm_4a","estendido","sa","principal","2026Q1","m3",0.569597821111836,0.912883037925868,1.44259455909013,1.98324605080617,2.34955330623963
"dfm_4a","estendido","sa","principal","2026Q1","vespera",1.09584653726554,1.39773225040301,1.88937265484334,2.36379710004677,2.67511661020673
"dfm_4a","estendido","sa","principal","2026Q2","m1",-0.0707045753288548,0.716223799888362,1.85968517652951,3.08977592372234,3.899122658119
"dfm_4a","estendido","sa","principal","2026Q2","m2",0.854148827971357,1.32663064562824,2.10571504155472,2.90106561610297,3.39938257053434
"dfm_4a","estendido","sa","principal","2026Q2","m3",1.14518827849456,1.48204029467735,2.01614243746122,2.56879084416868,2.90016138088381
"dfm_4a","estendido","sa","principal","2026Q2","vespera",1.05043312105359,1.34842653388715,1.84636570732366,2.30718039497529,2.62468928648797
"dfm_4b","core","sa","principal","2019Q1","m1",1.26403310287245,1.88132221479652,2.8559210272763,3.82620493830258,4.44556481365124
"dfm_4b","core","sa","principal","2019Q1","m2",0.505876541431838,1.03352766439856,1.86359730311949,2.72227300164029,3.26003972029432
"dfm_4b","core","sa","principal","2019Q1","m3",1.04550614385476,1.49605440871603,2.15678909004093,2.81026951833178,3.24359107271344
"dfm_4b","core","sa","principal","2019Q1","vespera",0.235971979008855,0.61463632147774,1.16280558061901,1.73117168427596,2.08067993437024
"dfm_4b","core","sa","principal","2019Q2","m1",0.299375713786455,0.856443252488908,1.74522628134257,2.58283972012141,3.17365098271165
"dfm_4b","core","sa","principal","2019Q2","m2",-1.98438326169218,-1.49504315967787,-0.752816517845595,-0.0147551270002209,0.500805508766141
"dfm_4b","core","sa","principal","2019Q2","m3",-1.17415413457349,-0.803531174892783,-0.242892490459956,0.334991800626215,0.686999459020377
"dfm_4b","core","sa","principal","2019Q2","vespera",-0.581641423515022,-0.300915101028576,0.12139540270556,0.545895047692868,0.829694096537431
"dfm_4b","core","sa","principal","2019Q3","m1",-1.63830337623811,-1.02803989007311,-0.097535024234402,0.858712708902628,1.55428489283084
"dfm_4b","core","sa","principal","2019Q3","m2",-0.593011257553032,-0.0236013381443785,0.828624121407529,1.72057873758966,2.29673582229116
"dfm_4b","core","sa","principal","2019Q3","m3",-0.0522876090468199,0.400119920815691,1.09226021750687,1.78151184342707,2.2475709165315
"dfm_4b","core","sa","principal","2019Q3","vespera",0.441075440156286,0.785217621583995,1.30651700706397,1.83123358778774,2.20730859387004
"dfm_4b","core","sa","principal","2019Q4","m1",-0.057780703093061,0.59293608213788,1.62455949030953,2.65947048527202,3.30725802471917
"dfm_4b","core","sa","principal","2019Q4","m2",0.109459266875031,0.714862678052926,1.60321144225832,2.54057817615887,3.17428523259615
"dfm_4b","core","sa","principal","2019Q4","m3",0.997602252505166,1.41523169396907,2.06044997757563,2.73526813252229,3.22031877393578
"dfm_4b","core","sa","principal","2019Q4","vespera",0.695942421599552,0.983317047086741,1.47521299432325,1.94250129392815,2.26544987694505
"dfm_4b","core","sa","principal","2020Q1","m1",1.47462825095836,2.08203718540371,2.99898430835775,3.9478392025389,4.56221893100261
"dfm_4b","core","sa","principal","2020Q1","m2",0.830248282852714,1.325354738219,2.12622230632603,2.93923394256255,3.50790917208188
"dfm_4b","core","sa","principal","2020Q1","m3",1.19479447411278,1.58257734386077,2.12081805734243,2.70961435111081,3.08686051725346
"dfm_4b","core","sa","principal","2020Q1","vespera",-0.417732597330703,-0.162083961011512,0.200546125713963,0.578276732523623,0.817871912745387
"dfm_4b","core","sa","principal","2020Q2","m1",-3.37169830961592,-2.69466169161897,-1.59240241707144,-0.501408212799227,0.219258711914185
"dfm_4b","core","sa","principal","2020Q2","m2",-11.6907841862271,-11.1748764327103,-10.2946636236432,-9.45579462759523,-8.85622067528921
"dfm_4b","core","sa","principal","2020Q2","m3",-13.9194311822441,-13.5867896941155,-13.0322733715812,-12.4781757786448,-12.0909099403092
"dfm_4b","core","sa","principal","2020Q2","vespera",-9.52822966429136,-9.33484328924626,-9.02707937021045,-8.72375349901004,-8.5301840594057
"dfm_4b","core","sa","principal","2020Q3","m1",-12.1992857887788,-11.4827975321671,-10.3795898753325,-9.27516924630678,-8.59653481188146
"dfm_4b","core","sa","principal","2020Q3","m2",-3.87164083043334,-3.28053232007589,-2.39283019858555,-1.51026795777628,-0.870801716243548
"dfm_4b","core","sa","principal","2020Q3","m3",-5.06068935808481,-4.67848499796536,-4.08781800508682,-3.47658092840508,-3.11508628708472
"dfm_4b","core","sa","principal","2020Q3","vespera",-5.47834686925426,-5.22779583314794,-4.83438814195476,-4.42024146104908,-4.15459438896102
"dfm_4b","core","sa","principal","2020Q4","m1",-5.38276120521955,-4.43494302665155,-3.07343305959938,-1.61706928882311,-0.637661846128408
"dfm_4b","core","sa","principal","2020Q4","m2",-4.06259191141255,-3.39406207707391,-2.27873886785197,-1.13886519269478,-0.422717158806225
"dfm_4b","core","sa","principal","2020Q4","m3",-1.7431414983782,-1.23042895391928,-0.443122311210259,0.355298236814883,0.836624041827928
"dfm_4b","core","sa","principal","2020Q4","vespera",-1.61378135626976,-1.24230759040556,-0.577065458333431,0.0430656897043402,0.455645604727331
"dfm_4b","core","sa","principal","2021Q1","m1",-3.23273072938415,-2.2683103044504,-0.846134354216033,0.665192650042353,1.7169802742453
"dfm_4b","core","sa","principal","2021Q1","m2",-2.53745722698625,-1.86388083262063,-0.803913176339466,0.327306288111839,1.02643110217543
"dfm_4b","core","sa","principal","2021Q1","m3",-1.44523354259547,-0.904194056057759,-0.125593049276429,0.703917206848829,1.19771932732838
"dfm_4b","core","sa","principal","2021Q1","vespera",-1.50569978195046,-1.00952851333076,-0.319880897292135,0.39486845628003,0.874696771289631
"dfm_4b","core","sa","principal","2021Q2","m1",9.01135378062608,10.1008674015953,11.7844704144326,13.5284676021282,14.6462775491839
"dfm_4b","core","sa","principal","2021Q2","m2",8.55105433007013,9.31672471581246,10.5171497125195,11.6396582519826,12.4266436065123
"dfm_4b","core","sa","principal","2021Q2","m3",13.2309966465207,13.7752126517124,14.6215794441443,15.4651343844874,16.027281630155
"dfm_4b","core","sa","principal","2021Q2","vespera",12.8626186977791,13.3168115842947,13.9906888962714,14.6664686873816,15.1031812046918
"dfm_4b","core","sa","principal","2021Q3","m1",5.01420670072233,6.1471784027282,7.87326791856513,9.62907374429854,10.7878892602835
"dfm_4b","core","sa","principal","2021Q3","m2",4.75959606371207,5.52314663056827,6.75519076437537,7.97782971329179,8.78411364473444
"dfm_4b","core","sa","principal","2021Q3","m3",3.08467024501867,3.55775991852563,4.27377520748823,4.99439072540083,5.51929613269264
"dfm_4b","core","sa","principal","2021Q3","vespera",3.48445677764095,3.7193955100175,4.1071753489949,4.50143355737154,4.75348399091083
"dfm_4b","core","sa","principal","2021Q4","m1",-2.12778322702557,-1.26543658399814,0.141794130083961,1.6096540805389,2.54790765709734
"dfm_4b","core","sa","principal","2021Q4","m2",-0.857393819783703,-0.202761175937949,0.830065908332578,1.87915350776486,2.57026724321695
"dfm_4b","core","sa","principal","2021Q4","m3",-0.499446624600929,-0.0256937425828427,0.711420808891405,1.45730596500565,1.93275297186588
"dfm_4b","core","sa","principal","2021Q4","vespera",0.239308540000675,0.628404097195249,1.25172900723854,1.87991940469395,2.2796096228354
"dfm_4b","core","sa","principal","2022Q1","m1",-2.2616817194836,-1.40030683792665,0.0113793744858981,1.4125191890679,2.28988295487874
"dfm_4b","core","sa","principal","2022Q1","m2",-0.498746844330274,0.205364199499059,1.29052689203536,2.31906287909389,2.98366861346042
"dfm_4b","core","sa","principal","2022Q1","m3",-0.022604469824935,0.449867413618611,1.160729648829,1.90949652657567,2.38473394763725
"dfm_4b","core","sa","principal","2022Q1","vespera",0.619101874407291,1.01702684968679,1.60225863453787,2.20348778569205,2.61057411909561
"dfm_4b","core","sa","principal","2022Q2","m1",-0.847601108363031,0.0390480808862917,1.4700068750563,2.86381611796554,3.78724982083686
"dfm_4b","core","sa","principal","2022Q2","m2",0.361054729132569,1.0689463788215,2.09492414825554,3.15139960028763,3.85472541629412
"dfm_4b","core","sa","principal","2022Q2","m3",1.38331067516655,1.88852828764435,2.58628289093082,3.3133020209728,3.81212174833645
"dfm_4b","core","sa","principal","2022Q2","vespera",1.19864788616791,1.54582108574681,2.0913092159892,2.65281856269643,3.01636055541219
"dfm_4b","core","sa","principal","2022Q3","m1",0.195767321454727,0.994057326011686,2.42137443035348,3.75547262696868,4.70520450653776
"dfm_4b","core","sa","principal","2022Q3","m2",1.14436208310207,1.77272990811707,2.76173474733425,3.74674262332946,4.40016101560415
"dfm_4b","core","sa","principal","2022Q3","m3",3.25485222231366,3.72637217158544,4.43214998233986,5.13728605617148,5.62621042580186
"dfm_4b","core","sa","principal","2022Q3","vespera",3.15048694439284,3.50859460659956,4.09326272192655,4.70186075908824,5.06243447385544
"dfm_4b","core","sa","principal","2022Q4","m1",1.67969518476597,2.63163362189519,4.08694735684991,5.45347045833688,6.37228557389905
"dfm_4b","core","sa","principal","2022Q4","m2",1.56058869451867,2.16506056404845,3.22570875478719,4.26092558386034,4.9218542955107
"dfm_4b","core","sa","principal","2022Q4","m3",2.37646770809468,2.85970383250386,3.61573802958343,4.36100578908718,4.86314447833186
"dfm_4b","core","sa","principal","2022Q4","vespera",2.62895077363747,3.06225719892708,3.72612151901083,4.35580533484045,4.78112667371127
"dfm_4b","core","sa","principal","2023Q1","m1",0.438654570821495,1.31537117410053,2.71488122213585,4.14528113534611,5.17946861499094
"dfm_4b","core","sa","principal","2023Q1","m2",0.741113959257491,1.44201382541816,2.46623233703837,3.55214512322763,4.23624626025049
"dfm_4b","core","sa","principal","2023Q1","m3",1.3099589780911,1.77199044284835,2.50331391067155,3.23441373326964,3.71025797117819
"dfm_4b","core","sa","principal","2023Q1","vespera",2.34632807039679,2.72019839756324,3.30638294912863,3.87897437942221,4.28259884649761
"dfm_4b","core","sa","principal","2023Q2","m1",-0.499845473609891,0.388164237288949,1.7163095044614,3.08674933915212,3.9716272737211
"dfm_4b","core","sa","principal","2023Q2","m2",0.68584359136571,1.34957728832528,2.36449135049703,3.38787537635485,4.08818379175644
"dfm_4b","core","sa","principal","2023Q2","m3",1.40861800592336,1.9268700039338,2.76671881263966,3.56737220616673,4.11104175749431
"dfm_4b","core","sa","principal","2023Q2","vespera",1.70901390802683,2.17473249013497,2.89106401791376,3.586513465254,4.05408775547753
"dfm_4b","core","sa","principal","2023Q3","m1",-0.46093873755548,0.468860715311414,1.84973183456691,3.2152538739707,4.07038819117832
"dfm_4b","core","sa","principal","2023Q3","m2",1.22723346989382,1.95759988595974,2.96786638377746,4.06857354221241,4.81448622998625
"dfm_4b","core","sa","principal","2023Q3","m3",1.27656104661454,1.80954101713089,2.65833121868927,3.50912613346132,4.08170446913359
"dfm_4b","core","sa","principal","2023Q3","vespera",1.593753886637,2.07284976587909,2.87496188988784,3.66709105564184,4.17090334751862
"dfm_4b","core","sa","principal","2023Q4","m1",1.03277724211012,1.93471730760468,3.36095239795177,4.74313091297861,5.72528997694523
"dfm_4b","core","sa","principal","2023Q4","m2",2.29197684918963,2.97341463954645,4.03574133529095,5.09174505895653,5.81544966337551
"dfm_4b","core","sa","principal","2023Q4","m3",1.52482024009192,2.08878114828257,2.91122118099898,3.73678879825274,4.25986187314196
"dfm_4b","core","sa","principal","2023Q4","vespera",1.9279989546562,2.41012649254841,3.11757047832107,3.84455072678665,4.30750183271442
"dfm_4b","core","sa","principal","2024Q1","m1",-0.343407587185451,0.483352677898219,1.82521516687875,3.26297398805051,4.14639985244207
"dfm_4b","core","sa","principal","2024Q1","m2",-1.01096308518982,-0.307514408222569,0.782447966501798,1.89512068708962,2.6117610411733
"dfm_4b","core","sa","principal","2024Q1","m3",-0.359595139037478,0.182694011553307,1.03386319735654,1.91888333864119,2.52228406986094
"dfm_4b","core","sa","principal","2024Q1","vespera",-0.158994591791735,0.347743771429697,1.15077464889558,1.95336189142825,2.46328168258999
"dfm_4b","core","sa","principal","2024Q2","m1",-0.549505459018719,0.343947321495915,1.66336210689713,3.00694132696166,3.93905177416024
"dfm_4b","core","sa","principal","2024Q2","m2",-0.119142184215169,0.562111063590439,1.63199395770514,2.71364952608284,3.48624188360387
"dfm_4b","core","sa","principal","2024Q2","m3",0.717776455813737,1.24394445865717,2.10439938033752,2.97336456186481,3.53587829901041
"dfm_4b","core","sa","principal","2024Q2","vespera",1.19974534630734,1.69789549880563,2.47423665858585,3.24542020580654,3.7238092815776
"dfm_4b","core","sa","principal","2024Q3","m1",0.563400852387943,1.38910325086022,2.80331997901657,4.18311253807289,5.04162426421239
"dfm_4b","core","sa","principal","2024Q3","m2",1.56495807320674,2.27839592568219,3.29784937547917,4.35070144545872,5.05301867082035
"dfm_4b","core","sa","principal","2024Q3","m3",2.76473005438162,3.29614392746579,4.11810456969192,4.93071414689878,5.51043019704983
"dfm_4b","core","sa","principal","2024Q3","vespera",2.86437955234995,3.3268175372522,4.05660346832549,4.78764517781964,5.23276459779365
"dfm_4b","core","sa","principal","2024Q4","m1",2.22791368305866,3.05227132432933,4.36226498157778,5.72856050627489,6.7140809405789
"dfm_4b","core","sa","principal","2024Q4","m2",3.01398376810093,3.71006198505202,4.72274503795677,5.77867598566232,6.39471427373573
"dfm_4b","core","sa","principal","2024Q4","m3",3.44209940918227,3.99110108985296,4.80058429868566,5.61697510286258,6.14326695718553
"dfm_4b","core","sa","principal","2024Q4","vespera",3.09190968092795,3.5292439044119,4.22511621943847,4.94584849740375,5.40551781423775
"dfm_4b","core","sa","principal","2025Q1","m1",-0.0626507092700856,0.756830583720978,2.06230701890628,3.42579437912776,4.31534551870695
"dfm_4b","core","sa","principal","2025Q1","m2",0.501354845205023,1.15854867822449,2.20577148924584,3.29109124869473,3.9788408489664
"dfm_4b","core","sa","principal","2025Q1","m3",0.906543104763289,1.43707679430817,2.21500813025544,3.01824918125985,3.58722312069907
"dfm_4b","core","sa","principal","2025Q1","vespera",1.08389479136695,1.57314002920707,2.2815755934369,2.94343132047518,3.40369596532992
"dfm_4b","core","sa","principal","2025Q2","m1",-0.998472245364143,-0.108904594358084,1.14534061362006,2.4602412469958,3.34165358346191
"dfm_4b","core","sa","principal","2025Q2","m2",1.22599061968015,1.88364403177341,2.89706576497379,3.86977487884915,4.50750751908494
"dfm_4b","core","sa","principal","2025Q2","m3",1.52291968694874,2.01643776288207,2.82052318663283,3.59371989038648,4.14893923178424
"dfm_4b","core","sa","principal","2025Q2","vespera",1.17619164184687,1.69302222554735,2.38876589720842,3.09892623462835,3.53883452807883
"dfm_4b","core","sa","principal","2025Q3","m1",0.0717697930687289,0.853791454205683,2.14777129386766,3.50972093001993,4.39374415777141
"dfm_4b","core","sa","principal","2025Q3","m2",0.628221882592818,1.27972498923856,2.33325875904936,3.38535141663829,4.07179217392354
"dfm_4b","core","sa","principal","2025Q3","m3",0.636559306535068,1.16660946248347,1.97433476718142,2.81443649229262,3.33844696952608
"dfm_4b","core","sa","principal","2025Q3","vespera",0.957721721358987,1.41222103436224,2.15747754944309,2.8629736165423,3.3431400908023
"dfm_4b","core","sa","principal","2025Q4","m1",0.0946371381597189,0.934025599887173,2.26082967393176,3.58643363349849,4.43504294041463
"dfm_4b","core","sa","principal","2025Q4","m2",0.892042994045478,1.54416473613474,2.53935168147628,3.51321801964159,4.18137485719749
"dfm_4b","core","sa","principal","2025Q4","m3",1.33600713041013,1.8305812468133,2.54227072074108,3.29691917926395,3.78168573139958
"dfm_4b","core","sa","principal","2025Q4","vespera",1.28537597014287,1.7065488638429,2.33227456435544,2.94636534901114,3.36328920450262
"dfm_4b","core","sa","principal","2026Q1","m1",0.182698809565376,1.02407597456763,2.3436458254409,3.68507441881583,4.55229706443551
"dfm_4b","core","sa","principal","2026Q1","m2",-0.0213573822744939,0.623579960499034,1.65436207072868,2.70997659111728,3.4136707737248
"dfm_4b","core","sa","principal","2026Q1","m3",0.243863410822425,0.731629106243088,1.47053014269403,2.2196223763344,2.70006574123589
"dfm_4b","core","sa","principal","2026Q1","vespera",0.882558994873809,1.31122223839584,1.9647330306181,2.63696255678765,3.0828446416117
"dfm_4b","core","sa","principal","2026Q2","m1",1.15592824446293,1.98867920623421,3.3299971735525,4.61620335511126,5.43765244871049
"dfm_4b","core","sa","principal","2026Q2","m2",0.789231329660542,1.3922250367665,2.32780333821739,3.2785102822354,3.86684569637859
"dfm_4b","core","sa","principal","2026Q2","m3",1.19000222574161,1.61849079279704,2.3016694073218,2.99990834653576,3.48433493736963
"dfm_4b","core","sa","principal","2026Q2","vespera",1.01952297005874,1.41668461285118,1.98451958142333,2.56456215020505,2.93468078807927
"dfm_4b","estendido","sa","principal","2019Q1","m1",1.9530623290355,2.51392575205232,3.38846436835669,4.27762941414518,4.81735254794293
"dfm_4b","estendido","sa","principal","2019Q1","m2",0.818816834172583,1.25844655073348,1.98924001200567,2.69554000071035,3.15902710106752
"dfm_4b","estendido","sa","principal","2019Q1","m3",1.05282691502679,1.43217869460689,2.06329697700002,2.66412088501703,3.07941006169181
"dfm_4b","estendido","sa","principal","2019Q1","vespera",0.439685182852764,0.838046688993188,1.46070518734732,2.0493089993432,2.43583690645899
"dfm_4b","estendido","sa","principal","2019Q2","m1",0.310725555327378,0.778920962204146,1.52308300977052,2.3097989173121,2.81302097374962
"dfm_4b","estendido","sa","principal","2019Q2","m2",-2.22031056520465,-1.82410467228522,-1.24937439035096,-0.64248660954505,-0.257582476077656
"dfm_4b","estendido","sa","principal","2019Q2","m3",-1.31425285757532,-1.00876815278896,-0.517326304024829,-0.0239464822586016,0.321299559598191
"dfm_4b","estendido","sa","principal","2019Q2","vespera",-1.07734219270777,-0.763625397449012,-0.305553996123603,0.14486144834551,0.454679948062944
"dfm_4b","estendido","sa","principal","2019Q3","m1",-1.70289664605059,-1.2343152594799,-0.467906726885253,0.343370551134553,0.832757652554281
"dfm_4b","estendido","sa","principal","2019Q3","m2",0.16631113902662,0.620340898444049,1.29413868479834,1.9874639975176,2.39557879165537
"dfm_4b","estendido","sa","principal","2019Q3","m3",0.306552499674309,0.70857866303984,1.32859911256296,2.00309757751163,2.43948183146765
"dfm_4b","estendido","sa","principal","2019Q3","vespera",0.342653698618308,0.737464507100663,1.34407341094497,1.95040411130119,2.36913911004724
"dfm_4b","estendido","sa","principal","2019Q4","m1",0.293005125918034,0.819756669393106,1.61931381396835,2.40722124080616,2.9186409410917
"dfm_4b","estendido","sa","principal","2019Q4","m2",0.537782117534482,1.00531376693647,1.71041199838401,2.40627805575682,2.8425317154295
"dfm_4b","estendido","sa","principal","2019Q4","m3",0.512993034779322,0.908122077870548,1.52377888142244,2.1437517752889,2.53932694904727
"dfm_4b","estendido","sa","principal","2019Q4","vespera",0.242105247390874,0.633944091971618,1.21891049529597,1.79105011742138,2.16874646465651
"dfm_4b","estendido","sa","principal","2020Q1","m1",0.335478035012137,0.826239445282386,1.60026648855044,2.33566500988145,2.80275634748614
"dfm_4b","estendido","sa","principal","2020Q1","m2",0.523805817938701,0.914068309161533,1.54345414463919,2.16791873201482,2.59249445544347
"dfm_4b","estendido","sa","principal","2020Q1","m3",1.37296536972691,1.73695527187888,2.26844433758771,2.78826737232111,3.14109927381398
"dfm_4b","estendido","sa","principal","2020Q1","vespera",0.177374643863842,0.512471767163744,1.00092958939856,1.4842005426315,1.81354574886438
"dfm_4b","estendido","sa","principal","2020Q2","m1",-1.00153630246741,-0.475280943438897,0.278198238811067,1.06334561548404,1.55582202650904
"dfm_4b","estendido","sa","principal","2020Q2","m2",-10.9149544359465,-10.5744581153258,-10.0298059419749,-9.50215959265562,-9.14023141390017
"dfm_4b","estendido","sa","principal","2020Q2","m3",-8.25967711118363,-7.97495557535198,-7.50375361931933,-7.04637366958679,-6.71451734131975
"dfm_4b","estendido","sa","principal","2020Q2","vespera",-7.11275216126865,-6.83757309236426,-6.39717625913356,-5.96215065996657,-5.65299410208762
"dfm_4b","estendido","sa","principal","2020Q3","m1",-4.9670579136795,-4.32267805965531,-3.37607039189741,-2.38012939438408,-1.75492882260274
"dfm_4b","estendido","sa","principal","2020Q3","m2",-3.72021795839717,-3.24796572310782,-2.53960665552644,-1.82189903851231,-1.36715928073899
"dfm_4b","estendido","sa","principal","2020Q3","m3",-8.73484458498712,-8.38380575974494,-7.8584991180716,-7.33425219839439,-6.98560282293571
"dfm_4b","estendido","sa","principal","2020Q3","vespera",-8.77574488109236,-8.44543440493815,-7.9651552828226,-7.48571876910777,-7.16699349209678
"dfm_4b","estendido","sa","principal","2020Q4","m1",-8.86511311133253,-8.01283822155986,-6.7070500218791,-5.30513238566376,-4.45748948536166
"dfm_4b","estendido","sa","principal","2020Q4","m2",-7.95344321803712,-7.37998369206777,-6.48456315579481,-5.57184047591887,-4.99201060027472
"dfm_4b","estendido","sa","principal","2020Q4","m3",-2.24257068425459,-1.83720399663485,-1.16229702578088,-0.484050736455587,-0.0210399773476872
"dfm_4b","estendido","sa","principal","2020Q4","vespera",-2.77909602463388,-2.39896882228977,-1.7698920939557,-1.15616519600998,-0.773024177695994
"dfm_4b","estendido","sa","principal","2021Q1","m1",-4.00469016155234,-3.06364240254281,-1.61242860256279,-0.164251063945863,0.813751800391717
"dfm_4b","estendido","sa","principal","2021Q1","m2",-2.01610823670081,-1.44164081546458,-0.495236031065116,0.483628758497314,1.17039246209341
"dfm_4b","estendido","sa","principal","2021Q1","m3",-2.00427940544046,-1.56750921138134,-0.877323546399261,-0.190080934029712,0.254142891350142
"dfm_4b","estendido","sa","principal","2021Q1","vespera",-1.1027448935363,-0.689034056277504,-0.048089648559263,0.577951335298555,1.02723187578049
"dfm_4b","estendido","sa","principal","2021Q2","m1",8.46659051437737,9.52240722370436,11.1318077157109,12.7596988539421,13.8189949066784
"dfm_4b","estendido","sa","principal","2021Q2","m2",8.97671581676071,9.76310506141821,10.8542017994635,11.9545469124856,12.7074787693632
"dfm_4b","estendido","sa","principal","2021Q2","m3",12.4495256553541,12.9909526602119,13.7787391159704,14.5654194815155,15.1074966206393
"dfm_4b","estendido","sa","principal","2021Q2","vespera",12.1278405836595,12.6135406584725,13.3102576521382,14.0452660238198,14.5319313282072
"dfm_4b","estendido","sa","principal","2021Q3","m1",3.18199412819671,4.20658279928073,5.7656545685665,7.31612174266523,8.28408741402375
"dfm_4b","estendido","sa","principal","2021Q3","m2",3.05935192143884,3.74062978960827,4.6968880035941,5.66448810130834,6.30481897777314
"dfm_4b","estendido","sa","principal","2021Q3","m3",2.42324434094132,2.84954223242878,3.48519089990691,4.12543939478308,4.55411808163886
"dfm_4b","estendido","sa","principal","2021Q3","vespera",2.7368239862286,3.0923128889631,3.65455794368357,4.20346098590256,4.57656627518038
"dfm_4b","estendido","sa","principal","2021Q4","m1",-2.94518274366367,-2.04928321723966,-0.625598868417876,0.769383152958493,1.77986453771808
"dfm_4b","estendido","sa","principal","2021Q4","m2",-1.7553297322398,-1.12055312628911,-0.202769233115979,0.755819592734918,1.39709268089116
"dfm_4b","estendido","sa","principal","2021Q4","m3",-0.312083978270283,0.110519616262095,0.768728394041951,1.44991508774657,1.91167527521362
"dfm_4b","estendido","sa","principal","2021Q4","vespera",0.355271011985264,0.734966642630069,1.32280670453587,1.90062293306445,2.26526084709675
"dfm_4b","estendido","sa","principal","2022Q1","m1",-1.96161198837978,-1.05038512983013,0.333439480413145,1.84985544932338,2.8202260860844
"dfm_4b","estendido","sa","principal","2022Q1","m2",-1.35701095474767,-0.793788750712717,0.176584838231797,1.0952545934325,1.69118927640465
"dfm_4b","estendido","sa","principal","2022Q1","m3",0.0305385234641709,0.454323896480677,1.12553350262341,1.79124736419903,2.20412470881904
"dfm_4b","estendido","sa","principal","2022Q1","vespera",0.364060309394562,0.727602733642481,1.29203907424036,1.87463169230918,2.24584300150672
"dfm_4b","estendido","sa","principal","2022Q2","m1",-0.995992686580761,-0.0807460235813764,1.29477723909195,2.70300753113177,3.68291862650126
"dfm_4b","estendido","sa","principal","2022Q2","m2",-0.422681844359987,0.211030581242218,1.11987871536574,2.06922617372301,2.70620217964451
"dfm_4b","estendido","sa","principal","2022Q2","m3",1.10430500557022,1.54744121467866,2.18567235683458,2.82075900184174,3.25704206712338
"dfm_4b","estendido","sa","principal","2022Q2","vespera",0.764271894709017,1.14597923770669,1.7090966310389,2.27430035092549,2.62902650860022
"dfm_4b","estendido","sa","principal","2022Q3","m1",-0.746936783030421,0.12576128431457,1.53792459589569,2.94176997598842,3.98367385837296
"dfm_4b","estendido","sa","principal","2022Q3","m2",1.50845168998698,2.12094580678031,3.08720583461715,4.00932720280756,4.59543061863043
"dfm_4b","estendido","sa","principal","2022Q3","m3",3.31826560555806,3.73828305544985,4.37632849390038,5.01818092769017,5.45992917087488
"dfm_4b","estendido","sa","principal","2022Q3","vespera",3.14552479793666,3.52061132962253,4.08101432687443,4.64350192819511,5.05003290921302
"dfm_4b","estendido","sa","principal","2022Q4","m1",1.46157579592052,2.41626423497575,3.86201957536613,5.37727025170746,6.39545383597343
"dfm_4b","estendido","sa","principal","2022Q4","m2",1.43615293528727,2.05180240283195,3.04221029868001,3.9990001584821,4.69018462931424
"dfm_4b","estendido","sa","principal","2022Q4","m3",2.44204989101792,2.90708404238561,3.57206793644089,4.28676663665892,4.75226447212292
"dfm_4b","estendido","sa","principal","2022Q4","vespera",2.77634225178973,3.19819870714937,3.78693074904217,4.37672874656634,4.78818087830094
"dfm_4b","estendido","sa","principal","2023Q1","m1",0.56003249271918,1.4931905570607,2.94129071500201,4.38710290579976,5.36048376294483
"dfm_4b","estendido","sa","principal","2023Q1","m2",1.01655572028181,1.63757922333073,2.54775807301709,3.56294993379807,4.19536409183797
"dfm_4b","estendido","sa","principal","2023Q1","m3",1.47212161533038,1.9166126772459,2.58179731407254,3.26911044918081,3.69646094891822
"dfm_4b","estendido","sa","principal","2023Q1","vespera",2.1051171031104,2.47509365910998,3.08022849710549,3.67499737660719,4.06177418130353
"dfm_4b","estendido","sa","principal","2023Q2","m1",-0.224979023438668,0.6698166837718,2.14212229569899,3.64874690989627,4.58589466947576
"dfm_4b","estendido","sa","principal","2023Q2","m2",-0.195540312369013,0.45798265712468,1.39775248753597,2.40244882039982,3.14467413058698
"dfm_4b","estendido","sa","principal","2023Q2","m3",1.81538686337231,2.27272741121907,3.01009186206181,3.77979554002527,4.27239714118581
"dfm_4b","estendido","sa","principal","2023Q2","vespera",1.79841862539421,2.24818007209691,2.90431711642182,3.58497233467081,4.02580222352875
"dfm_4b","estendido","sa","principal","2023Q3","m1",0.249564883332741,1.19693593823556,2.63414630799992,4.15824242952544,5.17604638620187
"dfm_4b","estendido","sa","principal","2023Q3","m2",0.723542376041912,1.39980308911847,2.38991055366166,3.48336644002958,4.11737564649624
"dfm_4b","estendido","sa","principal","2023Q3","m3",1.33024158913686,1.84859396521826,2.66280128822187,3.4687984493165,3.98854464281569
"dfm_4b","estendido","sa","principal","2023Q3","vespera",1.73622701091051,2.20671473896628,2.93376266913019,3.69049851537418,4.16757118696639
"dfm_4b","estendido","sa","principal","2023Q4","m1",0.752099673318866,1.72313359671954,3.16086050501264,4.63191680875885,5.58585512847493
"dfm_4b","estendido","sa","principal","2023Q4","m2",2.27769611789818,2.91756026632354,3.93922653975807,4.97305758029683,5.65155131293182
"dfm_4b","estendido","sa","principal","2023Q4","m3",1.98477906333409,2.49320406962163,3.27125780940994,4.0463066179392,4.57899697897678
"dfm_4b","estendido","sa","principal","2023Q4","vespera",2.17577932306029,2.61526778210652,3.33724682225159,4.04022771669443,4.50972387753668
"dfm_4b","estendido","sa","principal","2024Q1","m1",0.119032153308355,1.07813810389614,2.48779181309065,3.99978379820244,4.99674095679794
"dfm_4b","estendido","sa","principal","2024Q1","m2",-0.754533889250948,-0.108822113934132,0.92771470202283,1.93933442087022,2.63853410589911
"dfm_4b","estendido","sa","principal","2024Q1","m3",-0.561185904378489,-0.0463454041522673,0.717203374478392,1.52371993015133,2.04562605132807
"dfm_4b","estendido","sa","principal","2024Q1","vespera",-0.283634678402133,0.188505337542706,0.908626444800953,1.62776575437749,2.12526691539742
"dfm_4b","estendido","sa","principal","2024Q2","m1",-1.59269140296573,-0.614257207289028,0.869947560953366,2.30659318025797,3.23631546169679
"dfm_4b","estendido","sa","principal","2024Q2","m2",-0.472512949365561,0.160020369736625,1.20075049688237,2.21475346988493,2.94740139954421
"dfm_4b","estendido","sa","principal","2024Q2","m3",0.417856299614257,0.929140313640262,1.71778720886212,2.50131270630279,3.02077263676872
"dfm_4b","estendido","sa","principal","2024Q2","vespera",1.29336289042339,1.76931805006811,2.47103233337257,3.2181272876962,3.72242756578643
"dfm_4b","estendido","sa","principal","2024Q3","m1",0.452896280662699,1.43464985849065,2.78743307113797,4.23247520764898,5.2027844564465
"dfm_4b","estendido","sa","principal","2024Q3","m2",0.73579383952223,1.36835389680947,2.33441458029685,3.33978125402453,4.01970486450364
"dfm_4b","estendido","sa","principal","2024Q3","m3",2.35860752515084,2.87286451279069,3.62841001199081,4.37926626623662,4.88070162103237
"dfm_4b","estendido","sa","principal","2024Q3","vespera",2.79094310721837,3.20322806466765,3.88342919282842,4.56745169802223,5.04717886855983
"dfm_4b","estendido","sa","principal","2024Q4","m1",1.56777409293798,2.43736532603264,3.85741357966668,5.33275767425326,6.27968123146459
"dfm_4b","estendido","sa","principal","2024Q4","m2",2.24323590780531,2.89917471619986,3.89326179624048,4.90535940857012,5.52151448254693
"dfm_4b","estendido","sa","principal","2024Q4","m3",3.14680497272669,3.62057327654987,4.35667964943117,5.13982217501956,5.65263222635144
"dfm_4b","estendido","sa","principal","2024Q4","vespera",3.09584486079474,3.55922254860816,4.24237019860467,4.915159772846,5.36901111182553
"dfm_4b","estendido","sa","principal","2025Q1","m1",-1.01974808526953,-0.0928444845505458,1.2896288160411,2.68869652102903,3.62536115450144
"dfm_4b","estendido","sa","principal","2025Q1","m2",1.11339230728038,1.80278151298679,2.82272173526766,3.83216778477251,4.48564752979625
"dfm_4b","estendido","sa","principal","2025Q1","m3",1.16487797819994,1.6611756782745,2.38919649828556,3.08081898254799,3.55277269752175
"dfm_4b","estendido","sa","principal","2025Q1","vespera",1.09965210301956,1.51653438860274,2.18656680950825,2.85521802981127,3.31863335905075
"dfm_4b","estendido","sa","principal","2025Q2","m1",-1.62996998628144,-0.740321264046509,0.651583629218999,2.08004052739482,2.99127856538179
"dfm_4b","estendido","sa","principal","2025Q2","m2",1.19023462139595,1.78085611958685,2.78879766915356,3.77146307060053,4.37556525851921
"dfm_4b","estendido","sa","principal","2025Q2","m3",1.44289834101295,1.92141153332087,2.6433945920833,3.34318901312981,3.83978677929805
"dfm_4b","estendido","sa","principal","2025Q2","vespera",1.30728813505105,1.72440065822966,2.37138808751555,3.02623187445431,3.44893477172799
"dfm_4b","estendido","sa","principal","2025Q3","m1",-0.491751210019157,0.413691951954171,1.8045820550561,3.192983245255,4.10705232305086
"dfm_4b","estendido","sa","principal","2025Q3","m2",0.683646834562381,1.3251452200416,2.2895224265625,3.22639962020302,3.88302956126586
"dfm_4b","estendido","sa","principal","2025Q3","m3",1.01105993826544,1.49174987130492,2.19469906427027,2.94907763919458,3.41996133696436
"dfm_4b","estendido","sa","principal","2025Q3","vespera",1.21521617972668,1.62547099522108,2.30470681515632,2.99227917272761,3.41767657812923
"dfm_4b","estendido","sa","principal","2025Q4","m1",-0.0350440684707835,0.787530569319818,2.09121536300142,3.53584530886801,4.42514697204957
"dfm_4b","estendido","sa","principal","2025Q4","m2",1.39856089985392,1.94373824382134,2.89998416320313,3.84017330249339,4.46584337646397
"dfm_4b","estendido","sa","principal","2025Q4","m3",1.40541983640722,1.84751887056331,2.4887507556192,3.15200544746776,3.59599457602073
"dfm_4b","estendido","sa","principal","2025Q4","vespera",1.13105377068404,1.52344342240387,2.09860974139258,2.70604389890522,3.09368549587901
"dfm_4b","estendido","sa","principal","2026Q1","m1",-1.11149982508658,-0.272477507184321,1.12732440308125,2.46190541880784,3.38717981263769
"dfm_4b","estendido","sa","principal","2026Q1","m2",0.250243817441196,0.878045915086055,1.86290682756227,2.84176796752525,3.46446009966972
"dfm_4b","estendido","sa","principal","2026Q1","m3",0.0912287762905573,0.553956955322828,1.25392367878537,1.96900585827168,2.41176232728506
"dfm_4b","estendido","sa","principal","2026Q1","vespera",0.874824063800654,1.28201728113101,1.93281910531043,2.56593571712954,2.98497859688373
"dfm_4b","estendido","sa","principal","2026Q2","m1",0.0635585765894387,0.925938015443127,2.3065876051157,3.60271605464411,4.48241280890501
"dfm_4b","estendido","sa","principal","2026Q2","m2",0.569415000445004,1.16704752911705,2.07780752099882,2.98621694414012,3.58336936020042
"dfm_4b","estendido","sa","principal","2026Q2","m3",0.877298929842609,1.27484388725209,1.93014491281903,2.58846706684229,3.03144978261556
"dfm_4b","estendido","sa","principal","2026Q2","vespera",0.913731553647398,1.27643418351507,1.84210660408807,2.385302542499,2.77305360113805
"mfbvar","core","sa","principal","2019Q1","m1",1.37772859364612,1.8772023364631,2.61695278576447,3.35451619103861,3.86918778965216
"mfbvar","core","sa","principal","2019Q1","m2",0.848411021216144,1.16680138615113,1.63504838398474,2.12401107515699,2.44710516223287
"mfbvar","core","sa","principal","2019Q1","m3",1.14276848506229,1.41082370905792,1.79075410656705,2.18867868322574,2.46670650144494
"mfbvar","core","sa","principal","2019Q1","vespera",0.895221754637439,1.12561047102815,1.46042835546065,1.80569991775706,2.04034407064655
"mfbvar","core","sa","principal","2019Q2","m1",-0.0135233166202619,0.393619568438292,1.00472819117174,1.60962932477052,2.01615629767507
"mfbvar","core","sa","principal","2019Q2","m2",-1.26081500240294,-0.873061349968422,-0.300528727646804,0.287775854662294,0.663066732909226
"mfbvar","core","sa","principal","2019Q2","m3",-0.709790837987773,-0.372538443231822,0.118930899057235,0.620185333456297,0.955958083867482
"mfbvar","core","sa","principal","2019Q2","vespera",-0.640452442146873,-0.366959723076596,0.0738712716178425,0.500957892145882,0.778796037992653
"mfbvar","core","sa","principal","2019Q3","m1",-0.999736654025617,-0.545058924914934,0.142296751364257,0.820029761557191,1.26957512477369
"mfbvar","core","sa","principal","2019Q3","m2",0.248976547524959,0.608636798774651,1.14866946239588,1.69291487205127,2.05710768928978
"mfbvar","core","sa","principal","2019Q3","m3",0.42684517329558,0.711345830381219,1.16018629618234,1.60966357199744,1.92542025102648
"mfbvar","core","sa","principal","2019Q3","vespera",0.613965911720479,0.908807463294202,1.32764762480436,1.74848687400563,2.04320806870364
"mfbvar","core","sa","principal","2019Q4","m1",0.25455923110286,0.680444294529927,1.333841163498,1.99940596970534,2.44046073853743
"mfbvar","core","sa","principal","2019Q4","m2",0.435368878367394,0.774327325092189,1.29446311929196,1.81779973738795,2.1458081790028
"mfbvar","core","sa","principal","2019Q4","m3",0.600896423689669,0.848452980949117,1.22991349279251,1.62588675803629,1.87295408320134
"mfbvar","core","sa","principal","2019Q4","vespera",0.670753815004529,0.910131797932918,1.29031853379599,1.66404641298585,1.92206894541002
"mfbvar","core","sa","principal","2020Q1","m1",0.775048829989532,1.18080237598612,1.80893131341244,2.45207484057958,2.88218096755067
"mfbvar","core","sa","principal","2020Q1","m2",0.668432175422645,1.01826555128867,1.5244887830513,2.03496316017603,2.37375237312885
"mfbvar","core","sa","principal","2020Q1","m3",1.7756065824247,2.13964032925618,2.68401581709086,3.22130821486649,3.56632348828186
"mfbvar","core","sa","principal","2020Q1","vespera",0.310450147273369,1.00813830692417,1.71787299169839,2.35256042413049,2.76273113659298
"mfbvar","core","sa","principal","2020Q2","m1",-4.58211811084768,-3.42412912287676,-1.86443812206048,-0.491595780608488,0.358869331022563
"mfbvar","core","sa","principal","2020Q2","m2",-9.98649858650749,-8.67618149335133,-6.79560636253716,-4.95655338954392,-3.73675698783804
"mfbvar","core","sa","principal","2020Q2","m3",-7.64443216446817,-6.75016191543773,-5.3192433393957,-3.95575389341948,-3.05999989753
"mfbvar","core","sa","principal","2020Q2","vespera",-7.64019739148507,-6.36078572885637,-4.07846789092052,-1.52812868512412,0.163130109024859
"mfbvar","core","sa","principal","2020Q3","m1",-5.66004969301689,-4.58062460618418,-3.00734393776977,-1.12207328719966,0.377137859162444
"mfbvar","core","sa","principal","2020Q3","m2",-3.69699499006891,-2.64133873895488,-1.04581652883241,0.583467195550365,1.76013956918325
"mfbvar","core","sa","principal","2020Q3","m3",-5.13473217810613,-4.30709683874014,-3.00276488332673,-1.65813999704,-0.796638138941918
"mfbvar","core","sa","principal","2020Q3","vespera",-4.82679251052251,-4.06999458868202,-2.76981998900593,-1.54840366972008,-0.713347943248025
"mfbvar","core","sa","principal","2020Q4","m1",-5.63485531519312,-4.56497721926698,-2.92037529040065,-1.2215220795186,-0.0790704214303183
"mfbvar","core","sa","principal","2020Q4","m2",-2.72346382144995,-1.87214393878827,-0.615756310808951,0.605715392375991,1.48879859419893
"mfbvar","core","sa","principal","2020Q4","m3",-2.01438743072261,-1.33926090825886,-0.319360088251014,0.680440689338817,1.42746702193438
"mfbvar","core","sa","principal","2020Q4","vespera",-2.16843108672071,-1.58750991876545,-0.612252043859302,0.428489467228959,1.09194276507493
"mfbvar","core","sa","principal","2021Q1","m1",-5.57607692221825,-4.36994516409877,-2.52593445858203,-0.677975571872908,0.619587368231732
"mfbvar","core","sa","principal","2021Q1","m2",-3.70524118416052,-2.82453125940591,-1.48281905276288,-0.0614276654878703,0.932685643734329
"mfbvar","core","sa","principal","2021Q1","m3",-1.83527454385799,-1.21283327984949,-0.24247387789329,0.748595524332591,1.39856588149689
"mfbvar","core","sa","principal","2021Q1","vespera",-1.70876334014437,-1.17051208942741,-0.37596518241611,0.451352817974737,0.989054163459966
"mfbvar","core","sa","principal","2021Q2","m1",8.95472500889728,10.1269014879853,12.0258885807812,14.0138511995235,15.4006430125676
"mfbvar","core","sa","principal","2021Q2","m2",8.53031167805743,9.42711933224877,10.8018910649924,12.1557314676045,13.0471853432974
"mfbvar","core","sa","principal","2021Q2","m3",14.4241865472236,14.9116225167311,15.6941036539519,16.4431424516792,16.9693122627018
"mfbvar","core","sa","principal","2021Q2","vespera",14.2794240798832,14.7205375166325,15.4223260096355,16.1354922842248,16.5848900003144
"mfbvar","core","sa","principal","2021Q3","m1",5.32365201769459,6.40709414359643,8.04749427471969,9.64846332393784,10.7255663463339
"mfbvar","core","sa","principal","2021Q3","m2",6.60329468192448,7.29707745568574,8.32108092213895,9.37263594450418,10.0701533131068
"mfbvar","core","sa","principal","2021Q3","m3",2.89004263406934,3.40815985549889,4.1535043030674,4.89748465740638,5.41239951501364
"mfbvar","core","sa","principal","2021Q3","vespera",2.95624183457137,3.4094142181608,4.05359446721211,4.70333588458823,5.1204635464248
"mfbvar","core","sa","principal","2021Q4","m1",-2.10075167223514,-1.21488073640122,0.208745543308875,1.66251831685397,2.58601062608578
"mfbvar","core","sa","principal","2021Q4","m2",-1.13543725255276,-0.447421441488675,0.539450655458218,1.52352801500346,2.17073836336428
"mfbvar","core","sa","principal","2021Q4","m3",-0.0997950937084429,0.369641000361161,1.08570440266264,1.77226555581398,2.20674559387948
"mfbvar","core","sa","principal","2021Q4","vespera",0.543091962021371,0.937392595777494,1.53495048051495,2.1217586888102,2.49605672329529
"mfbvar","core","sa","principal","2022Q1","m1",-2.29494160925453,-1.3732620457492,-0.0323766430842254,1.31683615050023,2.22515265658629
"mfbvar","core","sa","principal","2022Q1","m2",-0.629613517974861,-0.00534251814094765,0.925204222873044,1.90608668077593,2.55189594856178
"mfbvar","core","sa","principal","2022Q1","m3",-0.100399530787866,0.329660033601106,0.964195037565785,1.59277556700874,2.04221856201705
"mfbvar","core","sa","principal","2022Q1","vespera",0.519186534571724,0.891522794976429,1.43544823424767,1.97374064074869,2.34142605762599
"mfbvar","core","sa","principal","2022Q2","m1",-1.13943462803784,-0.255875672343234,1.05714719519759,2.45063197356427,3.32231492389042
"mfbvar","core","sa","principal","2022Q2","m2",0.0467553994598103,0.623534929636489,1.49433370362494,2.38875491009821,2.98829942682421
"mfbvar","core","sa","principal","2022Q2","m3",2.01732146066533,2.4640957728304,3.14524362091444,3.8098648753493,4.27422153013456
"mfbvar","core","sa","principal","2022Q2","vespera",1.6053107422727,1.99142731628386,2.58941856255991,3.18053351486366,3.57980023181889
"mfbvar","core","sa","principal","2022Q3","m1",0.448115501968711,1.35770579409637,2.78332430461323,4.19562645891174,5.11979062033933
"mfbvar","core","sa","principal","2022Q3","m2",2.30915736737821,2.91541530835726,3.86902301506249,4.81742042238994,5.46237629443605
"mfbvar","core","sa","principal","2022Q3","m3",3.24069369472306,3.66368688430849,4.32513830165036,4.97683531574104,5.40530279188603
"mfbvar","core","sa","principal","2022Q3","vespera",3.33003865918573,3.67252197544234,4.18319269142246,4.69975486087899,5.05182495705157
"mfbvar","core","sa","principal","2022Q4","m1",0.895148250482109,1.80154779521026,3.14866157234108,4.56553187333162,5.50170379859107
"mfbvar","core","sa","principal","2022Q4","m2",0.764161248895969,1.38156858481773,2.32077359925021,3.2467914674136,3.8581302943466
"mfbvar","core","sa","principal","2022Q4","m3",2.33870826394343,2.74564666078522,3.37632395151162,4.00110119591165,4.41567680307071
"mfbvar","core","sa","principal","2022Q4","vespera",2.64784377470505,2.99459821279796,3.52473661438695,4.04039517369847,4.3996373382265
"mfbvar","core","sa","principal","2023Q1","m1",0.586121973019855,1.49132375216765,2.80036695964372,4.16660774884495,5.07737939829662
"mfbvar","core","sa","principal","2023Q1","m2",0.735188218432112,1.33533264329241,2.25132722539756,3.17946752758741,3.78779883166483
"mfbvar","core","sa","principal","2023Q1","m3",2.13344874246627,2.59552802985992,3.29223769837886,4.00821694220318,4.47346896416271
"mfbvar","core","sa","principal","2023Q1","vespera",3.76269305897848,4.16360971396448,4.76755456046156,5.35074781611147,5.74953476150074
"mfbvar","core","sa","principal","2023Q2","m1",-0.283410581476959,0.636973701755685,2.09443622108783,3.54478399543094,4.55934333196928
"mfbvar","core","sa","principal","2023Q2","m2",1.89307130753719,2.55142223129959,3.63527838094174,4.73968572440159,5.47384621450383
"mfbvar","core","sa","principal","2023Q2","m3",2.41969139379415,2.90440980126296,3.6392689036276,4.42231380038454,4.92166128722817
"mfbvar","core","sa","principal","2023Q2","vespera",2.05171030648544,2.47647478363359,3.14204923640058,3.82682233716914,4.28981938503581
"mfbvar","core","sa","principal","2023Q3","m1",-0.809092290315883,0.175165832877385,1.58955084792372,3.06883011037912,4.05478556481481
"mfbvar","core","sa","principal","2023Q3","m2",0.0970509550893451,0.830948154053119,1.94441108682951,2.98454664478708,3.73394047324495
"mfbvar","core","sa","principal","2023Q3","m3",0.499282164693016,0.96587748197699,1.69321809470154,2.41334077282789,2.91011059393646
"mfbvar","core","sa","principal","2023Q3","vespera",1.2045648294953,1.60220330456172,2.18744789317401,2.77174096271244,3.18204562156711
"mfbvar","core","sa","principal","2023Q4","m1",0.259088487017491,1.17679354600775,2.5498183316886,4.00955378301483,5.02858441022517
"mfbvar","core","sa","principal","2023Q4","m2",2.14477418347042,2.82440361736088,3.85421588292996,4.8826183009278,5.61220244048738
"mfbvar","core","sa","principal","2023Q4","m3",2.38948219051268,2.87997868150107,3.61681520275796,4.36876723604748,4.86807425938525
"mfbvar","core","sa","principal","2023Q4","vespera",2.59788379802922,3.00070576945591,3.60969252474979,4.23214535318122,4.63052483194566
"mfbvar","core","sa","principal","2024Q1","m1",-0.526504659909006,0.395633731057528,1.78642013166584,3.21123508601841,4.17218455220053
"mfbvar","core","sa","principal","2024Q1","m2",-0.287460917081964,0.433571379238975,1.4915760448015,2.58849653498461,3.33795774544907
"mfbvar","core","sa","principal","2024Q1","m3",0.0218526346075232,0.494384265454563,1.21020126366007,1.92839882310139,2.38429716338973
"mfbvar","core","sa","principal","2024Q1","vespera",0.39806837874639,0.794089288461459,1.40823104347972,2.03451129601159,2.44229168117527
"mfbvar","core","sa","principal","2024Q2","m1",-0.808996376465296,0.0635055805360683,1.4726793820284,2.91702462962794,3.87754539692218
"mfbvar","core","sa","principal","2024Q2","m2",0.248200333301503,0.937540786359701,1.95636651058079,2.96943417048934,3.658788520182
"mfbvar","core","sa","principal","2024Q2","m3",1.3020801676815,1.74048306884078,2.38740990847025,3.04196657364599,3.46255670486936
"mfbvar","core","sa","principal","2024Q2","vespera",1.72932937634956,2.07208642708829,2.59802687315176,3.14298485935963,3.49281487101073
"mfbvar","core","sa","principal","2024Q3","m1",1.17622618683741,2.1037910504829,3.51480989145687,4.9564419589019,5.91082693093097
"mfbvar","core","sa","principal","2024Q3","m2",1.77819077819901,2.46754321855897,3.46720264398349,4.47744703196446,5.15030292320545
"mfbvar","core","sa","principal","2024Q3","m3",2.98033425922656,3.42195113539361,4.08844265555438,4.75675369255596,5.20768980615897
"mfbvar","core","sa","principal","2024Q3","vespera",3.45667083868922,3.80860815997764,4.33093759531429,4.86086857741327,5.20549826793295
"mfbvar","core","sa","principal","2024Q4","m1",1.86928256560595,2.77451573405951,4.1689397252285,5.57992095873932,6.53464324039512
"mfbvar","core","sa","principal","2024Q4","m2",2.77211644296467,3.42330849904844,4.41379784341194,5.40646729472908,6.07304098384968
"mfbvar","core","sa","principal","2024Q4","m3",3.7610050521478,4.18100546666865,4.82777707362901,5.47898554278921,5.92797316707041
"mfbvar","core","sa","principal","2024Q4","vespera",3.39448038255949,3.73777864861494,4.25104017782804,4.76185145078751,5.10329748218075
"mfbvar","core","sa","principal","2025Q1","m1",0.295935165276402,1.16355375479893,2.54275281209981,3.89427887834408,4.87464918246226
"mfbvar","core","sa","principal","2025Q1","m2",1.05657977032337,1.70978320194687,2.70165737115834,3.68311821951441,4.34294046840186
"mfbvar","core","sa","principal","2025Q1","m3",1.58846065104653,2.0241403877588,2.68760544877197,3.34301565384401,3.79463461652288
"mfbvar","core","sa","principal","2025Q1","vespera",1.83318483825516,2.19307955707203,2.72711617490082,3.24939144934364,3.5806700892074
"mfbvar","core","sa","principal","2025Q2","m1",-0.491230937316963,0.362362414870422,1.71796799736804,3.08806409301515,4.00772598825937
"mfbvar","core","sa","principal","2025Q2","m2",1.16405184159284,1.82859569992991,2.77718658754017,3.75325024719578,4.38398744844959
"mfbvar","core","sa","principal","2025Q2","m3",1.33637942149245,1.73955235874398,2.36717612997704,3.0162264624701,3.45086013423749
"mfbvar","core","sa","principal","2025Q2","vespera",1.40403141441432,1.73592828327369,2.23994343509298,2.75522688421413,3.07672576907565
"mfbvar","core","sa","principal","2025Q3","m1",-0.464383911466979,0.37403075466552,1.68168683957447,3.00667781560886,3.93038502819085
"mfbvar","core","sa","principal","2025Q3","m2",0.00432118237717163,0.6369377564552,1.52775166794757,2.4643228712115,3.11966450079781
"mfbvar","core","sa","principal","2025Q3","m3",1.00748109938232,1.35620751151685,1.88531453250177,2.42415106329986,2.77357860289092
"mfbvar","core","sa","principal","2025Q3","vespera",1.42619535896229,1.69927852544845,2.1053924716477,2.51109841055323,2.77734230421899
"mfbvar","core","sa","principal","2025Q4","m1",-0.358256660021818,0.419353683939935,1.64576682578248,2.91042382525432,3.74271672005805
"mfbvar","core","sa","principal","2025Q4","m2",0.626687349398718,1.16449015428899,1.97893917488726,2.80713673820023,3.34992550848948
"mfbvar","core","sa","principal","2025Q4","m3",1.12666607082548,1.54743266296612,2.15291022184496,2.79116300065759,3.20900644599074
"mfbvar","core","sa","principal","2025Q4","vespera",1.07874175747988,1.41522529869341,1.91709995987427,2.43086916136822,2.78128281331528
"mfbvar","core","sa","principal","2026Q1","m1",-0.580906712287003,0.254102333765665,1.56673384429824,2.8675034233779,3.77684668115037
"mfbvar","core","sa","principal","2026Q1","m2",-0.451138135867016,0.191212146974977,1.19758045366716,2.18127295208786,2.8371716901744
"mfbvar","core","sa","principal","2026Q1","m3",0.483275094442007,0.807235550228302,1.31096958011648,1.82571287840547,2.1697210672898
"mfbvar","core","sa","principal","2026Q1","vespera",1.36255574443111,1.61989242158156,2.03189514987807,2.44173956436094,2.71047502108761
"mfbvar","core","sa","principal","2026Q2","m1",0.194027027967726,0.991790573252621,2.21792014786608,3.47500818951803,4.37646598494387
"mfbvar","core","sa","principal","2026Q2","m2",0.364842334827503,0.904528115344305,1.74969247389496,2.60944486816615,3.15219705715701
"mfbvar","core","sa","principal","2026Q2","m3",1.8889245593658,2.23758451367476,2.78831797611196,3.32774612618819,3.68121027674845
"mfbvar","core","sa","principal","2026Q2","vespera",1.61433363936882,1.8744990972401,2.28738097701194,2.68782695156075,2.95456610347875
"pool_crps","core","sa","principal","2019Q1","m1",1.36045531396018,1.92362786751868,2.84458950187632,3.7610267506442,4.34597279143111
"pool_crps","core","sa","principal","2019Q1","m2",0.5206248293493,1.02138305341883,1.75223244132491,2.5444504701201,3.04991928546513
"pool_crps","core","sa","principal","2019Q1","m3",1.0641747273817,1.47717792258712,2.05340671736455,2.66846750259342,3.10772917402623
"pool_crps","core","sa","principal","2019Q1","vespera",0.371292817104153,0.731260993485938,1.20011698896103,1.67297765589359,1.98115448458031
"pool_crps","core","sa","principal","2019Q2","m1",0.140503869671176,0.675098323482192,1.51798079285221,2.38543912961485,2.98420249685927
"pool_crps","core","sa","principal","2019Q2","m2",-1.99506296013462,-1.51343095856084,-0.785003290383413,-0.0680059343720765,0.419261313073022
"pool_crps","core","sa","principal","2019Q2","m3",-1.13879750571598,-0.751362539652093,-0.195723098711653,0.396282085234942,0.771862625356003
"pool_crps","core","sa","principal","2019Q2","vespera",-0.635598295092795,-0.334196265907598,0.120362394267404,0.563084551938563,0.868248466635172
"pool_crps","core","sa","principal","2019Q3","m1",-1.59909102857818,-0.995995027408488,-0.111783926908715,0.809818547930475,1.43105538738309
"pool_crps","core","sa","principal","2019Q3","m2",-0.416031207135801,0.113126306631782,0.938292915120398,1.72755231473452,2.26488041892411
"pool_crps","core","sa","principal","2019Q3","m3",0.231325713070125,0.611505685276464,1.16565695246629,1.71488978707824,2.10843153959829
"pool_crps","core","sa","principal","2019Q3","vespera",0.553112319313126,0.871958428223709,1.34827945718229,1.81469248816114,2.13810603397474
"pool_crps","core","sa","principal","2019Q4","m1",-0.0793121557122805,0.570322031770382,1.52143282269075,2.47319656126346,3.1337682357352
"pool_crps","core","sa","principal","2019Q4","m2",0.186499888203315,0.732045492435258,1.51167810542258,2.34815731444257,2.97577715989834
"pool_crps","core","sa","principal","2019Q4","m3",0.75242538946348,1.07676189622865,1.67647110465783,2.39581231380202,2.82430170392714
"pool_crps","core","sa","principal","2019Q4","vespera",0.736364901919662,0.993727376611357,1.41928974790931,1.8284766805825,2.08726478885469
"pool_crps","core","sa","principal","2020Q1","m1",0.957925432193729,1.44643428425965,2.28239973291691,3.32760980807414,4.08178460901448
"pool_crps","core","sa","principal","2020Q1","m2",0.701655322463777,1.12288768322765,1.76683088611992,2.53624399439513,3.11741067923412
"pool_crps","core","sa","principal","2020Q1","m3",1.29830209645149,1.67898235224589,2.2693934218981,2.93916146947436,3.31838179330276
"pool_crps","core","sa","principal","2020Q1","vespera",-0.2265680464848,0.145739864151469,0.918152623375279,1.8788835084733,2.46415100033019
"pool_crps","core","sa","principal","2020Q2","m1",-4.15597207203517,-3.31707404818142,-2.04875500768503,-0.701724414821894,0.0826398562414288
"pool_crps","core","sa","principal","2020Q2","m2",-11.2445417208969,-10.4094683590205,-8.93304868677627,-6.27767526804971,-4.65093967636579
"pool_crps","core","sa","principal","2020Q2","m3",-13.5571728330197,-13.0251414601665,-6.86883326610515,-5.19021153427151,-3.88940678194398
"pool_crps","core","sa","principal","2020Q2","vespera",-9.34539186213603,-9.06123594168441,-6.93504914710382,-3.89812866578046,-1.37028369556
"pool_crps","core","sa","principal","2020Q3","m1",-11.5095029142946,-10.3501586582012,-4.3724885279675,-2.37679064354827,-0.629545856425751
"pool_crps","core","sa","principal","2020Q3","m2",-3.83745947309606,-3.22138002855432,-2.21590133025959,-0.560032181165188,0.883224434056662
"pool_crps","core","sa","principal","2020Q3","m3",-4.9108454498425,-4.37507881177622,-3.54604447536109,-2.67578812352452,-1.7014408709133
"pool_crps","core","sa","principal","2020Q3","vespera",-5.3381549560797,-4.98783662048452,-4.12345691018173,-2.95522888629022,-1.76071720326871
"pool_crps","core","sa","principal","2020Q4","m1",-5.26920516850854,-4.20096750599459,-2.61872755400719,-1.06079461548154,-0.0908411000232645
"pool_crps","core","sa","principal","2020Q4","m2",-3.58143590429153,-2.66030241764349,-1.32667138604604,-0.0807792869487367,0.794938855331929
"pool_crps","core","sa","principal","2020Q4","m3",-1.74382708836635,-1.20663574759138,-0.445764548333155,0.385705401584087,0.929576075146024
"pool_crps","core","sa","principal","2020Q4","vespera",-1.87369780198259,-1.40766910494188,-0.715183840686739,0.00481263104330847,0.543254885381506
"pool_crps","core","sa","principal","2021Q1","m1",-4.6363338222774,-3.23446848193328,-1.3712084153485,0.287208976851931,1.3921024201308
"pool_crps","core","sa","principal","2021Q1","m2",-2.94546205406356,-2.02775004003897,-0.737771010757798,0.387374107765715,1.09568428337999
"pool_crps","core","sa","principal","2021Q1","m3",-1.46388812685483,-0.783174463023786,0.200315514514604,1.05537062344101,1.55233292153667
"pool_crps","core","sa","principal","2021Q1","vespera",-1.46656002730245,-0.886634536501453,0.0219849498866775,0.872565942112472,1.31627591039224
"pool_crps","core","sa","principal","2021Q2","m1",9.32971306349035,10.5450881396671,12.3914956357843,14.1823474563143,15.3877765812397
"pool_crps","core","sa","principal","2021Q2","m2",8.77138129493468,9.7379601514979,11.2417888918299,12.6988375488832,13.5183277459662
"pool_crps","core","sa","principal","2021Q2","m3",13.5975832073116,14.1206344874185,14.9024582633717,15.8499452709857,16.4912089805595
"pool_crps","core","sa","principal","2021Q2","vespera",13.2170314137245,13.6332420965551,14.2737389284963,15.3337239030616,16.0771660110116
"pool_crps","core","sa","principal","2021Q3","m1",4.7790459969669,5.85214043020632,7.5264409455966,9.27522187917358,10.4761331635044
"pool_crps","core","sa","principal","2021Q3","m2",5.11064155269556,5.79882108576608,7.0692487122653,8.59852988393789,9.55510822906736
"pool_crps","core","sa","principal","2021Q3","m3",3.14590576842799,3.62502358894548,4.35948261958898,5.0219284699403,5.48721629735294
"pool_crps","core","sa","principal","2021Q3","vespera",3.35471529055709,3.70675711338369,4.19240712438851,4.67542715478544,5.00581210957659
"pool_crps","core","sa","principal","2021Q4","m1",-1.9155160639555,-0.975924253930877,0.409528019387595,1.76833713196977,2.6879515781214
"pool_crps","core","sa","principal","2021Q4","m2",-0.813040815784806,-0.163753961163792,0.799947702515458,1.76916504240044,2.39592746256106
"pool_crps","core","sa","principal","2021Q4","m3",-0.255717418433332,0.199154079901986,0.873512509842689,1.52547293005614,1.99668631506953
"pool_crps","core","sa","principal","2021Q4","vespera",0.42478490967935,0.816032783579146,1.39162447065656,1.94172247461973,2.3242008127881
"pool_crps","core","sa","principal","2022Q1","m1",-2.15280857951422,-1.30658785686586,0.0693053660195231,1.35119888453549,2.27487454622957
"pool_crps","core","sa","principal","2022Q1","m2",-0.44600186931005,0.157520813822384,1.11507661562376,2.10179167414366,2.78852851786072
"pool_crps","core","sa","principal","2022Q1","m3",0.014053675825173,0.472687752857231,1.13345018864311,1.77415576726198,2.22290304920127
"pool_crps","core","sa","principal","2022Q1","vespera",0.664964756162252,1.03341515936723,1.56706833439215,2.10962133413926,2.45788749370698
"pool_crps","core","sa","principal","2022Q2","m1",-0.770492529053859,0.112723013227206,1.48901329724198,2.86244566333874,3.79085614474137
"pool_crps","core","sa","principal","2022Q2","m2",0.317492262136477,0.919809082292045,1.83716585009072,2.78737082831372,3.47438593977962
"pool_crps","core","sa","principal","2022Q2","m3",1.61197510533992,2.05418183253027,2.70526014887514,3.40048872641681,3.92740998501409
"pool_crps","core","sa","principal","2022Q2","vespera",1.35825702895122,1.70862990126611,2.24019235226017,2.78562042554539,3.20818626646154
"pool_crps","core","sa","principal","2022Q3","m1",0.171253760135028,1.0011031128844,2.35921052986232,3.72958165989464,4.68607860324645
"pool_crps","core","sa","principal","2022Q3","m2",1.49992042959242,2.21204143855533,3.20721992219465,4.27557705984725,4.97617373206307
"pool_crps","core","sa","principal","2022Q3","m3",3.34504667388597,3.81152249505952,4.45219970984023,5.08376523351376,5.53658277726175
"pool_crps","core","sa","principal","2022Q3","vespera",3.31966990640283,3.7037760719433,4.25233332897327,4.77502329545853,5.09784696343063
"pool_crps","core","sa","principal","2022Q4","m1",1.2465872340946,2.15495753972234,3.57243689741067,4.95495043476834,5.89578434253498
"pool_crps","core","sa","principal","2022Q4","m2",1.2488328854719,1.91489685235469,2.94552471598388,3.94467778057265,4.60042931971295
"pool_crps","core","sa","principal","2022Q4","m3",2.43918868170132,2.87613167634932,3.51022732976064,4.16146727601102,4.60918738124063
"pool_crps","core","sa","principal","2022Q4","vespera",2.68827933529674,3.05162789059358,3.60813654032145,4.15534605484433,4.56185129197207
"pool_crps","core","sa","principal","2023Q1","m1",0.600200571104437,1.52236881720052,2.81635431461306,4.19783254975246,5.09302293622188
"pool_crps","core","sa","principal","2023Q1","m2",0.86242819907507,1.51650323341316,2.43407382211924,3.43223663214493,4.06385938450471
"pool_crps","core","sa","principal","2023Q1","m3",1.65024127680966,2.17115034223911,2.92467403523344,3.70189894219435,4.1936900278853
"pool_crps","core","sa","principal","2023Q1","vespera",2.4630669137578,2.89265869128195,3.60377032105472,4.71679338646839,5.37012218124083
"pool_crps","core","sa","principal","2023Q2","m1",-0.496486749948395,0.41204712715951,1.74778700527782,3.1208830903426,4.03864038804927
"pool_crps","core","sa","principal","2023Q2","m2",0.801664370940403,1.4020333226649,2.47764773976912,3.84087514509613,4.80954628730656
"pool_crps","core","sa","principal","2023Q2","m3",1.65534764735851,2.234912070058,3.06493133417507,3.95690120033042,4.50701558882576
"pool_crps","core","sa","principal","2023Q2","vespera",1.81494100374321,2.25074906314293,2.97727386375044,3.6677379236308,4.16030021181648
"pool_crps","core","sa","principal","2023Q3","m1",-0.567768918688735,0.396621806922428,1.67660423451056,3.0905999675131,4.00479245751677
"pool_crps","core","sa","principal","2023Q3","m2",0.605230884973284,1.33743441316277,2.43242675591246,3.54801418686394,4.32051384962939
"pool_crps","core","sa","principal","2023Q3","m3",0.902299670353264,1.42980701630912,2.31275801825129,3.19349447408395,3.7513409766744
"pool_crps","core","sa","principal","2023Q3","vespera",1.45525232806631,1.93241971873686,2.63646715320712,3.37479958118864,3.89624761563066
"pool_crps","core","sa","principal","2023Q4","m1",0.74841011965288,1.63442586401516,3.05937460920905,4.51401553893135,5.41482411739479
"pool_crps","core","sa","principal","2023Q4","m2",2.36539331212392,3.08187333388779,4.07543289394018,5.06907745563134,5.75958288702315
"pool_crps","core","sa","principal","2023Q4","m3",1.88677803881911,2.4406829591418,3.27766440316829,4.08268985536516,4.57162547594971
"pool_crps","core","sa","principal","2023Q4","vespera",2.19011373047382,2.6387908408608,3.35633348154104,4.0452607832389,4.50077249688509
"pool_crps","core","sa","principal","2024Q1","m1",-0.415012618578334,0.509092775234531,1.84295535327599,3.24097581061256,4.154696820121
"pool_crps","core","sa","principal","2024Q1","m2",-0.590121350181438,0.172050867545503,1.26593471509848,2.29184230959061,3.02038079643552
"pool_crps","core","sa","principal","2024Q1","m3",-0.190742131972446,0.315934090007866,1.10161532145072,1.85333939699242,2.39862696994169
"pool_crps","core","sa","principal","2024Q1","vespera",0.118792545254842,0.597898200639913,1.31224260525518,2.00543407993921,2.45213919777256
"pool_crps","core","sa","principal","2024Q2","m1",-0.712154591983278,0.171416607658903,1.48895252132245,2.80982708394562,3.84011953837238
"pool_crps","core","sa","principal","2024Q2","m2",0.039508468781243,0.74586349060376,1.73622563016366,2.76254891196591,3.42639281442674
"pool_crps","core","sa","principal","2024Q2","m3",0.969199698941587,1.49862993653321,2.23247491834971,2.9904951634196,3.45394103762725
"pool_crps","core","sa","principal","2024Q2","vespera",1.46701646070317,1.89173708477703,2.51521660641169,3.14837110424533,3.57383901971906
"pool_crps","core","sa","principal","2024Q3","m1",0.869062989011871,1.74142533179708,3.12602967257958,4.51087430646369,5.39307653867712
"pool_crps","core","sa","principal","2024Q3","m2",1.70127126294134,2.36973477299807,3.33872956815007,4.32803959517127,4.99401207364761
"pool_crps","core","sa","principal","2024Q3","m3",2.92882522271618,3.38224011136631,4.09688394414194,4.80021203207597,5.27401577952781
"pool_crps","core","sa","principal","2024Q3","vespera",3.08858782262475,3.54143662166881,4.17586092886868,4.80065510203309,5.21799331564182
"pool_crps","core","sa","principal","2024Q4","m1",2.01992752902498,2.93937753560363,4.2804675884642,5.59001754640622,6.5124646066499
"pool_crps","core","sa","principal","2024Q4","m2",2.96000909495039,3.57517126096321,4.55800840792384,5.54740225020263,6.16774948576401
"pool_crps","core","sa","principal","2024Q4","m3",3.56727920178595,4.05376432276384,4.77273679632102,5.47916443682863,5.96160016478905
"pool_crps","core","sa","principal","2024Q4","vespera",3.2243786608062,3.63284863363023,4.24857906805665,4.83167665969748,5.22674381494168
"pool_crps","core","sa","principal","2025Q1","m1",0.161811094307581,0.981450132994222,2.28626485853562,3.64346916254254,4.51893695573438
"pool_crps","core","sa","principal","2025Q1","m2",0.789925396976917,1.42841309647854,2.43431610128183,3.42250895205264,4.08178545528266
"pool_crps","core","sa","principal","2025Q1","m3",1.19078013876108,1.66420149416709,2.41380077538301,3.12770156242174,3.61936770098851
"pool_crps","core","sa","principal","2025Q1","vespera",1.31948445302765,1.8122346321826,2.4744502212297,3.07400560234284,3.47118953336556
"pool_crps","core","sa","principal","2025Q2","m1",-0.756601707042209,0.0516723244604194,1.38997006974201,2.75577174157264,3.58617037701365
"pool_crps","core","sa","principal","2025Q2","m2",1.31317955749835,1.91927892080962,2.88541191719803,3.84746922915828,4.45911011895521
"pool_crps","core","sa","principal","2025Q2","m3",1.48584075407209,1.95546257871502,2.65705120377537,3.39233691957756,3.89662511133909
"pool_crps","core","sa","principal","2025Q2","vespera",1.37759302306187,1.78108365249021,2.36640459532905,2.98402571549744,3.39982527850516
"pool_crps","core","sa","principal","2025Q3","m1",-0.152255667119932,0.683722967886189,1.98071993289165,3.28421165731104,4.22934682601944
"pool_crps","core","sa","principal","2025Q3","m2",0.337933051348802,0.92638134962382,1.93389616639517,2.9229504517226,3.63754736604758
"pool_crps","core","sa","principal","2025Q3","m3",0.904013800659617,1.31340001489336,1.93439231974577,2.55116625341232,3.0300930939974
"pool_crps","core","sa","principal","2025Q3","vespera",1.22161147002939,1.5930610841277,2.11033059006416,2.62642529935331,3.01306548781826
"pool_crps","core","sa","principal","2025Q4","m1",-0.18174845125061,0.672357853234645,1.96105311005803,3.21460271912365,4.06613292420591
"pool_crps","core","sa","principal","2025Q4","m2",0.85365567507211,1.40170253794745,2.26615439152392,3.17436960568149,3.76801034402985
"pool_crps","core","sa","principal","2025Q4","m3",1.27889523108766,1.72719538798186,2.38814448522783,3.10529528328059,3.59345050540839
"pool_crps","core","sa","principal","2025Q4","vespera",1.22707836401861,1.58370068733584,2.1456365807565,2.77440527012864,3.16522563717581
"pool_crps","core","sa","principal","2026Q1","m1",-0.139652587135602,0.756313462921042,2.13239760620423,3.48458509198703,4.39576665323117
"pool_crps","core","sa","principal","2026Q1","m2",-0.0655734050356754,0.54374147915788,1.5733488374476,2.58324766223246,3.20669583242682
"pool_crps","core","sa","principal","2026Q1","m3",0.44185186412864,0.842932680371002,1.42781649964406,2.01716608149064,2.4403139545841
"pool_crps","core","sa","principal","2026Q1","vespera",1.15004034390065,1.51204356760735,2.00286431977058,2.49793599903044,2.85411119428983
"pool_crps","core","sa","principal","2026Q2","m1",0.418694521529515,1.28089041585535,2.60052739169327,3.98654998008562,4.86194394810833
"pool_crps","core","sa","principal","2026Q2","m2",0.630376850515724,1.16249195132072,2.04058887549696,2.92041166159493,3.5509676453592
"pool_crps","core","sa","principal","2026Q2","m3",1.40090641483576,1.81086798847938,2.43580999373604,3.06494200926838,3.47313514478468
"pool_crps","core","sa","principal","2026Q2","vespera",1.19913380189553,1.53725268758897,2.03803571493977,2.54796198113462,2.84958564903089
"pool_crps","estendido","sa","principal","2019Q1","m1",1.66345509214803,2.25823834459697,3.13781429649599,4.06793265806525,4.64670931310047
"pool_crps","estendido","sa","principal","2019Q1","m2",0.89469023460243,1.32316813927794,1.97776057513994,2.66175722853385,3.10595872717689
"pool_crps","estendido","sa","principal","2019Q1","m3",1.16614317243131,1.54803927557802,2.11386255672775,2.65994785830299,3.00512148164902
"pool_crps","estendido","sa","principal","2019Q1","vespera",0.602527272585394,0.965071284121845,1.47385551307497,1.99059159994068,2.3407646811761
"pool_crps","estendido","sa","principal","2019Q2","m1",0.126417343322243,0.645532373916762,1.44205849733086,2.23157116073917,2.76581990213298
"pool_crps","estendido","sa","principal","2019Q2","m2",-2.08579616581644,-1.67254818255746,-1.00843717718136,-0.249784277968876,0.239491030520182
"pool_crps","estendido","sa","principal","2019Q2","m3",-1.2336124171963,-0.899186967523309,-0.362454663169348,0.242854968460193,0.672278327288722
"pool_crps","estendido","sa","principal","2019Q2","vespera",-1.05328573524501,-0.707423634428666,-0.211793395852772,0.339502263041753,0.711556097363906
"pool_crps","estendido","sa","principal","2019Q3","m1",-1.75883184985796,-1.2183371705081,-0.400036613362398,0.497799540487548,1.04592987580903
"pool_crps","estendido","sa","principal","2019Q3","m2",0.168486090430073,0.632483874827192,1.32309078620814,2.05057672769711,2.51801604800262
"pool_crps","estendido","sa","principal","2019Q3","m3",0.395482420369359,0.774909526541843,1.36178939165129,1.98963528875356,2.40496202425553
"pool_crps","estendido","sa","principal","2019Q3","vespera",0.473976714810028,0.856368026763364,1.38569220118758,1.93711817724148,2.30310105244017
"pool_crps","estendido","sa","principal","2019Q4","m1",0.072929980710661,0.661649959190772,1.5378478745213,2.36683735637171,3.01699315217684
"pool_crps","estendido","sa","principal","2019Q4","m2",0.604089511034143,1.0848042443623,1.76999006685398,2.4952036633956,2.95756511639205
"pool_crps","estendido","sa","principal","2019Q4","m3",0.759180239048233,1.180417166072,1.77555452030188,2.29585361476268,2.63801338399182
"pool_crps","estendido","sa","principal","2019Q4","vespera",0.462214239346728,0.897185454127896,1.42657453824683,1.88958754008012,2.18557587436639
"pool_crps","estendido","sa","principal","2020Q1","m1",0.504697711749614,1.02770822528562,1.88527911897028,2.72981351213092,3.3011668559727
"pool_crps","estendido","sa","principal","2020Q1","m2",0.695573983990725,1.12506439521091,1.80220044689392,2.49428715154589,2.93862036080615
"pool_crps","estendido","sa","principal","2020Q1","m3",1.43540896291781,1.76539375555536,2.26981652341057,2.75725197370866,3.07656549236586
"pool_crps","estendido","sa","principal","2020Q1","vespera",-0.163474801071944,0.125970945770585,0.648390782635577,1.24960722334614,1.61664817494908
"pool_crps","estendido","sa","principal","2020Q2","m1",-0.68233930089976,-0.0382667088946924,1.46683925896535,2.96934790250443,3.70557958756449
"pool_crps","estendido","sa","principal","2020Q2","m2",-11.112744241294,-10.7312751454613,-10.1292804032472,-9.57865098563277,-9.18035344850983
"pool_crps","estendido","sa","principal","2020Q2","m3",-9.41015488007737,-9.03397060776675,-8.19111355212767,-7.31032905908688,-6.8893162794332
"pool_crps","estendido","sa","principal","2020Q2","vespera",-9.62063261881464,-9.32415829732439,-8.50053063162544,-6.23014946610329,-5.86836858481726
"pool_crps","estendido","sa","principal","2020Q3","m1",-4.8986863063418,-4.24203348756377,-3.19675408737441,-2.11263136745229,-1.4065512940034
"pool_crps","estendido","sa","principal","2020Q3","m2",-3.59865669966294,-3.12835376035014,-2.40267745923681,-1.64570384268254,-1.1531040067688
"pool_crps","estendido","sa","principal","2020Q3","m3",-8.49356567445445,-8.05165603518844,-3.29396024928963,-2.30526869744215,-1.90436219007783
"pool_crps","estendido","sa","principal","2020Q3","vespera",-8.52030033694679,-8.10719619818814,-3.42184894283866,-2.59662626963716,-2.21097896977951
"pool_crps","estendido","sa","principal","2020Q4","m1",-8.36300627505738,-7.29069521152145,-3.89523045324219,-0.773479153368787,0.345397913596473
"pool_crps","estendido","sa","principal","2020Q4","m2",-7.63830358470847,-6.90926939705823,-4.2616818046654,-0.961130058005841,-0.267125913931549
"pool_crps","estendido","sa","principal","2020Q4","m3",-2.24435564315175,-1.84207168377188,-1.21548492755449,-0.538015497759807,-0.0919885540530717
"pool_crps","estendido","sa","principal","2020Q4","vespera",-2.61756723833582,-2.24087932165215,-1.61751134496435,-1.02882584610886,-0.623345081190001
"pool_crps","estendido","sa","principal","2021Q1","m1",-3.77053620992072,-2.84842394688996,-1.44521892799233,-0.0623228074066128,0.840105883065221
"pool_crps","estendido","sa","principal","2021Q1","m2",-2.22617287884767,-1.61784390290726,-0.708606519270522,0.257513171876357,0.931206534216069
"pool_crps","estendido","sa","principal","2021Q1","m3",-1.71390851560135,-1.16995736683366,-0.319012576166994,0.458904646815211,0.936172416832126
"pool_crps","estendido","sa","principal","2021Q1","vespera",-0.859512274294156,-0.434743997863276,0.170431776574209,0.775176212165476,1.17002270220838
"pool_crps","estendido","sa","principal","2021Q2","m1",8.9915731251429,10.0142943513747,11.6886792402987,13.2429182862281,14.3224172248282
"pool_crps","estendido","sa","principal","2021Q2","m2",9.43499586500783,10.2201564025546,11.3891058562305,12.4766281420446,13.1567210903098
"pool_crps","estendido","sa","principal","2021Q2","m3",12.8236040894691,13.3511923840417,14.0948796262835,14.7624689222155,15.1903685526598
"pool_crps","estendido","sa","principal","2021Q2","vespera",12.5296170621655,13.0480772079911,13.7152387179915,14.2750729175109,14.6448537742697
"pool_crps","estendido","sa","principal","2021Q3","m1",3.62231352674465,4.69311836654073,6.25321232863107,7.8248017306295,8.83740498516467
"pool_crps","estendido","sa","principal","2021Q3","m2",3.46599111973202,4.21006457112555,5.30995872739154,6.33257552545109,6.92106552217566
"pool_crps","estendido","sa","principal","2021Q3","m3",2.68676414305947,3.13717131709527,3.81212180489116,4.45582803776241,4.85732855661464
"pool_crps","estendido","sa","principal","2021Q3","vespera",2.94741292124141,3.32954128057631,3.90708751499758,4.45675964834857,4.85267666208387
"pool_crps","estendido","sa","principal","2021Q4","m1",-2.51065033999579,-1.44567896899566,0.0578873135338998,1.50791940350104,2.42404205683965
"pool_crps","estendido","sa","principal","2021Q4","m2",-1.40473805340678,-0.659969711221764,0.333672422831444,1.24233873238358,1.81670271637572
"pool_crps","estendido","sa","principal","2021Q4","m3",-0.0883745868383762,0.305071031448255,0.929010319411538,1.5093069211062,1.9040688839624
"pool_crps","estendido","sa","principal","2021Q4","vespera",0.492085649463904,0.842892021762708,1.39266515283468,1.90733236993204,2.24178143447796
"pool_crps","estendido","sa","principal","2022Q1","m1",-1.92720928054481,-1.03146782985108,0.304207861100458,1.66403206655279,2.61258660631242
"pool_crps","estendido","sa","principal","2022Q1","m2",-1.13562653441159,-0.533139429184962,0.359108326672175,1.22361171019504,1.78849517736649
"pool_crps","estendido","sa","principal","2022Q1","m3",0.139351492763695,0.530217597274933,1.13301192265893,1.72629761311654,2.11066032146447
"pool_crps","estendido","sa","principal","2022Q1","vespera",0.406106996386922,0.772504194830697,1.2894834368864,1.80792930428982,2.14376248825573
"pool_crps","estendido","sa","principal","2022Q2","m1",-0.635012680702658,0.236955414782623,1.59598104298723,2.93719701014841,3.8177619274955
"pool_crps","estendido","sa","principal","2022Q2","m2",-0.148786633018023,0.435650878756987,1.32898952181728,2.19261393239987,2.79785761888996
"pool_crps","estendido","sa","principal","2022Q2","m3",1.20739184004475,1.5787441580761,2.16084200841229,2.73606942783163,3.13572187700754
"pool_crps","estendido","sa","principal","2022Q2","vespera",0.963385508683667,1.31657430365249,1.83146816126872,2.34964275139066,2.68024829813417
"pool_crps","estendido","sa","principal","2022Q3","m1",-0.531741350096328,0.341315786237704,1.6482918745188,2.9604129042404,3.88784740638226
"pool_crps","estendido","sa","principal","2022Q3","m2",1.6055183067087,2.13798185358501,3.00196215279357,3.84335943548398,4.44144729891667
"pool_crps","estendido","sa","principal","2022Q3","m3",3.47706398548031,3.90521807041389,4.50649924613201,5.1120865575013,5.50740757239141
"pool_crps","estendido","sa","principal","2022Q3","vespera",3.33124144287791,3.67048944964875,4.21316141568153,4.76101815738454,5.11337224534987
"pool_crps","estendido","sa","principal","2022Q4","m1",1.4682676530615,2.40180091367212,3.73222834197412,5.12601847742423,6.10732605079017
"pool_crps","estendido","sa","principal","2022Q4","m2",1.66908042539216,2.25394672480017,3.18699476886655,4.05150673743483,4.67174714699313
"pool_crps","estendido","sa","principal","2022Q4","m3",2.65094512101331,3.12784092794953,3.75658361110303,4.37292909150381,4.74667936627121
"pool_crps","estendido","sa","principal","2022Q4","vespera",2.97257359414297,3.3508753607814,3.88739804974592,4.44605409704603,4.78910098776968
"pool_crps","estendido","sa","principal","2023Q1","m1",0.80291487145476,1.65036661878294,3.00093690443627,4.37945418838361,5.33258957853122
"pool_crps","estendido","sa","principal","2023Q1","m2",1.29631696203083,1.90162105554393,2.80897210796129,3.70082593714045,4.28534404296749
"pool_crps","estendido","sa","principal","2023Q1","m3",1.58266806726154,2.05345784376706,2.76876075609893,3.4503816500968,3.8924542925539
"pool_crps","estendido","sa","principal","2023Q1","vespera",2.05020231026075,2.42849173925831,3.0613572966626,3.70045727663195,4.10772815445978
"pool_crps","estendido","sa","principal","2023Q2","m1",-0.452573862603336,0.370482786333548,1.72952609387715,3.13539284767732,4.14099749485546
"pool_crps","estendido","sa","principal","2023Q2","m2",-0.155918556752145,0.409228134906709,1.32442070091567,2.2445485597359,2.88057922156124
"pool_crps","estendido","sa","principal","2023Q2","m3",1.72717514321699,2.20192951201365,2.95599370615486,3.71039696616172,4.16580955914468
"pool_crps","estendido","sa","principal","2023Q2","vespera",1.73245732993104,2.17765202713016,2.87735436811223,3.57556298049129,4.01164879112251
"pool_crps","estendido","sa","principal","2023Q3","m1",0.146350826553096,1.05667376888309,2.44071401782876,3.86846456175631,4.80618079787406
"pool_crps","estendido","sa","principal","2023Q3","m2",0.776658658460277,1.37605274344496,2.34099835304843,3.33645025072657,3.96920332116804
"pool_crps","estendido","sa","principal","2023Q3","m3",1.52588097115363,2.00226655927787,2.75102045693024,3.5063630059869,3.98875515057718
"pool_crps","estendido","sa","principal","2023Q3","vespera",1.87098889385093,2.30019970585723,3.0083149144903,3.7181802900231,4.15940568976088
"pool_crps","estendido","sa","principal","2023Q4","m1",0.987399441262965,1.8724110358461,3.20001218982627,4.61860657047994,5.4834653433534
"pool_crps","estendido","sa","principal","2023Q4","m2",2.46012349227277,3.08958320716662,4.07838168778828,5.06622218171457,5.67649511932391
"pool_crps","estendido","sa","principal","2023Q4","m3",1.93553401502131,2.42712014933486,3.19756552243985,3.97536822114762,4.47759866307522
"pool_crps","estendido","sa","principal","2023Q4","vespera",2.13547061872632,2.56783630784357,3.28469215473123,3.99805103001029,4.46541198980836
"pool_crps","estendido","sa","principal","2024Q1","m1",0.0464913554765834,0.88917153711561,2.25204160874981,3.68529936722737,4.72218142716349
"pool_crps","estendido","sa","principal","2024Q1","m2",-0.494590881738252,0.135084468549888,1.10936102969402,2.10489534219552,2.7646550911582
"pool_crps","estendido","sa","principal","2024Q1","m3",-0.477648417843536,0.05042441200096,0.812735399490094,1.58540207041056,2.08501459178068
"pool_crps","estendido","sa","principal","2024Q1","vespera",-0.200115757463936,0.271079050066349,0.993489678794379,1.74551954507045,2.22039359693623
"pool_crps","estendido","sa","principal","2024Q2","m1",-1.34505792537521,-0.458818712279139,0.880017152644985,2.22304155066415,3.0797673359404
"pool_crps","estendido","sa","principal","2024Q2","m2",-0.432865615095531,0.187956936298154,1.18740950843785,2.15747611809925,2.78817842343224
"pool_crps","estendido","sa","principal","2024Q2","m3",0.645800161426364,1.15848222808612,1.90293690470086,2.65001441653189,3.10612308002728
"pool_crps","estendido","sa","principal","2024Q2","vespera",1.34652246691827,1.81964009183686,2.46612527189024,3.15170744524329,3.64088241802517
"pool_crps","estendido","sa","principal","2024Q3","m1",0.611957885136231,1.44736025510587,2.71725906154182,4.08421873973337,5.00202070019158
"pool_crps","estendido","sa","principal","2024Q3","m2",1.03012062077807,1.6782742344273,2.62607227224496,3.56842203620304,4.19046036606158
"pool_crps","estendido","sa","principal","2024Q3","m3",2.56913900138771,3.07317706684343,3.83687582422957,4.55995850140162,5.06017243987593
"pool_crps","estendido","sa","principal","2024Q3","vespera",2.90289135420328,3.3606075410074,4.0101634807045,4.69499830459538,5.12777782973664
"pool_crps","estendido","sa","principal","2024Q4","m1",1.80886854955055,2.66090719610212,4.0261026214149,5.43260814445368,6.35495173863102
"pool_crps","estendido","sa","principal","2024Q4","m2",2.5024739384528,3.13571343314225,4.09120010689772,5.04220213420524,5.64076654148189
"pool_crps","estendido","sa","principal","2024Q4","m3",3.26682471523909,3.74747570125988,4.47130614553205,5.19539265347412,5.66011664264889
"pool_crps","estendido","sa","principal","2024Q4","vespera",3.22094518487219,3.63018393221439,4.30318686941709,4.9582890036757,5.41533620094862
"pool_crps","estendido","sa","principal","2025Q1","m1",-0.598729681162254,0.32705245847399,1.71874275366066,3.07980175417355,3.98854921654308
"pool_crps","estendido","sa","principal","2025Q1","m2",1.22449175659754,1.83636959767815,2.76895740421174,3.72096797585631,4.36265997641815
"pool_crps","estendido","sa","principal","2025Q1","m3",1.12893627445583,1.61559145214447,2.3128139862184,2.99817417563114,3.46368875569731
"pool_crps","estendido","sa","principal","2025Q1","vespera",1.16436130238162,1.56302526008683,2.19201297120106,2.84733407351694,3.2991416654913
"pool_crps","estendido","sa","principal","2025Q2","m1",-1.36353534685115,-0.510249354301424,0.787420641206249,2.05413225307409,2.92964676684168
"pool_crps","estendido","sa","principal","2025Q2","m2",1.24584265090732,1.82883209243628,2.75856946532258,3.71072954087227,4.27426199546563
"pool_crps","estendido","sa","principal","2025Q2","m3",1.44289834101295,1.91029448915938,2.60638389008613,3.2919649213548,3.76129064088401
"pool_crps","estendido","sa","principal","2025Q2","vespera",1.34454885077335,1.76943408285876,2.4176181568785,3.04070558566404,3.45407961046807
"pool_crps","estendido","sa","principal","2025Q3","m1",-0.370126304253061,0.432689339302818,1.77004263128532,3.08865423620704,3.91808478795196
"pool_crps","estendido","sa","principal","2025Q3","m2",0.581296400456309,1.1366765704709,2.06030031257833,2.98277201742085,3.65556677890395
"pool_crps","estendido","sa","principal","2025Q3","m3",1.12458606723091,1.54467174251079,2.14200855633453,2.81063022737436,3.25717257742321
"pool_crps","estendido","sa","principal","2025Q3","vespera",1.28299277772651,1.65617813107123,2.23716643046219,2.82256132817559,3.23370579054913
"pool_crps","estendido","sa","principal","2025Q4","m1",0.0218848320631627,0.816995711430232,2.10084314390462,3.42439933268906,4.29200030494544
"pool_crps","estendido","sa","principal","2025Q4","m2",1.30627146894351,1.82642984040737,2.67618874084961,3.55257505514962,4.2001863142176
"pool_crps","estendido","sa","principal","2025Q4","m3",1.38714810822796,1.82028967239161,2.46674527401718,3.13508395639149,3.58303726657692
"pool_crps","estendido","sa","principal","2025Q4","vespera",1.1482531229446,1.54195353853847,2.15501458441932,2.78534715737558,3.15206583566713
"pool_crps","estendido","sa","principal","2026Q1","m1",-0.720112693559986,0.186552968829029,1.52639948690962,2.85746016000848,3.74336732612676
"pool_crps","estendido","sa","principal","2026Q1","m2",0.247624998709288,0.847256283472879,1.73860348945837,2.70710519720803,3.30393981494937
"pool_crps","estendido","sa","principal","2026Q1","m3",0.312892295771625,0.743810548697095,1.36046558603915,1.96158416364714,2.36267380821366
"pool_crps","estendido","sa","principal","2026Q1","vespera",0.995097671696227,1.3587394126758,1.90576544891422,2.44572532156288,2.81624309322143
"pool_crps","estendido","sa","principal","2026Q2","m1",0.0337829924152588,0.816653926367362,2.07377866031423,3.36475483368223,4.2020319327198
"pool_crps","estendido","sa","principal","2026Q2","m2",0.742698303094749,1.27746301847186,2.10574853025876,2.94570627048042,3.50215431512102
"pool_crps","estendido","sa","principal","2026Q2","m3",0.999773775575353,1.38272222081556,1.97595400844753,2.59405662820478,2.98923774048682
"pool_crps","estendido","sa","principal","2026Q2","vespera",0.995100055075139,1.31904231058006,1.84936109996326,2.35133407939859,2.68807568096822
"pool_igual","core","sa","principal","2019Q1","m1",1.35863306527862,1.89876565800117,2.74001811518966,3.62305906587363,4.21021110053888
"pool_igual","core","sa","principal","2019Q1","m2",0.629477246078882,1.06978561179418,1.69498693737888,2.37789459017168,2.8910216474452
"pool_igual","core","sa","principal","2019Q1","m3",1.09907011593507,1.44305865323763,1.9411473204788,2.50682375166183,2.93733863285625
"pool_igual","core","sa","principal","2019Q1","vespera",0.509990724425007,0.849583497047816,1.30794519779326,1.73301760093884,2.00954396958338
"pool_igual","core","sa","principal","2019Q2","m1",0.0477206585835555,0.521835690306545,1.2873135339399,2.14225095810796,2.73995683905837
"pool_igual","core","sa","principal","2019Q2","m2",-1.84731579040207,-1.35027771574075,-0.613548381968149,0.0869592633053955,0.524665327871987
"pool_igual","core","sa","principal","2019Q2","m3",-1.02922357580362,-0.650013040784487,-0.0716494277063662,0.496250754986667,0.852913718196847
"pool_igual","core","sa","principal","2019Q2","vespera",-0.641079247252888,-0.345856258723949,0.103414485621978,0.551029230918777,0.854968178892741
"pool_igual","core","sa","principal","2019Q3","m1",-1.43266434575542,-0.852647820138186,-0.0183448508532968,0.799124404040941,1.35335577695293
"pool_igual","core","sa","principal","2019Q3","m2",-0.262203293873,0.28571038700074,1.02643118081768,1.70785866131971,2.19859395694448
"pool_igual","core","sa","principal","2019Q3","m3",0.198889520383694,0.598348883609058,1.16035797646563,1.7307735581651,2.13763947552327
"pool_igual","core","sa","principal","2019Q3","vespera",0.563893144620375,0.887989675483015,1.35096079044181,1.82005701534627,2.15279618743157
"pool_igual","core","sa","principal","2019Q4","m1",0.0561177328915264,0.620876182586271,1.45422413485811,2.31765999738764,2.95137356782285
"pool_igual","core","sa","principal","2019Q4","m2",0.264329481384981,0.737523920976375,1.40778510919137,2.16342926810199,2.75691715851546
"pool_igual","core","sa","principal","2019Q4","m3",0.776095082016006,1.10539078425667,1.71770783558132,2.41796030038607,2.88074244995655
"pool_igual","core","sa","principal","2019Q4","vespera",0.738554325801043,1.01541720979571,1.42806132868069,1.83089202662943,2.09880575790962
"pool_igual","core","sa","principal","2020Q1","m1",1.01748630006964,1.52243777931543,2.39217819408848,3.41319399339167,4.11693089873908
"pool_igual","core","sa","principal","2020Q1","m2",0.737151318346383,1.14773070627179,1.80388822503724,2.58167563249052,3.15183058231884
"pool_igual","core","sa","principal","2020Q1","m3",1.28987171920622,1.65692917135091,2.23547165101167,2.89253937083665,3.29999297950304
"pool_igual","core","sa","principal","2020Q1","vespera",-0.228719687014938,0.133828466255102,0.896356203647608,1.78847615361891,2.38136585483252
"pool_igual","core","sa","principal","2020Q2","m1",-4.15929913402263,-3.3455496231947,-2.12354830132762,-0.802401977757013,0.0613983745918255
"pool_igual","core","sa","principal","2020Q2","m2",-11.2599759124805,-10.4350027393457,-9.03153973617181,-6.71019446993653,-4.87166002836177
"pool_igual","core","sa","principal","2020Q2","m3",-13.6035839559412,-13.0583511403425,-6.86991215395684,-5.25173874632789,-3.86115715609625
"pool_igual","core","sa","principal","2020Q2","vespera",-9.35281406254075,-9.04890779062618,-6.91923847599122,-3.95276286841143,-1.40567453293878
"pool_igual","core","sa","principal","2020Q3","m1",-11.535493340212,-10.4247076746282,-4.55858990507316,-2.71890722641211,-1.02817025178171
"pool_igual","core","sa","principal","2020Q3","m2",-3.79919567921808,-3.25428426227528,-2.33708934284738,-0.787459122774773,0.669667383915068
"pool_igual","core","sa","principal","2020Q3","m3",-4.92085007802365,-4.37201486751941,-3.51676060727055,-2.59371919502937,-1.606803660101
"pool_igual","core","sa","principal","2020Q3","vespera",-5.27872071695357,-4.90041263116344,-3.89087104636884,-2.65394826984977,-1.49860280348132
"pool_igual","core","sa","principal","2020Q4","m1",-5.21834510041888,-4.16587800540589,-2.59139814311284,-1.05311787942229,-0.0624673763237397
"pool_igual","core","sa","principal","2020Q4","m2",-3.50867306362708,-2.60814485987939,-1.29180331887638,-0.0696476177841285,0.773588595467637
"pool_igual","core","sa","principal","2020Q4","m3",-1.75923478333689,-1.20229355573232,-0.423256559422042,0.388390975527801,0.977020717852623
"pool_igual","core","sa","principal","2020Q4","vespera",-1.92280719729006,-1.44053115234326,-0.744805099960372,0.0118719257776884,0.613040930994807
"pool_igual","core","sa","principal","2021Q1","m1",-4.51572941406006,-3.13981796877276,-1.30674521031483,0.294978055614492,1.34647505627744
"pool_igual","core","sa","principal","2021Q1","m2",-3.02658562040313,-2.0465717946101,-0.770268246505945,0.385148967347725,1.09371370960189
"pool_igual","core","sa","principal","2021Q1","m3",-1.46441337762086,-0.808676504675407,0.198845268895398,1.04825283916699,1.53991188945978
"pool_igual","core","sa","principal","2021Q1","vespera",-1.44602971902918,-0.883126180679172,0.0517591283268004,0.868573581906933,1.29912936285128
"pool_igual","core","sa","principal","2021Q2","m1",9.30941716959716,10.5013197895865,12.3457290579079,14.1617552268936,15.2970547807479
"pool_igual","core","sa","principal","2021Q2","m2",8.80175179458726,9.72525041738233,11.2778095957397,12.7606825142317,13.5828526958074
"pool_igual","core","sa","principal","2021Q2","m3",13.6138306379124,14.1326377983663,14.931681274152,15.8961241861982,16.5270875891157
"pool_igual","core","sa","principal","2021Q2","vespera",13.2344432371294,13.6739655914966,14.3558575949515,15.4830797275981,16.1704379416865
"pool_igual","core","sa","principal","2021Q3","m1",4.86047760444455,5.91716979605084,7.56048569003941,9.26793651438686,10.4356048377872
"pool_igual","core","sa","principal","2021Q3","m2",5.11524427539343,5.83628331660033,7.09714071136651,8.58817061675803,9.4973259729073
"pool_igual","core","sa","principal","2021Q3","m3",3.11612081404973,3.61345773173098,4.33820662044,5.01247767083744,5.46449280292479
"pool_igual","core","sa","principal","2021Q3","vespera",3.30633653230304,3.67004307998603,4.17457610002675,4.66564635925351,5.01822917926655
"pool_igual","core","sa","principal","2021Q4","m1",-1.90576982483786,-1.010846951471,0.398880343812502,1.79469244868396,2.71201192459909
"pool_igual","core","sa","principal","2021Q4","m2",-0.82329270078516,-0.15944544292038,0.800119862874193,1.75081584826346,2.37959585849339
"pool_igual","core","sa","principal","2021Q4","m3",-0.251397439402173,0.227464982420114,0.892867598291402,1.55904622136003,1.99815672547832
"pool_igual","core","sa","principal","2021Q4","vespera",0.428545921045603,0.833856179124858,1.40720959986395,1.97155809543987,2.34836696167852
"pool_igual","core","sa","principal","2022Q1","m1",-2.19798886618212,-1.32647652785303,0.0293027308245652,1.36990539659435,2.23736401835967
"pool_igual","core","sa","principal","2022Q1","m2",-0.474555643329466,0.156923042154254,1.09304498032922,2.05976185203373,2.72650004345795
"pool_igual","core","sa","principal","2022Q1","m3",0.0299770850903169,0.482607292152814,1.12639733235771,1.76378392264177,2.1943056041141
"pool_igual","core","sa","principal","2022Q1","vespera",0.658401477419055,1.02823118160164,1.55448193990646,2.0674178559012,2.43556840972436
"pool_igual","core","sa","principal","2022Q2","m1",-0.814895393441469,0.103181514237429,1.48959827358967,2.85320874549756,3.74713866252093
"pool_igual","core","sa","principal","2022Q2","m2",0.299018791722168,0.908351212927959,1.81009342190057,2.76018325274955,3.42610467505344
"pool_igual","core","sa","principal","2022Q2","m3",1.6276434844038,2.06741550571865,2.73319879137029,3.4543321893336,3.96415617551033
"pool_igual","core","sa","principal","2022Q2","vespera",1.38073039239958,1.73777311336699,2.2722836799442,2.85475228292779,3.28933062189762
"pool_igual","core","sa","principal","2022Q3","m1",0.192666484984579,1.04265809595255,2.40130301219945,3.78004544335812,4.72668335159257
"pool_igual","core","sa","principal","2022Q3","m2",1.58155206295819,2.25963849823471,3.28061482869532,4.29778585236616,4.97204057012439
"pool_igual","core","sa","principal","2022Q3","m3",3.34829699095661,3.79136467222191,4.43983853878893,5.08086516458933,5.51038199673729
"pool_igual","core","sa","principal","2022Q3","vespera",3.32651430538728,3.69923228109846,4.25470537267765,4.7866814616838,5.11609077951373
"pool_igual","core","sa","principal","2022Q4","m1",1.22645375210776,2.15831143332938,3.57622292577884,4.99841252128438,5.9415617100146
"pool_igual","core","sa","principal","2022Q4","m2",1.16546112075985,1.85079701485553,2.88441434627613,3.92207557495579,4.58935399920815
"pool_igual","core","sa","principal","2022Q4","m3",2.4295598173988,2.86487162973505,3.50296760877898,4.15176915331616,4.59544495214285
"pool_igual","core","sa","principal","2022Q4","vespera",2.69470765814631,3.05625215782171,3.60078429353377,4.14418208341093,4.51986369585379
"pool_igual","core","sa","principal","2023Q1","m1",0.575364382814525,1.47131151091121,2.79949797622621,4.17500573744455,5.09667330731199
"pool_igual","core","sa","principal","2023Q1","m2",0.840831600090741,1.49265959689949,2.42770981805647,3.39434292624644,4.03120841571898
"pool_igual","core","sa","principal","2023Q1","m3",1.64693947011105,2.16995309866023,2.94504875061065,3.70287337037843,4.19590494701719
"pool_igual","core","sa","principal","2023Q1","vespera",2.50192195017341,2.92456551629457,3.67647568993783,4.82052551366635,5.36482694314322
"pool_igual","core","sa","principal","2023Q2","m1",-0.465687158467434,0.410789681329568,1.75986936526649,3.15637003959692,4.09699112552505
"pool_igual","core","sa","principal","2023Q2","m2",0.806355033422174,1.4526406909355,2.55947789548807,3.93473569523531,4.84892007980276
"pool_igual","core","sa","principal","2023Q2","m3",1.68895071261467,2.25748924585321,3.09663488865034,3.96085110715744,4.55523380799282
"pool_igual","core","sa","principal","2023Q2","vespera",1.84592045792071,2.27917819237209,2.98464157584348,3.67487929380601,4.14049670636141
"pool_igual","core","sa","principal","2023Q3","m1",-0.555029329310954,0.373105781260661,1.69607694555793,3.0650134107948,3.9843802753752
"pool_igual","core","sa","principal","2023Q3","m2",0.591948533603569,1.31462529351053,2.38933414509779,3.49830472179913,4.28511812772372
"pool_igual","core","sa","principal","2023Q3","m3",0.866813849520178,1.42619838744211,2.30982799726029,3.17633759354909,3.75343972720481
"pool_igual","core","sa","principal","2023Q3","vespera",1.43866148304232,1.88308238194999,2.59793847080437,3.35145510312628,3.87010878919167
"pool_igual","core","sa","principal","2023Q4","m1",0.757408127942912,1.68292552465511,3.08853108662728,4.5235403563065,5.46475709865917
"pool_igual","core","sa","principal","2023Q4","m2",2.35776994084971,3.03932217381498,4.06266563349651,5.07189311376861,5.76352996970807
"pool_igual","core","sa","principal","2023Q4","m3",1.90500303803576,2.44744077775282,3.29409773538495,4.08334166398196,4.62434967721367
"pool_igual","core","sa","principal","2023Q4","vespera",2.16632965162362,2.65026352360949,3.35669250428914,4.05287484581023,4.50556478562193
"pool_igual","core","sa","principal","2024Q1","m1",-0.347501195882184,0.532387480600194,1.83718484379535,3.22578526201171,4.10570624059907
"pool_igual","core","sa","principal","2024Q1","m2",-0.552712571521722,0.159648848475925,1.26273929724083,2.32995403021073,3.03840648186828
"pool_igual","core","sa","principal","2024Q1","m3",-0.166988660983149,0.343854610188527,1.11324278735339,1.88056600372242,2.39592006388544
"pool_igual","core","sa","principal","2024Q1","vespera",0.124950243331433,0.615021897983458,1.3184715653301,2.00930102147983,2.4692412015441
"pool_igual","core","sa","principal","2024Q2","m1",-0.703513892272818,0.16424638805647,1.48905008803325,2.84744421064153,3.77340452888831
"pool_igual","core","sa","principal","2024Q2","m2",0.0680299966521281,0.731925379919012,1.72874679542372,2.73773335540358,3.44925304466775
"pool_igual","core","sa","principal","2024Q2","m3",0.995416410340787,1.50506719198758,2.23337032742208,2.96885966355514,3.44800124326725
"pool_igual","core","sa","principal","2024Q2","vespera",1.443729024855,1.89866688516357,2.52429469172556,3.15204189701944,3.57614271431995
"pool_igual","core","sa","principal","2024Q3","m1",0.870635160633496,1.73961664038334,3.11755129948762,4.52363078381441,5.45108888052485
"pool_igual","core","sa","principal","2024Q3","m2",1.71242456732843,2.38040855880344,3.33626031233888,4.32993729223327,4.99788697585606
"pool_igual","core","sa","principal","2024Q3","m3",2.91604263924539,3.39417663154251,4.09912924811074,4.81757175339915,5.31047614366009
"pool_igual","core","sa","principal","2024Q3","vespera",3.1170043504865,3.57043802926425,4.19851496134666,4.81176854758984,5.20356673159279
"pool_igual","core","sa","principal","2024Q4","m1",2.05699577374781,2.94073584029821,4.25584096391854,5.58044010241937,6.50331704366406
"pool_igual","core","sa","principal","2024Q4","m2",2.92037964710319,3.54907464133183,4.51974278553574,5.52973243535725,6.17569184418429
"pool_igual","core","sa","principal","2024Q4","m3",3.58071230485491,4.05091523218283,4.75756421536574,5.47822523714307,5.96261812926579
"pool_igual","core","sa","principal","2024Q4","vespera",3.24354588910332,3.66291701150857,4.25427689792015,4.85330941302854,5.26453503859415
"pool_igual","core","sa","principal","2025Q1","m1",0.170027449524322,0.988932745706899,2.31043739650008,3.66230913918519,4.55694286432728
"pool_igual","core","sa","principal","2025Q1","m2",0.778290865575211,1.43200273728168,2.41751994124413,3.42231344375582,4.09318120886572
"pool_igual","core","sa","principal","2025Q1","m3",1.19486949154345,1.69044412194787,2.42920708991206,3.15584905524063,3.63632451328866
"pool_igual","core","sa","principal","2025Q1","vespera",1.38353075761124,1.82979699951401,2.48976268017935,3.08708409027809,3.47455542920678
"pool_igual","core","sa","principal","2025Q2","m1",-0.772808630826713,0.0512939824535304,1.3607005712252,2.72116284441408,3.59751047149776
"pool_igual","core","sa","principal","2025Q2","m2",1.30594865406484,1.93246335956373,2.89226886790332,3.84946762589819,4.45969576423117
"pool_igual","core","sa","principal","2025Q2","m3",1.4659839095245,1.91573743032107,2.63021712312513,3.37514347963011,3.87614643562975
"pool_igual","core","sa","principal","2025Q2","vespera",1.37429449961191,1.7701878077792,2.36015187147721,2.98286281794758,3.41337272863279
"pool_igual","core","sa","principal","2025Q3","m1",-0.166247183076282,0.684689787052916,1.96815158932666,3.29957622676677,4.17675928884413
"pool_igual","core","sa","principal","2025Q3","m2",0.306878918029115,0.934366885270424,1.91849060376531,2.92371819907819,3.62955702297669
"pool_igual","core","sa","principal","2025Q3","m3",0.89183002408796,1.32567943467717,1.92331307450191,2.55427500083708,3.00886477085185
"pool_igual","core","sa","principal","2025Q3","vespera",1.22300685025138,1.59229025732329,2.10209698201389,2.60661001594427,3.00341523924024
"pool_igual","core","sa","principal","2025Q4","m1",-0.156054318217815,0.668692312927096,1.94011597769306,3.23316947965134,4.11854266059156
"pool_igual","core","sa","principal","2025Q4","m2",0.824796831311788,1.37635699681976,2.24637983646563,3.16625057445192,3.79364041732207
"pool_igual","core","sa","principal","2025Q4","m3",1.27018613549229,1.72204093841401,2.3922222956916,3.10526384957151,3.57599282551094
"pool_igual","core","sa","principal","2025Q4","vespera",1.1967060323139,1.56582625380968,2.14292297271187,2.75656627005975,3.17183603658267
"pool_igual","core","sa","principal","2026Q1","m1",-0.0774541609186284,0.81974928761132,2.15399054744049,3.50364334538692,4.39948543968235
"pool_igual","core","sa","principal","2026Q1","m2",-0.0830785457984112,0.553281623861707,1.56753637496166,2.58339935855223,3.2296439790356
"pool_igual","core","sa","principal","2026Q1","m3",0.439203068587072,0.836047653263181,1.41076511875714,2.00653244168211,2.4470405400146
"pool_igual","core","sa","principal","2026Q1","vespera",1.16847598727977,1.52472852617588,2.00999505980456,2.49110019551551,2.84295744618406
"pool_igual","core","sa","principal","2026Q2","m1",0.465929175476428,1.28504948629965,2.61614504500456,3.9930071760473,4.91838921697286
"pool_igual","core","sa","principal","2026Q2","m2",0.59477897827817,1.15775641683315,2.03333520303842,2.92761405084791,3.5339883631495
"pool_igual","core","sa","principal","2026Q2","m3",1.3876029376679,1.79843493837429,2.43679543348017,3.08008159822969,3.48910635620676
"pool_igual","core","sa","principal","2026Q2","vespera",1.20336816308512,1.53652189464837,2.04333313113421,2.55651382655036,2.86103390841949
"pool_igual","estendido","sa","principal","2019Q1","m1",1.67601723204099,2.26019064699329,3.16331966230085,4.05812606242668,4.65954295235947
"pool_igual","estendido","sa","principal","2019Q1","m2",0.89469023460243,1.31487416331052,1.97556323630304,2.64658984566945,3.08814041693191
"pool_igual","estendido","sa","principal","2019Q1","m3",1.1722849366404,1.53230551772548,2.10546545559814,2.65729085117947,3.02450324522362
"pool_igual","estendido","sa","principal","2019Q1","vespera",0.606393509991907,0.971807851344211,1.47502381744943,1.97833835024024,2.32787325355445
"pool_igual","estendido","sa","principal","2019Q2","m1",0.150502551886618,0.667238180836122,1.45132771907214,2.24544455515418,2.7795399329328
"pool_igual","estendido","sa","principal","2019Q2","m2",-2.08817457248802,-1.6666059314166,-1.00764818697838,-0.257847799487161,0.252772824857231
"pool_igual","estendido","sa","principal","2019Q2","m3",-1.25392858982485,-0.919958446258657,-0.377435841072082,0.216531184580221,0.626460416459827
"pool_igual","estendido","sa","principal","2019Q2","vespera",-1.03903408680095,-0.703822062643423,-0.206352168927276,0.327081289582952,0.693272606252502
"pool_igual","estendido","sa","principal","2019Q3","m1",-1.75839057876479,-1.23674514879276,-0.409941246408807,0.457513034973188,1.0188717238678
"pool_igual","estendido","sa","principal","2019Q3","m2",0.174354787252691,0.633312906917243,1.32533330186587,2.04266393589295,2.49850483955944
"pool_igual","estendido","sa","principal","2019Q3","m3",0.381579112691393,0.756126855120471,1.35859981671052,1.98223541248365,2.38838716961225
"pool_igual","estendido","sa","principal","2019Q3","vespera",0.459272713032606,0.834861385008073,1.38180504489216,1.92005855991551,2.27924377844027
"pool_igual","estendido","sa","principal","2019Q4","m1",0.0860584061600834,0.665065661988973,1.54561088576091,2.39058201228864,2.96793382777404
"pool_igual","estendido","sa","principal","2019Q4","m2",0.588704297783216,1.07150627826617,1.7633053239167,2.48968510578497,2.95485559770615
"pool_igual","estendido","sa","principal","2019Q4","m3",0.721977038027449,1.14807686066813,1.76030716291294,2.30091276992054,2.64405366120658
"pool_igual","estendido","sa","principal","2019Q4","vespera",0.454342717400933,0.882086967172057,1.4188051459626,1.87596178967647,2.1786119503054
"pool_igual","estendido","sa","principal","2020Q1","m1",0.474602840203645,1.00756440140274,1.84869254061251,2.69517845963626,3.28546852716827
"pool_igual","estendido","sa","principal","2020Q1","m2",0.69250251145069,1.12405398947735,1.80572818604807,2.50459736455868,2.95087473664482
"pool_igual","estendido","sa","principal","2020Q1","m3",1.43463269624675,1.76710175221283,2.26707668121812,2.75822062234022,3.09260937210443
"pool_igual","estendido","sa","principal","2020Q1","vespera",-0.166032905730774,0.142570556610041,0.664484248737385,1.2647335990364,1.61873469118518
"pool_igual","estendido","sa","principal","2020Q2","m1",-0.712655685945254,-0.0918415275208941,1.31038147072756,2.90677303270363,3.64891685152332
"pool_igual","estendido","sa","principal","2020Q2","m2",-11.1358505180743,-10.733129135207,-10.1279223319244,-9.57431640257564,-9.18404939285964
"pool_igual","estendido","sa","principal","2020Q2","m3",-9.387870381578,-8.99286501552277,-8.11203932813914,-7.28934117925778,-6.88933663078081
"pool_igual","estendido","sa","principal","2020Q2","vespera",-9.62113230625778,-9.31138616337841,-7.85313629543993,-6.19924655699653,-5.84108133248979
"pool_igual","estendido","sa","principal","2020Q3","m1",-4.90784531630611,-4.25156084796883,-3.21468006794711,-2.15073734666796,-1.44023245759078
"pool_igual","estendido","sa","principal","2020Q3","m2",-3.62237803514992,-3.14244147431774,-2.41794738066468,-1.65784582863912,-1.17752454761826
"pool_igual","estendido","sa","principal","2020Q3","m3",-8.53619518692902,-8.10412685759478,-5.27508853719808,-2.33914200244095,-1.92299455674571
"pool_igual","estendido","sa","principal","2020Q3","vespera",-8.5967624498574,-8.18566629757808,-5.59034472303761,-2.65211220643586,-2.24155096466459
"pool_igual","estendido","sa","principal","2020Q4","m1",-8.38731147267999,-7.34177065327756,-4.14725966689234,-0.868172806429979,0.265666699901839
"pool_igual","estendido","sa","principal","2020Q4","m2",-7.6259678098361,-6.90617743510429,-3.72746172793476,-0.924775455516105,-0.248388461491277
"pool_igual","estendido","sa","principal","2020Q4","m3",-2.23496344403517,-1.83811915847492,-1.19564316018461,-0.523580698171817,-0.0762036186381483
"pool_igual","estendido","sa","principal","2020Q4","vespera",-2.65322780707013,-2.27509257821266,-1.66062837898234,-1.06223889492062,-0.654817159682217
"pool_igual","estendido","sa","principal","2021Q1","m1",-3.7817214954372,-2.85847571895836,-1.44969307317832,-0.0681049055906207,0.854833814038108
"pool_igual","estendido","sa","principal","2021Q1","m2",-2.23114414988019,-1.62789614583417,-0.708854799308156,0.248236204727272,0.930176908563396
"pool_igual","estendido","sa","principal","2021Q1","m3",-1.77788602338368,-1.25634136985722,-0.416143534622992,0.370534990416654,0.860949335521321
"pool_igual","estendido","sa","principal","2021Q1","vespera",-0.94641824866258,-0.515606000915446,0.120623266345643,0.734542842318619,1.13436890140004
"pool_igual","estendido","sa","principal","2021Q2","m1",8.89072298093327,9.99460385921895,11.6420142820654,13.2469470550138,14.3176166918747
"pool_igual","estendido","sa","principal","2021Q2","m2",9.359483624576,10.1582768141988,11.3378752942074,12.4507752995438,13.1557608069002
"pool_igual","estendido","sa","principal","2021Q2","m3",12.7383619553905,13.2828914643907,14.0480698989174,14.7360791838889,15.1825055821738
"pool_igual","estendido","sa","principal","2021Q2","vespera",12.3786366421353,12.9230242391395,13.6527562876667,14.2544498067025,14.6260029220359
"pool_igual","estendido","sa","principal","2021Q3","m1",3.63675914415457,4.66400448480864,6.24839446788525,7.79482448846932,8.83168622081031
"pool_igual","estendido","sa","principal","2021Q3","m2",3.38862716176754,4.15743193345488,5.25863908528584,6.31323469264975,6.93631943991669
"pool_igual","estendido","sa","principal","2021Q3","m3",2.63407144593798,3.08559884651896,3.76455931586136,4.41999664920682,4.81415135295955
"pool_igual","estendido","sa","principal","2021Q3","vespera",2.88637526024263,3.27601560636355,3.85546039919307,4.41442697798459,4.78089662023566
"pool_igual","estendido","sa","principal","2021Q4","m1",-2.5271181994478,-1.52631196198048,-0.00563475355745413,1.45534075551685,2.37090264210013
"pool_igual","estendido","sa","principal","2021Q4","m2",-1.44644373685819,-0.74458585902167,0.278656763901841,1.22863891529942,1.78519285104539
"pool_igual","estendido","sa","principal","2021Q4","m3",-0.158589960810266,0.270152356295045,0.899532673944148,1.50190968505099,1.91803995611948
"pool_igual","estendido","sa","principal","2021Q4","vespera",0.454108162042409,0.827539585100276,1.38181870630053,1.92338074370493,2.26165484132213
"pool_igual","estendido","sa","principal","2022Q1","m1",-1.91908924191063,-1.03347077191133,0.305281337876784,1.67536352153627,2.59696550807439
"pool_igual","estendido","sa","principal","2022Q1","m2",-1.15570763430953,-0.566695269454016,0.334189970839283,1.21320635751113,1.76836427052561
"pool_igual","estendido","sa","principal","2022Q1","m3",0.124887663729781,0.515895528988731,1.12336245333049,1.73018868687824,2.13367294682675
"pool_igual","estendido","sa","principal","2022Q1","vespera",0.406281804772027,0.758517810105682,1.28400435045837,1.8266441113038,2.16811575127633
"pool_igual","estendido","sa","principal","2022Q2","m1",-0.676072364795251,0.207839472613575,1.5671296002231,2.93199057368526,3.8177619274955
"pool_igual","estendido","sa","principal","2022Q2","m2",-0.184964351437279,0.412224874176162,1.30569850118968,2.18382913779412,2.77112543604891
"pool_igual","estendido","sa","principal","2022Q2","m3",1.18933445776977,1.56776416136848,2.15699948146397,2.74563781644999,3.14774745969391
"pool_igual","estendido","sa","principal","2022Q2","vespera",0.924797493686171,1.28302710285063,1.81258230464785,2.33734461359726,2.6765568196049
"pool_igual","estendido","sa","principal","2022Q3","m1",-0.553677651288014,0.310003845705128,1.65796518624829,2.95457421944726,3.88691524236003
"pool_igual","estendido","sa","principal","2022Q3","m2",1.56769890355463,2.12790954243753,3.01383447503111,3.87198891388719,4.45291727466114
"pool_igual","estendido","sa","principal","2022Q3","m3",3.44558245137537,3.86472887372349,4.47394891229649,5.10268517522642,5.5008302418909
"pool_igual","estendido","sa","principal","2022Q3","vespera",3.27672593253645,3.63433891608935,4.18699431801046,4.74074361057085,5.10259370449291
"pool_igual","estendido","sa","principal","2022Q4","m1",1.45143379656749,2.38521910571948,3.74853631840133,5.15591018420598,6.13596795798336
"pool_igual","estendido","sa","principal","2022Q4","m2",1.64298478211804,2.25070290530057,3.17608957496577,4.04603979093723,4.66058971131489
"pool_igual","estendido","sa","principal","2022Q4","m3",2.63108047222297,3.08738345805229,3.74030291260333,4.36839599511643,4.75207247892137
"pool_igual","estendido","sa","principal","2022Q4","vespera",2.95064846189893,3.32704605074797,3.86929604285816,4.42527011315608,4.78751194178008
"pool_igual","estendido","sa","principal","2023Q1","m1",0.704738380058762,1.62456848321775,2.98894553186305,4.34339489092797,5.26358878804912
"pool_igual","estendido","sa","principal","2023Q1","m2",1.26502853229222,1.86986126434617,2.78851824995535,3.68853362393569,4.28534404296749
"pool_igual","estendido","sa","principal","2023Q1","m3",1.58369757475497,2.03155105632367,2.73106269860574,3.41451397971374,3.87837142530156
"pool_igual","estendido","sa","principal","2023Q1","vespera",2.05050730200962,2.44310740135703,3.06164106397754,3.69203952829565,4.08382663600742
"pool_igual","estendido","sa","principal","2023Q2","m1",-0.473631078740892,0.370048370696854,1.73409092725543,3.17015814032811,4.18349454623677
"pool_igual","estendido","sa","principal","2023Q2","m2",-0.171750107927803,0.422020093824126,1.32734456550802,2.25361676334675,2.92176060850566
"pool_igual","estendido","sa","principal","2023Q2","m3",1.73214617734528,2.21072590529954,2.97250424340531,3.72691470854605,4.22201680557632
"pool_igual","estendido","sa","principal","2023Q2","vespera",1.72831582160749,2.19252115335899,2.8892405036359,3.5925413941705,4.03034269994718
"pool_igual","estendido","sa","principal","2023Q3","m1",0.217961273380146,1.09697747633463,2.45409094879134,3.87906573857224,4.85945348001623
"pool_igual","estendido","sa","principal","2023Q3","m2",0.748310563824213,1.38704953013156,2.35164395634617,3.36584822032371,4.00945216519991
"pool_igual","estendido","sa","principal","2023Q3","m3",1.4970424106717,1.96975432553638,2.74127555382315,3.48936962034361,3.99456753346884
"pool_igual","estendido","sa","principal","2023Q3","vespera",1.84226867982485,2.27742603180105,2.99221295018137,3.72031746351049,4.17637712926123
"pool_igual","estendido","sa","principal","2023Q4","m1",0.937254829216042,1.86344110427589,3.22541836499763,4.60579688544495,5.51546354547243
"pool_igual","estendido","sa","principal","2023Q4","m2",2.465306283249,3.09163482718345,4.07574632741468,5.0575616512073,5.66253188930167
"pool_igual","estendido","sa","principal","2023Q4","m3",1.95411202280074,2.4560851279486,3.22261711994862,3.9857502017327,4.49611957886279
"pool_igual","estendido","sa","principal","2023Q4","vespera",2.13161444050858,2.57318261907891,3.3001091972795,4.01689871103707,4.48897679672185
"pool_igual","estendido","sa","principal","2024Q1","m1",0.0279937002511212,0.916073883234526,2.27291681660992,3.71196653839095,4.70885200294113
"pool_igual","estendido","sa","principal","2024Q1","m2",-0.536877644439381,0.114341744215429,1.09806499542782,2.08124079731112,2.73679901014918
"pool_igual","estendido","sa","principal","2024Q1","m3",-0.488309041557118,0.0259965668224292,0.784669425559337,1.56621639372908,2.06177628498723
"pool_igual","estendido","sa","principal","2024Q1","vespera",-0.195825680537817,0.2837271090979,0.987224486738392,1.73156835747749,2.20703593569236
"pool_igual","estendido","sa","principal","2024Q2","m1",-1.37853355669127,-0.467732419283922,0.897988090640389,2.25630966736931,3.14507664822402
"pool_igual","estendido","sa","principal","2024Q2","m2",-0.4181996387432,0.205372107748786,1.18140257622431,2.15841561440639,2.83440342687893
"pool_igual","estendido","sa","principal","2024Q2","m3",0.609701699707632,1.11894938406382,1.8801929958269,2.63420023871372,3.09352108059126
"pool_igual","estendido","sa","principal","2024Q2","vespera",1.34372926949652,1.79643167508419,2.467275813657,3.16964343389603,3.65831425684507
"pool_igual","estendido","sa","principal","2024Q3","m1",0.574176276512347,1.46152563238103,2.74996201871839,4.12499889388558,5.04910309762035
"pool_igual","estendido","sa","principal","2024Q3","m2",1.00452253040158,1.65327630078929,2.625759784563,3.57277384881404,4.20205154577367
"pool_igual","estendido","sa","principal","2024Q3","m3",2.55105771213408,3.05055161710275,3.81294072571717,4.53888071867873,5.03996326848745
"pool_igual","estendido","sa","principal","2024Q3","vespera",2.89031252434929,3.32058615578609,3.98795026195354,4.6639082534072,5.11405776227047
"pool_igual","estendido","sa","principal","2024Q4","m1",1.75824387675858,2.63230877992138,4.00466680898485,5.39752389788486,6.29284010165906
"pool_igual","estendido","sa","principal","2024Q4","m2",2.46268321095947,3.12079742962652,4.08794897831851,5.02426399239932,5.62844393787411
"pool_igual","estendido","sa","principal","2024Q4","m3",3.25737017168867,3.74030529271409,4.44825354125777,5.18761470868365,5.66693063300494
"pool_igual","estendido","sa","principal","2024Q4","vespera",3.18232493183225,3.62357776362823,4.29659889298424,4.94751710967709,5.3910451740405
"pool_igual","estendido","sa","principal","2025Q1","m1",-0.61368980253583,0.325043142711823,1.71752781089696,3.07966620446017,3.98854921654308
"pool_igual","estendido","sa","principal","2025Q1","m2",1.18696879166764,1.83857597920154,2.78203418421074,3.72231567516243,4.36040121547012
"pool_igual","estendido","sa","principal","2025Q1","m3",1.1559580111286,1.61887170057338,2.31615563899152,3.00214709993575,3.47047577635909
"pool_igual","estendido","sa","principal","2025Q1","vespera",1.12791557274405,1.54670507441908,2.19036479553519,2.84417477621953,3.2750096319849
"pool_igual","estendido","sa","principal","2025Q2","m1",-1.42396585801853,-0.530488265238545,0.770694882890366,2.0710425177983,2.92866713036405
"pool_igual","estendido","sa","principal","2025Q2","m2",1.25040719429747,1.84382646460779,2.77914049483096,3.71589062960703,4.29577116893403
"pool_igual","estendido","sa","principal","2025Q2","m3",1.44383785806866,1.91343697565002,2.60797817059076,3.30252177411378,3.78242472441816
"pool_igual","estendido","sa","principal","2025Q2","vespera",1.33458436043818,1.75936176721047,2.39779946564296,3.04324511800546,3.46510936513108
"pool_igual","estendido","sa","principal","2025Q3","m1",-0.40318795411761,0.427175447269304,1.73698488485496,3.07726995678053,3.90542228527901
"pool_igual","estendido","sa","principal","2025Q3","m2",0.565160832324607,1.15673134900998,2.07842667888776,3.01910586625273,3.66862682715082
"pool_igual","estendido","sa","principal","2025Q3","m3",1.09614696897808,1.53706572435703,2.15335918110134,2.82619088608701,3.26992468541626
"pool_igual","estendido","sa","principal","2025Q3","vespera",1.27870139618399,1.65069234843956,2.23791402197218,2.84357957790922,3.25331041809729
"pool_igual","estendido","sa","principal","2025Q4","m1",0.00984531048172537,0.825107690025436,2.08622870640053,3.39380054407073,4.27647572713838
"pool_igual","estendido","sa","principal","2025Q4","m2",1.31044587319665,1.82675250135144,2.69404324997149,3.58560694871671,4.24552003665304
"pool_igual","estendido","sa","principal","2025Q4","m3",1.38221912299571,1.81740051366532,2.45612814067964,3.12998246506581,3.56378119804507
"pool_igual","estendido","sa","principal","2025Q4","vespera",1.12963688139212,1.52505743487089,2.12792350664559,2.74921906037065,3.12932676999833
"pool_igual","estendido","sa","principal","2026Q1","m1",-0.758046789045458,0.149295885768629,1.50503346079262,2.82092536439705,3.70584567632081
"pool_igual","estendido","sa","principal","2026Q1","m2",0.252149884920538,0.851360310292715,1.74270219567246,2.70300041612092,3.31663888914103
"pool_igual","estendido","sa","principal","2026Q1","m3",0.293756316348998,0.725015595621542,1.36445013792632,1.97783769942027,2.37581946801466
"pool_igual","estendido","sa","principal","2026Q1","vespera",0.982619994573565,1.34717548309235,1.90541202740565,2.46193138856067,2.83994201258038
"pool_igual","estendido","sa","principal","2026Q2","m1",-0.0157760604748496,0.792959118305736,2.06724418192629,3.3727156974704,4.23169753195677
"pool_igual","estendido","sa","principal","2026Q2","m2",0.718104842923348,1.2567670751123,2.09275957889636,2.94471522005544,3.48478317844039
"pool_igual","estendido","sa","principal","2026Q2","m3",0.99069618866046,1.3818270372394,1.98076296789792,2.58332308967341,2.9675736864266
"pool_igual","estendido","sa","principal","2026Q2","vespera",0.977745950288844,1.31273789571428,1.84441211573971,2.35058622263366,2.69617849454403
"sarima","core","sa","principal","2019Q1","m1",0.358783603548619,1.05010577761906,2.10714034842809,3.16417491923713,3.85549709330757
"sarima","core","sa","principal","2019Q1","m2",-0.462738267457171,-0.00401893282567745,0.697364898317865,1.39874872946141,1.8574680640929
"sarima","core","sa","principal","2019Q1","m3",-0.462738267457171,-0.00401893282567745,0.697364898317865,1.39874872946141,1.8574680640929
"sarima","core","sa","principal","2019Q1","vespera",-0.462738267457171,-0.00401893282567745,0.697364898317865,1.39874872946141,1.8574680640929
"sarima","core","sa","principal","2019Q2","m1",-1.71704245039555,-1.10944061168613,-0.180414792911299,0.748611025863535,1.35621286457295
"sarima","core","sa","principal","2019Q2","m2",-1.51134094891729,-0.987971932168494,-0.187738459637865,0.612495012892764,1.13586402964156
"sarima","core","sa","principal","2019Q2","m3",-1.51134094891729,-0.987971932168494,-0.187738459637865,0.612495012892764,1.13586402964156
"sarima","core","sa","principal","2019Q2","vespera",-1.51134094891729,-0.987971932168494,-0.187738459637865,0.612495012892764,1.13586402964156
"sarima","core","sa","principal","2019Q3","m1",-2.03388254205395,-1.37015212750812,-0.355305475416112,0.659541176675899,1.32327159122173
"sarima","core","sa","principal","2019Q3","m2",-0.137361210796938,0.417106625817075,1.26489032737529,2.1126740289335,2.66714186554752
"sarima","core","sa","principal","2019Q3","m3",-0.137361210796938,0.417106625817075,1.26489032737529,2.1126740289335,2.66714186554752
"sarima","core","sa","principal","2019Q3","vespera",-0.137361210796938,0.417106625817075,1.26489032737529,2.1126740289335,2.66714186554752
"sarima","core","sa","principal","2019Q4","m1",-0.491189309521154,0.150512355883904,1.1316769560082,2.11284155613249,2.75454322153755
"sarima","core","sa","principal","2019Q4","m2",-0.491189309521154,0.150512355883904,1.1316769560082,2.11284155613249,2.75454322153755
"sarima","core","sa","principal","2019Q4","m3",-0.568327828990968,-0.0861010874385915,0.651225669763789,1.38855242696617,1.87077916851854
"sarima","core","sa","principal","2019Q4","vespera",-0.568327828990968,-0.0861010874385915,0.651225669763789,1.38855242696617,1.87077916851854
"sarima","core","sa","principal","2020Q1","m1",-0.546567805836418,0.0423559856682073,0.942822990114234,1.84328999456026,2.43221378606489
"sarima","core","sa","principal","2020Q1","m2",-0.546567805836418,0.0423559856682073,0.942822990114234,1.84328999456026,2.43221378606489
"sarima","core","sa","principal","2020Q1","m3",0.972763334666569,1.47831914000418,2.25131613584568,3.02431313168718,3.52986893702479
"sarima","core","sa","principal","2020Q1","vespera",0.972763334666569,1.47831914000418,2.25131613584568,3.02431313168718,3.52986893702479
"sarima","core","sa","principal","2020Q2","m1",0.131855538368757,0.68525026319403,1.53139317222224,2.37753608125045,2.93093080607572
"sarima","core","sa","principal","2020Q2","m2",-2.10053829708355,-1.59678297516326,-0.826538926193232,-0.0562948772231997,0.447460444697088
"sarima","core","sa","principal","2020Q2","m3",-2.10053829708355,-1.59678297516326,-0.826538926193232,-0.0562948772231997,0.447460444697088
"sarima","core","sa","principal","2020Q2","vespera",-2.10053829708355,-1.59678297516326,-0.826538926193232,-0.0562948772231997,0.447460444697088
"sarima","core","sa","principal","2020Q3","m1",-2.51508105631964,-1.96881231544378,-1.1335650664538,-0.298317817463823,0.247950923412033
"sarima","core","sa","principal","2020Q3","m2",-2.51508105631964,-1.96881231544378,-1.1335650664538,-0.298317817463823,0.247950923412033
"sarima","core","sa","principal","2020Q3","m3",-18.3882618200411,-17.4194675232323,-15.9381768860466,-14.4568862488609,-13.4880919520522
"sarima","core","sa","principal","2020Q3","vespera",-18.3882618200411,-17.4194675232323,-15.9381768860466,-14.4568862488609,-13.4880919520522
"sarima","core","sa","principal","2020Q4","m1",-19.269397584873,-18.0975080385362,-16.3056838932839,-14.5138597480316,-13.3419702016949
"sarima","core","sa","principal","2020Q4","m2",-19.269397584873,-18.0975080385362,-16.3056838932839,-14.5138597480316,-13.3419702016949
"sarima","core","sa","principal","2020Q4","m3",-9.58136197207546,-8.29147131953867,-6.31922297653109,-4.34697463352352,-3.05708398098673
"sarima","core","sa","principal","2020Q4","vespera",-9.58136197207546,-8.29147131953867,-6.31922297653109,-4.34697463352352,-3.05708398098673
"sarima","core","sa","principal","2021Q1","m1",-8.6451068496604,-7.24566925908203,-5.10592317771257,-2.96617709634311,-1.56673950576474
"sarima","core","sa","principal","2021Q1","m2",-8.6451068496604,-7.24566925908203,-5.10592317771257,-2.96617709634311,-1.56673950576474
"sarima","core","sa","principal","2021Q1","m3",-7.02708384855521,-5.68165194981936,-3.62448080303052,-1.56730965624168,-0.221877757505829
"sarima","core","sa","principal","2021Q1","vespera",-7.02708384855521,-5.68165194981936,-3.62448080303052,-1.56730965624168,-0.221877757505829
"sarima","core","sa","principal","2021Q2","m1",3.18421083900541,4.72372951143753,7.07766016808817,9.43159082473882,10.9711094971709
"sarima","core","sa","principal","2021Q2","m2",3.18421083900541,4.72372951143753,7.07766016808817,9.43159082473882,10.9711094971709
"sarima","core","sa","principal","2021Q2","m3",8.81667833666521,10.4899980479295,13.0485110671319,15.6070240863344,17.2803437975987
"sarima","core","sa","principal","2021Q2","vespera",8.81667833666521,10.4899980479295,13.0485110671319,15.6070240863344,17.2803437975987
"sarima","core","sa","principal","2021Q3","m1",0.685734833646291,2.23402161574247,4.60135874969585,6.96869588364923,8.51698266574541
"sarima","core","sa","principal","2021Q3","m2",0.685734833646291,2.23402161574247,4.60135874969585,6.96869588364923,8.51698266574541
"sarima","core","sa","principal","2021Q3","m3",0.247084332133749,1.71803243780176,3.96711840361474,6.21620436942773,7.68715247509574
"sarima","core","sa","principal","2021Q3","vespera",0.247084332133749,1.71803243780176,3.96711840361474,6.21620436942773,7.68715247509574
"sarima","core","sa","principal","2021Q4","m1",-2.71065494900771,-1.28310641971282,0.899621407586038,3.0823492348849,4.50989776417978
"sarima","core","sa","principal","2021Q4","m2",-2.71065494900771,-1.28310641971282,0.899621407586038,3.0823492348849,4.50989776417978
"sarima","core","sa","principal","2021Q4","m3",-2.30886296336537,-0.901791528648883,1.24962673316671,3.4010449949823,4.80811642969879
"sarima","core","sa","principal","2021Q4","vespera",-2.30886296336537,-0.901791528648883,1.24962673316671,3.4010449949823,4.80811642969879
"sarima","core","sa","principal","2022Q1","m1",-3.386519924843,-1.99497027002299,0.132715123722638,2.26040051746826,3.65195017228828
"sarima","core","sa","principal","2022Q1","m2",-3.386519924843,-1.99497027002299,0.132715123722638,2.26040051746826,3.65195017228828
"sarima","core","sa","principal","2022Q1","m3",-3.17918912267577,-1.80356952616161,0.299758740074041,2.40308700630969,3.77870660282385
"sarima","core","sa","principal","2022Q1","vespera",-3.17918912267577,-1.80356952616161,0.299758740074041,2.40308700630969,3.77870660282385
"sarima","core","sa","principal","2022Q2","m1",-3.43658892414184,-2.06462643613387,0.0331100955021535,2.13084662713818,3.50280911514614
"sarima","core","sa","principal","2022Q2","m2",-3.43658892414184,-2.06462643613387,0.0331100955021535,2.13084662713818,3.50280911514614
"sarima","core","sa","principal","2022Q2","m3",-2.43484906305227,-1.06210954594367,1.03681506652167,3.13573967898701,4.5084791960956
"sarima","core","sa","principal","2022Q2","vespera",-2.43484906305227,-1.06210954594367,1.03681506652167,3.13573967898701,4.5084791960956
"sarima","core","sa","principal","2022Q3","m1",-2.37462041457445,-1.00103348171306,1.09918683307479,3.19940714786265,4.57299408072404
"sarima","core","sa","principal","2022Q3","m2",-2.37462041457445,-1.00103348171306,1.09918683307479,3.19940714786265,4.57299408072404
"sarima","core","sa","principal","2022Q3","m3",-0.267725129886499,1.17549188223684,3.38217688701821,5.58886189179958,7.03207890392291
"sarima","core","sa","principal","2022Q3","vespera",-0.267725129886499,1.17549188223684,3.38217688701821,5.58886189179958,7.03207890392291
"sarima","core","sa","principal","2022Q4","m1",-0.753749586174808,0.682434208622074,2.8783653939298,5.07429657923753,6.51048037403442
"sarima","core","sa","principal","2022Q4","m2",-0.753749586174808,0.682434208622074,2.8783653939298,5.07429657923753,6.51048037403442
"sarima","core","sa","principal","2022Q4","m3",0.168713264232172,1.60436391327917,3.79947991644745,5.99459591961572,7.43024656866272
"sarima","core","sa","principal","2022Q4","vespera",0.168713264232172,1.60436391327917,3.79947991644745,5.99459591961572,7.43024656866272
"sarima","core","sa","principal","2023Q1","m1",-0.893446451363319,0.526980978422951,2.69882061401452,4.87066024960609,6.29108767939235
"sarima","core","sa","principal","2023Q1","m2",-0.893446451363319,0.526980978422951,2.69882061401452,4.87066024960609,6.29108767939235
"sarima","core","sa","principal","2023Q1","m3",-0.871348232545938,0.48334300803448,2.55467172823807,4.62600044844165,5.98069168902207
"sarima","core","sa","principal","2023Q1","vespera",-0.871348232545938,0.48334300803448,2.55467172823807,4.62600044844165,5.98069168902207
"sarima","core","sa","principal","2023Q2","m1",-3.01821486785039,-1.69286268690294,0.333606485219784,2.36007565734251,3.68542783828996
"sarima","core","sa","principal","2023Q2","m2",-3.01821486785039,-1.69286268690294,0.333606485219784,2.36007565734251,3.68542783828996
"sarima","core","sa","principal","2023Q2","m3",-1.21033924019565,0.145068590128575,2.21749297912552,4.28991736812247,5.64532519844669
"sarima","core","sa","principal","2023Q2","vespera",-1.21033924019565,0.145068590128575,2.21749297912552,4.28991736812247,5.64532519844669
"sarima","core","sa","principal","2023Q3","m1",-2.24412804287131,-0.902903938123948,1.14783347359968,3.19857088532331,4.53979499007067
"sarima","core","sa","principal","2023Q3","m2",-2.24412804287131,-0.902903938123948,1.14783347359968,3.19857088532331,4.53979499007067
"sarima","core","sa","principal","2023Q3","m3",-1.0066170453751,0.345596529088173,2.41313688716629,4.48067724524441,5.83289081970767
"sarima","core","sa","principal","2023Q3","vespera",-1.0066170453751,0.345596529088173,2.41313688716629,4.48067724524441,5.83289081970767
"sarima","core","sa","principal","2023Q4","m1",-0.328918960184773,1.03255172341884,3.11424624109735,5.19594075877587,6.55741144237947
"sarima","core","sa","principal","2023Q4","m2",-0.328918960184773,1.03255172341884,3.11424624109735,5.19594075877587,6.55741144237947
"sarima","core","sa","principal","2023Q4","m3",-0.485284841765336,0.866845591243136,2.93425882568008,5.00167206011703,6.35380249312549
"sarima","core","sa","principal","2023Q4","vespera",-0.485284841765336,0.866845591243136,2.93425882568008,5.00167206011703,6.35380249312549
"sarima","core","sa","principal","2024Q1","m1",-2.61961072567693,-1.29647989314971,0.726592827706063,2.74966554856184,4.07279638108905
"sarima","core","sa","principal","2024Q1","m2",-2.61961072567693,-1.29647989314971,0.726592827706063,2.74966554856184,4.07279638108905
"sarima","core","sa","principal","2024Q1","m3",-2.91027657707101,-1.59541743072989,0.415007846451232,2.42543312363236,3.74029226997347
"sarima","core","sa","principal","2024Q1","vespera",-2.91027657707101,-1.59541743072989,0.415007846451232,2.42543312363236,3.74029226997347
"sarima","core","sa","principal","2024Q2","m1",-3.16341524395578,-1.85198428424154,0.153199280875782,2.15838284599311,3.46981380570734
"sarima","core","sa","principal","2024Q2","m2",-3.16341524395578,-1.85198428424154,0.153199280875782,2.15838284599311,3.46981380570734
"sarima","core","sa","principal","2024Q2","m3",-1.66014760540537,-0.350823265053779,1.65113927001797,3.65310180508971,4.96242614544129
"sarima","core","sa","principal","2024Q2","vespera",-1.66014760540537,-0.350823265053779,1.65113927001797,3.65310180508971,4.96242614544129
"sarima","core","sa","principal","2024Q3","m1",-1.83851996312823,-0.531570522310512,1.4667607811826,3.4650920846757,4.77204152549342
"sarima","core","sa","principal","2024Q3","m2",-1.83851996312823,-0.531570522310512,1.4667607811826,3.4650920846757,4.77204152549342
"sarima","core","sa","principal","2024Q3","m3",-0.269608145374543,1.05124634034546,3.07083851716456,5.09043069398367,6.41128517970367
"sarima","core","sa","principal","2024Q3","vespera",-0.269608145374543,1.05124634034546,3.07083851716456,5.09043069398367,6.41128517970367
"sarima","core","sa","principal","2024Q4","m1",-0.436416997349005,0.882228229826126,2.89844244084958,4.91465665187303,6.23330187904816
"sarima","core","sa","principal","2024Q4","m2",-0.436416997349005,0.882228229826126,2.89844244084958,4.91465665187303,6.23330187904816
"sarima","core","sa","principal","2024Q4","m3",0.586314983378074,1.91102014554927,3.93650002318657,5.96197990082388,7.28668506299507
"sarima","core","sa","principal","2024Q4","vespera",0.586314983378074,1.91102014554927,3.93650002318657,5.96197990082388,7.28668506299507
"sarima","core","sa","principal","2025Q1","m1",-1.330405482899,-0.0309432128303306,1.95594017445795,3.94282356174623,5.24228583181489
"sarima","core","sa","principal","2025Q1","m2",-1.330405482899,-0.0309432128303306,1.95594017445795,3.94282356174623,5.24228583181489
"sarima","core","sa","principal","2025Q1","m3",-1.47954289723233,-0.197387200353468,1.76303436226029,3.72345592487404,5.0056116217529
"sarima","core","sa","principal","2025Q1","vespera",-1.47954289723233,-0.197387200353468,1.76303436226029,3.72345592487404,5.0056116217529
"sarima","core","sa","principal","2025Q2","m1",-2.84765486544105,-1.58330392308314,0.349894093462932,2.283092110009,3.54744305236691
"sarima","core","sa","principal","2025Q2","m2",-1.29684098610003,-0.0167893741827743,1.94041503349547,3.89761944117371,5.17767105309096
"sarima","core","sa","principal","2025Q2","m3",-1.29684098610003,-0.0167893741827743,1.94041503349547,3.89761944117371,5.17767105309096
"sarima","core","sa","principal","2025Q2","vespera",-1.29684098610003,-0.0167893741827743,1.94041503349547,3.89761944117371,5.17767105309096
"sarima","core","sa","principal","2025Q3","m1",-1.68523954654686,-0.410224958857947,1.5392778171599,3.48878059317775,4.76379518086666
"sarima","core","sa","principal","2025Q3","m2",-1.68523954654686,-0.410224958857947,1.5392778171599,3.48878059317775,4.76379518086666
"sarima","core","sa","principal","2025Q3","m3",-1.54763770153104,-0.235494970926318,1.77077689493697,3.77704876080025,5.08919149140497
"sarima","core","sa","principal","2025Q3","vespera",-1.54763770153104,-0.235494970926318,1.77077689493697,3.77704876080025,5.08919149140497
"sarima","core","sa","principal","2025Q4","m1",-1.8656622180646,-0.557758020165249,1.44203311100279,3.44182424217084,4.74972844007018
"sarima","core","sa","principal","2025Q4","m2",-1.8656622180646,-0.557758020165249,1.44203311100279,3.44182424217084,4.74972844007018
"sarima","core","sa","principal","2025Q4","m3",-1.34025559244822,-0.0844193395428419,1.83575968029142,3.75593870012567,5.01177495303105
"sarima","core","sa","principal","2025Q4","vespera",-1.34025559244822,-0.0844193395428419,1.83575968029142,3.75593870012567,5.01177495303105
"sarima","core","sa","principal","2026Q1","m1",-2.37849317518857,-1.1358726102354,0.764099566007759,2.66407174225091,3.90669230720409
"sarima","core","sa","principal","2026Q1","m2",-2.37849317518857,-1.1358726102354,0.764099566007759,2.66407174225091,3.90669230720409
"sarima","core","sa","principal","2026Q1","m3",-2.0479804218787,-0.765122159408363,1.19637362900966,3.15786941742769,4.44072767989802
"sarima","core","sa","principal","2026Q1","vespera",-2.0479804218787,-0.765122159408363,1.19637362900966,3.15786941742769,4.44072767989802
"sarima","core","sa","principal","2026Q2","m1",-2.38889638718427,-1.11050303380702,0.844165889447512,2.79883481270205,4.0772281660793
"sarima","core","sa","principal","2026Q2","m2",-1.72200269058174,-0.442990839947821,1.51262376826631,3.46823837648044,4.74725022711436
"sarima","core","sa","principal","2026Q2","m3",-1.72200269058174,-0.442990839947821,1.51262376826631,3.46823837648044,4.74725022711436
"sarima","core","sa","principal","2026Q2","vespera",-1.72200269058174,-0.442990839947821,1.51262376826631,3.46823837648044,4.74725022711436
