"modelo","painel","trilha","variante","trimestre","timing","q05","q16","q50","q84","q95"
"dfm_4a","core","sa","principal","2019Q1","m1",-0.896728232206518,-0.386489776612485,0.428113950934261,1.26529403911147,1.79898577196701
"dfm_4a","core","sa","principal","2019Q1","m2",-0.782021869166159,-0.34995340685411,0.292646300934085,0.958986918444628,1.36794973438662
"dfm_4a","core","sa","principal","2019Q1","m3",-0.243031375631579,0.0881874667037721,0.607087529810502,1.10820759325224,1.43685697048695
"dfm_4a","core","sa","principal","2019Q1","vespera",-0.730777773390552,-0.481643400329077,-0.107360077692592,0.266348364392528,0.506845757724916
"dfm_4a","core","sa","principal","2019Q2","m1",-1.04540863660129,-0.556400413645703,0.201262024673776,0.972957165330494,1.45265612945852
"dfm_4a","core","sa","principal","2019Q2","m2",-1.76232302824501,-1.31645971342658,-0.608132178950999,0.0897611033685512,0.536009335930906
"dfm_4a","core","sa","principal","2019Q2","m3",-0.827145441124245,-0.46106408814981,0.0994059790022872,0.686667565094096,1.07706788061476
"dfm_4a","core","sa","principal","2019Q2","vespera",-0.465210092852448,-0.156873105894733,0.34585497417019,0.846213997951609,1.18713763922139
"dfm_4a","core","sa","principal","2019Q3","m1",-1.20365130990424,-0.696122159445326,0.163203225072672,0.998603337091037,1.53929424560834
"dfm_4a","core","sa","principal","2019Q3","m2",-0.96563595195428,-0.496571015594812,0.227028974803911,0.924738022862455,1.4089929512448
"dfm_4a","core","sa","principal","2019Q3","m3",-0.507016643766757,-0.145321956441362,0.431264973385692,1.01155691576694,1.40239460201934
"dfm_4a","core","sa","principal","2019Q3","vespera",-0.134167544703432,0.163931895301551,0.62510476209362,1.07845810531705,1.39806552709416
"dfm_4a","core","sa","principal","2019Q4","m1",-1.11656634893151,-0.535369564668725,0.333188707940202,1.1993488592754,1.74115658177814
"dfm_4a","core","sa","principal","2019Q4","m2",-0.837956519454146,-0.368359861268949,0.313591703174443,1.04600689109445,1.53157067792076
"dfm_4a","core","sa","principal","2019Q4","m3",0.363521152118055,0.670421419011069,1.16231715188901,1.65575678412397,1.93787093311562
"dfm_4a","core","sa","principal","2019Q4","vespera",0.150091766289472,0.371813836288887,0.709065344144111,1.04901641623351,1.26642858825565
"dfm_4a","core","sa","principal","2020Q1","m1",-1.05836464766351,-0.531111539231123,0.275292907066071,1.05648957125107,1.58163926328355
"dfm_4a","core","sa","principal","2020Q1","m2",-1.48639658091795,-1.0414889989289,-0.354307874587206,0.333472973102059,0.802581067739272
"dfm_4a","core","sa","principal","2020Q1","m3",-0.75641964698184,-0.455477069669812,0.0139226652908775,0.480898674324543,0.800445739810717
"dfm_4a","core","sa","principal","2020Q1","vespera",-1.60544894243279,-1.35187619823695,-0.939320527270193,-0.531115736877029,-0.260433105633753
"dfm_4a","core","sa","principal","2020Q2","m1",-5.29155532561808,-4.71069596015462,-3.81388473907888,-2.92202525322167,-2.31913145273058
"dfm_4a","core","sa","principal","2020Q2","m2",-9.5842708532127,-9.18022309889578,-8.55953834999399,-7.92870472167849,-7.49449574288458
"dfm_4a","core","sa","principal","2020Q2","m3",-7.11229244583379,-6.78134861621752,-6.29769442675815,-5.79610603634869,-5.47676678257577
"dfm_4a","core","sa","principal","2020Q2","vespera",-7.05292269496179,-6.81947352549544,-6.41996532526512,-6.02086814703137,-5.76572812908542
"dfm_4a","core","sa","principal","2020Q3","m1",1.24448230257864,1.87318818228335,2.80218742205697,3.76582925841596,4.36911414020625
"dfm_4a","core","sa","principal","2020Q3","m2",3.39935257909315,3.82332782924044,4.48446342917034,5.13992337675786,5.59167555321298
"dfm_4a","core","sa","principal","2020Q3","m3",6.87354269865399,7.25960114383993,7.83409606186012,8.4215182035948,8.82689065414925
"dfm_4a","core","sa","principal","2020Q3","vespera",6.55860883334707,6.88575241400265,7.40281003192562,7.92837660798663,8.27545884801069
"dfm_4a","core","sa","principal","2020Q4","m1",-0.343472442661696,0.509970703603861,1.85098664988904,3.20104788862983,4.10377034573348
"dfm_4a","core","sa","principal","2020Q4","m2",1.31392467779283,1.87935635025669,2.73639659214698,3.61352297553118,4.22776272408103
"dfm_4a","core","sa","principal","2020Q4","m3",2.13381283255401,2.5446026182043,3.19622356579575,3.81956474588284,4.25132063144657
"dfm_4a","core","sa","principal","2020Q4","vespera",1.73165629800674,2.11510963663053,2.68121824478054,3.24096054435197,3.60926624629285
"dfm_4a","core","sa","principal","2021Q1","m1",-2.75718609601551,-1.9468774412125,-0.565108503611855,0.807980339397766,1.67313006012767
"dfm_4a","core","sa","principal","2021Q1","m2",-1.42436329219827,-0.846943442869768,0.0485175394051018,0.957424489776077,1.54451654405947
"dfm_4a","core","sa","principal","2021Q1","m3",-0.332649600295463,0.0764100893408433,0.673683983202111,1.26595855140406,1.67139455609473
"dfm_4a","core","sa","principal","2021Q1","vespera",-0.246960565879556,0.0815789193804513,0.602144724460163,1.12419936975516,1.46863516242126
"dfm_4a","core","sa","principal","2021Q2","m1",-1.41905633866144,-0.5574703272522,0.769652561884726,2.12265422681327,3.01094395254152
"dfm_4a","core","sa","principal","2021Q2","m2",-1.15903062220239,-0.596651092491884,0.236962975787514,1.10068029944557,1.67512733660408
"dfm_4a","core","sa","principal","2021Q2","m3",0.615361916626026,0.930559698115015,1.40965892017086,1.9089598875109,2.22701221146112
"dfm_4a","core","sa","principal","2021Q2","vespera",0.338433026765966,0.56470767196932,0.931659818149988,1.28976678898124,1.52026665437638
"dfm_4a","core","sa","principal","2021Q3","m1",-1.46523664776266,-0.639669346719973,0.726375736027918,2.11205164476148,3.00784960836526
"dfm_4a","core","sa","principal","2021Q3","m2",-0.495393433988268,0.0198449371942333,0.818831302352863,1.636540646688,2.16411735561322
"dfm_4a","core","sa","principal","2021Q3","m3",-0.357741331256533,0.00336902573059207,0.543088558843596,1.08866069877094,1.46122112124292
"dfm_4a","core","sa","principal","2021Q3","vespera",-0.358412129032947,-0.068800002410804,0.356479154347966,0.781418274616077,1.09530462669672
"dfm_4a","core","sa","principal","2021Q4","m1",-2.6944326348341,-1.90882850692423,-0.642885336244542,0.598403852938957,1.46480671723425
"dfm_4a","core","sa","principal","2021Q4","m2",-1.78136173412125,-1.24592666451691,-0.440521862369436,0.351861416361874,0.898823906607135
"dfm_4a","core","sa","principal","2021Q4","m3",-1.24910461669764,-0.894276086339215,-0.384445293684799,0.1610422511967,0.53056944044276
"dfm_4a","core","sa","principal","2021Q4","vespera",-0.585730615832632,-0.267889224296115,0.169628470963945,0.625619355859405,0.917632551062869
"dfm_4a","core","sa","principal","2022Q1","m1",-1.76657350572876,-0.984375340579047,0.308057822743935,1.58838711192042,2.42576261067558
"dfm_4a","core","sa","principal","2022Q1","m2",-0.0400974840680268,0.511045386986338,1.33911279354239,2.19198504380944,2.7698713308423
"dfm_4a","core","sa","principal","2022Q1","m3",0.0183578866722078,0.393992398731504,0.933079814212712,1.46289917516884,1.80404094863131
"dfm_4a","core","sa","principal","2022Q1","vespera",0.594005407825354,0.858108219893948,1.29706134751928,1.73539811688056,2.0131950802991
"dfm_4a","core","sa","principal","2022Q2","m1",-1.15117176100812,-0.338594951584162,0.899615119229191,2.13318653445069,3.0458705494992
"dfm_4a","core","sa","principal","2022Q2","m2",-0.394278242896935,0.114639156490242,0.896842787718155,1.70502539611074,2.21477276101778
"dfm_4a","core","sa","principal","2022Q2","m3",0.572539655118751,0.941485227620125,1.47737505895206,2.00959312020444,2.36512201400518
"dfm_4a","core","sa","principal","2022Q2","vespera",0.441388970660837,0.721207181299068,1.14682931912609,1.58283655391929,1.84443908460021
"dfm_4a","core","sa","principal","2022Q3","m1",-2.53172269647366,-1.73636605231312,-0.547816312802651,0.701456647295795,1.51140598930543
"dfm_4a","core","sa","principal","2022Q3","m2",-0.382350269119929,0.121537265126424,0.916806552546889,1.71791726912464,2.24154661457933
"dfm_4a","core","sa","principal","2022Q3","m3",0.245815620526731,0.600597465082498,1.13189171677995,1.67884972508918,2.03758694224046
"dfm_4a","core","sa","principal","2022Q3","vespera",0.296795955085455,0.584446518938942,1.03068558926354,1.45533563688772,1.74557098253621
"dfm_4a","core","sa","principal","2022Q4","m1",-2.60033480315541,-1.77518518351905,-0.498268025321991,0.740859342840389,1.61341393115479
"dfm_4a","core","sa","principal","2022Q4","m2",-2.13127731296393,-1.59803752065236,-0.773943447189118,0.0665821225010354,0.634089953149731
"dfm_4a","core","sa","principal","2022Q4","m3",-1.11856807719407,-0.783284080433142,-0.259450812953593,0.259784219732896,0.630260121345451
"dfm_4a","core","sa","principal","2022Q4","vespera",-0.963019388196211,-0.675391448136953,-0.215826510226169,0.210306464795056,0.484189966371446
"dfm_4a","core","sa","principal","2023Q1","m1",-1.68546958460892,-0.807458530837563,0.413335995644259,1.72180093676989,2.50498520264565
"dfm_4a","core","sa","principal","2023Q1","m2",-1.21788018797268,-0.686627637577421,0.130466187232492,0.965189108813065,1.53544714433058
"dfm_4a","core","sa","principal","2023Q1","m3",-0.606440326055482,-0.190516811444405,0.428000522627969,1.0790744402051,1.48031442237495
"dfm_4a","core","sa","principal","2023Q1","vespera",-0.114950673869476,0.223293559664218,0.768186924053726,1.33185463702173,1.7123686826914
"dfm_4a","core","sa","principal","2023Q2","m1",-1.3416239925084,-0.513471626819022,0.728972783236193,1.96933606851279,2.82187121126375
"dfm_4a","core","sa","principal","2023Q2","m2",-0.520832769347671,0.0339215024259465,0.837246957637838,1.65563278735201,2.20354511635889
"dfm_4a","core","sa","principal","2023Q2","m3",-0.497757834126719,-0.0326108297867939,0.646449067478994,1.36248235170497,1.80937203739177
"dfm_4a","core","sa","principal","2023Q2","vespera",-0.388757507478288,0.017379023060732,0.681246498913635,1.35240907755851,1.77442066277801
"dfm_4a","core","sa","principal","2023Q3","m1",-2.14701089237394,-1.3294732611456,-0.126768625433538,1.12630130328474,1.96609320211802
"dfm_4a","core","sa","principal","2023Q3","m2",-1.04926942881916,-0.438567304937623,0.44835407423528,1.34577937238858,1.95831068142867
"dfm_4a","core","sa","principal","2023Q3","m3",-0.989697788270636,-0.5254887092665,0.128880648077179,0.793825947256606,1.23899271691067
"dfm_4a","core","sa","principal","2023Q3","vespera",-0.639146311767118,-0.230874014424016,0.366220111610205,0.967882920501865,1.36071384308929
"dfm_4a","core","sa","principal","2023Q4","m1",-1.94155402040679,-1.16369820277891,0.074128186016531,1.35765228800065,2.197710074268
"dfm_4a","core","sa","principal","2023Q4","m2",-0.443617946063734,0.114488521073451,0.98173627038276,1.89139636097246,2.46391122902932
"dfm_4a","core","sa","principal","2023Q4","m3",-0.804803711837296,-0.388242241196873,0.338748201375416,1.05082973392013,1.52241788110278
"dfm_4a","core","sa","principal","2023Q4","vespera",-0.720184311493501,-0.272917812400879,0.38269161105291,1.03016448070732,1.50680488382357
"dfm_4a","core","sa","principal","2024Q1","m1",-1.15279693047668,-0.399205105646204,0.833004970776274,2.09662394089073,2.93776674764092
"dfm_4a","core","sa","principal","2024Q1","m2",-1.15723889054379,-0.584339376629993,0.336133451106879,1.2438077706496,1.87031039242704
"dfm_4a","core","sa","principal","2024Q1","m3",-0.513924816821965,-0.0657435201370258,0.654746165968967,1.36517319630534,1.85338433627553
"dfm_4a","core","sa","principal","2024Q1","vespera",-0.137310446427927,0.304842422987415,0.952447231503395,1.59765715412491,2.05711828676016
"dfm_4a","core","sa","principal","2024Q2","m1",-1.51212154656784,-0.718597240593458,0.536932079883723,1.80684141111765,2.64500037736135
"dfm_4a","core","sa","principal","2024Q2","m2",-0.690797655620237,-0.0751691481923826,0.797245914857903,1.71613595218475,2.33018735270463
"dfm_4a","core","sa","principal","2024Q2","m3",-0.546430739505832,-0.120295726645901,0.529214255728605,1.19467694108526,1.64730096773998
"dfm_4a","core","sa","principal","2024Q2","vespera",-0.140740142289921,0.235608247543108,0.815158363646551,1.42175680110023,1.81867715401418
"dfm_4a","core","sa","principal","2024Q3","m1",-1.04927675892804,-0.210870777228498,1.01561394215035,2.28564260798265,3.08123089969871
"dfm_4a","core","sa","principal","2024Q3","m2",-0.223652298778864,0.361604067657573,1.2194317036012,2.08164474886507,2.67912459991048
"dfm_4a","core","sa","principal","2024Q3","m3",-0.0725214378821825,0.347034774553211,0.996731334490208,1.63448643141757,2.06575806702032
"dfm_4a","core","sa","principal","2024Q3","vespera",0.111232204255863,0.485220617702077,1.04808238880454,1.66232051612772,2.03660647896845
"dfm_4a","core","sa","principal","2024Q4","m1",-1.69586542954518,-0.891210182956476,0.316931900121564,1.52808168450257,2.32802186034625
"dfm_4a","core","sa","principal","2024Q4","m2",-0.832060883225419,-0.335513614919151,0.512746108294337,1.38250673341745,1.95437887747416
"dfm_4a","core","sa","principal","2024Q4","m3",-0.368410183523038,0.0454073031092568,0.691399592305486,1.31959952451074,1.75704921374258
"dfm_4a","core","sa","principal","2024Q4","vespera",-0.643681808248516,-0.231349273498736,0.323517977506849,0.892903566971816,1.27894420717566
"dfm_4a","core","sa","principal","2025Q1","m1",-2.31517522319382,-1.56724666695201,-0.331031968133422,0.934124930915065,1.7375828978258
"dfm_4a","core","sa","principal","2025Q1","m2",-1.70053090847952,-1.1286386850918,-0.271475719573011,0.617250249173656,1.19023127541533
"dfm_4a","core","sa","principal","2025Q1","m3",-0.4950131981887,-0.0721155685290391,0.587760615434441,1.22001085666402,1.64698547587986
"dfm_4a","core","sa","principal","2025Q1","vespera",-0.313253460921479,0.0598753284770197,0.637230487461926,1.21559113980844,1.58073885065616
"dfm_4a","core","sa","principal","2025Q2","m1",-1.66181706671848,-0.914647574919415,0.310941722215097,1.63717731877418,2.36277375435159
"dfm_4a","core","sa","principal","2025Q2","m2",-0.383477649349541,0.16205445039251,1.03550482639821,1.91911268311491,2.4845190292198
"dfm_4a","core","sa","principal","2025Q2","m3",-0.264250265696303,0.138928130545228,0.786326620026823,1.45853784993782,1.87561868456187
"dfm_4a","core","sa","principal","2025Q2","vespera",-0.42821237153667,-0.0532466515633652,0.524644718148226,1.12651236204813,1.51999973694659
"dfm_4a","core","sa","principal","2025Q3","m1",-2.25208823172208,-1.47607643155833,-0.277012825785389,0.941403240175913,1.75764095883614
"dfm_4a","core","sa","principal","2025Q3","m2",-1.84015855970335,-1.26894440041101,-0.411877464798471,0.421993580521151,0.991743733970083
"dfm_4a","core","sa","principal","2025Q3","m3",-0.710562535231952,-0.355424082750791,0.150646903729701,0.691119079897525,1.02863969291248
"dfm_4a","core","sa","principal","2025Q3","vespera",-0.410779723067061,-0.131095440473778,0.296471174976809,0.722149279066832,1.00449683603809
"dfm_4a","core","sa","principal","2025Q4","m1",-1.72338186224385,-0.896130256975372,0.324121406595068,1.51262740671553,2.35333595207063
"dfm_4a","core","sa","principal","2025Q4","m2",-0.616598433470862,-0.113893863623881,0.675824669009539,1.48817173573757,2.0043010748966
"dfm_4a","core","sa","principal","2025Q4","m3",-0.413584812651075,0.0351755710714113,0.659083426078477,1.29536244892878,1.69824692434244
"dfm_4a","core","sa","principal","2025Q4","vespera",-0.554057525052746,-0.182412017201454,0.391325452592484,0.956413327108725,1.33318579881318
"dfm_4a","core","sa","principal","2026Q1","m1",-0.811535945253677,-0.0694987831249478,1.09903193460056,2.32161329158032,3.12726891748235
"dfm_4a","core","sa","principal","2026Q1","m2",-0.981362021919824,-0.465173399130592,0.418648148825718,1.30466007858703,1.86978754806603
"dfm_4a","core","sa","principal","2026Q1","m3",-0.544419471004027,-0.229288653960269,0.280647417115343,0.780695253204794,1.1217390597168
"dfm_4a","core","sa","principal","2026Q1","vespera",0.137598953952978,0.391417265262153,0.801105273984137,1.22941609753236,1.49973199581174
"dfm_4a","core","sa","principal","2026Q2","m1",-0.732825709850952,0.044527313777727,1.25022799597464,2.4834601309837,3.23200606699648
"dfm_4a","core","sa","principal","2026Q2","m2",-0.696726584453619,-0.241097555974649,0.524670702072527,1.2894576535328,1.82435473754735
"dfm_4a","core","sa","principal","2026Q2","m3",-0.148141733171396,0.160827231272274,0.685882940690419,1.20255309994129,1.56015697683815
"dfm_4a","core","sa","principal","2026Q2","vespera",-0.338460331771997,-0.0717409727194047,0.336214405623725,0.754106349651649,1.04163871342912
"dfm_4a","estendido","sa","principal","2019Q1","m1",-0.847156283915886,-0.296912303633185,0.557467076309515,1.37997042644746,1.92889029424251
"dfm_4a","estendido","sa","principal","2019Q1","m2",-0.38120026843327,0.0246654379797793,0.608229272248917,1.22820665559563,1.6383652393421
"dfm_4a","estendido","sa","principal","2019Q1","m3",-0.0307941261999561,0.284553419365733,0.781331829241705,1.28177882468916,1.59898574603017
"dfm_4a","estendido","sa","principal","2019Q1","vespera",-0.550163376125398,-0.276840869273624,0.134805272558125,0.563954399652179,0.84264636162427
"dfm_4a","estendido","sa","principal","2019Q2","m1",-1.19143759405564,-0.689259838950118,0.128760692687269,0.900535960017215,1.47550681970797
"dfm_4a","estendido","sa","principal","2019Q2","m2",-1.62529898770152,-1.19179926466182,-0.477249559215154,0.25140038343214,0.710282838697935
"dfm_4a","estendido","sa","principal","2019Q2","m3",-0.929465410387135,-0.569113722479495,0.0294964371111539,0.638992768943378,1.06334059213999
"dfm_4a","estendido","sa","principal","2019Q2","vespera",-0.752742306594796,-0.382450377741007,0.150934684710879,0.714546956611626,1.08706566636363
"dfm_4a","estendido","sa","principal","2019Q3","m1",-1.45986168717758,-0.878598747331946,0.0212590627772014,0.947773227415042,1.54427843479077
"dfm_4a","estendido","sa","principal","2019Q3","m2",-0.606353230414325,-0.136876005530396,0.572116905230458,1.29784841983388,1.80697590154696
"dfm_4a","estendido","sa","principal","2019Q3","m3",-0.330628949426701,0.0238144881597489,0.590300719569459,1.16552160489179,1.5315968616758
"dfm_4a","estendido","sa","principal","2019Q3","vespera",-0.190327952572578,0.141933749659174,0.617387925853563,1.09811370854175,1.41118730755275
"dfm_4a","estendido","sa","principal","2019Q4","m1",-1.31211708812802,-0.711927804471186,0.198163259741435,1.10535343865171,1.75131433378916
"dfm_4a","estendido","sa","principal","2019Q4","m2",-0.565487853695928,-0.109872386335552,0.569302199957411,1.29258389488797,1.78638016060581
"dfm_4a","estendido","sa","principal","2019Q4","m3",0.350794955125938,0.661548197083737,1.14127096740375,1.59866849971383,1.89575828246966
"dfm_4a","estendido","sa","principal","2019Q4","vespera",0.146291788534657,0.383840663581692,0.759147942499006,1.12482402024578,1.38257952455633
"dfm_4a","estendido","sa","principal","2020Q1","m1",-1.48321925272068,-0.947249898050258,-0.110431745331829,0.706586847153917,1.31267772709282
"dfm_4a","estendido","sa","principal","2020Q1","m2",-1.18054864538807,-0.763583228649454,-0.154887890774813,0.478020470835451,0.869576736004699
"dfm_4a","estendido","sa","principal","2020Q1","m3",-0.462276944294831,-0.158466279894117,0.303945480656298,0.767414987318327,1.0587281865534
"dfm_4a","estendido","sa","principal","2020Q1","vespera",-2.19747594567024,-1.9471106732387,-1.54521813150348,-1.13664277535208,-0.857700080367324
"dfm_4a","estendido","sa","principal","2020Q2","m1",-0.386241078150485,0.168724889117893,1.04681666980621,1.95381493557814,2.51807162022886
"dfm_4a","estendido","sa","principal","2020Q2","m2",-10.9064475721686,-10.4769478802521,-9.85902702811348,-9.26369413962362,-8.86089639218695
"dfm_4a","estendido","sa","principal","2020Q2","m3",-9.18633347208948,-8.85947265864515,-8.38148413955774,-7.88276406935465,-7.55458459116757
"dfm_4a","estendido","sa","principal","2020Q2","vespera",-9.37699995812018,-9.13138882604256,-8.74924986603589,-8.35801789221336,-8.1082333970323
"dfm_4a","estendido","sa","principal","2020Q3","m1",4.47199709508646,5.20139486664184,6.43261829387517,7.66121487763358,8.45103920588274
"dfm_4a","estendido","sa","principal","2020Q3","m2",6.34566860644229,6.87154594549636,7.67484813957677,8.52188642835442,9.01142535897859
"dfm_4a","estendido","sa","principal","2020Q3","m3",7.63808795496703,8.00345616718518,8.60586654729495,9.19003834970076,9.56225050999728
"dfm_4a","estendido","sa","principal","2020Q3","vespera",7.4120385174223,7.7526318021503,8.28856977030904,8.84153234502464,9.18481708465542
"dfm_4a","estendido","sa","principal","2020Q4","m1",-0.849033894133267,0.0778157097433292,1.50693233050263,2.96268249679762,3.94081749300633
"dfm_4a","estendido","sa","principal","2020Q4","m2",0.335352678813107,0.891623713820349,1.72971587639639,2.6014324700939,3.15135801387046
"dfm_4a","estendido","sa","principal","2020Q4","m3",1.3769977084767,1.77357951247716,2.41043871929706,3.09363521444922,3.55927345605829
"dfm_4a","estendido","sa","principal","2020Q4","vespera",1.10337242903455,1.46317202578546,2.06952289174384,2.6611063291509,3.06136236116513
"dfm_4a","estendido","sa","principal","2021Q1","m1",-2.48247881865501,-1.60663966324762,-0.282336125509541,1.06019618338237,1.97987108958531
"dfm_4a","estendido","sa","principal","2021Q1","m2",-1.32851329554536,-0.74607951276711,0.125101762396918,1.04127278419869,1.61925716547135
"dfm_4a","estendido","sa","principal","2021Q1","m3",-1.12810755472795,-0.71531571069409,-0.0605507095227054,0.587083361154925,0.986340893554565
"dfm_4a","estendido","sa","principal","2021Q1","vespera",-0.761246649580211,-0.38218840126384,0.1874236853593,0.77372138793742,1.13878978600471
"dfm_4a","estendido","sa","principal","2021Q2","m1",-1.60274492338972,-0.75017089125015,0.591954553496543,1.92651528398132,2.84113423320345
"dfm_4a","estendido","sa","principal","2021Q2","m2",-1.43480424467287,-0.8610716912763,0.0293109294620564,0.916949995967087,1.47742357924728
"dfm_4a","estendido","sa","principal","2021Q2","m3",0.214203188696448,0.541874258083068,1.05933551634775,1.58242060896087,1.92986288144628
"dfm_4a","estendido","sa","principal","2021Q2","vespera",0.0234815416828849,0.313626392900271,0.739011390442657,1.16095698008501,1.444177181854
"dfm_4a","estendido","sa","principal","2021Q3","m1",-1.31070994098201,-0.410262585365768,0.941252195386388,2.31935128930933,3.23439674205911
"dfm_4a","estendido","sa","principal","2021Q3","m2",-0.975313341879418,-0.447107144416072,0.389621203474233,1.21036104741402,1.71838879510394
"dfm_4a","estendido","sa","principal","2021Q3","m3",-0.887620500820301,-0.513494909554113,0.0666213423431206,0.609673147881438,0.968410973463483
"dfm_4a","estendido","sa","principal","2021Q3","vespera",-0.732419641359592,-0.429614123316534,0.067345166631827,0.564905191909362,0.890766245354214
"dfm_4a","estendido","sa","principal","2021Q4","m1",-2.51704299364846,-1.67960919616952,-0.367376970351146,0.915414339481978,1.77587409399401
"dfm_4a","estendido","sa","principal","2021Q4","m2",-1.57681664375143,-1.04854398754663,-0.261246068960092,0.532816846916625,1.00821828161353
"dfm_4a","estendido","sa","principal","2021Q4","m3",-1.13974114123198,-0.788235490990708,-0.24945633969769,0.295456045490508,0.667473841102443
"dfm_4a","estendido","sa","principal","2021Q4","vespera",-0.643305359527346,-0.32188275024653,0.182414732286729,0.687111980022964,0.991023545376596
"dfm_4a","estendido","sa","principal","2022Q1","m1",-1.78627271643671,-0.917284684966329,0.375893646370529,1.62490018825911,2.43925617394168
"dfm_4a","estendido","sa","principal","2022Q1","m2",-0.739042372755824,-0.201194983887394,0.586185239314962,1.39181066304268,1.9163677686112
"dfm_4a","estendido","sa","principal","2022Q1","m3",-0.0653347417542627,0.262813369835197,0.818609709745177,1.37204080661981,1.75880037496415
"dfm_4a","estendido","sa","principal","2022Q1","vespera",0.15661272613048,0.495662226638308,0.975075378550516,1.47737823057097,1.7908801065765
"dfm_4a","estendido","sa","principal","2022Q2","m1",-1.08671782011044,-0.28774731668672,0.948176860516492,2.22619173691782,3.02718001195845
"dfm_4a","estendido","sa","principal","2022Q2","m2",-0.69544021348475,-0.191336372944305,0.594241398349504,1.40291984810095,1.95286404451443
"dfm_4a","estendido","sa","principal","2022Q2","m3",0.200777976003236,0.548501793123079,1.07945802250746,1.62044203525027,1.96713252489674
"dfm_4a","estendido","sa","principal","2022Q2","vespera",0.0863188028702655,0.396976351353724,0.85261540620567,1.33187079567434,1.65170684444913
"dfm_4a","estendido","sa","principal","2022Q3","m1",-2.41156069253907,-1.64930489621912,-0.430002194541351,0.752003000888939,1.52500915568572
"dfm_4a","estendido","sa","principal","2022Q3","m2",-0.351869940682614,0.157133493289766,0.94907323278437,1.73476642584993,2.22954301369572
"dfm_4a","estendido","sa","principal","2022Q3","m3",0.231503756887268,0.598408053334953,1.1607101306106,1.71692270211566,2.07476197293866
"dfm_4a","estendido","sa","principal","2022Q3","vespera",0.0577605622351496,0.363899456613751,0.87949012039702,1.38225672073709,1.69400731685642
"dfm_4a","estendido","sa","principal","2022Q4","m1",-2.52116165145814,-1.63155789823391,-0.387174602660928,0.849292610789097,1.73268868637332
"dfm_4a","estendido","sa","principal","2022Q4","m2",-1.77350521484762,-1.26412599455559,-0.4850004384861,0.2889207063437,0.829431638964043
"dfm_4a","estendido","sa","principal","2022Q4","m3",-0.843179843586059,-0.483780542824822,0.0563282761856798,0.59354531802003,0.91682008955122
"dfm_4a","estendido","sa","principal","2022Q4","vespera",-0.62820091927351,-0.323149015160204,0.143708384596752,0.646470755207652,0.949778844277481
"dfm_4a","estendido","sa","principal","2023Q1","m1",-1.77992186737359,-0.959292576719751,0.266585270689246,1.48997227908903,2.28011035951883
"dfm_4a","estendido","sa","principal","2023Q1","m2",-1.10730970024041,-0.576936047657191,0.213319045374305,0.995184480612411,1.53125387890211
"dfm_4a","estendido","sa","principal","2023Q1","m3",-0.788629489180048,-0.351506428052219,0.321541904836165,0.970978246506157,1.41335425508559
"dfm_4a","estendido","sa","principal","2023Q1","vespera",-0.536072967896807,-0.136817089208323,0.479451615786353,1.12296978703607,1.52190499762111
"dfm_4a","estendido","sa","principal","2023Q2","m1",-1.25065775596086,-0.490762049622207,0.731556155178403,1.95642065396729,2.82335626007022
"dfm_4a","estendido","sa","principal","2023Q2","m2",-0.971387651386696,-0.443128060752907,0.437406214573977,1.29994124814064,1.85731846678949
"dfm_4a","estendido","sa","principal","2023Q2","m3",-0.536052875397135,-0.0656538005765514,0.700979182714179,1.42634056579582,1.93140513044248
"dfm_4a","estendido","sa","principal","2023Q2","vespera",-0.553439852333468,-0.0769806442018344,0.642891229197873,1.3524089915297,1.77789729174029
"dfm_4a","estendido","sa","principal","2023Q3","m1",-1.60777854261964,-0.813817175801595,0.455789622263281,1.73418160460155,2.53336272314633
"dfm_4a","estendido","sa","principal","2023Q3","m2",-0.972201279230577,-0.387406766958742,0.534241254815859,1.48252622334496,2.01862037347906
"dfm_4a","estendido","sa","principal","2023Q3","m3",-0.726476397755992,-0.30268099103535,0.389042521698579,1.07265542049377,1.55183417269548
"dfm_4a","estendido","sa","principal","2023Q3","vespera",-0.465075552684462,-0.0566387990260178,0.610015397406483,1.29675245371866,1.73825601132459
"dfm_4a","estendido","sa","principal","2023Q4","m1",-2.29200506636768,-1.45634811874272,-0.208071781489355,1.03384718524241,1.88569708504947
"dfm_4a","estendido","sa","principal","2023Q4","m2",-0.773180997329941,-0.216112668583153,0.658664055089753,1.56471228619166,2.09409983289307
"dfm_4a","estendido","sa","principal","2023Q4","m3",-0.971818809654622,-0.505377714952586,0.229789192025642,0.960959815014303,1.42859630243412
"dfm_4a","estendido","sa","principal","2023Q4","vespera",-0.853694142171572,-0.395644799630405,0.323890693905005,1.02689094586179,1.48761866271817
"dfm_4a","estendido","sa","principal","2024Q1","m1",-1.0099568607933,-0.159197565548345,1.09083222464683,2.43814727191367,3.26558946671076
"dfm_4a","estendido","sa","principal","2024Q1","m2",-1.25567975874273,-0.684814164214232,0.231520994712953,1.14233424067607,1.76354941910758
"dfm_4a","estendido","sa","principal","2024Q1","m3",-0.81866092742889,-0.302762384952815,0.431522881158097,1.19078749938442,1.65816977784606
"dfm_4a","estendido","sa","principal","2024Q1","vespera",-0.510087427164191,-0.0305599170668191,0.648612579528629,1.39090483119794,1.86415042294974
"dfm_4a","estendido","sa","principal","2024Q2","m1",-1.69967004311505,-0.93592355076491,0.325837854760369,1.60926448546682,2.43985945939094
"dfm_4a","estendido","sa","principal","2024Q2","m2",-0.940019056294753,-0.344278409283374,0.568162317412557,1.50571056645883,2.10329887094849
"dfm_4a","estendido","sa","principal","2024Q2","m3",-0.754768888910836,-0.319676135115983,0.377681950127673,1.07822268290191,1.48053147378246
"dfm_4a","estendido","sa","principal","2024Q2","vespera",-0.25250545826742,0.172910628358557,0.798966129295386,1.44598369717295,1.90754501835046
"dfm_4a","estendido","sa","principal","2024Q3","m1",-1.13439292886616,-0.347079799648008,0.842487979419515,2.09691467843522,2.93077567070805
"dfm_4a","estendido","sa","principal","2024Q3","m2",-0.362914221572816,0.151295174290952,1.01040308337972,1.87073805078271,2.40844213713421
"dfm_4a","estendido","sa","principal","2024Q3","m3",-0.240682748503006,0.199976621134728,0.876188105339959,1.55869544771742,2.00158049918279
"dfm_4a","estendido","sa","principal","2024Q3","vespera",-0.0538619256547773,0.377372548323862,0.991820402358334,1.61667540922324,2.03122558611398
"dfm_4a","estendido","sa","principal","2024Q4","m1",-1.71150216564767,-0.903809989608,0.345946771936667,1.6091241187541,2.4198643095132
"dfm_4a","estendido","sa","principal","2024Q4","m2",-0.974417379787751,-0.410069862791878,0.42442733615049,1.29042448665525,1.8516519590142
"dfm_4a","estendido","sa","principal","2024Q4","m3",-0.508047642412102,-0.0842664921427221,0.572709792406989,1.23508795302528,1.6855101281049
"dfm_4a","estendido","sa","principal","2024Q4","vespera",-0.624053581823136,-0.234664354178325,0.401157685334419,0.995553730888132,1.43596023182315
"dfm_4a","estendido","sa","principal","2025Q1","m1",-2.41102475373897,-1.64392739669052,-0.412987190091507,0.7956482398878,1.64605438925212
"dfm_4a","estendido","sa","principal","2025Q1","m2",-1.22988251461764,-0.650174582490693,0.202674912290846,1.05387760019759,1.60860865794129
"dfm_4a","estendido","sa","principal","2025Q1","m3",-0.602369442415004,-0.183424730581458,0.478967494172777,1.11917695033924,1.58130378355738
"dfm_4a","estendido","sa","principal","2025Q1","vespera",-0.590284201150127,-0.194241870158598,0.422197287880066,1.04941312639453,1.45734009643473
"dfm_4a","estendido","sa","principal","2025Q2","m1",-1.9030648836301,-1.1220800621129,0.0503366583861853,1.23269614481604,2.00228889041359
"dfm_4a","estendido","sa","principal","2025Q2","m2",-0.591411250071807,-0.037460195426728,0.816183337906107,1.68941467339085,2.24251552317919
"dfm_4a","estendido","sa","principal","2025Q2","m3",-0.485905997472136,-0.0333073276304576,0.626274485668332,1.29938503587155,1.73673280177026
"dfm_4a","estendido","sa","principal","2025Q2","vespera",-0.559142223552417,-0.142092845416255,0.472767295384557,1.1018478880197,1.5080311747595
"dfm_4a","estendido","sa","principal","2025Q3","m1",-2.46641994246733,-1.69646588649183,-0.487713462849232,0.72028675486722,1.50627368754086
"dfm_4a","estendido","sa","principal","2025Q3","m2",-1.64974869358405,-1.11659261314734,-0.274263174227002,0.571425135134038,1.17365693656532
"dfm_4a","estendido","sa","principal","2025Q3","m3",-0.569243224680971,-0.191844493032648,0.345700689182027,0.9277573130893,1.27496028925334
"dfm_4a","estendido","sa","principal","2025Q3","vespera",-0.426193713587321,-0.0985408261098026,0.412892771449547,0.91058949220868,1.23597349744847
"dfm_4a","estendido","sa","principal","2025Q4","m1",-1.69633551684702,-0.922272065474416,0.268012899693726,1.44458448142095,2.22253332470684
"dfm_4a","estendido","sa","principal","2025Q4","m2",-0.552348018154673,-0.079388857675172,0.687832312050118,1.47546672211083,1.96473874876126
"dfm_4a","estendido","sa","principal","2025Q4","m3",-0.474337416230872,-0.0514099248170678,0.57695689904349,1.24305326238977,1.65931044187657
"dfm_4a","estendido","sa","principal","2025Q4","vespera",-0.693565534167144,-0.303461857426697,0.317238247276308,0.945725974312124,1.32224872823311
"dfm_4a","estendido","sa","principal","2026Q1","m1",-1.49905023696068,-0.679708831640758,0.470814660406704,1.71475056591436,2.50456152429086
"dfm_4a","estendido","sa","principal","2026Q1","m2",-1.08931844178589,-0.518390450054496,0.287381215850246,1.15558788258455,1.71555741652034
"dfm_4a","estendido","sa","principal","2026Q1","m3",-0.619365877867967,-0.280139080994257,0.243310033008781,0.777569781977766,1.13954644408262
"dfm_4a","estendido","sa","principal","2026Q1","vespera",-0.0993386305646626,0.198978099878858,0.684806185223796,1.15362184352267,1.46126084183429
"dfm_4a","estendido","sa","principal","2026Q2","m1",-1.15291266066864,-0.374506513559041,0.756571475990109,1.97334066270704,2.77392238404036
"dfm_4a","estendido","sa","principal","2026Q2","m2",-0.648663107948143,-0.183221668137212,0.584253712762184,1.36775289249364,1.85864450373694
"dfm_4a","estendido","sa","principal","2026Q2","m3",-0.361960390867767,-0.030127754020786,0.496015816066742,1.04042929509279,1.36686213114242
"dfm_4a","estendido","sa","principal","2026Q2","vespera",-0.455303616491895,-0.161750557008546,0.328768902495546,0.782717062385059,1.09549480344463
"dfm_4b","core","sa","principal","2019Q1","m1",-1.0693542240458,-0.466289062587399,0.485852452388147,1.43377849248902,2.03886670158405
"dfm_4b","core","sa","principal","2019Q1","m2",-0.831901579306157,-0.311273728529849,0.507747312441542,1.35499365377627,1.88560245714185
"dfm_4b","core","sa","principal","2019Q1","m3",-0.299454687986964,0.145096578173255,0.797036585686972,1.44181889751557,1.86937274840919
"dfm_4b","core","sa","principal","2019Q1","vespera",-1.09821359141544,-0.724589440524321,-0.183716559133024,0.377084337749881,0.721940476882251
"dfm_4b","core","sa","principal","2019Q2","m1",-0.92514348451449,-0.374876984113996,0.503055210682035,1.3304425266237,1.91404078585809
"dfm_4b","core","sa","principal","2019Q2","m2",-1.75823944741095,-1.26777032901299,-0.523831205339242,0.215933057187749,0.732683205937299
"dfm_4b","core","sa","principal","2019Q2","m3",-0.946140941601927,-0.574662872372848,-0.0127306698788132,0.566486928716395,0.919306747021126
"dfm_4b","core","sa","principal","2019Q2","vespera",-0.352261172018039,-0.0708871515070371,0.352397716428476,0.77787677645262,1.06233061278442
"dfm_4b","core","sa","principal","2019Q3","m1",-1.23574536144393,-0.622984292724701,0.311328785094955,1.27149008623982,1.9699089896444
"dfm_4b","core","sa","principal","2019Q3","m2",-1.37086988715419,-0.805915594308575,0.0396412100867383,0.924616290884216,1.49626495252604
"dfm_4b","core","sa","principal","2019Q3","m3",-0.834377395446311,-0.385509949693117,0.301214356538182,0.985072595816555,1.447484761631
"dfm_4b","core","sa","principal","2019Q3","vespera",-0.344874906855738,-0.00342563433735243,0.513794588995864,1.03440526805642,1.40753749121612
"dfm_4b","core","sa","principal","2019Q4","m1",-1.01232962511007,-0.367827841009304,0.6539425238827,1.67896907579825,2.32056959136475
"dfm_4b","core","sa","principal","2019Q4","m2",-0.846686965409615,-0.247065766970147,0.6327983712062,1.56121230806386,2.18886682342439
"dfm_4b","core","sa","principal","2019Q4","m3",0.204251786698592,0.618600689768195,1.25875069240146,1.92826805519443,2.40950855514196
"dfm_4b","core","sa","principal","2019Q4","vespera",-0.0950384635236379,0.190078793591356,0.678110828515466,1.14172851236426,1.46214028853571
"dfm_4b","core","sa","principal","2020Q1","m1",-0.870019483103693,-0.276645189694673,0.619115179179608,1.5460460661883,2.14623008816829
"dfm_4b","core","sa","principal","2020Q1","m2",-1.49951056658727,-1.01584391887246,-0.233480999279145,0.560745390600487,1.11628095051676
"dfm_4b","core","sa","principal","2020Q1","m3",-0.747127867170247,-0.36678652860224,0.161125376249205,0.738622702681595,1.10862953638623
"dfm_4b","core","sa","principal","2020Q1","vespera",-2.32871063597217,-2.07796788242064,-1.72229664640179,-1.35181466841897,-1.11681730605685
"dfm_4b","core","sa","principal","2020Q2","m1",-4.58854341320191,-3.92003275167056,-2.8316542840673,-1.75439902513806,-1.04280749555541
"dfm_4b","core","sa","principal","2020Q2","m2",-11.3130903900726,-10.7949761266678,-9.91099869446126,-9.06854190055245,-8.46640360249795
"dfm_4b","core","sa","principal","2020Q2","m3",-13.5512691901766,-13.2172050121821,-12.6603170529736,-12.1038496142473,-11.7149274606194
"dfm_4b","core","sa","principal","2020Q2","vespera",-9.14128673802906,-8.94707325979386,-8.63799305092546,-8.33336987118584,-8.13897254543406
"dfm_4b","core","sa","principal","2020Q3","m1",1.09143129073386,1.91637701030548,3.18658126823456,4.45818211041712,5.23954393549513
"dfm_4b","core","sa","principal","2020Q3","m2",5.81915917458625,6.46985794950896,7.44705024640342,8.41858450589218,9.12251600523427
"dfm_4b","core","sa","principal","2020Q3","m3",5.8559461406907,6.2820984256187,6.94068350447045,7.62220392663211,8.02526517726711
"dfm_4b","core","sa","principal","2020Q3","vespera",5.390264109626,5.66962485918527,6.10826869479674,6.57003620134256,6.86622881076069
"dfm_4b","core","sa","principal","2020Q4","m1",-0.929461765815291,0.0629668687017251,1.48855830389067,3.01346797651929,4.0389726703181
"dfm_4b","core","sa","principal","2020Q4","m2",0.4528432365678,1.15283841035629,2.32065594604188,3.51417945143329,4.26403404533638
"dfm_4b","core","sa","principal","2020Q4","m3",1.87261965944788,2.40419954947084,3.22047834558894,4.04828002841916,4.54731817612834
"dfm_4b","core","sa","principal","2020Q4","vespera",2.00674013467037,2.3918837901916,3.08160621502269,3.72455761349413,4.15232008629466
"dfm_4b","core","sa","principal","2021Q1","m1",-2.95872864013326,-1.99157740329028,-0.565374480045477,0.950231933561015,2.0049977549235
"dfm_4b","core","sa","principal","2021Q1","m2",-2.26148643081935,-1.58600276614718,-0.523033750475099,0.611388826960572,1.31249325315069
"dfm_4b","core","sa","principal","2021Q1","m3",-1.51669860951979,-0.976051447214621,-0.198015027769421,0.630893725170355,1.12433777467217
"dfm_4b","core","sa","principal","2021Q1","vespera",-1.57712100296049,-1.08130952326012,-0.392161991741052,0.322069075276116,0.801549452140484
"dfm_4b","core","sa","principal","2021Q2","m1",-2.06691364014091,-1.08812172689353,0.4243853059401,1.99114896193182,2.99536159008814
"dfm_4b","core","sa","principal","2021Q2","m2",-2.29844844080513,-1.60930557497457,-0.528861120219676,0.481454501501664,1.18978193937353
"dfm_4b","core","sa","principal","2021Q2","m3",0.161422364316113,0.642822782644938,1.39149853648065,2.13768699343625,2.63494895678382
"dfm_4b","core","sa","principal","2021Q2","vespera",-0.164435928963717,0.237332198920745,0.833427897674777,1.43120648381545,1.81751189658725
"dfm_4b","core","sa","principal","2021Q3","m1",-0.972401829901686,0.0959818675924531,1.72367115221514,3.37938269104496,4.47213690855069
"dfm_4b","core","sa","principal","2021Q3","m2",-0.665514404964362,0.0584947133824611,1.22673585653921,2.38605887440578,3.15058835507207
"dfm_4b","core","sa","principal","2021Q3","m3",-0.84877620169319,-0.393738415928706,0.294955567281385,0.988074246511374,1.49295061064608
"dfm_4b","core","sa","principal","2021Q3","vespera",-0.46424449709192,-0.238270423765679,0.13471273180472,0.513927058824978,0.756359894715267
"dfm_4b","core","sa","principal","2021Q4","m1",-3.30353152843729,-2.4515443381146,-1.06121882120008,0.389007587271639,1.31598983387244
"dfm_4b","core","sa","principal","2021Q4","m2",-2.04840343065531,-1.40163495137461,-0.381215317655653,0.655269492101126,1.33808081214533
"dfm_4b","core","sa","principal","2021Q4","m3",-1.72748622805015,-1.25958042206964,-0.531563366345733,0.205116046883063,0.674695068752686
"dfm_4b","core","sa","principal","2021Q4","vespera",-0.997848807708302,-0.613555482637585,0.0020763277255309,0.622513575470581,1.01727080178096
"dfm_4b","core","sa","principal","2022Q1","m1",-1.86385754356755,-0.998976608720145,0.418455588624267,1.82529846114593,2.70623335978629
"dfm_4b","core","sa","principal","2022Q1","m2",-0.0937469964133136,0.613229989870233,1.7028096189928,2.7355320550168,3.40284293341725
"dfm_4b","core","sa","principal","2022Q1","m3",-0.321399785950028,0.149660054450958,0.858397786365706,1.60492687791326,2.07874399076709
"dfm_4b","core","sa","principal","2022Q1","vespera",0.318388736268886,0.715124461536886,1.29860720586502,1.8980395063078,2.30390920980182
"dfm_4b","core","sa","principal","2022Q2","m1",-1.73889701754098,-0.860218051948234,0.557877637206627,1.9391577180354,2.854290535694
"dfm_4b","core","sa","principal","2022Q2","m2",-0.541105970162478,0.160422334427785,1.17717743452628,2.22415606894155,2.92115958281887
"dfm_4b","core","sa","principal","2022Q2","m3",0.342939955516988,0.842973148512194,1.5335675648416,2.25312620251573,2.74682716392788
"dfm_4b","core","sa","principal","2022Q2","vespera",0.160172130861113,0.50378272403978,1.04367318860286,1.59942046382875,1.95923187759552
"dfm_4b","core","sa","principal","2022Q3","m1",-2.40863597482723,-1.63109603960791,-0.24087939839707,1.05854138784728,1.98358674717847
"dfm_4b","core","sa","principal","2022Q3","m2",-0.989451405549881,-0.374340075639867,0.593800013206658,1.55802746161362,2.1976608741776
"dfm_4b","core","sa","principal","2022Q3","m3",-0.123159202619344,0.332934839380851,1.01562293128061,1.69769028086083,2.17061935273045
"dfm_4b","core","sa","principal","2022Q3","vespera",-0.224110141227319,0.122281928459966,0.687822462556043,1.27651004438825,1.62528748903546
"dfm_4b","core","sa","principal","2022Q4","m1",-2.1516089538751,-1.23553968086245,0.164937643286556,1.47996997658463,2.36416401909477
"dfm_4b","core","sa","principal","2022Q4","m2",-1.95603087373631,-1.3724893437425,-0.348566975791209,0.650804612472466,1.28884811963075
"dfm_4b","core","sa","principal","2022Q4","m3",-1.3709242180194,-0.905376486182834,-0.177016192192808,0.540971759291773,1.02473014579706
"dfm_4b","core","sa","principal","2022Q4","vespera",-1.127683051738,-0.710237390508862,-0.0706731840040553,0.535961662660382,0.945714523862753
"dfm_4b","core","sa","principal","2023Q1","m1",-2.01772810504949,-1.16245296258197,0.202829902190171,1.59824717269787,2.60714199764261
"dfm_4b","core","sa","principal","2023Q1","m2",-1.72266582886158,-1.03890755321817,-0.0397378897630585,1.01961721933564,1.68698760474991
"dfm_4b","core","sa","principal","2023Q1","m3",-1.21370653249747,-0.763184428559018,-0.0500784768758422,0.662809400660787,1.12680019687678
"dfm_4b","core","sa","principal","2023Q1","vespera",-0.20315374651424,0.16140334373436,0.732985838892375,1.29131382204941,1.68488386646921
"dfm_4b","core","sa","principal","2023Q2","m1",-0.777681060569796,0.10784904916233,1.43228571887952,2.79889885643921,3.6813059347416
"dfm_4b","core","sa","principal","2023Q2","m2",-0.374473238728409,0.282270716828746,1.2864967773626,2.29910360488187,2.99203711262395
"dfm_4b","core","sa","principal","2023Q2","m3",-0.791327344887392,-0.284318238220801,0.53731099981712,1.32059512290806,1.85247037780068
"dfm_4b","core","sa","principal","2023Q2","vespera",-0.497448192358367,-0.0418328485118558,0.658958676403654,1.33932113401378,1.79675192848553
"dfm_4b","core","sa","principal","2023Q3","m1",-2.13263747776996,-1.21845344817807,0.139226770126788,1.48181568715575,2.32258853718997
"dfm_4b","core","sa","principal","2023Q3","m2",-0.567207545013896,0.150211767708655,1.14256941256724,2.22376448909703,2.95645448694246
"dfm_4b","core","sa","principal","2023Q3","m3",-1.10979496878799,-0.589373481158377,0.239416874607734,1.07016470699706,1.62925151272894
"dfm_4b","core","sa","principal","2023Q3","vespera",-0.800076069764384,-0.332269015118733,0.450943127765324,1.22440753851443,1.7163486187216
"dfm_4b","core","sa","principal","2023Q4","m1",-2.2412376016491,-1.36852532977971,0.0114919391439705,1.34888030686963,2.29921204269448
"dfm_4b","core","sa","principal","2023Q4","m2",-1.02284295230084,-0.363487475244973,0.664414022403115,1.68619744686756,2.38645006192188
"dfm_4b","core","sa","principal","2023Q4","m3",-1.36926092601982,-0.82137636880381,-0.0223809302596856,0.77965293744598,1.28781521583286
"dfm_4b","core","sa","principal","2023Q4","vespera",-0.97757528203315,-0.509191341261109,0.178086144236433,0.88434298890534,1.33409714384784
"dfm_4b","core","sa","principal","2024Q1","m1",-1.0639548452973,-0.243172306600794,1.08898811135976,2.51635150207038,3.39338993067953
"dfm_4b","core","sa","principal","2024Q1","m2",-1.92290603126117,-1.22593792102007,-0.146016895621776,0.956405255100427,1.66644351327383
"dfm_4b","core","sa","principal","2024Q1","m3",-0.771401608286672,-0.231353698894463,0.616297667228816,1.4976600853227,2.09856700567311
"dfm_4b","core","sa","principal","2024Q1","vespera",-0.571630128357584,-0.0669860775436799,0.73272593233219,1.53199614078544,2.03980847093183
"dfm_4b","core","sa","principal","2024Q2","m1",-1.30866722519565,-0.422034674122613,0.887308273391529,2.22063119479801,3.14562631676233
"dfm_4b","core","sa","principal","2024Q2","m2",-0.881589156215413,-0.205536299028309,0.856179574990124,1.92957825580307,2.69627297971879
"dfm_4b","core","sa","principal","2024Q2","m3",-0.918202020072685,-0.40058066666536,0.445897717993671,1.30074812869004,1.85412484555238
"dfm_4b","core","sa","principal","2024Q2","vespera",-0.444061844217592,0.0459967582492586,0.809727657239012,1.56838471977539,2.03900322853633
"dfm_4b","core","sa","principal","2024Q3","m1",-1.33253549989131,-0.522400188253383,0.865154107226795,2.21893323744971,3.06125931775136
"dfm_4b","core","sa","principal","2024Q3","m2",-0.349860782326592,0.350126523049872,1.35036006939744,2.38336256690701,3.07243890396227
"dfm_4b","core","sa","principal","2024Q3","m3",-0.296988427752007,0.218592779046514,1.01606435689658,1.80446347045531,2.36690776458464
"dfm_4b","core","sa","principal","2024Q3","vespera",-0.200307834674544,0.248352515386807,0.956395587095915,1.66565702322212,2.0975147885976
"dfm_4b","core","sa","principal","2024Q4","m1",-1.64791472143805,-0.854811447456997,0.405515632009024,1.72000997234495,2.66816577741148
"dfm_4b","core","sa","principal","2024Q4","m2",-0.891647384527551,-0.221959999862968,0.752328591100893,1.76822539340666,2.36090745117907
"dfm_4b","core","sa","principal","2024Q4","m3",-0.475675642237328,0.0525331011282893,0.831357872649485,1.61682862064927,2.12318765160138
"dfm_4b","core","sa","principal","2024Q4","vespera",-0.812602254328573,-0.391831665183862,0.27768512138423,0.971120322496926,1.41338008372751
"dfm_4b","core","sa","principal","2025Q1","m1",-2.77373653455234,-1.97648601047078,-0.706424349479412,0.620074524640681,1.48549405073911
"dfm_4b","core","sa","principal","2025Q1","m2",-2.22503124044005,-1.58566566580254,-0.566851762352005,0.489025601069549,1.15811803056501
"dfm_4b","core","sa","principal","2025Q1","m3",-0.84165263237733,-0.32031038578485,0.444143367803074,1.23346834817366,1.79258487118709
"dfm_4b","core","sa","principal","2025Q1","vespera",-0.66737354595352,-0.186604432781762,0.509557556362461,1.15994669932195,1.61223730537471
"dfm_4b","core","sa","principal","2025Q2","m1",-1.79767161115984,-0.915285080674261,0.328835112089454,1.63312108348862,2.50741813399617
"dfm_4b","core","sa","principal","2025Q2","m2",-0.700825490636444,-0.0556903772693248,0.938441079687558,1.89263487373454,2.51822840307839
"dfm_4b","core","sa","principal","2025Q2","m3",-0.409548407674757,0.0745756522195986,0.863355473732552,1.62183453574107,2.16648539008115
"dfm_4b","core","sa","principal","2025Q2","vespera",-0.749676555071389,-0.242683736246148,0.439816596357434,1.13645917642401,1.56799390512404
"dfm_4b","core","sa","principal","2025Q3","m1",-2.28171102419102,-1.51808089327258,-0.254532780129085,1.07538662062927,1.93861945251958
"dfm_4b","core","sa","principal","2025Q3","m2",-1.7383455356247,-1.10216443304709,-0.0734075960587388,0.953942020683247,1.6242391126991
"dfm_4b","core","sa","principal","2025Q3","m3",-1.1144825882314,-0.593655124670221,0.200016034519013,1.02550027542097,1.54039314862211
"dfm_4b","core","sa","principal","2025Q3","vespera",-0.798908290164017,-0.352317110583603,0.379972194675626,1.07319287022134,1.54500461118475
"dfm_4b","core","sa","principal","2025Q4","m1",-1.51868262844608,-0.692823383027148,0.612595337113664,1.91683328615469,2.75176475569495
"dfm_4b","core","sa","principal","2025Q4","m2",-0.734129315574514,-0.0925184352739183,0.886628142508539,1.84479775746953,2.50218528046432
"dfm_4b","core","sa","principal","2025Q4","m3",-0.490743675355556,-0.00508508356435609,0.693774998750629,1.43481965820234,1.910847483455
"dfm_4b","core","sa","principal","2025Q4","vespera",-0.540462124381926,-0.126881575641197,0.487564373872995,1.09058514632424,1.49999325286794
"dfm_4b","core","sa","principal","2026Q1","m1",-1.25607804861736,-0.426784347211037,0.873834461349021,2.19599808741936,3.05076608879171
"dfm_4b","core","sa","principal","2026Q1","m2",-1.45720368128805,-0.821528625663773,0.194449876122005,1.23490415665739,1.92849221398375
"dfm_4b","core","sa","principal","2026Q1","m3",-0.941249359072117,-0.459250174784297,0.270915353834145,1.01115159627755,1.48591501681552
"dfm_4b","core","sa","principal","2026Q1","vespera",-0.310104624189706,0.113490834965312,0.75927562822089,1.42355785698334,1.86416859117691
"dfm_4b","core","sa","principal","2026Q2","m1",0.0286742394487583,0.852145252203397,2.17851593885415,3.4503889904165,4.26268407992773
"dfm_4b","core","sa","principal","2026Q2","m2",-0.71261328074541,-0.11860468878695,0.803032706367612,1.73957331454683,2.31914203447888
"dfm_4b","core","sa","principal","2026Q2","m3",-0.317814209256566,0.104289516516107,0.777288193098746,1.46512278282219,1.94233100860871
"dfm_4b","core","sa","principal","2026Q2","vespera",-0.485753180149528,-0.0945095810291812,0.464864167272705,1.03626361223813,1.40086717003715
"dfm_4b","estendido","sa","principal","2019Q1","m1",-0.396202027613289,0.151737639917036,1.00612460650277,1.87480097150491,2.40208747719435
"dfm_4b","estendido","sa","principal","2019Q1","m2",-0.523126661677103,-0.089348613061222,0.631717660737841,1.32861648103248,1.78593436100732
"dfm_4b","estendido","sa","principal","2019Q1","m3",-0.29223135955,0.0820710783572807,0.704788894441,1.29761556780646,1.707377059997
"dfm_4b","estendido","sa","principal","2019Q1","vespera",-0.8972119013296,-0.504152764815682,0.110217870734264,0.690987103016313,1.07237015099563
"dfm_4b","estendido","sa","principal","2019Q2","m1",-0.85158511826568,-0.388814739627228,0.34672462590809,1.12432477547505,1.62171594629047
"dfm_4b","estendido","sa","principal","2019Q2","m2",-1.99471108765347,-1.59759105967223,-1.0215347472291,-0.413246741416613,-0.0274545485585684
"dfm_4b","estendido","sa","principal","2019Q2","m3",-1.08656290349824,-0.780373377596189,-0.287797663251499,0.206720495429764,0.552763096644842
"dfm_4b","estendido","sa","principal","2019Q2","vespera",-0.849105633067417,-0.534665023430447,-0.0755367495641479,0.375917903451652,0.686451223312981
"dfm_4b","estendido","sa","principal","2019Q3","m1",-1.0362162855863,-0.564456839876055,0.207149704657283,1.02392930786973,1.51663557901113
"dfm_4b","estendido","sa","principal","2019Q3","m2",-0.617489180251535,-0.167012198872425,0.501513126970266,1.18941317649183,1.59433447670624
"dfm_4b","estendido","sa","principal","2019Q3","m3",-0.478345206759257,-0.0794648938460516,0.535703902254181,1.20492442388871,1.63789397569897
"dfm_4b","estendido","sa","principal","2019Q3","vespera",-0.44252649931303,-0.0508050812077827,0.551057114415932,1.15264328349091,1.5681016853255
"dfm_4b","estendido","sa","principal","2019Q4","m1",-0.907817426871994,-0.387372755270266,0.402611176793843,1.18108487486393,1.68638127363634
"dfm_4b","estendido","sa","principal","2019Q4","m2",-0.66597118532699,-0.20403735950244,0.492618629565489,1.18015298270463,1.61118331466255
"dfm_4b","estendido","sa","principal","2019Q4","m3",-0.27655075700685,0.115474491505093,0.726295223695095,1.34139814269911,1.73386601745863
"dfm_4b","estendido","sa","principal","2019Q4","vespera",-0.545310682470727,-0.156549787494086,0.423821621907539,0.991467006292677,1.36619649524278
"dfm_4b","estendido","sa","principal","2020Q1","m1",-1.45486312814631,-0.972858643853836,-0.212642991173634,0.509633409549102,0.968390179311533
"dfm_4b","estendido","sa","principal","2020Q1","m2",-1.2698957815135,-0.886596958737316,-0.268441601160729,0.344880320852571,0.761880105944979
"dfm_4b","estendido","sa","principal","2020Q1","m3",-0.572376060893279,-0.215371104228502,0.30591871658624,0.815766376895406,1.16182745429809
"dfm_4b","estendido","sa","principal","2020Q1","vespera",-1.7450234688352,-1.41635684024223,-0.937272495790548,-0.463275484620088,-0.140250394133291
"dfm_4b","estendido","sa","principal","2020Q2","m1",-2.3833449730862,-1.86443502317725,-1.12147281289106,-0.347284429037553,0.138318055368646
"dfm_4b","estendido","sa","principal","2020Q2","m2",-10.533942457416,-10.1919898522306,-9.64500823064439,-9.11510516609033,-8.75162903985839
"dfm_4b","estendido","sa","principal","2020Q2","m3",-7.86730865345229,-7.58136937882946,-7.10815211721528,-6.64881597788341,-6.31554031783717
"dfm_4b","estendido","sa","principal","2020Q2","vespera",-6.71547836682645,-6.43912237175191,-5.99684198480346,-5.55995580439974,-5.2494770004463
"dfm_4b","estendido","sa","principal","2020Q3","m1",2.87950842280472,3.57709266216618,4.60185870002842,5.68003136303216,6.35685274810617
"dfm_4b","estendido","sa","principal","2020Q3","m2",2.99399876095214,3.49918422258137,4.25694178477923,5.02469983169232,5.51115155660819
"dfm_4b","estendido","sa","principal","2020Q3","m3",1.75931667096083,2.15071983922568,2.7364290801328,3.32095674647623,3.7096957130961
"dfm_4b","estendido","sa","principal","2020Q3","vespera",1.71371343756489,2.08200479903646,2.61750901261685,3.1520737301246,3.50744776358696
"dfm_4b","estendido","sa","principal","2020Q4","m1",-0.648044711076743,0.281074527815909,1.70459756340129,3.23291743153445,4.15698704314946
"dfm_4b","estendido","sa","principal","2020Q4","m2",0.345824811004202,0.970989631296511,1.94714469245606,2.94216192436416,3.57427146931321
"dfm_4b","estendido","sa","principal","2020Q4","m3",1.35481194326925,1.77509574859581,2.47483866930176,3.17804379229811,3.658092917419
"dfm_4b","estendido","sa","principal","2020Q4","vespera",0.798542968547109,1.19265849897567,1.84488466679203,2.48119614471462,2.87843639674232
"dfm_4b","estendido","sa","principal","2021Q1","m1",-3.0458899706716,-2.09544303609313,-0.629734527248987,0.832907394084064,1.82067854121156
"dfm_4b","estendido","sa","principal","2021Q1","m2",-1.03744610951985,-0.457240913447917,0.498616552436282,1.48725823368914,2.18088132626171
"dfm_4b","estendido","sa","principal","2021Q1","m3",-2.0753390911596,-1.63888561248901,-0.949200422182189,-0.262456150390695,0.18144555474525
"dfm_4b","estendido","sa","principal","2021Q1","vespera",-1.1744583094254,-0.761047466512231,-0.120567827131834,0.505019195315314,0.953973948774998
"dfm_4b","estendido","sa","principal","2021Q2","m1",-1.82670806953982,-0.871086605471784,0.585584463338473,2.05899144687775,3.01776207046697
"dfm_4b","estendido","sa","principal","2021Q2","m2",-2.16754161708202,-1.46157069041093,-0.482052493183938,0.505768314864541,1.18170329786592
"dfm_4b","estendido","sa","principal","2021Q2","m3",-0.529848121062056,-0.0509147854993372,0.645942208301054,1.34182078124214,1.82132920997491
"dfm_4b","estendido","sa","principal","2021Q2","vespera",-0.814403015821891,-0.384764385265697,0.231534747813578,0.881705514985464,1.31219796446004
"dfm_4b","estendido","sa","principal","2021Q3","m1",-1.9706331060489,-0.997209597405609,0.484006381958302,1.95704745613942,2.87667556315645
"dfm_4b","estendido","sa","principal","2021Q3","m2",-1.70570390397822,-1.05592562331758,-0.143880997795126,0.778981107720184,1.38970562322692
"dfm_4b","estendido","sa","principal","2021Q3","m3",-1.48496379084,-1.07493233278563,-0.463538387047452,0.15227986848084,0.564601276862654
"dfm_4b","estendido","sa","principal","2021Q3","vespera",-1.18334954000549,-0.841425181426618,-0.300633954975826,0.227324355927903,0.58619290495257
"dfm_4b","estendido","sa","principal","2021Q4","m1",-3.35226764371222,-2.46012586141135,-1.04241298744496,0.34671794757841,1.35296098822336
"dfm_4b","estendido","sa","principal","2021Q4","m2",-2.16740532938018,-1.53529121848631,-0.621356860812611,0.333211278096721,0.971794622473346
"dfm_4b","estendido","sa","principal","2021Q4","m3",-1.54243601860648,-1.12504821366562,-0.474963073584567,0.197816388111461,0.653877513831907
"dfm_4b","estendido","sa","principal","2021Q4","vespera",-0.883317548950988,-0.508308136180067,0.0722767813870928,0.642961580108739,1.00309911917667
"dfm_4b","estendido","sa","principal","2022Q1","m1",-1.61852954469201,-0.704113874660177,0.684553388941089,2.20627601075343,3.18004243090192
"dfm_4b","estendido","sa","principal","2022Q1","m2",-1.01181272759712,-0.446619544091586,0.527149838571461,1.44903445145138,2.04705459024812
"dfm_4b","estendido","sa","principal","2022Q1","m3",-0.268415617337189,0.154103218540332,0.823306828373704,1.48703111838004,1.89867452590804
"dfm_4b","estendido","sa","principal","2022Q1","vespera",0.0641093958033767,0.426565326719471,0.989314776656447,1.57016624169197,1.94026813810782
"dfm_4b","estendido","sa","principal","2022Q2","m1",-1.82966133075876,-0.922121552211192,0.441819041795022,1.8381912538428,2.80985095438029
"dfm_4b","estendido","sa","principal","2022Q2","m2",-1.26117808375859,-0.632801868204698,0.26839326062843,1.20974668692639,1.84135900164345
"dfm_4b","estendido","sa","principal","2022Q2","m3",0.0667973738128159,0.505386227605052,1.13706799799311,1.76563753929251,2.19744357454254
"dfm_4b","estendido","sa","principal","2022Q2","vespera",-0.269746400490944,0.10804395517926,0.665382775649259,1.2247865133012,1.57587255796835
"dfm_4b","estendido","sa","principal","2022Q3","m1",-2.92436959441964,-2.07081694530844,-0.689633944359702,0.683413605483221,1.70245999988414
"dfm_4b","estendido","sa","principal","2022Q3","m2",-0.258665042461585,0.343166429159901,1.29260525408545,2.19867381020013,2.77457400515025
"dfm_4b","estendido","sa","principal","2022Q3","m3",-0.0618204059777383,0.344456055341922,0.961627658477959,1.5824817100339,2.00977803565439
"dfm_4b","estendido","sa","principal","2022Q3","vespera",-0.228909949671668,0.133905521021889,0.675974777180355,1.22006043900136,1.61329164505554
"dfm_4b","estendido","sa","principal","2022Q4","m1",-2.33281846741773,-1.41383284795711,-0.0221449289204423,1.43643938452708,2.41654559890346
"dfm_4b","estendido","sa","principal","2022Q4","m2",-2.06255657672403,-1.46814193114207,-0.511894927891976,0.411893583903334,1.07923789900522
"dfm_4b","estendido","sa","principal","2022Q4","m3",-1.30774260769147,-0.859730583216934,-0.219087783666755,0.469450059483645,0.917908795345036
"dfm_4b","estendido","sa","principal","2022Q4","vespera",-0.985686696581969,-0.579271890169444,-0.012089817227745,0.556119193066843,0.952510516092521
"dfm_4b","estendido","sa","principal","2023Q1","m1",-1.87605944261482,-0.965507365747456,0.447512203724731,1.85829923262962,2.80809969508586
"dfm_4b","estendido","sa","principal","2023Q1","m2",-1.43059560440788,-0.824616551026776,0.0635129884070884,1.05411157248,1.67120533938634
"dfm_4b","estendido","sa","principal","2023Q1","m3",-1.05558342166642,-0.622164783173378,0.0264498782721057,0.696641809586158,1.11334686313054
"dfm_4b","estendido","sa","principal","2023Q1","vespera",-0.438356066624579,-0.0775957523797181,0.512464971132776,1.09241795570065,1.4695600187373
"dfm_4b","estendido","sa","principal","2023Q2","m1",-0.587523933470168,0.304020422590547,1.77097622952257,3.27212633637463,4.20586885337077
"dfm_4b","estendido","sa","principal","2023Q2","m2",-1.03507738619232,-0.38705173378448,0.544812922690108,1.54105793161498,2.27703977666058
"dfm_4b","estendido","sa","principal","2023Q2","m3",-0.393382878051342,0.0540361835178338,0.775404346003805,1.52841017262945,2.01032533881447
"dfm_4b","estendido","sa","principal","2023Q2","vespera",-0.409983009284821,0.0300213711733859,0.671924263918855,1.33781343651672,1.76908001918272
"dfm_4b","estendido","sa","principal","2023Q3","m1",-1.65426558325235,-0.724885966811971,0.685030470135506,2.18018261935012,3.17865755266382
"dfm_4b","estendido","sa","principal","2023Q3","m2",-1.07746563350025,-0.413296939151951,0.559106705292334,1.63301082885513,2.2556835033449
"dfm_4b","estendido","sa","principal","2023Q3","m3",-1.05737928838416,-0.551240728589362,0.243781616933236,1.03078725467936,1.53828678969682
"dfm_4b","estendido","sa","principal","2023Q3","vespera",-0.660960006528795,-0.201558271208334,0.508358397944109,1.24726345372589,1.71309497309223
"dfm_4b","estendido","sa","principal","2023Q4","m1",-2.51420369207388,-1.574649920275,-0.183532980948281,1.23983284119816,2.16284523525939
"dfm_4b","estendido","sa","principal","2023Q4","m2",-1.03806587731287,-0.418945618376374,0.569599042724034,1.56991409880284,2.22641160138913
"dfm_4b","estendido","sa","principal","2023Q4","m3",-0.922413755321169,-0.428481985580095,0.327392442102858,1.08034759753058,1.59785301032
"dfm_4b","estendido","sa","principal","2023Q4","vespera",-0.736858176541824,-0.309897838885453,0.391500362628527,1.0744419823213,1.53055461789906
"dfm_4b","estendido","sa","principal","2024Q1","m1",-0.920500884891585,0.0286466961302212,1.42366401130841,2.91995702702136,3.9065628080442
"dfm_4b","estendido","sa","principal","2024Q1","m2",-1.83945190928572,-1.20079883768851,-0.175593093206444,0.824967939482169,1.51652420897159
"dfm_4b","estendido","sa","principal","2024Q1","m3",-0.972159213812407,-0.459446511530409,0.300946576122629,1.10412985815373,1.62387897969423
"dfm_4b","estendido","sa","principal","2024Q1","vespera",-0.695755086651659,-0.22556639068818,0.491578508966073,1.20774566863627,1.70319069392639
"dfm_4b","estendido","sa","principal","2024Q2","m1",-2.05409177783457,-1.08024514695468,0.397000660147406,1.82691030793982,2.75227341915749
"dfm_4b","estendido","sa","principal","2024Q2","m2",-0.939165482491532,-0.309597909681063,0.726252566982943,1.73550120457554,2.46471398257575
"dfm_4b","estendido","sa","principal","2024Q2","m3",-1.21325051471161,-0.71027138659001,0.0655653633818365,0.836363903434953,1.34738614499202
"dfm_4b","estendido","sa","principal","2024Q2","vespera",-0.351964948119468,0.116259179089218,0.806575380504815,1.54153512585415,2.03764395622412
"dfm_4b","estendido","sa","principal","2024Q3","m1",-1.03728612677904,-0.0700965084215412,1.26261865423211,2.68622411296108,3.64213917477273
"dfm_4b","estendido","sa","principal","2024Q3","m2",-0.758585250951375,-0.135408993473998,0.816320528958248,1.80677295147279,2.47661014095006
"dfm_4b","estendido","sa","principal","2024Q3","m3",-0.691011155298887,-0.192075670696011,0.54095950207429,1.26944513879565,1.75594099156029
"dfm_4b","estendido","sa","principal","2024Q3","vespera",-0.271556352866533,0.128445202743783,0.788380775158393,1.45202387250245,1.91745830326796
"dfm_4b","estendido","sa","principal","2024Q4","m1",-1.83534677566604,-0.994891989627802,0.377576252634271,1.80348759828549,2.71868361841827
"dfm_4b","estendido","sa","principal","2024Q4","m2",-1.18251692471293,-0.548555944101951,0.41222334202955,1.39040970114584,1.98591993763091
"dfm_4b","estendido","sa","principal","2024Q4","m3",-0.75978607157612,-0.30396130961329,0.404265706610152,1.15774742421051,1.65113526314821
"dfm_4b","estendido","sa","principal","2024Q4","vespera",-0.808816115805606,-0.362988434759917,0.294285621845913,0.941593905356738,1.37825603933112
"dfm_4b","estendido","sa","principal","2025Q1","m1",-3.32510229764421,-2.41978725705765,-1.06951321425088,0.296968731813434,1.21181746043022
"dfm_4b","estendido","sa","principal","2025Q1","m2",-1.24164498928961,-0.568312383547309,0.427872357793468,1.41380734668399,2.05206686086622
"dfm_4b","estendido","sa","principal","2025Q1","m3",-0.587793384708848,-0.100093992503404,0.615313939830286,1.29495413393098,1.75873129813549
"dfm_4b","estendido","sa","principal","2025Q1","vespera",-0.651889228144645,-0.24222938634085,0.416194790084856,1.07326169506994,1.52864840021653
"dfm_4b","estendido","sa","principal","2025Q2","m1",-2.56010856418795,-1.67887192231144,-0.300128196505389,1.11482191644646,2.01744373613332
"dfm_4b","estendido","sa","principal","2025Q2","m2",-0.735900880777266,-0.156521742486714,0.832233845015584,1.79619441072849,2.38879763656408
"dfm_4b","estendido","sa","principal","2025Q2","m3",-0.488046563592109,-0.0186417724200516,0.689598485896736,1.37607246269638,1.86321759154943
"dfm_4b","estendido","sa","principal","2025Q2","vespera",-0.621075456909179,-0.211902585637714,0.422769569731973,1.06514853858707,1.47980537232154
"dfm_4b","estendido","sa","principal","2025Q3","m1",-2.66968956536039,-1.78406384983015,-0.423616176782488,0.934397058231725,1.82845989405097
"dfm_4b","estendido","sa","principal","2025Q3","m2",-1.5200174733025,-0.892559571457688,0.0507102984088292,0.967082048540039,1.60934032141158
"dfm_4b","estendido","sa","principal","2025Q3","m3",-0.746498140085781,-0.274172048347552,0.416546067807777,1.15779871217257,1.62048919379863
"dfm_4b","estendido","sa","principal","2025Q3","vespera",-0.545894147770776,-0.142777626494803,0.524639721253706,1.20024855371954,1.61824418898994
"dfm_4b","estendido","sa","principal","2025Q4","m1",-1.87972492143801,-1.07232947990002,0.207298059368788,1.62526985112595,2.49816098588489
"dfm_4b","estendido","sa","principal","2025Q4","m2",-0.472574660276868,0.0625423760705886,1.00114242623977,1.92398199650101,2.53810640834458
"dfm_4b","estendido","sa","principal","2025Q4","m3",-0.422582249334859,0.0115472112240278,0.641219820402772,1.29251823849365,1.7285037213406
"dfm_4b","estendido","sa","principal","2025Q4","vespera",-0.692002408407208,-0.306686235628896,0.258111749670598,0.854595891802654,1.23524960145313
"dfm_4b","estendido","sa","principal","2026Q1","m1",-2.49145410178023,-1.66414004554421,-0.283871879133363,1.03208552740724,1.94444804215487
"dfm_4b","estendido","sa","principal","2026Q1","m2",-1.14871311335222,-0.529671773409496,0.441445751051772,1.40664722771727,2.0206499099328
"dfm_4b","estendido","sa","principal","2026Q1","m3",-1.0920795015547,-0.634821832689364,0.0568696759694953,0.763497941235038,1.20102001157775
"dfm_4b","estendido","sa","principal","2026Q1","vespera",-0.317748110607063,0.084631147392015,0.727738998830729,1.35337071774996,1.76745954793909
"dfm_4b","estendido","sa","principal","2026Q2","m1",-0.833629028340937,0.0210181635859703,1.38928860428335,2.67379573636256,3.54560497357681
"dfm_4b","estendido","sa","principal","2026Q2","m2",-0.929154161136121,-0.340426861528211,0.556762037815817,1.45163539387745,2.03988973495672
"dfm_4b","estendido","sa","principal","2026Q2","m3",-0.62585796213289,-0.234236760106824,0.411299727121461,1.05981232544232,1.49619422488422
"dfm_4b","estendido","sa","principal","2026Q2","vespera",-0.589968215171024,-0.232670160600357,0.324573263492722,0.859675123977531,1.24164836459065
"mfbvar","core","sa","principal","2019Q1","m1",-0.958278573793719,-0.470314008183157,0.25239066217192,0.972958683695975,1.4757709068834
"mfbvar","core","sa","principal","2019Q1","m2",-0.493926386485169,-0.179773939557783,0.282240481531459,0.764694860825681,1.08348842125076
"mfbvar","core","sa","principal","2019Q1","m3",-0.203486951995737,0.0610003372069086,0.435873691380062,0.828501714138857,1.10282885788039
"mfbvar","core","sa","principal","2019Q1","vespera",-0.447738724839775,-0.220416585197194,0.109944723603728,0.450620567145688,0.682141501526022
"mfbvar","core","sa","principal","2019Q2","m1",-0.908756549499546,-0.505259035828441,0.100377999485213,0.699863124685988,1.10275024079911
"mfbvar","core","sa","principal","2019Q2","m2",-1.03300175531606,-0.644353469017258,-0.0704998866759843,0.519162045070161,0.895318802791169
"mfbvar","core","sa","principal","2019Q2","m3",-0.480706255674433,-0.142675744680846,0.349927526622451,0.852338466418213,1.18888591919865
"mfbvar","core","sa","principal","2019Q2","vespera",-0.411207880742102,-0.137084153178209,0.3047639366069,0.732835940899383,1.01131512110521
"mfbvar","core","sa","principal","2019Q3","m1",-0.951053145804203,-0.496151828329053,0.191541855997657,0.869608142279563,1.31937457001292
"mfbvar","core","sa","principal","2019Q3","m2",-0.535470627695454,-0.178624714086368,0.357182199685879,0.897168894799403,1.25851190711664
"mfbvar","core","sa","principal","2019Q3","m3",-0.358993822029606,-0.0767193795596937,0.368608914370483,0.814569035283045,1.12785492165713
"mfbvar","core","sa","principal","2019Q3","vespera",-0.173337301392671,0.119197118175978,0.534759859877187,0.952306046429551,1.24472105091376
"mfbvar","core","sa","principal","2019Q4","m1",-0.764697145338962,-0.343141920573197,0.303612069206638,0.962410288658567,1.39898099323523
"mfbvar","core","sa","principal","2019Q4","m2",-0.585725732537863,-0.250213369071761,0.264634369114192,0.782650389432781,1.10732407302557
"mfbvar","core","sa","principal","2019Q4","m3",-0.189337861662519,0.0562741037884704,0.434738189300865,0.827601028480857,1.07272760482478
"mfbvar","core","sa","principal","2019Q4","vespera",-0.120029210047434,0.117468424931852,0.494668740154591,0.865460933937791,1.12145666283672
"mfbvar","core","sa","principal","2020Q1","m1",-0.736913923861995,-0.33724803801456,0.281456864702478,0.914951088100987,1.33860418476613
"mfbvar","core","sa","principal","2020Q1","m2",-0.841930972052894,-0.497346266770566,0.00128192355625112,0.504097477847663,0.837803719595413
"mfbvar","core","sa","principal","2020Q1","m3",-0.177461510130267,0.179586449837117,0.713515403071208,1.24049719034099,1.57889164031372
"mfbvar","core","sa","principal","2020Q1","vespera",-1.61450167675528,-0.930202113143601,-0.234087196539368,0.388420620220043,0.790720180076215
"mfbvar","core","sa","principal","2020Q2","m1",-6.29188330955611,-5.15464398855454,-3.6229006359268,-2.27465785602717,-1.43943198070898
"mfbvar","core","sa","principal","2020Q2","m2",-9.60151565193232,-8.28559440260152,-6.39697615246435,-4.55005764819786,-3.3250442424766
"mfbvar","core","sa","principal","2020Q2","m3",-7.24943233698285,-6.35133734189356,-4.9142988035804,-3.54497778611844,-2.6453926982641
"mfbvar","core","sa","principal","2020Q2","vespera",-7.24517945210204,-5.96029581417327,-3.66821662482807,-1.10696975455699,0.591522463061494
"mfbvar","core","sa","principal","2020Q3","m1",-0.222872742856435,0.91876379503656,2.58271872561244,4.57664483013116,6.16226132504282
"mfbvar","core","sa","principal","2020Q3","m2",0.535815398445956,1.63787095709932,3.3035212279756,5.00441693449428,6.23280764284038
"mfbvar","core","sa","principal","2020Q3","m3",5.77338947669885,6.6961908043649,8.15050190361639,9.64973903289211,10.6103010348104
"mfbvar","core","sa","principal","2020Q3","vespera",6.11673771301859,6.96055635370677,8.41023206196961,9.77209343673088,10.703168387752
"mfbvar","core","sa","principal","2020Q4","m1",-2.28638181528867,-1.17853993025055,0.524419414323618,2.28355510530853,3.4665457687129
"mfbvar","core","sa","principal","2020Q4","m2",0.728318133045531,1.60984643722297,2.91081599947418,4.17563067259425,5.09004939251968
"mfbvar","core","sa","principal","2020Q4","m3",1.59139212865481,2.29136268026593,3.34879490343541,4.3853874212895,5.1599036292837
"mfbvar","core","sa","principal","2020Q4","vespera",1.43167980915109,2.03397833668086,3.04512479582149,4.12416462815179,4.81203239131819
"mfbvar","core","sa","principal","2021Q1","m1",-5.43352258448242,-4.2255698967892,-2.37877523868572,-0.528026438714466,0.771495467079882
"mfbvar","core","sa","principal","2021Q1","m2",-3.55986239536443,-2.67782283913541,-1.33408501346688,0.0894522866369165,1.08506643547487
"mfbvar","core","sa","principal","2021Q1","m3",-1.90645678015664,-1.28446686729217,-0.314811102532769,0.675539645043511,1.32503868887875
"mfbvar","core","sa","principal","2021Q1","vespera",-1.78003731357523,-1.24217636525599,-0.4482056084394,0.378512478437441,0.915823920278035
"mfbvar","core","sa","principal","2021Q2","m1",-1.99839490329067,-0.944056264944761,0.764027373802789,2.55214190938709,3.79952079637162
"mfbvar","core","sa","principal","2021Q2","m2",-2.24933654029038,-1.44160327354188,-0.203379159895362,1.01599260387939,1.81890385001308
"mfbvar","core","sa","principal","2021Q2","m3",1.21688951681528,1.64806367816092,2.34022771449768,3.00280945985335,3.4682466478851
"mfbvar","core","sa","principal","2021Q2","vespera",1.08883611215395,1.47903447265009,2.09981973233944,2.7306695045808,3.12819593977884
"mfbvar","core","sa","principal","2021Q3","m1",-1.61198365907939,-0.599886950072753,0.932491692470805,2.4280358172541,3.43421085712603
"mfbvar","core","sa","principal","2021Q3","m2",-0.182123640582467,0.467499087666442,1.4263235940855,2.41094596922653,3.06406558119976
"mfbvar","core","sa","principal","2021Q3","m3",-1.0359773225262,-0.537630124503328,0.179273891894438,0.894865865359289,1.39013289354438
"mfbvar","core","sa","principal","2021Q3","vespera",-0.972304113613142,-0.536423625101228,0.0831763589538403,0.708125311423352,1.10933645225466
"mfbvar","core","sa","principal","2021Q4","m1",-3.14725343023135,-2.27085208183086,-0.862443767834448,0.575788786666797,1.48940935181869
"mfbvar","core","sa","principal","2021Q4","m2",-2.19225781538632,-1.51159660375079,-0.535273754137389,0.438284232640853,1.07857617479406
"mfbvar","core","sa","principal","2021Q4","m3",-1.33276721150925,-0.869124915516637,-0.161899194884019,0.516188394476395,0.945306063433847
"mfbvar","core","sa","principal","2021Q4","vespera",-0.697814692203582,-0.308380531823647,0.281802270837206,0.861368069970192,1.23104650391792
"mfbvar","core","sa","principal","2022Q1","m1",-2.26620891468204,-1.34425830750888,-0.00297858287771069,1.3466309815572,2.25521460155912
"mfbvar","core","sa","principal","2022Q1","m2",-0.600391090688464,0.0240634921478424,0.954883884452118,1.93605479616219,2.58205398083412
"mfbvar","core","sa","principal","2022Q1","m3",-0.398962346359089,0.0298119296623245,0.662450544087168,1.2891524797039,1.73725225646712
"mfbvar","core","sa","principal","2022Q1","vespera",0.218772006288008,0.589995491849523,1.13229533992875,1.66897899028129,2.03556553195997
"mfbvar","core","sa","principal","2022Q2","m1",-1.82253378050526,-0.945079972717898,0.358870270115463,1.74272645423431,2.60838631656426
"mfbvar","core","sa","principal","2022Q2","m2",-0.644539997884415,-0.0717458546690861,0.793035940737019,1.6812769441557,2.27667877416226
"mfbvar","core","sa","principal","2022Q2","m3",0.970444677514933,1.41263430104069,2.08679237662489,2.74459345041891,3.20418499086834
"mfbvar","core","sa","principal","2022Q2","vespera",0.56266191227101,0.944816252505258,1.53667105897589,2.12172013431992,2.51688967394996
"mfbvar","core","sa","principal","2022Q3","m1",-2.67496407885541,-1.7936542861086,-0.412360350900992,0.956031253179603,1.85146179220461
"mfbvar","core","sa","principal","2022Q3","m2",-0.334712333289269,0.25587871097996,1.18484332036177,2.10873227474184,2.737021219484
"mfbvar","core","sa","principal","2022Q3","m3",-0.136854530012214,0.272300318843104,0.91211216771212,1.54248873136574,1.95693877396181
"mfbvar","core","sa","principal","2022Q3","vespera",-0.0504325110985721,0.280846367494695,0.774810347899357,1.27447304122903,1.61502506554686
"mfbvar","core","sa","principal","2022Q4","m1",-2.81417377567685,-1.94109721876387,-0.643508903381207,0.721271398171227,1.62302578004182
"mfbvar","core","sa","principal","2022Q4","m2",-2.80810509180763,-2.212585929392,-1.30667738087055,-0.413488471141684,0.176177321578045
"mfbvar","core","sa","principal","2022Q4","m3",-1.40730151411149,-1.01525870506337,-0.407666748693186,0.194241126859689,0.593641593502472
"mfbvar","core","sa","principal","2022Q4","vespera",-1.1094816107647,-0.775419784663056,-0.264686588296614,0.232096786462676,0.57818923780944
"mfbvar","core","sa","principal","2023Q1","m1",-1.65626435860127,-0.771242421931788,0.508618026149965,1.84440093894325,2.73486857569517
"mfbvar","core","sa","principal","2023Q1","m2",-1.51052127651075,-0.923755990133079,-0.0281818565993575,0.879267230076535,1.47403688395207
"mfbvar","core","sa","principal","2023Q1","m3",-0.410730178034233,0.0398385572625151,0.719192951146364,1.41733690866554,1.87099934463178
"mfbvar","core","sa","principal","2023Q1","vespera",1.17792910881871,1.56885879366857,2.15775916877532,2.72642488221577,3.11527790925877
"mfbvar","core","sa","principal","2023Q2","m1",-1.32463179455185,-0.413857984816849,1.02838599463904,2.4635895198879,3.46755502535675
"mfbvar","core","sa","principal","2023Q2","m2",-0.590732930186765,0.05156965198218,1.10900509938209,2.1864907728534,2.90275494367618
"mfbvar","core","sa","principal","2023Q2","m3",0.197811948596601,0.672014938067097,1.39093210277854,2.15698972553481,2.64550443303755
"mfbvar","core","sa","principal","2023Q2","vespera",-0.162186204932598,0.253363486972789,0.904499054250774,1.57441677656119,2.02736962677561
"mfbvar","core","sa","principal","2023Q3","m1",-3.28002756469181,-2.32028820205679,-0.941136797690328,0.501292279655856,1.46268669147602
"mfbvar","core","sa","principal","2023Q3","m2",-1.92593712798557,-1.20687218705077,-0.115912636966087,0.903201504092054,1.63744988350787
"mfbvar","core","sa","principal","2023Q3","m3",-1.86875900948319,-1.41315796896624,-0.702955513664133,0.000199081551262769,0.485263631088378
"mfbvar","core","sa","principal","2023Q3","vespera",-1.18009475581491,-0.791825743505943,-0.22037113680145,0.350154371251468,0.750791117010683
"mfbvar","core","sa","principal","2023Q4","m1",-2.08059671836753,-1.18430758267986,0.156675760911662,1.58234625622459,2.5775963871398
"mfbvar","core","sa","principal","2023Q4","m2",-0.238916119034231,0.424853217227039,1.43063338198175,2.4350365999182,3.14759487934708
"mfbvar","core","sa","principal","2023Q4","m3",-0.529247153846,-0.0527328265615683,0.663099326565142,1.39361610675875,1.87868981208689
"mfbvar","core","sa","principal","2023Q4","vespera",-0.326786272605805,0.0645527976146064,0.656179688643377,1.26088878698697,1.6479120028816
"mfbvar","core","sa","principal","2024Q1","m1",-1.89459453257946,-0.985138597271777,0.386519886063574,1.79173891787602,2.73947214762914
"mfbvar","core","sa","principal","2024Q1","m2",-1.65207794124445,-0.940913340156035,0.102611991196899,1.18452056423474,1.92372501525695
"mfbvar","core","sa","principal","2024Q1","m3",-0.391530330251922,0.0790483620981437,0.791906941266007,1.50713624298507,1.96115038894368
"mfbvar","core","sa","principal","2024Q1","vespera",-0.01686945812995,0.377514726274667,0.989118278561774,1.61281016084448,2.01890521965006
"mfbvar","core","sa","principal","2024Q2","m1",-1.73886061866202,-0.874537915236334,0.521425612328141,1.95223087192405,2.90374725492166
"mfbvar","core","sa","principal","2024Q2","m2",-0.691574580039443,-0.0086963364012917,1.00057842477502,2.00414910050696,2.68704111050586
"mfbvar","core","sa","principal","2024Q2","m3",-0.343389267295137,0.0878925700827464,0.724311250950682,1.36823582462124,1.78199422835754
"mfbvar","core","sa","principal","2024Q2","vespera",0.0769200491928402,0.414109630342806,0.931507123219311,1.46761325062855,1.81176090520805
"mfbvar","core","sa","principal","2024Q3","m1",-1.00337841673919,-0.0957957635705395,1.2848259843567,2.6954014685579,3.62922645374996
"mfbvar","core","sa","principal","2024Q3","m2",-0.414381741299835,0.260120216796413,1.23824432342342,2.22672536440315,2.88508615285798
"mfbvar","core","sa","principal","2024Q3","m3",-0.0878078215332623,0.340651752988882,0.987286174275548,1.63568590267233,2.07318706215683
"mfbvar","core","sa","principal","2024Q3","vespera",0.374337035649924,0.715788920927651,1.22255634695345,1.73669884324327,2.07106081747158
"mfbvar","core","sa","principal","2024Q4","m1",-1.96802662820671,-1.09689264522264,0.245004854479802,1.60283590254428,2.52159479566263
"mfbvar","core","sa","principal","2024Q4","m2",-1.09920155753458,-0.472539224256491,0.480639423773666,1.43591605641162,2.07738061271811
"mfbvar","core","sa","principal","2024Q4","m3",-0.16884825927329,0.235245023093487,0.857520746074425,1.48406528915112,1.91604791717984
"mfbvar","core","sa","principal","2024Q4","vespera",-0.521491141712623,-0.191194983982799,0.302627233523656,0.794091995994498,1.12260607075849
"mfbvar","core","sa","principal","2025Q1","m1",-2.46454594280846,-1.62080713187769,-0.27956826643995,1.03475926163023,1.98814648114993
"mfbvar","core","sa","principal","2025Q1","m2",-1.72483683289138,-1.08961175432637,-0.125037294731201,0.829410453585011,1.47107217732509
"mfbvar","core","sa","principal","2025Q1","m3",-0.17154923917885,0.256582389798839,0.908552985183542,1.55260827419829,1.99640298365163
"mfbvar","core","sa","principal","2025Q1","vespera",0.0689351260352167,0.422594704950384,0.947379191945619,1.46060609964928,1.78614537030864
"mfbvar","core","sa","principal","2025Q2","m1",-1.73101801495521,-0.888059645167544,0.450656347604594,1.80368231515641,2.71188607516028
"mfbvar","core","sa","principal","2025Q2","m2",-0.761585276700612,-0.109690875330277,0.820843777975377,1.77832826470705,2.39705951182484
"mfbvar","core","sa","principal","2025Q2","m3",-0.592537917178922,-0.197039294656089,0.418637785947162,1.05533357758169,1.48169408594788
"mfbvar","core","sa","principal","2025Q2","vespera",-0.526173666160646,-0.200594386588048,0.293826939491193,0.799302073128653,1.11468129221061
"mfbvar","core","sa","principal","2025Q3","m1",-2.38195338315777,-1.55969090888959,-0.2772270263945,1.02223778779196,1.92814963403942
"mfbvar","core","sa","principal","2025Q3","m2",-1.92227796747809,-1.30184885229578,-0.428196612461879,0.490331397641463,1.13304776652406
"mfbvar","core","sa","principal","2025Q3","m3",-0.750014708389877,-0.407356017187631,0.112544721637564,0.642005680115223,0.98535329939478
"mfbvar","core","sa","principal","2025Q3","vespera",-0.338585934477448,-0.0702543221836058,0.328793379514203,0.727440173106391,0.989051513600132
"mfbvar","core","sa","principal","2025Q4","m1",-1.8851211549818,-1.11942655622192,0.0881935916437815,1.33347156575867,2.15301078496534
"mfbvar","core","sa","principal","2025Q4","m2",-0.915269977010217,-0.385708216290307,0.416260560076764,1.23176720277909,1.76623852624496
"mfbvar","core","sa","principal","2025Q4","m3",-0.696311012646352,-0.283129441200727,0.31143337325632,0.938180579558312,1.34849169880066
"mfbvar","core","sa","principal","2025Q4","vespera",-0.7433714101885,-0.412953546885946,0.0798739851680774,0.584381638576768,0.928478499097243
"mfbvar","core","sa","principal","2026Q1","m1",-1.64112937231287,-0.815025009281085,0.483608368441069,1.77050631242925,2.67015217410054
"mfbvar","core","sa","principal","2026Q1","m2",-1.51274467076771,-0.877244524081866,0.118391694358411,1.09159392332649,1.74049804215222
"mfbvar","core","sa","principal","2026Q1","m3",-0.704668071587159,-0.384537572668347,0.113241163687261,0.621899013598025,0.961840235351162
"mfbvar","core","sa","principal","2026Q1","vespera",0.164217461023518,0.418511827434187,0.825643736930193,1.23064284884043,1.4962012350647
"mfbvar","core","sa","principal","2026Q2","m1",-0.757080390131606,0.0331102603579102,1.24760060887616,2.49275554635929,3.38565611315819
"mfbvar","core","sa","principal","2026Q2","m2",-1.13067852138169,-0.599034514475906,0.233536181834726,1.08047753982173,1.61514226312734
"mfbvar","core","sa","principal","2026Q2","m3",0.370693591723652,0.714158218453115,1.25668528749472,1.78807550287092,2.13627273927292
"mfbvar","core","sa","principal","2026Q2","vespera",0.100194308182497,0.356483081158349,0.763212672459601,1.15769166402122,1.42045617745446
"pool_crps","core","sa","principal","2019Q1","m1",-1.00437746526208,-0.434631973857696,0.458914515922915,1.34498603756977,1.92082670248451
"pool_crps","core","sa","principal","2019Q1","m2",-0.793570405909452,-0.319186843406495,0.384318194361921,1.13136314258692,1.63701641226278
"pool_crps","core","sa","principal","2019Q1","m3",-0.266679430445709,0.104110787683003,0.669919756538873,1.26931750647289,1.68594151653119
"pool_crps","core","sa","principal","2019Q1","vespera",-0.920490283432279,-0.594381834726842,-0.137243932500231,0.319920520977038,0.623658331447914
"pool_crps","core","sa","principal","2019Q2","m1",-0.993221322445916,-0.504599715634174,0.332698787130603,1.14701888334712,1.67776253835791
"pool_crps","core","sa","principal","2019Q2","m2",-1.75286441197778,-1.30240934215651,-0.586059255312782,0.162921507735602,0.635761125987298
"pool_crps","core","sa","principal","2019Q2","m3",-0.897490670301376,-0.529720142319521,0.0282635746527315,0.638351807614884,1.00679575546254
"pool_crps","core","sa","principal","2019Q2","vespera",-0.401703854325872,-0.115948868059779,0.346080435247198,0.798561146676344,1.11165065148765
"pool_crps","core","sa","principal","2019Q3","m1",-1.23940546482586,-0.672765377145068,0.230451236830531,1.13487469682302,1.72351297618915
"pool_crps","core","sa","principal","2019Q3","m2",-1.13324643985336,-0.635726369560716,0.153489588705047,0.918996674258352,1.43238815334053
"pool_crps","core","sa","principal","2019Q3","m3",-0.585201941664228,-0.194536249389466,0.367108993982324,0.922577943609478,1.30290523039718
"pool_crps","core","sa","principal","2019Q3","vespera",-0.210290176948587,0.0842258491354908,0.553345689255735,1.00776502270506,1.34252524456284
"pool_crps","core","sa","principal","2019Q4","m1",-1.12546198435151,-0.476029349965313,0.473615954014928,1.41852173033341,2.07651758757485
"pool_crps","core","sa","principal","2019Q4","m2",-0.835308018503023,-0.319347514167384,0.431610601673915,1.28412060350654,1.8989907000365
"pool_crps","core","sa","principal","2019Q4","m3",-0.0462164092572692,0.283079792327154,0.878537917412114,1.58802071162233,2.03140339637105
"pool_crps","core","sa","principal","2019Q4","vespera",-0.0499226835495864,0.213461378395413,0.616338576617104,1.01822387553383,1.29191540141516
"pool_crps","core","sa","principal","2020Q1","m1",-0.853920530498397,-0.378246318283159,0.342418472134298,1.12509715253148,1.69241660340528
"pool_crps","core","sa","principal","2020Q1","m2",-1.31115124679931,-0.819690688211246,-0.145272029192006,0.475030376765861,0.911655804077177
"pool_crps","core","sa","principal","2020Q1","m3",-0.62992066175704,-0.282056251172691,0.299357076734763,0.939471392954577,1.35134510394214
"pool_crps","core","sa","principal","2020Q1","vespera",-2.12153603105673,-1.77542281396826,-1.03946853409511,-0.135720596756548,0.443343185603481
"pool_crps","core","sa","principal","2020Q2","m1",-5.65730061967422,-4.72402509866747,-3.49066166617761,-2.24695090484354,-1.45480701035762
"pool_crps","core","sa","principal","2020Q2","m2",-10.8700669875616,-9.9960951406234,-8.61229543189086,-6.36421814176352,-4.51120126659509
"pool_crps","core","sa","principal","2020Q2","m3",-13.2302860047589,-12.6855385787386,-6.51591587430756,-4.98669904716959,-3.58689154297
"pool_crps","core","sa","principal","2020Q2","vespera",-8.98111551457898,-8.69634862219835,-6.65109029099419,-4.06171680872994,-1.22705311876776
"pool_crps","core","sa","principal","2020Q3","m1",0.466561134399755,1.58297873665253,2.87736934928158,4.22203811404791,5.37817099742877
"pool_crps","core","sa","principal","2020Q3","m2",1.59830621966598,3.1593994551697,4.75205720198775,7.4424641889949,8.4339077615472
"pool_crps","core","sa","principal","2020Q3","m3",6.05809479013587,6.66824344945053,7.57671651698123,8.53949099822428,9.58312024433623
"pool_crps","core","sa","principal","2020Q3","vespera",5.55118835371525,5.93622693882006,6.78963746831804,8.02098461110714,9.38716252360101
"pool_crps","core","sa","principal","2020Q4","m1",-1.42136433282679,-0.256052291398214,1.37945420448451,2.90686934072608,3.89450082131571
"pool_crps","core","sa","principal","2020Q4","m2",0.837546319062976,1.5804449573838,2.68051865690287,3.76163004131372,4.46442207608955
"pool_crps","core","sa","principal","2020Q4","m3",1.86384514585183,2.41601655339645,3.23798724081776,4.05219781476465,4.63911076222374
"pool_crps","core","sa","principal","2020Q4","vespera",1.73971202565354,2.20092079746701,2.90167920911157,3.64158772539008,4.22160607327026
"pool_crps","core","sa","principal","2021Q1","m1",-4.15115116826742,-2.78483565283448,-1.00915661220356,0.61590187884597,1.66246672660301
"pool_crps","core","sa","principal","2021Q1","m2",-2.67911530757042,-1.67954720456258,-0.415984408620351,0.735631195205809,1.39952611725235
"pool_crps","core","sa","principal","2021Q1","m3",-1.46720063038809,-0.814236403533807,0.211634886376033,1.02326080483059,1.47304967295077
"pool_crps","core","sa","principal","2021Q1","vespera",-1.47107750858367,-0.905152431928145,-0.0198646442703565,0.805812586540792,1.23876350611864
"pool_crps","core","sa","principal","2021Q2","m1",-1.78012432440113,-0.828483410042313,0.656454276229379,2.18593571486123,3.21690916601909
"pool_crps","core","sa","principal","2021Q2","m2",-1.99858270366261,-1.23000549285251,-0.147238500759844,0.891123375732776,1.58538977317513
"pool_crps","core","sa","principal","2021Q2","m3",0.484869655626419,0.922732838810773,1.62118489008598,2.42589051378862,3.02204198711291
"pool_crps","core","sa","principal","2021Q2","vespera",0.0929481071875127,0.477036347321263,1.03743998113238,1.89135075626623,2.57291779809834
"pool_crps","core","sa","principal","2021Q3","m1",-1.39878854744174,-0.410769226069001,1.09074744906144,2.70106264165808,3.86383441865488
"pool_crps","core","sa","principal","2021Q3","m2",-0.471722876281975,0.111937493692096,1.0733748935349,2.14602877682398,2.87987435849228
"pool_crps","core","sa","principal","2021Q3","m3",-0.755491701921603,-0.311383750352468,0.369009189397851,1.0081819684319,1.44870250019586
"pool_crps","core","sa","principal","2021Q3","vespera",-0.572316321573862,-0.242114071928891,0.213672706254575,0.663671843545947,1.00017195588236
"pool_crps","core","sa","principal","2021Q4","m1",-3.04453895697922,-2.1723814302923,-0.819638867229777,0.551607432439468,1.46047661764694
"pool_crps","core","sa","principal","2021Q4","m2",-1.9980757693826,-1.38006353386795,-0.462252977896732,0.47621106442624,1.11237001272571
"pool_crps","core","sa","principal","2021Q4","m3",-1.4834606092454,-1.05177829258565,-0.386274473755988,0.300143880217905,0.717331051476332
"pool_crps","core","sa","principal","2021Q4","vespera",-0.840637846138295,-0.436246674617483,0.131388634619589,0.687775911321499,1.03923328549852
"pool_crps","core","sa","principal","2022Q1","m1",-2.00955977889284,-1.13661651742543,0.258937120052094,1.60906052443215,2.49334134181665
"pool_crps","core","sa","principal","2022Q1","m2",-0.22149547460969,0.385455424831098,1.35796455530087,2.3871625394863,3.06776261807094
"pool_crps","core","sa","principal","2022Q1","m3",-0.258748014318352,0.191724170857377,0.832714467258699,1.4739728186282,1.9121891945439
"pool_crps","core","sa","principal","2022Q1","vespera",0.3710127373005,0.732994282523352,1.26019696142596,1.78089649146841,2.14675648417131
"pool_crps","core","sa","principal","2022Q2","m1",-1.62780928732162,-0.705876128962522,0.643806903482014,1.98000687886428,2.89694413363099
"pool_crps","core","sa","principal","2022Q2","m2",-0.524890886277757,0.0595832459817585,0.967926775306627,1.88110768788256,2.56206061780011
"pool_crps","core","sa","principal","2022Q2","m3",0.563185625472409,1.00954915903705,1.63469439556574,2.33758055154708,2.83574601736664
"pool_crps","core","sa","principal","2022Q2","vespera",0.316662822546665,0.651904301844685,1.17824998245619,1.73866309197031,2.14712328290739
"pool_crps","core","sa","principal","2022Q3","m1",-2.54299835667432,-1.73331622626995,-0.389235962024437,0.908604091676901,1.78011913049296
"pool_crps","core","sa","principal","2022Q3","m2",-0.662979651005944,-0.0408515880564901,0.884640270624892,1.80971442869821,2.40988334290307
"pool_crps","core","sa","principal","2022Q3","m3",-0.0526618318736887,0.406608606892031,1.02905048424722,1.6563264166689,2.07306725075355
"pool_crps","core","sa","principal","2022Q3","vespera",-0.0688177021968767,0.307190075101437,0.852274973915401,1.37257084938157,1.69631434766184
"pool_crps","core","sa","principal","2022Q4","m1",-2.59342241443149,-1.71637612617052,-0.341888247298666,1.00707522948253,1.93388064989586
"pool_crps","core","sa","principal","2022Q4","m2",-2.33755626826423,-1.74102769469417,-0.796934678096878,0.215488715561811,0.889564068255304
"pool_crps","core","sa","principal","2022Q4","m3",-1.30674725191319,-0.899105281141966,-0.284805914281661,0.326587284895171,0.779021402660963
"pool_crps","core","sa","principal","2022Q4","vespera",-1.06998888712639,-0.721671453363979,-0.186078528844003,0.329085007207102,0.729238216829608
"pool_crps","core","sa","principal","2023Q1","m1",-1.8048939865152,-0.889099203963723,0.387424148739124,1.75254751080806,2.66090677079957
"pool_crps","core","sa","principal","2023Q1","m2",-1.48291366707525,-0.866519558550716,0.0239190555303415,0.978974592343085,1.58239779792535
"pool_crps","core","sa","principal","2023Q1","m3",-0.856062023250542,-0.364902013526184,0.370313890574558,1.1074077938389,1.5623722272213
"pool_crps","core","sa","principal","2023Q1","vespera",-0.0785886274688063,0.302383808149407,0.957241039110124,1.9951136503892,2.61357964915732
"pool_crps","core","sa","principal","2023Q2","m1",-1.22404998051728,-0.38815440353674,1.04454314939557,2.39230612619821,3.36759356409034
"pool_crps","core","sa","principal","2023Q2","m2",-0.541633095240273,0.0911105779269024,1.04971039726381,2.06753895582064,2.79215394324924
"pool_crps","core","sa","principal","2023Q2","m3",-0.54108965096695,0.0152452962918934,0.830735624102696,1.65814989590432,2.2333645000708
"pool_crps","core","sa","principal","2023Q2","vespera",-0.389241036003058,0.0535257746943438,0.741608836909557,1.41045012388356,1.84627467790608
"pool_crps","core","sa","principal","2023Q3","m1",-2.53889421337481,-1.64162908963977,-0.282278231116889,1.11438190199539,1.95567775317636
"pool_crps","core","sa","principal","2023Q3","m2",-1.25219322846152,-0.524810889845057,0.535007955008171,1.64974393699873,2.44135478200912
"pool_crps","core","sa","principal","2023Q3","m3",-1.44852080148491,-0.906871826898894,-0.0642296506300599,0.757468403094915,1.34800620175047
"pool_crps","core","sa","principal","2023Q3","vespera",-0.897464914596288,-0.447284378584858,0.233519207614197,0.979903703884592,1.45787419646832
"pool_crps","core","sa","principal","2023Q4","m1",-2.07470546605132,-1.25531575314533,0.0705887332460575,1.44713114600735,2.461535841936
"pool_crps","core","sa","principal","2023Q4","m2",-0.66565980884939,-0.000184420328566136,0.967206821539346,2.01885025270469,2.68628781199787
"pool_crps","core","sa","principal","2023Q4","m3",-1.04049688152189,-0.515351852175238,0.33003322872428,1.09504920875142,1.61486126352342
"pool_crps","core","sa","principal","2023Q4","vespera",-0.784486981846348,-0.321591697418146,0.364650207624739,1.04582202923078,1.48669374001666
"pool_crps","core","sa","principal","2024Q1","m1",-1.41103652016991,-0.531941708654523,0.797694982213137,2.20376109051982,3.11417397382007
"pool_crps","core","sa","principal","2024Q1","m2",-1.61349029372895,-0.937641993682536,0.116117633102419,1.11647786957854,1.80161431841817
"pool_crps","core","sa","principal","2024Q1","m3",-0.60322727165549,-0.085429438516202,0.676225665985219,1.44946609566888,1.924456772371
"pool_crps","core","sa","principal","2024Q1","vespera",-0.343335462683955,0.1658555246929,0.884358317033684,1.59281384494404,2.04362497142329
"pool_crps","core","sa","principal","2024Q2","m1",-1.49480546857886,-0.691248583171068,0.665523936469425,2.00176088877198,2.91812329723935
"pool_crps","core","sa","principal","2024Q2","m2",-0.735186421888268,-0.0888973004463556,0.882728976634084,1.88895517672005,2.57884380364428
"pool_crps","core","sa","principal","2024Q2","m3",-0.623275707100124,-0.170535803088112,0.554903071447188,1.28016803665114,1.7264795543902
"pool_crps","core","sa","principal","2024Q2","vespera",-0.237487596769479,0.220030622952146,0.852737591224928,1.48354682190368,1.91051315134046
"pool_crps","core","sa","principal","2024Q3","m1",-1.2378387361257,-0.330452762001574,1.02017520527291,2.40089614976013,3.31584778319811
"pool_crps","core","sa","principal","2024Q3","m2",-0.257883084430938,0.36670110046474,1.2718205747555,2.22246453892121,2.91209200456412
"pool_crps","core","sa","principal","2024Q3","m3",-0.18313263846447,0.289967079808704,0.988549039588427,1.67483065593282,2.18817277828827
"pool_crps","core","sa","principal","2024Q3","vespera",0.0130679347442199,0.448531997937013,1.06352937191766,1.68238548944555,2.06820850989013
"pool_crps","core","sa","principal","2024Q4","m1",-1.80265107677294,-0.960052945317945,0.336920251263939,1.59058040292191,2.43666561877019
"pool_crps","core","sa","principal","2024Q4","m2",-0.969308312994504,-0.346563216716166,0.578433687728641,1.56363537605876,2.20160774018003
"pool_crps","core","sa","principal","2024Q4","m3",-0.357518139870465,0.0917686331448185,0.782333869612128,1.49782669508626,1.97567440785125
"pool_crps","core","sa","principal","2024Q4","vespera",-0.705898377986383,-0.29463902159674,0.301789754444337,0.901909271677267,1.28870141954116
"pool_crps","core","sa","principal","2025Q1","m1",-2.52258306561113,-1.70980770534582,-0.414601157803651,0.88294170336829,1.7256980862276
"pool_crps","core","sa","principal","2025Q1","m2",-1.94419990827808,-1.30900454300371,-0.319768957215238,0.645842153280118,1.27467284433502
"pool_crps","core","sa","principal","2025Q1","m3",-0.548999478786986,-0.05266372246099,0.647146280385713,1.36239273182999,1.83274020870211
"pool_crps","core","sa","principal","2025Q1","vespera",-0.439712423061762,0.0131618495135602,0.672026572297812,1.28879212403394,1.66621990493314
"pool_crps","core","sa","principal","2025Q2","m1",-1.71534228477422,-0.90394616915398,0.360841366803188,1.66877588176038,2.45091292472293
"pool_crps","core","sa","principal","2025Q2","m2",-0.611026874837996,-0.0162817009467852,0.928640572379036,1.85617145950005,2.46445810066182
"pool_crps","core","sa","principal","2025Q2","m3",-0.415197656127753,0.011215508569796,0.70383265594427,1.42866269537295,1.92503906365748
"pool_crps","core","sa","principal","2025Q2","vespera",-0.561863517073624,-0.159627284969605,0.419667507418997,1.01948326810846,1.43841055938921
"pool_crps","core","sa","principal","2025Q3","m1",-2.39965791259105,-1.5411213708566,-0.241683889747007,1.01642982556966,1.88815552938423
"pool_crps","core","sa","principal","2025Q3","m2",-1.87469632033945,-1.25209044755784,-0.318886308073613,0.595092253641965,1.28646092225468
"pool_crps","core","sa","principal","2025Q3","m3",-0.829142043213781,-0.434726888299811,0.157120077893158,0.768602154915067,1.21939347406735
"pool_crps","core","sa","principal","2025Q3","vespera",-0.573795523024114,-0.18440694508334,0.324035075538287,0.853028140116541,1.26709663843186
"pool_crps","core","sa","principal","2025Q4","m1",-1.732587606619,-0.91155309342603,0.343400242337888,1.60614366103484,2.46875900948367
"pool_crps","core","sa","principal","2025Q4","m2",-0.742970838793935,-0.194737706726476,0.646192155929992,1.55548911842315,2.1799724282463
"pool_crps","core","sa","principal","2025Q4","m3",-0.550044262373642,-0.098013691562135,0.551576304219681,1.2282961149511,1.67066340681635
"pool_crps","core","sa","principal","2025Q4","vespera",-0.632023948127314,-0.256262555009594,0.327496598089394,0.93975018220503,1.3280739082836
"pool_crps","core","sa","principal","2026Q1","m1",-1.3104477533731,-0.41255402344228,0.847049528007193,2.15728519526381,2.97336253633367
"pool_crps","core","sa","principal","2026Q1","m2",-1.30150126674776,-0.70025112459005,0.242781103006828,1.17540906973996,1.83353524339437
"pool_crps","core","sa","principal","2026Q1","m3",-0.726360695128596,-0.329918897979307,0.210060881945906,0.7837587441694,1.20272480980064
"pool_crps","core","sa","principal","2026Q1","vespera",-0.0542708427189464,0.304797786289683,0.801368298610017,1.29018096014777,1.6398159762687
"pool_crps","core","sa","principal","2026Q2","m1",-0.604817589088046,0.238520142014969,1.53438104656753,2.88367649209091,3.70380529222275
"pool_crps","core","sa","principal","2026Q2","m2",-0.880569736044978,-0.322581775109032,0.524439042036273,1.41177043911707,2.00858628023082
"pool_crps","core","sa","principal","2026Q2","m3",-0.158832638012063,0.264955582098513,0.89408910822335,1.5383074757922,1.94880676055744
"pool_crps","core","sa","principal","2026Q2","vespera",-0.324982032615338,-0.00379116658181333,0.494137910531367,1.00531892248004,1.29350333497266
"pool_crps","estendido","sa","principal","2019Q1","m1",-0.700808405622928,-0.131924890880077,0.747716837035106,1.63804809649506,2.25102784136222
"pool_crps","estendido","sa","principal","2019Q1","m2",-0.455982284390669,-0.0496659254711335,0.608098548095726,1.26909259131183,1.7028984395857
"pool_crps","estendido","sa","principal","2019Q1","m3",-0.166820632606537,0.189089679056124,0.752436472326756,1.29728316127606,1.65326851672933
"pool_crps","estendido","sa","principal","2019Q1","vespera",-0.725582530471953,-0.37278028065996,0.114678629248743,0.608787933870398,0.94142316337166
"pool_crps","estendido","sa","principal","2019Q2","m1",-1.07115640878224,-0.539540393018795,0.223566200056768,1.01107249283355,1.57853203820379
"pool_crps","estendido","sa","principal","2019Q2","m2",-1.87009552458767,-1.42986808956555,-0.763275949025477,0.0181467331433164,0.521796835004938
"pool_crps","estendido","sa","principal","2019Q2","m3",-1.01825253122298,-0.681838092360945,-0.129937278802211,0.460828405798555,0.891691646314485
"pool_crps","estendido","sa","principal","2019Q2","vespera",-0.811283207172449,-0.469735680623918,0.0393056851262785,0.571572720094898,0.942180110982258
"pool_crps","estendido","sa","principal","2019Q3","m1",-1.29498153099171,-0.749769145853547,0.115578565872054,0.966914058248824,1.49891666379984
"pool_crps","estendido","sa","principal","2019Q3","m2",-0.623631768915011,-0.164948120876303,0.520619073700257,1.24882276085832,1.69361306412412
"pool_crps","estendido","sa","principal","2019Q3","m3",-0.392283788220825,-0.0298175109964709,0.561606136084969,1.1678106886456,1.5777609240205
"pool_crps","estendido","sa","principal","2019Q3","vespera",-0.31313923415618,0.0476657986467464,0.588432885604784,1.1169695403159,1.47653761573436
"pool_crps","estendido","sa","principal","2019Q4","m1",-1.13966535883477,-0.568989952364263,0.285545149725575,1.1356536839983,1.74116811782303
"pool_crps","estendido","sa","principal","2019Q4","m2",-0.627685932804188,-0.155939129224187,0.528827038853608,1.25916230759934,1.72063833783571
"pool_crps","estendido","sa","principal","2019Q4","m3",-0.0494830162537246,0.366086844837495,0.986601332265291,1.51705777757741,1.86784076905766
"pool_crps","estendido","sa","principal","2019Q4","vespera",-0.285078787137131,0.132640832793664,0.63182232783372,1.08030787770593,1.37700317133075
"pool_crps","estendido","sa","principal","2020Q1","m1",-1.48143601402262,-0.971447607694588,-0.173552182071934,0.605911679875934,1.17349230534468
"pool_crps","estendido","sa","principal","2020Q1","m2",-1.23413121022688,-0.832352992294481,-0.198018966963348,0.424315155283267,0.825689460788047
"pool_crps","estendido","sa","principal","2020Q1","m3",-0.498481090135652,-0.181655802757498,0.304365358304526,0.792887568205036,1.12203467606787
"pool_crps","estendido","sa","principal","2020Q1","vespera",-2.09613215148882,-1.79763802965794,-1.29099476447025,-0.70856087195663,-0.351533646316388
"pool_crps","estendido","sa","principal","2020Q2","m1",-2.0552158172185,-1.42987274613908,0.113114906401302,1.53654025552348,2.2550740271031
"pool_crps","estendido","sa","principal","2020Q2","m2",-10.7748260523981,-10.3563503815949,-9.7359435095396,-9.1912089044786,-8.81624309998618
"pool_crps","estendido","sa","principal","2020Q2","m3",-9.00757924710698,-8.62720022655189,-7.81546379936501,-6.92945985244516,-6.52120161670066
"pool_crps","estendido","sa","principal","2020Q2","vespera",-9.25816946957666,-8.97261625551688,-8.26811192361938,-5.84338509045431,-5.46644724751183
"pool_crps","estendido","sa","principal","2020Q3","m1",3.25941984718409,4.10103055907472,5.5518339131897,7.13070375499962,8.07802323525407
"pool_crps","estendido","sa","principal","2020Q3","m2",3.34041383287571,3.98471160134692,6.47759872678175,8.12876520141767,8.76912550131418
"pool_crps","estendido","sa","principal","2020Q3","m3",2.04013487324522,2.5385349496426,7.89634751460756,8.95332442378486,9.38926904030196
"pool_crps","estendido","sa","principal","2020Q3","vespera",2.02239559577943,2.50788975299086,7.84470500985718,8.64643216318102,9.06391234415051
"pool_crps","estendido","sa","principal","2020Q4","m1",-0.848019279202215,0.16863242243764,1.61271845061211,3.10040359763358,4.01698712387552
"pool_crps","estendido","sa","principal","2020Q4","m2",0.360724829463662,0.946262861217065,1.82769695779824,2.78309680983607,3.42129439205448
"pool_crps","estendido","sa","principal","2020Q4","m3",1.37550877642756,1.78342812152516,2.4400668690705,3.13530365621266,3.60448038057762
"pool_crps","estendido","sa","principal","2020Q4","vespera",0.986145463104731,1.38150066673248,2.00095797609277,2.63033644469804,3.04467560129705
"pool_crps","estendido","sa","principal","2021Q1","m1",-2.80933651285675,-1.82783962380669,-0.427629896297582,0.976957502997275,1.89308449965297
"pool_crps","estendido","sa","principal","2021Q1","m2",-1.22867962508409,-0.64026265255546,0.261047881351695,1.21616048125351,1.8824213514752
"pool_crps","estendido","sa","principal","2021Q1","m3",-1.74857449904767,-1.20584859840172,-0.356558801982243,0.406346376378936,0.847497151094377
"pool_crps","estendido","sa","principal","2021Q1","vespera",-0.940478620107542,-0.516279966315374,0.105464456894877,0.710718989629671,1.10084258561994
"pool_crps","estendido","sa","principal","2021Q2","m1",-1.65649747505496,-0.769131849119316,0.598918946923743,1.98987833785558,2.9084602590148
"pool_crps","estendido","sa","principal","2021Q2","m2",-1.79849674339073,-1.19231862586607,-0.20731610590759,0.759386491142556,1.38764420569924
"pool_crps","estendido","sa","principal","2021Q2","m3",-0.172118424960776,0.292271628895664,0.942663140680533,1.52371302704276,1.90574073418654
"pool_crps","estendido","sa","principal","2021Q2","vespera",-0.431155961674688,0.0429725670143775,0.621748813850842,1.10888065846565,1.40737128174409
"pool_crps","estendido","sa","principal","2021Q3","m1",-1.57781589185404,-0.660902554771664,0.751540003992923,2.16891915985076,3.09530637476297
"pool_crps","estendido","sa","principal","2021Q3","m2",-1.42685515418745,-0.741633921218547,0.167236577546859,1.04257278555543,1.61080989988833
"pool_crps","estendido","sa","principal","2021Q3","m3",-1.22250079911994,-0.759342165409551,-0.115116856597636,0.496345039941326,0.868841580824381
"pool_crps","estendido","sa","principal","2021Q3","vespera",-0.951864080009172,-0.58234474189292,-0.0314931716212274,0.48386258084405,0.825699177069025
"pool_crps","estendido","sa","principal","2021Q4","m1",-3.02136972431746,-2.09308757859481,-0.69370286809865,0.67906499694302,1.57075147295613
"pool_crps","estendido","sa","principal","2021Q4","m2",-1.86072554821661,-1.27946615095911,-0.393596392415585,0.469281753256418,1.00123991921838
"pool_crps","estendido","sa","principal","2021Q4","m3",-1.34743165860871,-0.935749864396248,-0.326191524365327,0.268860732959819,0.646339007063655
"pool_crps","estendido","sa","principal","2021Q4","vespera",-0.757036262626519,-0.388742877507725,0.14505936013105,0.675780900855058,1.00102284868205
"pool_crps","estendido","sa","principal","2022Q1","m1",-1.76134363704847,-0.857456772115553,0.527987836964527,1.90887970535835,2.86948745649074
"pool_crps","estendido","sa","principal","2022Q1","m2",-0.88024956109048,-0.305679489355819,0.56060779036563,1.41588655796998,1.96716199625896
"pool_crps","estendido","sa","principal","2022Q1","m3",-0.152956023238637,0.223503614798371,0.813892986531695,1.40788936583265,1.80833673960508
"pool_crps","estendido","sa","principal","2022Q1","vespera",0.128128683629471,0.478572357070658,0.988025899195311,1.50918278439914,1.8465388067732
"pool_crps","estendido","sa","principal","2022Q2","m1",-1.51114696366563,-0.610300343794588,0.713156841304574,2.09321085483483,2.94362896900264
"pool_crps","estendido","sa","principal","2022Q2","m2",-0.997843848198099,-0.410942410641071,0.471239410415525,1.34024171188946,1.96219378037878
"pool_crps","estendido","sa","principal","2022Q2","m3",0.16882635642343,0.5284562996243,1.11052262004565,1.67385514620539,2.06838922932492
"pool_crps","estendido","sa","principal","2022Q2","vespera",-0.0377967582934713,0.292950405022447,0.789118914504305,1.29042808926077,1.62932387576131
"pool_crps","estendido","sa","principal","2022Q3","m1",-2.74189421759358,-1.86738795590809,-0.5595714569543,0.71280382618659,1.57513598040479
"pool_crps","estendido","sa","principal","2022Q3","m2",-0.321589488181542,0.238059853445597,1.08096858234369,1.92604497444009,2.5379217065693
"pool_crps","estendido","sa","principal","2022Q3","m3",0.115004605859123,0.518204528334757,1.09118476558987,1.68322116122013,2.06038812144146
"pool_crps","estendido","sa","principal","2022Q3","vespera",-0.0487732716093125,0.293150554728603,0.811908800352623,1.33915004721016,1.67625935511555
"pool_crps","estendido","sa","principal","2022Q4","m1",-2.45285353395191,-1.56875420795957,-0.217390115954913,1.12453812361887,2.07998895947147
"pool_crps","estendido","sa","principal","2022Q4","m2",-1.92414586835185,-1.34867418968726,-0.479243073040253,0.349145969701303,0.942885776481234
"pool_crps","estendido","sa","principal","2022Q4","m3",-1.09334335197045,-0.638781825458759,-0.0260029403643669,0.560882264161691,0.911818617500173
"pool_crps","estendido","sa","principal","2022Q4","vespera",-0.773046431011862,-0.425393187874068,0.0822020754842279,0.611492367019492,0.954365589155847
"pool_crps","estendido","sa","principal","2023Q1","m1",-1.88354110633098,-0.947423235557356,0.35007795674582,1.67671445945781,2.5862493336067
"pool_crps","estendido","sa","principal","2023Q1","m2",-1.2225629044642,-0.669550785894885,0.163336318230511,1.02616417605042,1.62449418113527
"pool_crps","estendido","sa","principal","2023Q1","m3",-0.931099962535594,-0.479202764051581,0.198455450421131,0.864243709239488,1.31398851211861
"pool_crps","estendido","sa","principal","2023Q1","vespera",-0.523859120838592,-0.124626741973159,0.486859505908721,1.10866519385205,1.50310064898281
"pool_crps","estendido","sa","principal","2023Q2","m1",-1.03433338773579,-0.160921127620121,1.17563566633988,2.64966031954359,3.7084401909506
"pool_crps","estendido","sa","principal","2023Q2","m2",-0.956753434295395,-0.395151330935195,0.496914396865977,1.40436733218015,2.07032872910437
"pool_crps","estendido","sa","principal","2023Q2","m3",-0.474817751477593,-0.014766334190222,0.734455986654392,1.4732459893523,1.9552613709683
"pool_crps","estendido","sa","principal","2023Q2","vespera",-0.499032222478363,-0.0405082394265332,0.656136940760998,1.36749156114911,1.78305644184162
"pool_crps","estendido","sa","principal","2023Q3","m1",-1.62364481961335,-0.762354204250555,0.576029384373389,1.93460183998501,2.88177978144218
"pool_crps","estendido","sa","principal","2023Q3","m2",-1.02556901517164,-0.412373740202182,0.536912393202904,1.55762010930661,2.15559397366582
"pool_crps","estendido","sa","principal","2023Q3","m3",-0.872447029284836,-0.424307365773497,0.337509724755081,1.05856948881032,1.56078981513736
"pool_crps","estendido","sa","principal","2023Q3","vespera",-0.538523964578863,-0.107930311125406,0.58421757141931,1.27997695672697,1.71921767848507
"pool_crps","estendido","sa","principal","2023Q4","m1",-2.41651075465504,-1.52567847204872,-0.20929509881305,1.10346421958489,1.97129780283855
"pool_crps","estendido","sa","principal","2023Q4","m2",-0.879739481929842,-0.282164909945143,0.619796184451427,1.56517789174589,2.1463764667609
"pool_crps","estendido","sa","principal","2023Q4","m3",-0.947970079719836,-0.467930856928227,0.269945088899537,1.0108624454064,1.5115285785765
"pool_crps","estendido","sa","principal","2023Q4","vespera",-0.807512569731551,-0.370018231852144,0.342758298688572,1.0460533586602,1.49675412307496
"pool_crps","estendido","sa","principal","2024Q1","m1",-0.998264006127191,-0.107259294818653,1.23120743972098,2.66610627198462,3.66463780965074
"pool_crps","estendido","sa","principal","2024Q1","m2",-1.57587310996996,-0.919029012906133,0.0619633132521891,1.04042592927062,1.69644908570928
"pool_crps","estendido","sa","principal","2024Q1","m3",-0.89117587586275,-0.377789404795996,0.385389024096816,1.1604420182149,1.62975344821945
"pool_crps","estendido","sa","principal","2024Q1","vespera",-0.582588639707345,-0.111912555413504,0.588214404261123,1.33734172597383,1.82148088309483
"pool_crps","estendido","sa","principal","2024Q2","m1",-1.81239003471051,-0.96736628545346,0.364741776941235,1.68111471635877,2.55560909791642
"pool_crps","estendido","sa","principal","2024Q2","m2",-0.925915826993969,-0.337351122969677,0.625843236333745,1.60775533938585,2.27769206341615
"pool_crps","estendido","sa","principal","2024Q2","m3",-0.996259226477771,-0.48804897701087,0.241275162797583,0.969142609283051,1.42607309409768
"pool_crps","estendido","sa","principal","2024Q2","vespera",-0.273714849970513,0.158805786967583,0.789455494397528,1.47956623769949,1.96086252767377
"pool_crps","estendido","sa","principal","2024Q3","m1",-1.09234137012578,-0.206382887431158,1.03620512588827,2.39078444224164,3.32738741990692
"pool_crps","estendido","sa","principal","2024Q3","m2",-0.576690168819545,0.0282366056141346,0.931518512845431,1.8109054724852,2.40649291562003
"pool_crps","estendido","sa","principal","2024Q3","m3",-0.491975157614996,0.0170845655559875,0.743572477818233,1.47228256914052,1.93587216092825
"pool_crps","estendido","sa","principal","2024Q3","vespera",-0.136832852445642,0.283846240158973,0.918733184262188,1.5743935696742,2.0119885521226
"pool_crps","estendido","sa","principal","2024Q4","m1",-1.7658542237986,-0.918968942645998,0.355546885095281,1.64498759954943,2.49321185275129
"pool_crps","estendido","sa","principal","2024Q4","m2",-1.06311342808207,-0.484761208205081,0.409016276408591,1.32144796583921,1.95301114570429
"pool_crps","estendido","sa","principal","2024Q4","m3",-0.642486357073107,-0.175077119722061,0.500553874946941,1.20494309563664,1.65126180034982
"pool_crps","estendido","sa","principal","2024Q4","vespera",-0.680811038277066,-0.285790649452433,0.360400069265043,0.965407206598335,1.40781933835478
"pool_crps","estendido","sa","principal","2025Q1","m1",-2.93635824095512,-2.0451310872365,-0.728026927642661,0.593144240623224,1.45799429351895
"pool_crps","estendido","sa","principal","2025Q1","m2",-1.27221688920497,-0.643164739599747,0.281426430125564,1.21339334576027,1.87195462383378
"pool_crps","estendido","sa","principal","2025Q1","m3",-0.588422986496648,-0.150400624928011,0.527702189235679,1.1847671541335,1.65127444231179
"pool_crps","estendido","sa","principal","2025Q1","vespera",-0.582745178038506,-0.189791418965219,0.433623429328189,1.07564612945969,1.47798382462114
"pool_crps","estendido","sa","principal","2025Q2","m1",-2.27176426568466,-1.3958395469858,-0.116157912174114,1.19375841293903,2.03249439667116
"pool_crps","estendido","sa","principal","2025Q2","m2",-0.667598287662512,-0.083185406650319,0.82501740811145,1.74703902078907,2.28442061988823
"pool_crps","estendido","sa","principal","2025Q2","m3",-0.489140061302401,-0.0303486229841772,0.660250450410327,1.32711359129538,1.78013635061758
"pool_crps","estendido","sa","principal","2025Q2","vespera",-0.579210203435571,-0.165713405816283,0.466241470244055,1.09848160529446,1.51137423616907
"pool_crps","estendido","sa","principal","2025Q3","m1",-2.49425834687957,-1.73119968717056,-0.444744814331988,0.862141930017766,1.61836903367872
"pool_crps","estendido","sa","principal","2025Q3","m2",-1.61208275245164,-1.04224017092565,-0.143860468389095,0.779636076579155,1.41128178314756
"pool_crps","estendido","sa","principal","2025Q3","m3",-0.658762463924389,-0.222170999696313,0.362029857507928,1.02086937444391,1.45308221829335
"pool_crps","estendido","sa","principal","2025Q3","vespera",-0.481939239352056,-0.11113657931559,0.442664149701044,0.999755018358409,1.39575783153214
"pool_crps","estendido","sa","principal","2025Q4","m1",-1.74705939925913,-0.972565574929524,0.260691508606281,1.5525805447397,2.40524424653008
"pool_crps","estendido","sa","principal","2025Q4","m2",-0.535433488535434,-0.0232193795639892,0.824321075912482,1.66884836045889,2.31227928982396
"pool_crps","estendido","sa","principal","2025Q4","m3",-0.443203500231828,-0.0151623801541918,0.607492174583668,1.2733887211579,1.68256295183079
"pool_crps","estendido","sa","principal","2025Q4","vespera",-0.708737396001339,-0.311367058997357,0.306628948599252,0.922366445267982,1.31286502872195
"pool_crps","estendido","sa","principal","2026Q1","m1",-2.09807790926038,-1.17675337705493,0.128919825582186,1.44030207717712,2.30278580191945
"pool_crps","estendido","sa","principal","2026Q1","m2",-1.13195757853061,-0.544871432226502,0.326699929837815,1.26935781715071,1.88691551881565
"pool_crps","estendido","sa","principal","2026Q1","m3",-0.852159418064147,-0.435870969863461,0.180996356108787,0.777569781977766,1.16438210320905
"pool_crps","estendido","sa","principal","2026Q1","vespera",-0.174562918563701,0.165297506857834,0.705897466384564,1.23569624582803,1.57640364918413
"pool_crps","estendido","sa","principal","2026Q2","m1",-1.06145634331688,-0.231747468569367,1.02208106379793,2.33490702567559,3.20064113107487
"pool_crps","estendido","sa","principal","2026Q2","m2",-0.76953266398815,-0.224660994217594,0.598113665861777,1.41304758702183,1.93167462061811
"pool_crps","estendido","sa","principal","2026Q2","m3",-0.457082130866038,-0.100344808474459,0.481016351329933,1.05284108071054,1.41861652290673
"pool_crps","estendido","sa","principal","2026Q2","vespera",-0.525217551997498,-0.188548694615545,0.320421030575468,0.817713071221698,1.14280215519929
"pool_igual","core","sa","principal","2019Q1","m1",-0.976934091403892,-0.449247561790783,0.372620245565036,1.23531363057994,1.80893615160961
"pool_igual","core","sa","principal","2019Q1","m2",-0.709946055260214,-0.275498390613379,0.341381226000625,1.01519907282557,1.52149617971209
"pool_igual","core","sa","principal","2019Q1","m3",-0.246603676306298,0.0928062198776853,0.584265104422055,1.14241212957339,1.56719666535385
"pool_igual","core","sa","principal","2019Q1","vespera",-0.827842157926761,-0.492769516830677,-0.0405088151087751,0.378905684437299,0.651751363568866
"pool_igual","core","sa","principal","2019Q2","m1",-0.97689621781883,-0.494988033026521,0.243255189564529,1.01585820049597,1.57013429780053
"pool_igual","core","sa","principal","2019Q2","m2",-1.62085573099783,-1.12267087901891,-0.384241746916442,0.317882125200406,0.756598074949261
"pool_igual","core","sa","principal","2019Q2","m3",-0.800875995818492,-0.420790537805863,0.158907488683657,0.728117943328443,1.08560380727217
"pool_igual","core","sa","principal","2019Q2","vespera",-0.411836132026828,-0.115931998442529,0.334375313372459,0.783022805380434,1.08766300806554
"pool_igual","core","sa","principal","2019Q3","m1",-1.14692579757542,-0.600641993611576,0.214478964190601,1.0421265284708,1.62804886193315
"pool_igual","core","sa","principal","2019Q3","m2",-1.04265049227145,-0.499024230122829,0.235900431360914,0.911995749075765,1.39889104623181
"pool_igual","core","sa","principal","2019Q3","m3",-0.58516572438202,-0.188832126425206,0.36877925125739,0.934731337097091,1.33841353297941
"pool_igual","core","sa","principal","2019Q3","vespera",-0.223018249622791,0.0985422293329936,0.557890600241473,1.02331615217544,1.35345164377823
"pool_igual","core","sa","principal","2019Q4","m1",-0.969892696760402,-0.411127732706548,0.415794986955353,1.27978059351888,1.92425125515917
"pool_igual","core","sa","principal","2019Q4","m2",-0.758639051642444,-0.29694313218775,0.36870693647818,1.12388072681144,1.73432514811652
"pool_igual","core","sa","principal","2019Q4","m3",-0.0155154136034507,0.311193624271561,0.918700838460917,1.61345272100683,2.07259965126772
"pool_igual","core","sa","principal","2019Q4","vespera",-0.0527612818630102,0.221926804977258,0.631329545882653,1.03099595166276,1.2968051826502
"pool_igual","core","sa","principal","2020Q1","m1",-0.891023832649655,-0.389060592200295,0.376806160487098,1.18857409565565,1.78115249381449
"pool_igual","core","sa","principal","2020Q1","m2",-1.36246532154025,-0.861993128662476,-0.166802284061224,0.470300084891177,0.917071098924832
"pool_igual","core","sa","principal","2020Q1","m3",-0.653875148993994,-0.293861508446116,0.273578773987271,0.918037401699393,1.31767199882653
"pool_igual","core","sa","principal","2020Q1","vespera",-2.14332487263804,-1.78773399777628,-1.03983912422609,-0.16483890527412,0.416673276347826
"pool_igual","core","sa","principal","2020Q2","m1",-5.52669436395738,-4.63972887854933,-3.44632574690952,-2.21870304405156,-1.41014501072705
"pool_igual","core","sa","principal","2020Q2","m2",-10.8804395723647,-10.051938033061,-8.64247249363365,-6.31119895776409,-4.46480120264724
"pool_igual","core","sa","principal","2020Q2","m3",-13.2340711021679,-12.6865063549581,-6.47159974578249,-4.84650549697596,-3.4499764636056
"pool_igual","core","sa","principal","2020Q2","vespera",-8.96512089312525,-8.65991483032864,-6.52113703385986,-3.5419739686563,-0.983991872507584
"pool_igual","core","sa","principal","2020Q3","m1",0.609755959795115,1.58878457134333,2.87900303380989,4.22178037667175,5.28331896964561
"pool_igual","core","sa","principal","2020Q3","m2",1.56721448481872,3.11700807825572,4.80854131418862,7.52810644981641,8.48728302928022
"pool_igual","core","sa","principal","2020Q3","m3",6.01186489761467,6.62380814947144,7.5774041709442,8.60658187783069,9.70697829954923
"pool_igual","core","sa","principal","2020Q3","vespera",5.6128443567685,6.03465235266843,7.16027648985933,8.53942733818651,9.82762067596072
"pool_igual","core","sa","principal","2020Q4","m1",-1.48806520430319,-0.287944265533778,1.35639810589661,2.92536381401081,3.93532712791025
"pool_igual","core","sa","principal","2020Q4","m2",0.746923195018938,1.52440504947009,2.66179669795598,3.77586481445033,4.52886762573883
"pool_igual","core","sa","principal","2020Q4","m3",1.8559341565459,2.43337030418634,3.24107513859693,4.08259054918894,4.69288131946738
"pool_igual","core","sa","principal","2020Q4","vespera",1.68634242964215,2.18636578523231,2.90769391033617,3.69221594801951,4.31550741442154
"pool_igual","core","sa","principal","2021Q1","m1",-4.35110905918597,-2.93258340132112,-1.04139173638778,0.586367073427683,1.63845269829434
"pool_igual","core","sa","principal","2021Q1","m2",-2.85192516320811,-1.83222012318484,-0.504606359619209,0.669539406365206,1.37794926510403
"pool_igual","core","sa","principal","2021Q1","m3",-1.53586453666184,-0.88060315852191,0.126188030283048,0.97497966921983,1.46628220254044
"pool_igual","core","sa","principal","2021Q1","vespera",-1.51749420862168,-0.954998848795011,-0.020791453639124,0.795430702869149,1.22567427468545
"pool_igual","core","sa","principal","2021Q2","m1",-1.85904977608797,-0.867263144037234,0.65750707196397,2.20571343808067,3.2763188874583
"pool_igual","core","sa","principal","2021Q2","m2",-2.05265210411058,-1.27834924525579,-0.136928054821822,0.920668792731052,1.61169575138166
"pool_igual","core","sa","principal","2021Q2","m3",0.500068126014294,0.958992490038722,1.66580717361394,2.51893022932007,3.07706531395009
"pool_igual","core","sa","principal","2021Q2","vespera",0.164471135658815,0.553262062861855,1.1564473653644,2.15356101330728,2.76158159456045
"pool_igual","core","sa","principal","2021Q3","m1",-1.41036648248222,-0.44267977452055,1.08493199615788,2.68239832661762,3.79992708858814
"pool_igual","core","sa","principal","2021Q3","m2",-0.460291088898951,0.153718863183009,1.13403590301776,2.19346118151877,2.90482028851968
"pool_igual","core","sa","principal","2021Q3","m3",-0.818525705657562,-0.340165888325194,0.356928442880033,1.00547104053079,1.44023843528781
"pool_igual","core","sa","principal","2021Q3","vespera",-0.635568131018567,-0.2857396917316,0.199541643163204,0.671873921644116,1.01100308615964
"pool_igual","core","sa","principal","2021Q4","m1",-3.08426727811075,-2.20900770855217,-0.846878600874401,0.526022899340131,1.44428717415138
"pool_igual","core","sa","principal","2021Q4","m2",-2.01113280846673,-1.37622435359873,-0.450740001934685,0.48310158826229,1.11691900249596
"pool_igual","core","sa","principal","2021Q4","m3",-1.4824984753027,-1.00954619165204,-0.352356000102105,0.30560062113489,0.739291606757505
"pool_igual","core","sa","principal","2021Q4","vespera",-0.810947001597305,-0.410639098095209,0.155637972979938,0.71302125801979,1.08517953494037
"pool_igual","core","sa","principal","2022Q1","m1",-1.99095699616383,-1.1107758688081,0.250400478210433,1.61012835286718,2.49646464193742
"pool_igual","core","sa","principal","2022Q1","m2",-0.280158760739279,0.351955794134344,1.32367056971257,2.33555065191359,3.00601943768547
"pool_igual","core","sa","principal","2022Q1","m3",-0.268975377780192,0.182302085643702,0.824168076441634,1.45964975485308,1.88888476686147
"pool_igual","core","sa","principal","2022Q1","vespera",0.357570887358205,0.726295307863527,1.25097329803555,1.76237623901771,2.12942652752061
"pool_igual","core","sa","principal","2022Q2","m1",-1.61604632715135,-0.712505031410714,0.621505844447023,1.95860692160228,2.83697462354031
"pool_igual","core","sa","principal","2022Q2","m2",-0.529082290572045,0.0715789144825001,0.949160580251895,1.86675740254378,2.52958481943413
"pool_igual","core","sa","principal","2022Q2","m3",0.584765481268543,1.02002466973891,1.67897585026978,2.39270915380721,2.89730145102191
"pool_igual","core","sa","principal","2022Q2","vespera",0.340386150980191,0.693764986934546,1.22279053690389,1.79928198964825,2.22940079207061
"pool_igual","core","sa","principal","2022Q3","m1",-2.54502777853966,-1.70871740450082,-0.40944552855765,0.897689125704382,1.78309408561592
"pool_igual","core","sa","principal","2022Q3","m2",-0.652467831896727,-0.0186604728691644,0.904947819068214,1.82960945120844,2.42717590780193
"pool_igual","core","sa","principal","2022Q3","m3",-0.0327715057679628,0.395801092146535,1.02305995445094,1.64311521455726,2.05858028318061
"pool_igual","core","sa","principal","2022Q3","vespera",-0.0538415646748874,0.306682838016386,0.843983471747722,1.35855581392961,1.67718841361836
"pool_igual","core","sa","principal","2022Q4","m1",-2.58557947728684,-1.70421975343253,-0.342474969159384,1.02738074215301,1.93920344118483
"pool_igual","core","sa","principal","2022Q4","m2",-2.4412396187573,-1.7963141139321,-0.830184501259418,0.170440290979648,0.844604306854276
"pool_igual","core","sa","principal","2022Q4","m3",-1.31977549420415,-0.900397851188371,-0.285658760436125,0.339394028902924,0.766829502745215
"pool_igual","core","sa","principal","2022Q4","vespera",-1.06433313460762,-0.716022622872463,-0.191422561147336,0.332084676378896,0.694014825494532
"pool_igual","core","sa","principal","2023Q1","m1",-1.81144883418118,-0.914861856037486,0.383433721595716,1.73290659605995,2.64043738384958
"pool_igual","core","sa","principal","2023Q1","m2",-1.52275485357432,-0.881041477205089,0.0231958892288553,0.954818583527754,1.56651149149031
"pool_igual","core","sa","principal","2023Q1","m3",-0.885120339064043,-0.375135157759856,0.380652598066944,1.11959954899275,1.60034954148967
"pool_igual","core","sa","principal","2023Q1","vespera",-0.0514357631648648,0.360679608079379,1.09385944374377,2.20941059753242,2.74015329340807
"pool_igual","core","sa","principal","2023Q2","m1",-1.19177838964188,-0.304595750400517,1.06157827297082,2.44731475072269,3.41543863186338
"pool_igual","core","sa","principal","2023Q2","m2",-0.513427543482901,0.112431624405993,1.05492966427003,2.07230981758722,2.77569685229776
"pool_igual","core","sa","principal","2023Q2","m3",-0.517076139422433,0.0391285929267227,0.860069919445539,1.70553794387027,2.28702618381051
"pool_igual","core","sa","principal","2023Q2","vespera",-0.363511675326161,0.060347022264736,0.75050617497987,1.4257699657906,1.88128633484349
"pool_igual","core","sa","principal","2023Q3","m1",-2.6712166402583,-1.70192626719348,-0.304207535073747,1.09760308582226,1.98768121701059
"pool_igual","core","sa","principal","2023Q3","m2",-1.3707538433888,-0.613399559720481,0.485748099545535,1.61243441975026,2.4034714326723
"pool_igual","core","sa","principal","2023Q3","m3",-1.50988738812849,-0.963683497764084,-0.100874646599103,0.745217585927161,1.30872159644442
"pool_igual","core","sa","principal","2023Q3","vespera",-0.951514067182208,-0.517564954386935,0.180447146972651,0.916208842420073,1.42264161250194
"pool_igual","core","sa","principal","2023Q4","m1",-2.07611725773019,-1.23607665204584,0.0818225273444995,1.43559208074529,2.35341198334432
"pool_igual","core","sa","principal","2023Q4","m2",-0.657565532999395,0.0162161480548289,1.01437990806477,2.05360451778207,2.74894412223596
"pool_igual","core","sa","principal","2023Q4","m3",-0.9999156737383,-0.47294074245165,0.349581289854395,1.11632691721019,1.64191287800086
"pool_igual","core","sa","principal","2023Q4","vespera",-0.746038474281868,-0.275899691036325,0.410391723249748,1.08672859055074,1.52651408565818
"pool_igual","core","sa","principal","2024Q1","m1",-1.48451089822409,-0.556043852667869,0.767950816878515,2.16703185357947,3.0861302223106
"pool_igual","core","sa","principal","2024Q1","m2",-1.63420370686134,-0.940733448267664,0.10826906253969,1.1415175740933,1.81963181469557
"pool_igual","core","sa","principal","2024Q1","m3",-0.579591158648641,-0.0708591651673078,0.695349187214989,1.45950111313265,1.97272525284598
"pool_igual","core","sa","principal","2024Q1","vespera",-0.288858816366716,0.199187408159232,0.899729769737612,1.58770407852429,2.04574335963216
"pool_igual","core","sa","principal","2024Q2","m1",-1.54621383180913,-0.682657435246188,0.639813041196702,1.99617472368742,2.91752158583483
"pool_igual","core","sa","principal","2024Q2","m2",-0.753325954307634,-0.102169490332678,0.875274633633571,1.8730874298143,2.56223240908687
"pool_igual","core","sa","principal","2024Q2","m3",-0.64507182544736,-0.143699400793109,0.572773764844414,1.29631640432175,1.76767519395554
"pool_igual","core","sa","principal","2024Q2","vespera",-0.204041240120305,0.243506975842235,0.858972587988616,1.47652317306017,1.89373523811528
"pool_igual","core","sa","principal","2024Q3","m1",-1.12023767320046,-0.291604785506272,1.05026310633521,2.39806166012617,3.28901210011198
"pool_igual","core","sa","principal","2024Q3","m2",-0.325631886101598,0.318206578885297,1.26260150505723,2.23703737903598,2.88991553799908
"pool_igual","core","sa","principal","2024Q3","m3",-0.150183970700314,0.313704748141859,0.997654376096824,1.69469198210095,2.17291103741487
"pool_igual","core","sa","principal","2024Q3","vespera",0.0447903926912019,0.484714706203255,1.09407904350589,1.68906167396258,2.06918682831232
"pool_igual","core","sa","principal","2024Q4","m1",-1.79436139409045,-0.944271999636544,0.320369846767521,1.59799852858306,2.48484821516326
"pool_igual","core","sa","principal","2024Q4","m2",-0.964193843664755,-0.357104849395153,0.57743451909138,1.54438020281322,2.16721988421667
"pool_igual","core","sa","principal","2024Q4","m3",-0.342312583406491,0.110081837439905,0.78996713569921,1.48333377938704,1.94938073306995
"pool_igual","core","sa","principal","2024Q4","vespera",-0.666709129063112,-0.263221304947696,0.305741365798051,0.882086071435399,1.27773690196546
"pool_igual","core","sa","principal","2025Q1","m1",-2.52455396502797,-1.72240185474082,-0.433237039315443,0.880830989971563,1.75915433653653
"pool_igual","core","sa","principal","2025Q1","m2",-1.92609881602558,-1.29358454088201,-0.31926244608137,0.647442148009465,1.29400982236238
"pool_igual","core","sa","principal","2025Q1","m3",-0.558321471325491,-0.0713326216806931,0.654631351970403,1.36868431814064,1.84083558707551
"pool_igual","core","sa","principal","2025Q1","vespera",-0.372928742767305,0.0656059812604095,0.714137822710792,1.30111069929812,1.68186913614794
"pool_igual","core","sa","principal","2025Q2","m1",-1.71870717097562,-0.905990787552832,0.362508894893521,1.6871050260196,2.5218009587968
"pool_igual","core","sa","principal","2025Q2","m2",-0.622389441147708,-0.00780031543830971,0.933735490575638,1.87271416520666,2.47132673523835
"pool_igual","core","sa","principal","2025Q2","m3",-0.46540042417434,-0.0242078700251391,0.676671847375754,1.40741868243642,1.89888514922982
"pool_igual","core","sa","principal","2025Q2","vespera",-0.555344544847633,-0.166986985152402,0.411747232776949,1.02260500323607,1.44492024547216
"pool_igual","core","sa","principal","2025Q3","m1",-2.31928725998383,-1.51829837006004,-0.273414233845476,1.01200103684014,1.88776852233944
"pool_igual","core","sa","principal","2025Q3","m2",-1.84006521643872,-1.23328415425509,-0.315489463848262,0.631117114610855,1.28847023527396
"pool_igual","core","sa","principal","2025Q3","m3",-0.863653494319306,-0.437352915876119,0.14988210193424,0.769865505408246,1.21654556807895
"pool_igual","core","sa","principal","2025Q3","vespera",-0.538239032262757,-0.175381030841457,0.325555230278873,0.821289909057274,1.21119085646341
"pool_igual","core","sa","principal","2025Q4","m1",-1.71433364817117,-0.906417532917456,0.341916356894734,1.60328148832626,2.46772038631982
"pool_igual","core","sa","principal","2025Q4","m2",-0.764144187877205,-0.214114539161356,0.644622619940693,1.53772730609669,2.14846939660207
"pool_igual","core","sa","principal","2025Q4","m3",-0.555378136888968,-0.11166877159305,0.546431447211815,1.24661923597922,1.70886253579575
"pool_igual","core","sa","principal","2025Q4","vespera",-0.627533638462362,-0.265067425557775,0.301626160972113,0.904207512821771,1.31199134811367
"pool_igual","core","sa","principal","2026Q1","m1",-1.30619787190912,-0.462340937339869,0.824614838295668,2.11387398795047,2.9710478457197
"pool_igual","core","sa","principal","2026Q1","m2",-1.33485126368546,-0.7169216552442,0.242188224152673,1.20978193523233,1.83700385416318
"pool_igual","core","sa","principal","2026Q1","m3",-0.748219064843595,-0.35606609488545,0.211856889786799,0.800580874214431,1.23588115478318
"pool_igual","core","sa","principal","2026Q1","vespera",-0.0275678275114705,0.324472987905653,0.804002556235517,1.27941992393162,1.62711741352596
"pool_igual","core","sa","principal","2026Q2","m1",-0.578303375872582,0.215588558274634,1.52890727108302,2.87298535238032,3.77306954901544
"pool_igual","core","sa","principal","2026Q2","m2",-0.904168127979234,-0.349579528397605,0.512952394926569,1.39390573315469,1.99124455643819
"pool_igual","core","sa","principal","2026Q2","m3",-0.123157914708014,0.281552342455887,0.910400727424365,1.54410138540168,1.9470313292782
"pool_igual","core","sa","principal","2026Q2","vespera",-0.304647435659988,0.023542024129565,0.522801345455715,1.02833521539847,1.32831769104041
"pool_igual","estendido","sa","principal","2019Q1","m1",-0.666863283292152,-0.0961507468117433,0.78616782144646,1.66035554927453,2.24791422611659
"pool_igual","estendido","sa","principal","2019Q1","m2",-0.448263170105678,-0.0336720772182857,0.618222929030321,1.2803178744251,1.71599121030829
"pool_igual","estendido","sa","principal","2019Q1","m3",-0.174363377575473,0.180865168725552,0.74639609174898,1.2908764447708,1.65320107778725
"pool_igual","estendido","sa","principal","2019Q1","vespera",-0.732722536506559,-0.372172023297319,0.124345913472423,0.620961104961162,0.965843542547203
"pool_igual","estendido","sa","principal","2019Q2","m1",-1.06331423700531,-0.539606605683691,0.238503941813506,1.02180167485758,1.55645075517405
"pool_igual","estendido","sa","principal","2019Q2","m2",-1.86227022783104,-1.43972893420031,-0.779250827775546,-0.0277204841281624,0.484078255495013
"pool_igual","estendido","sa","principal","2019Q2","m3",-1.02609945425347,-0.691358767332708,-0.147584441906512,0.447752997698264,0.858628027433025
"pool_igual","estendido","sa","principal","2019Q2","vespera",-0.810709141845308,-0.474723709038649,0.0238939582976494,0.558558166365826,0.925594367798266
"pool_igual","estendido","sa","principal","2019Q3","m1",-1.27345088397081,-0.717016333773751,0.126596140163793,0.982347067561288,1.5351434785321
"pool_igual","estendido","sa","principal","2019Q3","m2",-0.609508473487269,-0.154141696227529,0.532463646491044,1.24418117593652,1.69645512938022
"pool_igual","estendido","sa","principal","2019Q3","m3",-0.403905676191062,-0.0322887658627242,0.565469851210865,1.18422550508019,1.58719912902912
"pool_igual","estendido","sa","principal","2019Q3","vespera",-0.326820027446152,0.0458296671659415,0.588493498728793,1.12253518572204,1.47890978373219
"pool_igual","estendido","sa","principal","2019Q4","m1",-1.13966535883477,-0.560093578481931,0.311522494331529,1.15355835805611,1.7185247214816
"pool_igual","estendido","sa","principal","2019Q4","m2",-0.630180941122244,-0.155229274351734,0.526428837688198,1.24241090233296,1.70122024954004
"pool_igual","estendido","sa","principal","2019Q4","m3",-0.069208352694009,0.353544395508936,0.960965542044756,1.49732461546571,1.83777008646583
"pool_igual","estendido","sa","principal","2019Q4","vespera",-0.334740367838011,0.0896438902874302,0.622146071790375,1.07571168533969,1.37598448610505
"pool_igual","estendido","sa","principal","2020Q1","m1",-1.47665883788175,-0.963840162455696,-0.164249049557413,0.606657322789391,1.15145130218863
"pool_igual","estendido","sa","principal","2020Q1","m2",-1.23003581554628,-0.830627988508131,-0.210415697549299,0.420508048583509,0.819455580870409
"pool_igual","estendido","sa","principal","2020Q1","m3",-0.511892126856384,-0.185803133134841,0.304577305464482,0.786296222335005,1.11426807104007
"pool_igual","estendido","sa","principal","2020Q1","vespera",-2.0818410471157,-1.77915966763725,-1.26726146953045,-0.678530870069763,-0.331323038713257
"pool_igual","estendido","sa","principal","2020Q2","m1",-2.0984965175267,-1.48634760859121,-0.101172613205053,1.47483958515775,2.20665657586165
"pool_igual","estendido","sa","principal","2020Q2","m2",-10.7557833002808,-10.3513394995833,-9.74354425914966,-9.1875705868298,-8.79563442597191
"pool_igual","estendido","sa","principal","2020Q2","m3",-9.00032714616536,-8.60363236327143,-7.71903943150054,-6.89282264660733,-6.49110730005565
"pool_igual","estendido","sa","principal","2020Q2","vespera",-9.23458671962979,-8.92351580905239,-7.45902908436813,-5.79806574790919,-5.43836866988016
"pool_igual","estendido","sa","principal","2020Q3","m1",3.21538056725902,4.041807450674,5.45383324986881,7.06403343573141,8.02192983692381
"pool_igual","estendido","sa","principal","2020Q3","m2",3.29385374304247,3.91855871599001,5.92793069752127,8.06446428257009,8.73900049867207
"pool_igual","estendido","sa","principal","2020Q3","m3",1.9808078513743,2.4625577344297,5.61689418420004,8.89043173312329,9.35443006321705
"pool_igual","estendido","sa","principal","2020Q3","vespera",1.91327623692413,2.37164244856073,5.26538813677763,8.54147452210369,8.99924431632851
"pool_igual","estendido","sa","principal","2020Q4","m1",-0.762480534439313,0.185840158019111,1.61811818824165,3.10386275748284,4.0444064234977
"pool_igual","estendido","sa","principal","2020Q4","m2",0.341208901761621,0.926799932138971,1.8370777325479,2.77782700981521,3.39748918080939
"pool_igual","estendido","sa","principal","2020Q4","m3",1.36269912286515,1.77414690964979,2.44026542811506,3.13705916469572,3.60089930535048
"pool_igual","estendido","sa","principal","2020Q4","vespera",0.929043019644027,1.32109327381126,1.95816918502111,2.57857884647011,3.00099332325952
"pool_igual","estendido","sa","principal","2021Q1","m1",-2.80933651285675,-1.8678246022102,-0.440037619163264,0.952623205949753,1.8873714477168
"pool_igual","estendido","sa","principal","2021Q1","m2",-1.22185658721046,-0.616590671104198,0.302825082975522,1.26927566205053,1.94822425714343
"pool_igual","estendido","sa","principal","2021Q1","m3",-1.8491098738488,-1.32794340825691,-0.488354826097714,0.297753254350969,0.787811985057103
"pool_igual","estendido","sa","principal","2021Q1","vespera",-1.01824502176959,-0.587745169122397,0.0480227488929952,0.661497153057845,1.06103328606976
"pool_igual","estendido","sa","principal","2021Q2","m1",-1.71383083456093,-0.805127155344062,0.589321735316806,1.98659423261944,2.91625275310247
"pool_igual","estendido","sa","principal","2021Q2","m2",-1.86071331870366,-1.2030697518566,-0.205640499851545,0.752124376018704,1.36147588244011
"pool_igual","estendido","sa","principal","2021Q2","m3",-0.274350461420315,0.207327274854219,0.884185755610656,1.49278225854278,1.88768033731525
"pool_igual","estendido","sa","principal","2021Q2","vespera",-0.592554840991079,-0.111002636662683,0.534500821665784,1.06674446942027,1.39541143887089
"pool_igual","estendido","sa","principal","2021Q3","m1",-1.68920117099724,-0.714418157880222,0.722645609715578,2.13831516317621,3.07124677520099
"pool_igual","estendido","sa","principal","2021Q3","m2",-1.45951228949346,-0.790447023539929,0.131858003346441,1.03362130103245,1.60237551964383
"pool_igual","estendido","sa","principal","2021Q3","m3",-1.28218130707603,-0.847883033242879,-0.194829952838571,0.43559757406562,0.814712345932796
"pool_igual","estendido","sa","principal","2021Q3","vespera",-1.0395047587801,-0.664732088243733,-0.10739742154649,0.430240427202514,0.782726528460391
"pool_igual","estendido","sa","principal","2021Q4","m1",-3.03824438541761,-2.10795767302126,-0.701297784408972,0.660043583141744,1.57666075254218
"pool_igual","estendido","sa","principal","2021Q4","m2",-1.92989802952285,-1.32118263409077,-0.424755755751116,0.450468387307805,0.995571381941267
"pool_igual","estendido","sa","principal","2021Q4","m3",-1.39083643013143,-0.967385666964455,-0.345773185065845,0.249169266123971,0.660163641604635
"pool_igual","estendido","sa","principal","2021Q4","vespera",-0.785700250748366,-0.416877732476775,0.130560454787865,0.665438512987157,0.999537618862059
"pool_igual","estendido","sa","principal","2022Q1","m1",-1.71724802828836,-0.810693459524489,0.520137932829434,1.90517073935607,2.86854063587172
"pool_igual","estendido","sa","principal","2022Q1","m2",-0.888199588508891,-0.321981951614703,0.555875039792264,1.42325143861395,1.98188754417245
"pool_igual","estendido","sa","principal","2022Q1","m3",-0.174348451622341,0.215490836298835,0.821142267541042,1.42615492277617,1.82843331807536
"pool_igual","estendido","sa","principal","2022Q1","vespera",0.106204706806974,0.457388009497111,0.981304065680755,1.52232207774963,1.86277318577019
"pool_igual","estendido","sa","principal","2022Q2","m1",-1.51267428120112,-0.636269733570852,0.709318349914823,2.06431162617131,2.94146279069826
"pool_igual","estendido","sa","principal","2022Q2","m2",-1.02713224666377,-0.434340109434922,0.448720819204396,1.31906439674092,1.90161583017649
"pool_igual","estendido","sa","principal","2022Q2","m3",0.150954274585656,0.525500625190189,1.10868935665165,1.69128722911868,2.08927052162364
"pool_igual","estendido","sa","principal","2022Q2","vespera",-0.110868075920384,0.243685468674813,0.767806504604707,1.28718383118007,1.62291512455498
"pool_igual","estendido","sa","principal","2022Q3","m1",-2.71212704776792,-1.86924741991192,-0.551510595441873,0.722996576516361,1.63010685695327
"pool_igual","estendido","sa","principal","2022Q3","m2",-0.309966745140944,0.238616414747264,1.11452486670451,1.98703603408508,2.57535805016314
"pool_igual","estendido","sa","principal","2022Q3","m3",0.0613312335514693,0.466765163237603,1.05605439753066,1.6642213774319,2.04934101667069
"pool_igual","estendido","sa","principal","2022Q3","vespera",-0.102001096956023,0.243912477628233,0.778487603208244,1.31412083248872,1.66413289918906
"pool_igual","estendido","sa","principal","2022Q4","m1",-2.43688293586689,-1.55101022150553,-0.219527987312501,1.14488145111957,2.1166552140139
"pool_igual","estendido","sa","principal","2022Q4","m2",-1.93115924104458,-1.35973691911329,-0.495343476231502,0.355670417009963,0.954492298366848
"pool_igual","estendido","sa","principal","2022Q4","m3",-1.12563130871655,-0.686030853881299,-0.0570108866554453,0.548091453952309,0.917723829869591
"pool_igual","estendido","sa","principal","2022Q4","vespera",-0.817760797290868,-0.45514087939528,0.0672605743949006,0.60288374971856,0.95186606534826
"pool_igual","estendido","sa","principal","2023Q1","m1",-1.839797797265,-0.962975323134184,0.354095246419783,1.67505646213625,2.57265686554976
"pool_igual","estendido","sa","principal","2023Q1","m2",-1.27762875512654,-0.714435046378782,0.144692631329779,1.02294109376998,1.60250132573348
"pool_igual","estendido","sa","principal","2023Q1","m3",-0.946786857312649,-0.510089558182811,0.171997011345415,0.838423288754892,1.29072588772084
"pool_igual","estendido","sa","principal","2023Q1","vespera",-0.491605519019597,-0.108785221580806,0.494340557281403,1.10903558159838,1.4910631392995
"pool_igual","estendido","sa","principal","2023Q2","m1",-1.02919104886381,-0.169849037246922,1.20855580649178,2.70096274502968,3.75504029062539
"pool_igual","estendido","sa","principal","2023Q2","m2",-0.994233753441975,-0.408780983982535,0.48934273670006,1.41160388912279,2.07093305753823
"pool_igual","estendido","sa","principal","2023Q2","m3",-0.474817751477593,-0.00662026980780076,0.738632148250729,1.47667653102074,1.9610379476438
"pool_igual","estendido","sa","principal","2023Q2","vespera",-0.478565011976909,-0.0244300902308998,0.657174721207021,1.34521829382548,1.77352199509713
"pool_igual","estendido","sa","principal","2023Q3","m1",-1.64355634949904,-0.767484223742913,0.562728445625182,1.95847475209959,2.90234860661108
"pool_igual","estendido","sa","principal","2023Q3","m2",-1.0260233639979,-0.398906752423319,0.544886152726243,1.54736247629149,2.16331798333025
"pool_igual","estendido","sa","principal","2023Q3","m3",-0.894508755750628,-0.4329352416169,0.320406811694873,1.05087371199564,1.54416776438055
"pool_igual","estendido","sa","principal","2023Q3","vespera",-0.557416972756512,-0.132513132094318,0.565431428638985,1.27637978493365,1.72169342302015
"pool_igual","estendido","sa","principal","2023Q4","m1",-2.40744619134926,-1.51646949810563,-0.197986016312135,1.13757215178287,2.01685157017023
"pool_igual","estendido","sa","principal","2023Q4","m2",-0.913894722647187,-0.317936084662243,0.614196998508942,1.56864900572032,2.15169522212463
"pool_igual","estendido","sa","principal","2023Q4","m3",-0.952206596774756,-0.464542809349078,0.280138311149547,1.02151741125696,1.51733812532497
"pool_igual","estendido","sa","principal","2023Q4","vespera",-0.77976408858275,-0.350783316186956,0.355421388149302,1.05177799666335,1.51039895636175
"pool_igual","estendido","sa","principal","2024Q1","m1",-0.970960271293412,-0.0841067449656693,1.25559521520732,2.67791855894159,3.64023659656229
"pool_igual","estendido","sa","principal","2024Q1","m2",-1.60806640796953,-0.944032655146949,0.0266622871400779,1.00897095290807,1.65471984047849
"pool_igual","estendido","sa","principal","2024Q1","m3",-0.899583545708274,-0.387403524604273,0.368133794973524,1.14645068697123,1.6399624656248
"pool_igual","estendido","sa","principal","2024Q1","vespera",-0.608308996921171,-0.130738163715576,0.56985171097349,1.31111926320764,1.78462176887084
"pool_igual","estendido","sa","principal","2024Q2","m1",-1.90359087069714,-0.99361477702694,0.354651994380584,1.71789852757625,2.61203560894797
"pool_igual","estendido","sa","principal","2024Q2","m2",-0.93978588924767,-0.326178369220974,0.645050791223789,1.61424633741345,2.29214997666217
"pool_igual","estendido","sa","principal","2024Q2","m3",-1.02452129684837,-0.523545421896815,0.225333161491181,0.967092917753188,1.41895292166069
"pool_igual","estendido","sa","principal","2024Q2","vespera",-0.302416679959525,0.14293239220891,0.802879878671237,1.49383880474219,1.97457205225748
"pool_igual","estendido","sa","principal","2024Q3","m1",-1.09101612452571,-0.204758173652563,1.0457660532219,2.42385625124834,3.35445378296415
"pool_igual","estendido","sa","principal","2024Q3","m2",-0.596396766401069,0.0127136330849966,0.920199300449132,1.8363389578186,2.44130911586968
"pool_igual","estendido","sa","principal","2024Q3","m3",-0.504294728274567,-0.019682482798871,0.719992404475334,1.4243041219362,1.9104576810006
"pool_igual","estendido","sa","principal","2024Q3","vespera",-0.175147496044878,0.242306788432641,0.889787798356034,1.54560665185366,1.9823446422876
"pool_igual","estendido","sa","principal","2024Q4","m1",-1.7836666008164,-0.953370689270468,0.362006919976787,1.70331891660671,2.55959473621712
"pool_igual","estendido","sa","principal","2024Q4","m2",-1.0716274315147,-0.476790787293322,0.419854393401042,1.33422441137824,1.92470855433644
"pool_igual","estendido","sa","principal","2024Q4","m3",-0.653408428556281,-0.188764034221597,0.492371320909424,1.20372985930636,1.66489213070704
"pool_igual","estendido","sa","principal","2024Q4","vespera",-0.725611398484712,-0.301070614739317,0.346460453947683,0.972725737604178,1.3994555815613
"pool_igual","estendido","sa","principal","2025Q1","m1",-2.9535795762496,-2.06657022652811,-0.726011889880185,0.584583052246358,1.46602219468475
"pool_igual","estendido","sa","principal","2025Q1","m2",-1.23687574064093,-0.613908589877864,0.302351276673396,1.23788568072854,1.87368043429398
"pool_igual","estendido","sa","principal","2025Q1","m3",-0.596558814245456,-0.141665058034441,0.54353850609663,1.21764523379326,1.67786016287661
"pool_igual","estendido","sa","principal","2025Q1","vespera",-0.624115420197973,-0.212581404629798,0.419926976384855,1.06240976473891,1.48578044984608
"pool_igual","estendido","sa","principal","2025Q2","m1",-2.32401629599837,-1.40258585599256,-0.119234730763385,1.1820764371755,2.01124272343572
"pool_igual","estendido","sa","principal","2025Q2","m2",-0.676873680542969,-0.094750025155315,0.82276049303891,1.74167977982841,2.31052241121899
"pool_igual","estendido","sa","principal","2025Q2","m3",-0.487124930052178,-0.0264645360101432,0.654856208772503,1.33617931629055,1.80694741169875
"pool_igual","estendido","sa","principal","2025Q2","vespera",-0.594298809611676,-0.17760695424428,0.448678212657083,1.08183793851307,1.49567208563419
"pool_igual","estendido","sa","principal","2025Q3","m1",-2.55592578608158,-1.7397319537943,-0.45695585846417,0.849751366436494,1.66406985951386
"pool_igual","estendido","sa","principal","2025Q3","m2",-1.59933880439691,-1.02321339813665,-0.124483872431336,0.784701697229913,1.42682560297417
"pool_igual","estendido","sa","principal","2025Q3","m3",-0.662891594760395,-0.229644675721805,0.375925484541917,1.03705014676227,1.47306312894411
"pool_igual","estendido","sa","principal","2025Q3","vespera",-0.483513552481759,-0.117995116241855,0.45900909994766,1.05413628126249,1.4567379442242
"pool_igual","estendido","sa","principal","2025Q4","m1",-1.80193482704881,-1.00520490476149,0.24014440533715,1.52780290621178,2.37567132889403
"pool_igual","estendido","sa","principal","2025Q4","m2",-0.512846080866618,-0.0100286101403766,0.836678209415853,1.70247607717796,2.33644386532471
"pool_igual","estendido","sa","principal","2025Q4","m3",-0.445364731131378,-0.0180282119795241,0.609185282592106,1.2708922571379,1.69687104331393
"pool_igual","estendido","sa","principal","2025Q4","vespera",-0.693393755902779,-0.305101318432727,0.286897085337579,0.896992748860493,1.27024838206931
"pool_igual","estendido","sa","principal","2026Q1","m1",-2.13754002618255,-1.22433248236592,0.117106958897661,1.41943488806136,2.30278580191945
"pool_igual","estendido","sa","principal","2026Q1","m2",-1.11787558526604,-0.524100304030239,0.351741010375706,1.28906421791649,1.89857870769007
"pool_igual","estendido","sa","principal","2026Q1","m3",-0.891946302314865,-0.465785498516139,0.166089458435359,0.772225369730594,1.16550207948052
"pool_igual","estendido","sa","principal","2026Q1","vespera",-0.211226575390693,0.149019029709026,0.700655935552918,1.25059595928859,1.62413762927523
"pool_igual","estendido","sa","principal","2026Q2","m1",-1.03783093444827,-0.211595458349709,1.04044642511152,2.36267436732629,3.24630550690974
"pool_igual","estendido","sa","principal","2026Q2","m2",-0.782679922801219,-0.252044212489342,0.571491297431537,1.41075208050805,1.9427725705092
"pool_igual","estendido","sa","principal","2026Q2","m3",-0.514150418175887,-0.128847749345452,0.461163530459319,1.05474499787465,1.43326993643832
"pool_igual","estendido","sa","principal","2026Q2","vespera",-0.526907687066093,-0.196907404352327,0.326844421074979,0.825476106577886,1.16591876196555
"sarima","core","sa","principal","2019Q1","m1",-1.71227667224194,-1.03522101118691,0,1.03522101118691,1.71227667224194
"sarima","core","sa","principal","2019Q1","m2",-1.78762369233156,-1.33501011699044,-0.642962018003379,0.0490860809836815,0.501699656324805
"sarima","core","sa","principal","2019Q1","m3",-1.78762369233156,-1.33501011699044,-0.642962018003379,0.0490860809836815,0.501699656324805
"sarima","core","sa","principal","2019Q1","vespera",-1.78762369233156,-1.33501011699044,-0.642962018003379,0.0490860809836815,0.501699656324805
"sarima","core","sa","principal","2019Q2","m1",-1.53940497177614,-0.930704948179708,0,0.930704948179708,1.53940497177614
"sarima","core","sa","principal","2019Q2","m2",-1.2841057208748,-0.759529175472278,0.0425506135517395,0.844630402575757,1.36920694797828
"sarima","core","sa","principal","2019Q2","m3",-1.2841057208748,-0.759529175472278,0.0425506135517395,0.844630402575757,1.36920694797828
"sarima","core","sa","principal","2019Q2","vespera",-1.2841057208748,-0.759529175472278,0.0425506135517395,0.844630402575757,1.36920694797828
"sarima","core","sa","principal","2019Q3","m1",-1.68456240911423,-1.01846531512185,0,1.01846531512185,1.68456240911422
"sarima","core","sa","principal","2019Q3","m2",-0.918785297167624,-0.368656165477707,0.472493637632976,1.31364344074366,1.86377257243357
"sarima","core","sa","principal","2019Q3","m3",-0.918785297167624,-0.368656165477707,0.472493637632976,1.31364344074366,1.86377257243357
"sarima","core","sa","principal","2019Q3","vespera",-0.918785297167624,-0.368656165477707,0.472493637632976,1.31364344074366,1.86377257243357
"sarima","core","sa","principal","2019Q4","m1",-1.60470617552925,-0.97018523736247,0,0.97018523736247,1.60470617552925
"sarima","core","sa","principal","2019Q4","m2",-1.60470617552925,-0.97018523736247,0,0.97018523736247,1.60470617552925
"sarima","core","sa","principal","2019Q4","m3",-1.34937769228947,-0.870938910069815,-0.139403958942352,0.59213099218511,1.07056977440476
"sarima","core","sa","principal","2019Q4","vespera",-1.34937769228947,-0.870938910069815,-0.139403958942352,0.59213099218511,1.07056977440476
"sarima","core","sa","principal","2020Q1","m1",-1.47547963473987,-0.892056490766276,0,0.892056490766276,1.47547963473987
"sarima","core","sa","principal","2020Q1","m2",-1.47547963473987,-0.892056490766276,0,0.892056490766276,1.47547963473987
"sarima","core","sa","principal","2020Q1","m3",-0.964898241698765,-0.469044023466025,0.289119204059918,1.04728243158586,1.5431366498186
"sarima","core","sa","principal","2020Q1","vespera",-0.964898241698765,-0.469044023466025,0.289119204059918,1.04728243158586,1.5431366498186
"sarima","core","sa","principal","2020Q2","m1",-1.24623998422267,-0.700461524854647,0.134036081605915,0.968533688066477,1.5143121474345
"sarima","core","sa","principal","2020Q2","m2",-1.68182753183308,-1.17591767532525,-0.402379333725167,0.371159007874916,0.877068864382742
"sarima","core","sa","principal","2020Q2","m3",-1.68182753183308,-1.17591767532525,-0.402379333725167,0.371159007874916,0.877068864382742
"sarima","core","sa","principal","2020Q2","vespera",-1.68182753183308,-1.17591767532525,-0.402379333725167,0.371159007874916,0.877068864382742
"sarima","core","sa","principal","2020Q3","m1",-1.5673816860635,-1.01580239513202,-0.172435292317952,0.670931810496116,1.22251110142759
"sarima","core","sa","principal","2020Q3","m2",-1.5673816860635,-1.01580239513202,-0.172435292317952,0.670931810496116,1.22251110142759
"sarima","core","sa","principal","2020Q3","m3",-9.00410269661497,-7.92391119099944,-6.27229374351173,-4.62067629602401,-3.54048479040848
"sarima","core","sa","principal","2020Q3","vespera",-9.00410269661497,-7.92391119099944,-6.27229374351173,-4.62067629602401,-3.54048479040848
"sarima","core","sa","principal","2020Q4","m1",-3.54111704289469,-2.14091497320748,0,2.14091497320748,3.54111704289469
"sarima","core","sa","principal","2020Q4","m2",-3.54111704289469,-2.14091497320748,0,2.14091497320748,3.54111704289469
"sarima","core","sa","principal","2020Q4","m3",-6.25404004961128,-4.91668261877108,-2.87185736804448,-0.827032117317884,0.510325313522311
"sarima","core","sa","principal","2020Q4","vespera",-6.25404004961128,-4.91668261877108,-2.87185736804448,-0.827032117317884,0.510325313522311
"sarima","core","sa","principal","2021Q1","m1",-2.64745291733586,-1.15613910558604,1.12408611222095,3.40431133002793,4.89562514177775
"sarima","core","sa","principal","2021Q1","m2",-2.64745291733586,-1.15613910558604,1.12408611222095,3.40431133002793,4.89562514177775
"sarima","core","sa","principal","2021Q1","m3",-7.09450134558498,-5.75004506055247,-3.69436563130267,-1.63868620205286,-0.294229917020352
"sarima","core","sa","principal","2021Q1","vespera",-7.09450134558498,-5.75004506055247,-3.69436563130267,-1.63868620205286,-0.294229917020352
"sarima","core","sa","principal","2021Q2","m1",-3.93187672428733,-2.49853078496304,-0.306938692850922,1.88465339926119,3.31799933858548
"sarima","core","sa","principal","2021Q2","m2",-3.93187672428733,-2.49853078496304,-0.306938692850922,1.88465339926119,3.31799933858548
"sarima","core","sa","principal","2021Q2","m3",-3.7433776796527,-2.26319921868153,0,2.26319921868153,3.7433776796527
"sarima","core","sa","principal","2021Q2","vespera",-3.7433776796527,-2.26319921868153,0,2.26319921868153,3.7433776796527
"sarima","core","sa","principal","2021Q3","m1",-3.7433776796527,-2.26319921868153,0,2.26319921868153,3.7433776796527
"sarima","core","sa","principal","2021Q3","m2",-3.7433776796527,-2.26319921868153,0,2.26319921868153,3.7433776796527
"sarima","core","sa","principal","2021Q3","m3",-3.57808711889014,-2.16326661770284,0,2.16326661770284,3.57808711889013
"sarima","core","sa","principal","2021Q3","vespera",-3.57808711889014,-2.16326661770284,0,2.16326661770284,3.57808711889013
"sarima","core","sa","principal","2021Q4","m1",-3.57808711889014,-2.16326661770284,0,2.16326661770284,3.57808711889013
"sarima","core","sa","principal","2021Q4","m2",-3.57808711889014,-2.16326661770284,0,2.16326661770284,3.57808711889013
"sarima","core","sa","principal","2021Q4","m3",-3.51457068173706,-2.12486537603288,0,2.12486537603288,3.51457068173705
"sarima","core","sa","principal","2021Q4","vespera",-3.51457068173706,-2.12486537603288,0,2.12486537603288,3.51457068173705
"sarima","core","sa","principal","2022Q1","m1",-3.51457068173706,-2.12486537603288,0,2.12486537603288,3.51457068173705
"sarima","core","sa","principal","2022Q1","m2",-3.51457068173706,-2.12486537603288,0,2.12486537603288,3.51457068173705
"sarima","core","sa","principal","2022Q1","m3",-3.46855057923466,-2.09704219896123,0,2.09704219896123,3.46855057923466
"sarima","core","sa","principal","2022Q1","vespera",-3.46855057923466,-2.09704219896123,0,2.09704219896123,3.46855057923466
"sarima","core","sa","principal","2022Q2","m1",-3.46855057923466,-2.09704219896123,0,2.09704219896123,3.46855057923466
"sarima","core","sa","principal","2022Q2","m2",-3.46855057923466,-2.09704219896123,0,2.09704219896123,3.46855057923466
"sarima","core","sa","principal","2022Q2","m3",-3.43603876199801,-2.07738596182335,0,2.07738596182335,3.43603876199801
"sarima","core","sa","principal","2022Q2","vespera",-3.43603876199801,-2.07738596182335,0,2.07738596182335,3.43603876199801
"sarima","core","sa","principal","2022Q3","m1",-3.43603876199801,-2.07738596182335,0,2.07738596182335,3.43603876199801
"sarima","core","sa","principal","2022Q3","m2",-3.43603876199801,-2.07738596182335,0,2.07738596182335,3.43603876199801
"sarima","core","sa","principal","2022Q3","m3",-3.5304944496318,-2.13449268648401,0,2.13449268648401,3.5304944496318
"sarima","core","sa","principal","2022Q3","vespera",-3.5304944496318,-2.13449268648401,0,2.13449268648401,3.5304944496318
"sarima","core","sa","principal","2022Q4","m1",-3.5304944496318,-2.13449268648401,0,2.13449268648401,3.5304944496318
"sarima","core","sa","principal","2022Q4","m2",-3.5304944496318,-2.13449268648401,0,2.13449268648401,3.5304944496318
"sarima","core","sa","principal","2022Q4","m3",-3.49786593838219,-2.11476589760875,0,2.11476589760875,3.49786593838218
"sarima","core","sa","principal","2022Q4","vespera",-3.49786593838219,-2.11476589760875,0,2.11476589760875,3.49786593838218
"sarima","core","sa","principal","2023Q1","m1",-3.49786593838219,-2.11476589760875,0,2.11476589760875,3.49786593838218
"sarima","core","sa","principal","2023Q1","m2",-3.49786593838219,-2.11476589760875,0,2.11476589760875,3.49786593838218
"sarima","core","sa","principal","2023Q1","m3",-3.34067663915174,-2.01973121779615,0,2.01973121779615,3.34067663915174
"sarima","core","sa","principal","2023Q1","vespera",-3.34067663915174,-2.01973121779615,0,2.01973121779615,3.34067663915174
"sarima","core","sa","principal","2023Q2","m1",-3.34067663915174,-2.01973121779615,0,2.01973121779615,3.34067663915174
"sarima","core","sa","principal","2023Q2","m2",-3.34067663915174,-2.01973121779615,0,2.01973121779615,3.34067663915174
"sarima","core","sa","principal","2023Q2","m3",-3.35346927362148,-2.02746548422996,0,2.02746548422996,3.35346927362148
"sarima","core","sa","principal","2023Q2","vespera",-3.35346927362148,-2.02746548422996,0,2.02746548422996,3.35346927362148
"sarima","core","sa","principal","2023Q3","m1",-3.35346927362148,-2.02746548422996,0,2.02746548422996,3.35346927362148
"sarima","core","sa","principal","2023Q3","m2",-3.35346927362148,-2.02746548422996,0,2.02746548422996,3.35346927362148
"sarima","core","sa","principal","2023Q3","m3",-3.33917506726613,-2.0188233862576,0,2.0188233862576,3.33917506726613
"sarima","core","sa","principal","2023Q3","vespera",-3.33917506726613,-2.0188233862576,0,2.0188233862576,3.33917506726613
"sarima","core","sa","principal","2023Q4","m1",-3.33917506726613,-2.0188233862576,0,2.0188233862576,3.33917506726613
"sarima","core","sa","principal","2023Q4","m2",-3.33917506726613,-2.0188233862576,0,2.0188233862576,3.33917506726613
"sarima","core","sa","principal","2023Q4","m3",-3.32206566254724,-2.00847925464555,0,2.00847925464555,3.32206566254723
"sarima","core","sa","principal","2023Q4","vespera",-3.32206566254724,-2.00847925464555,0,2.00847925464555,3.32206566254723
"sarima","core","sa","principal","2024Q1","m1",-3.32206566254724,-2.00847925464555,0,2.00847925464555,3.32206566254723
"sarima","core","sa","principal","2024Q1","m2",-3.32206566254724,-2.00847925464555,0,2.00847925464555,3.32206566254723
"sarima","core","sa","principal","2024Q1","m3",-3.31154126742397,-2.00211633728631,0,2.00211633728631,3.31154126742396
"sarima","core","sa","principal","2024Q1","vespera",-3.31154126742397,-2.00211633728631,0,2.00211633728631,3.31154126742396
"sarima","core","sa","principal","2024Q2","m1",-3.31154126742397,-2.00211633728631,0,2.00211633728631,3.31154126742396
"sarima","core","sa","principal","2024Q2","m2",-3.31154126742397,-2.00211633728631,0,2.00211633728631,3.31154126742396
"sarima","core","sa","principal","2024Q2","m3",-3.25750099723673,-1.96944426737205,0,1.96944426737205,3.25750099723673
"sarima","core","sa","principal","2024Q2","vespera",-3.25750099723673,-1.96944426737205,0,1.96944426737205,3.25750099723673
"sarima","core","sa","principal","2024Q3","m1",-3.25750099723673,-1.96944426737205,0,1.96944426737205,3.25750099723673
"sarima","core","sa","principal","2024Q3","m2",-3.25750099723673,-1.96944426737205,0,1.96944426737205,3.25750099723673
"sarima","core","sa","principal","2024Q3","m3",-3.24092314625229,-1.95942150648438,0,1.95942150648438,3.24092314625229
"sarima","core","sa","principal","2024Q3","vespera",-3.24092314625229,-1.95942150648438,0,1.95942150648438,3.24092314625229
"sarima","core","sa","principal","2024Q4","m1",-3.24092314625229,-1.95942150648438,0,1.95942150648438,3.24092314625229
"sarima","core","sa","principal","2024Q4","m2",-3.24092314625229,-1.95942150648438,0,1.95942150648438,3.24092314625229
"sarima","core","sa","principal","2024Q4","m3",-3.22329984082697,-1.94876667694742,0,1.94876667694742,3.22329984082697
"sarima","core","sa","principal","2024Q4","vespera",-3.22329984082697,-1.94876667694742,0,1.94876667694742,3.22329984082697
"sarima","core","sa","principal","2025Q1","m1",-3.22329984082697,-1.94876667694742,0,1.94876667694742,3.22329984082697
"sarima","core","sa","principal","2025Q1","m2",-3.22329984082697,-1.94876667694742,0,1.94876667694742,3.22329984082697
"sarima","core","sa","principal","2025Q1","m3",-3.18639993374171,-1.92645745569552,0,1.92645745569552,3.18639993374171
"sarima","core","sa","principal","2025Q1","vespera",-3.18639993374171,-1.92645745569552,0,1.92645745569552,3.18639993374171
"sarima","core","sa","principal","2025Q2","m1",-3.18639993374171,-1.92645745569552,0,1.92645745569552,3.18639993374171
"sarima","core","sa","principal","2025Q2","m2",-3.17563551073615,-1.91994942048759,0,1.91994942048759,3.17563551073615
"sarima","core","sa","principal","2025Q2","m3",-3.17563551073615,-1.91994942048759,0,1.91994942048759,3.17563551073615
"sarima","core","sa","principal","2025Q2","vespera",-3.17563551073615,-1.91994942048759,0,1.91994942048759,3.17563551073615
"sarima","core","sa","principal","2025Q3","m1",-3.17563551073615,-1.91994942048759,0,1.91994942048759,3.17563551073615
"sarima","core","sa","principal","2025Q3","m2",-3.17563551073615,-1.91994942048759,0,1.91994942048759,3.17563551073615
"sarima","core","sa","principal","2025Q3","m3",-3.26067531143421,-1.97136341794311,0,1.97136341794311,3.26067531143421
"sarima","core","sa","principal","2025Q3","vespera",-3.26067531143421,-1.97136341794311,0,1.97136341794311,3.26067531143421
"sarima","core","sa","principal","2025Q4","m1",-3.26067531143421,-1.97136341794311,0,1.97136341794311,3.26067531143421
"sarima","core","sa","principal","2025Q4","m2",-3.26067531143421,-1.97136341794311,0,1.97136341794311,3.26067531143421
"sarima","core","sa","principal","2025Q4","m3",-3.1187622920579,-1.8855645854291,0,1.8855645854291,3.1187622920579
"sarima","core","sa","principal","2025Q4","vespera",-3.1187622920579,-1.8855645854291,0,1.8855645854291,3.1187622920579
"sarima","core","sa","principal","2026Q1","m1",-3.1187622920579,-1.8855645854291,0,1.8855645854291,3.1187622920579
"sarima","core","sa","principal","2026Q1","m2",-3.1187622920579,-1.8855645854291,0,1.8855645854291,3.1187622920579
"sarima","core","sa","principal","2026Q1","m3",-3.2059983322943,-1.93830640177775,0,1.93830640177775,3.2059983322943
"sarima","core","sa","principal","2026Q1","vespera",-3.2059983322943,-1.93830640177775,0,1.93830640177775,3.2059983322943
"sarima","core","sa","principal","2026Q2","m1",-3.2059983322943,-1.93830640177775,0,1.93830640177775,3.2059983322943
"sarima","core","sa","principal","2026Q2","m2",-3.18642779466727,-1.92647430006185,0,1.92647430006185,3.18642779466727
"sarima","core","sa","principal","2026Q2","m3",-3.18642779466727,-1.92647430006185,0,1.92647430006185,3.18642779466727
"sarima","core","sa","principal","2026Q2","vespera",-3.18642779466727,-1.92647430006185,0,1.92647430006185,3.18642779466727
