"corte","amostra","modelo","painel","trilha","variante","timing","n","rmse","rmse_rel_sarima","dm_sarima","p_sarima","dm_focus","p_focus"
"cheia","cheia","combo_igual","core","sa","principal","m1",46,1.76746594784585,0.832646287452645,-1.44744866807218,0.154702518090424,1.24809881288251,0.21845015414006
"cheia","cheia","combo_igual","core","sa","principal","m2",46,1.27388868325344,0.617219622042327,-1.80616811503704,0.0775828421253866,0.179901643493781,0.858037464717409
"cheia","cheia","combo_igual","core","sa","principal","m3",46,1.06918414914721,0.372873769658919,-1.63725965192993,0.108551476499442,-0.254610141996904,0.800184191745455
"cheia","cheia","combo_igual","core","sa","principal","vespera",46,1.07136307108665,0.37363366012119,-1.60931433867659,0.11454155173584,1.09371137173913,0.279901795590861
"cheia","cheia","combo_igual","estendido","sa","principal","m1",40,1.75130178824094,0.80706247135713,-1.56161339769688,0.126458130748099,1.4504680735932,0.154923782854226
"cheia","cheia","combo_igual","estendido","sa","principal","m2",40,1.12352268825376,0.527745300592953,-1.65059265973413,0.106853471441902,-0.244206397075835,0.808351179152304
"cheia","cheia","combo_igual","estendido","sa","principal","m3",42,0.983886493494865,0.332130792340048,-1.63490997676618,0.109723761102247,-0.711393338392721,0.480868611423138
"cheia","cheia","combo_igual","estendido","sa","principal","vespera",42,1.37326923369881,0.463574814473227,-1.65525886548061,0.105507953078119,1.38026361310589,0.174985316001799
"cheia","cheia","combo_rmse","core","sa","qoq_sa","m1",37,1.86169278364146,0.831850979862423,-1.2739238256558,0.210853711289371,1.40452650459875,0.168731820531195
"cheia","cheia","combo_rmse","core","sa","qoq_sa","m2",37,1.26487353100707,0.576059939149948,-1.66617786157929,0.104357263167511,0.198593021412941,0.843698418582164
"cheia","cheia","combo_rmse","core","sa","qoq_sa","m3",38,1.03104981276567,0.331264635405306,-1.61334784033555,0.115166789137916,-0.760058353869519,0.452035842351195
"cheia","cheia","combo_rmse","core","sa","qoq_sa","vespera",38,0.968105202687172,0.311041244595069,-1.61688374871355,0.114398826728695,0.828487449268451,0.412707054394223
"cheia","cheia","combo_rmse","estendido","sa","qoq_sa","m1",31,2.12455803574543,0.880721921195668,-1.35289217212958,0.186198797860893,1.63013218408567,0.113529961288622
"cheia","cheia","combo_rmse","estendido","sa","qoq_sa","m2",32,1.27294859067052,0.545360273657672,-1.65789198117701,0.107426234706055,-0.0265443044153018,0.97899334032121
"cheia","cheia","combo_rmse","estendido","sa","qoq_sa","m3",34,1.04145832949274,0.318695123917793,-1.63286208338013,0.112004927208128,-0.633733408401674,0.530623172933331
"cheia","cheia","combo_rmse","estendido","sa","qoq_sa","vespera",34,1.31163288084488,0.401370839003333,-1.58738901271249,0.121961374701648,1.37738377642832,0.17766474428474
"cheia","cheia","dfm_4a","core","sa","principal","m1",46,1.40903864934189,0.663792590562618,-1.71423920290809,0.0933657123594572,1.16403727597806,0.250543544157249
"cheia","cheia","dfm_4a","core","sa","principal","m2",46,0.942136554964461,0.456480362854228,-1.76941717571304,0.0836006707576058,-1.14396453595823,0.258687237627837
"cheia","cheia","dfm_4a","core","sa","principal","m3",46,0.826080274063412,0.288092248726825,-1.63718983196134,0.108566116986982,-1.88004431719825,0.066584944615223
"cheia","cheia","dfm_4a","core","sa","principal","vespera",46,0.679507939706834,0.236975723212641,-1.68935608411297,0.0980693509566494,-0.670353869442194,0.50605812802717
"cheia","cheia","dfm_4a","core","sa","trimestre","m1",46,1.40903864934189,0.663792590562618,-1.71423920290809,0.0933657123594572,1.16403727597806,0.250543544157249
"cheia","cheia","dfm_4a","core","sa","trimestre","m2",46,0.94213655496446,0.456480362854228,-1.76941717571304,0.0836006707576057,-1.14396453595823,0.258687237627836
"cheia","cheia","dfm_4a","core","sa","trimestre","m3",46,0.826080274063412,0.288092248726825,-1.63718983196134,0.108566116986982,-1.88004431719825,0.066584944615223
"cheia","cheia","dfm_4a","core","sa","trimestre","vespera",46,0.679391222482091,0.236935018539261,-1.68987033030569,0.0979701989971782,-0.655611442616508,0.515412196730204
"cheia","cheia","dfm_4a","estendido","sa","principal","m1",46,1.72889826966078,0.814477205272813,-1.05553951398918,0.296812882599084,0.827045350787258,0.412575547526699
"cheia","cheia","dfm_4a","estendido","sa","principal","m2",46,0.819634603476627,0.397126190711288,-1.76481202355596,0.0843815999401587,-1.61084956599908,0.114205635707991
"cheia","cheia","dfm_4a","estendido","sa","principal","m3",46,0.796667825471841,0.277834772884159,-1.64015419650064,0.107945941529399,-1.61940948097726,0.112347346417275
"cheia","cheia","dfm_4a","estendido","sa","principal","vespera",46,0.598922299339979,0.208871797871123,-1.70113722701519,0.0958185204442079,-1.6748423131985,0.10090209169532
"cheia","cheia","dfm_4a","estendido","sa","trimestre","m1",46,1.72889826966078,0.814477205272813,-1.05553951398918,0.296812882599084,0.827045350787258,0.412575547526699
"cheia","cheia","dfm_4a","estendido","sa","trimestre","m2",46,0.819634603476627,0.397126190711288,-1.76481202355596,0.0843815999401587,-1.61084956599908,0.114205635707991
"cheia","cheia","dfm_4a","estendido","sa","trimestre","m3",46,0.796667825471841,0.277834772884159,-1.64015419650064,0.107945941529399,-1.61940948097726,0.112347346417275
"cheia","cheia","dfm_4a","estendido","sa","trimestre","vespera",46,0.599797575102234,0.209177046852997,-1.70139964661791,0.095768874870959,-1.66959681673183,0.101942324566941
"cheia","cheia","dfm_4b","core","nsa","1","m1",46,2.17955229601343,1.02677855253523,0.275937132833001,0.783859639399676,2.28455655601074,0.0271065278609693
"cheia","cheia","dfm_4b","core","nsa","1","m2",46,1.75101311995516,0.848394110331275,-0.80205020924756,0.426739308220284,1.48531139673868,0.144433686980506
"cheia","cheia","dfm_4b","core","nsa","1","m3",46,1.75473468256837,0.611956823679423,-1.38365582523604,0.173289414337136,2.05160120757972,0.0460553163572983
"cheia","cheia","dfm_4b","core","nsa","1","vespera",46,1.81072006322459,0.631481505136516,-1.32883994998802,0.190599798889103,2.33527961458036,0.0240471029578672
"cheia","cheia","dfm_4b","core","sa","principal","m1",46,1.55458817902617,0.732360404092377,-1.53654612381728,0.131406669348705,1.45809874446947,0.151757743623324
"cheia","cheia","dfm_4b","core","sa","principal","m2",46,0.931656849547656,0.451402776483058,-1.65901929996816,0.104066783951186,-1.21724792083933,0.229855024733523
"cheia","cheia","dfm_4b","core","sa","principal","m3",46,0.99282271156541,0.346243018435744,-1.59295874107013,0.118170348400112,-1.00735620466081,0.319149819605793
"cheia","cheia","dfm_4b","core","sa","principal","vespera",46,0.626369834111778,0.218444017742104,-1.71200881090766,0.0937795469817803,-1.14365037613227,0.258816185349298
"cheia","cheia","dfm_4b","core","sa","trimestre","m1",46,1.55458817902617,0.732360404092377,-1.53654612381728,0.131406669348705,1.45809874446947,0.151757743623324
"cheia","cheia","dfm_4b","core","sa","trimestre","m2",46,0.931656849547655,0.451402776483058,-1.65901929996816,0.104066783951185,-1.21724792083933,0.229855024733522
"cheia","cheia","dfm_4b","core","sa","trimestre","m3",46,0.99282271156541,0.346243018435744,-1.59295874107013,0.118170348400112,-1.00735620466081,0.319149819605793
"cheia","cheia","dfm_4b","core","sa","trimestre","vespera",46,0.625285316276973,0.21806579640984,-1.71034492215096,0.0940892599158058,-1.15996518848538,0.252180493964185
"cheia","cheia","dfm_4b","estendido","nsa","1","m1",46,1.69344669571153,0.797776107597253,-1.20583130090025,0.234184641401201,1.7567600968273,0.0857616804066821
"cheia","cheia","dfm_4b","estendido","nsa","1","m2",46,1.39452316475776,0.675668974845439,-1.32608319872855,0.191503946401347,0.758886367524646,0.451877377862047
"cheia","cheia","dfm_4b","estendido","nsa","1","m3",46,1.4768267907329,0.515037538700024,-1.55616960723846,0.126673532672849,1.36833526484978,0.178000619298411
"cheia","cheia","dfm_4b","estendido","nsa","1","vespera",46,1.60831675873601,0.56089414822866,-1.52255695897148,0.134866553972352,1.87624585500762,0.0671162157927493
"cheia","cheia","dfm_4b","estendido","sa","principal","m1",44,1.66014934493688,0.768647141333698,-1.42830152294616,0.160428718715902,1.14376576049766,0.259048357418545
"cheia","cheia","dfm_4b","estendido","sa","principal","m2",44,1.02640826416654,0.488902276517176,-1.71546130698846,0.0934592187439386,-0.791090721461463,0.433233011165088
"cheia","cheia","dfm_4b","estendido","sa","principal","m3",44,1.22406864027129,0.417838761557412,-1.65521185385499,0.105163231179824,0.494798347063705,0.623261294026453
"cheia","cheia","dfm_4b","estendido","sa","principal","vespera",44,1.12870203438809,0.385285142270723,-1.74072089639049,0.0888847199252134,1.14333495040217,0.259225149608069
"cheia","cheia","dfm_4b","estendido","sa","trimestre","m1",44,1.66014934493688,0.768647141333698,-1.42830152294616,0.160428718715902,1.14376576049766,0.259048357418545
"cheia","cheia","dfm_4b","estendido","sa","trimestre","m2",44,1.02640826416654,0.488902276517176,-1.71546130698846,0.0934592187439386,-0.791090721461463,0.433233011165088
"cheia","cheia","dfm_4b","estendido","sa","trimestre","m3",44,1.22406864027129,0.417838761557412,-1.65521185385499,0.105163231179824,0.494798347063705,0.623261294026453
"cheia","cheia","dfm_4b","estendido","sa","trimestre","vespera",44,1.12925613105553,0.385474284495013,-1.74062025472352,0.0889025688231755,1.14564805514645,0.25827693161406
"cheia","cheia","famidas","core","nsa","1","m1",46,1.94454625196906,0.916068125360685,-0.469236340670949,0.641166342291079,1.74401572113893,0.0879845361641435
"cheia","cheia","famidas","core","nsa","1","m2",46,1.4219168877967,0.688941675672988,-1.13758579234662,0.261314435689861,0.687066691218558,0.495566490955043
"cheia","cheia","famidas","core","nsa","1","m3",46,1.5339560280052,0.534961135656126,-1.27506295178708,0.208830980680298,2.29646582951449,0.0263585514711347
"cheia","cheia","famidas","core","nsa","1","vespera",46,1.69163775754847,0.58995201907694,-1.31913181492935,0.193798307141596,1.54418631575144,0.12954729026169
"cheia","cheia","famidas","core","sa","principal","m1",46,2.75471598123748,1.29773591256984,0.911677864727821,0.366796546262323,1.55639071464964,0.126620993886544
"cheia","cheia","famidas","core","sa","principal","m2",46,1.43340668053615,0.694508665650382,-1.24934029644461,0.218000158780396,0.694238441098895,0.491101421610866
"cheia","cheia","famidas","core","sa","principal","m3",46,1.1915141532095,0.415535877765812,-1.53588477694158,0.131568620697153,0.840285206271454,0.405191091379226
"cheia","cheia","famidas","core","sa","principal","vespera",46,1.00964917075761,0.352111179943761,-1.62715462706792,0.11068724193964,1.64854638314376,0.106205915518793
"cheia","cheia","famidas","core","sa","trimestre","m1",46,2.75471598123748,1.29773591256984,0.911677864727821,0.366796546262323,1.55639071464964,0.126620993886544
"cheia","cheia","famidas","core","sa","trimestre","m2",46,1.43340668053615,0.694508665650382,-1.24934029644461,0.218000158780395,0.694238441098895,0.491101421610866
"cheia","cheia","famidas","core","sa","trimestre","m3",46,1.1915141532095,0.415535877765812,-1.53588477694158,0.131568620697153,0.840285206271454,0.405191091379226
"cheia","cheia","famidas","core","sa","trimestre","vespera",46,1.16677059408345,0.406906658773492,-1.63264013408998,0.109523625201745,1.17260640045881,0.247123895881249
"cheia","cheia","famidas","estendido","nsa","1","m1",38,6.35858785095788,2.85981634945396,1.42730754551397,0.161876919994769,1.50844185997996,0.139933857379378
"cheia","cheia","famidas","estendido","nsa","1","m2",39,3.95645563666552,1.8358827857562,1.30085205887512,0.201142481928797,1.59112235727211,0.119868052080465
"cheia","cheia","famidas","estendido","nsa","1","m3",40,2.51483411903129,0.828562929998689,-0.523670691290628,0.603470891679311,1.47750567982545,0.147570884012864
"cheia","cheia","famidas","estendido","nsa","1","vespera",40,3.41946682243618,1.12661245844811,0.234469467837332,0.81584715953131,1.16401473358149,0.251489800236712
"cheia","cheia","famidas","estendido","sa","principal","m1",40,3.79233331232095,1.74764276254518,1.18192930233384,0.24439041132246,1.63946097549797,0.109160318471098
"cheia","cheia","famidas","estendido","sa","principal","m2",40,3.5953775430269,1.68883425499755,1.3622050040844,0.180949325330747,1.64837021658452,0.107310800835075
"cheia","cheia","famidas","estendido","sa","principal","m3",42,4.13331133737403,1.3952828690572,0.608208153267699,0.546404187557973,1.12362513553786,0.267708289895108
"cheia","cheia","famidas","estendido","sa","principal","vespera",42,3.61053198370607,1.21880812110532,0.370032421621724,0.713262995326534,1.13736558068734,0.261988926168493
"cheia","cheia","famidas","estendido","sa","trimestre","m1",40,3.79233331232095,1.74764276254518,1.18192930233384,0.24439041132246,1.63946097549797,0.109160318471098
"cheia","cheia","famidas","estendido","sa","trimestre","m2",40,3.5953775430269,1.68883425499755,1.3622050040844,0.180949325330747,1.64837021658452,0.107310800835075
"cheia","cheia","famidas","estendido","sa","trimestre","m3",42,4.13331133737403,1.3952828690572,0.608208153267699,0.546404187557973,1.12362513553786,0.267708289895108
"cheia","cheia","famidas","estendido","sa","trimestre","vespera",42,1.46585657200657,0.494829543790206,-1.3206805924682,0.193932594460283,1.44946156606636,0.154815213447536
"cheia","cheia","focus","nenhum","nsa","principal","m1",46,1.10835633944475,0.522142331702654,-1.57822338745818,0.121518956201673,NA,NA
"cheia","cheia","focus","nenhum","nsa","principal","m2",46,1.23046421905356,0.596179768456072,-1.70478380853531,0.0951305506869086,NA,NA
"cheia","cheia","focus","nenhum","nsa","principal","m3",46,1.10380378103024,0.384947230207998,-1.56721849962721,0.124069516702151,NA,NA
"cheia","cheia","focus","nenhum","nsa","principal","vespera",46,0.755663830813672,0.263534790910558,-1.65678215660789,0.104520733131635,NA,NA
"cheia","cheia","lasso","core","nsa","1","m1",46,2.3557434186107,1.10978150050802,1.36619585415837,0.178666275964179,1.63039658074193,0.109998326949172
"cheia","cheia","lasso","core","nsa","1","m2",46,1.96791722788927,0.953487650511413,-0.500366208407064,0.619255634041477,1.87529862896634,0.0672492597512337
"cheia","cheia","lasso","core","nsa","1","m3",46,1.83905951126346,0.641364776253786,-1.12860340450673,0.26504623358255,1.54222801328064,0.130021854629361
"cheia","cheia","lasso","core","nsa","1","vespera",46,2.066258781633,0.720599628803756,-1.18003291967086,0.244187658932382,1.58422853212993,0.120145139457394
"cheia","cheia","lasso","core","sa","esperar","m1",46,2.3135176372865,1.08988910026278,0.709992220373421,0.481372154759434,1.97080230817885,0.0549163258568465
"cheia","cheia","lasso","core","sa","esperar","m2",46,1.38283176687931,0.670004303925168,-1.33268977466382,0.189342590484089,0.52744343682901,0.600476706956735
"cheia","cheia","lasso","core","sa","esperar","m3",46,1.43328136374468,0.499851242190245,-1.45272790397486,0.153237234703957,1.53829897681131,0.130978201410321
"cheia","cheia","lasso","core","sa","esperar","vespera",46,1.81816741394541,0.634078739429094,-1.21760001416174,0.229722439076232,1.58294137783179,0.120438542880907
"cheia","cheia","lasso","core","sa","principal","m1",46,2.14922409909467,1.01249105771796,0.0607333901361784,0.951840475150008,1.20477374534571,0.234588709681497
"cheia","cheia","lasso","core","sa","principal","m2",46,1.81543838188543,0.879609189279164,-2.01050422001578,0.0503935953182134,1.34475322078333,0.185444028116452
"cheia","cheia","lasso","core","sa","principal","m3",46,1.78387830439878,0.622120547245739,-1.36993448932011,0.177504283695241,1.4202824844034,0.162417224171923
"cheia","cheia","lasso","core","sa","principal","vespera",46,1.62370201893509,0.56625969725236,-1.27806762418672,0.207779043898698,1.24409976606183,0.219904361246096
"cheia","cheia","lasso","core","sa","trimestre","m1",46,2.14922409909467,1.01249105771796,0.0607333901361784,0.951840475150008,1.20477374534571,0.234588709681497
"cheia","cheia","lasso","core","sa","trimestre","m2",46,1.81543838188543,0.879609189279165,-2.01050422001578,0.0503935953182136,1.34475322078333,0.185444028116452
"cheia","cheia","lasso","core","sa","trimestre","m3",46,1.78387830439878,0.622120547245739,-1.36993448932011,0.177504283695241,1.4202824844034,0.162417224171923
"cheia","cheia","lasso","core","sa","trimestre","vespera",46,1.41877927708754,0.494793696468043,-1.51005897793233,0.138018826130784,1.76072971284466,0.085078959387976
"cheia","cheia","lasso","estendido","nsa","1","m1",40,2.32456348024208,1.07124195257922,1.1237653474641,0.267982395945767,1.85610053684325,0.0710064468556074
"cheia","cheia","lasso","estendido","nsa","1","m2",40,2.32544715238967,1.09231777807563,1.53034687319209,0.134002667177762,1.97778915734488,0.0550494904885505
"cheia","cheia","lasso","estendido","nsa","1","m3",42,2.3160496513898,0.781829419247945,-1.1165216961894,0.270699699697605,1.70736583544965,0.0953173899410823
"cheia","cheia","lasso","estendido","nsa","1","vespera",42,1.80689345900193,0.609953445016465,-1.45030145476153,0.154582138303288,1.82404910272637,0.07543900223834
"cheia","cheia","lasso","estendido","sa","esperar","m1",40,2.10337774277756,0.969311657580571,-0.70100034072117,0.487464553071708,1.49435004283334,0.143131910733579
"cheia","cheia","lasso","estendido","sa","esperar","m2",40,2.14541918689862,1.00775436537689,0.19496562656884,0.846432009271675,1.58011379171891,0.122158235399303
"cheia","cheia","lasso","estendido","sa","esperar","m3",42,2.23312196854757,0.753835502072112,-1.28732151850139,0.205202161865218,1.59528238861697,0.118329613559092
"cheia","cheia","lasso","estendido","sa","esperar","vespera",42,2.08346942377602,0.703317257742804,-1.28595099290023,0.205675508106198,1.67371103569489,0.10180116799587
"cheia","cheia","lasso","estendido","sa","principal","m1",40,2.16070993175819,0.99573237983284,-0.130005502039903,0.897230312216064,1.60559027893052,0.116432040199956
"cheia","cheia","lasso","estendido","sa","principal","m2",40,2.05387910799913,0.96475581540528,-0.803256660935353,0.426695031959249,1.4590209110261,0.152567194875887
"cheia","cheia","lasso","estendido","sa","principal","m3",42,1.72348999365296,0.581798917829222,-1.35353057857591,0.183301587702838,1.08467099491351,0.284404447072293
"cheia","cheia","lasso","estendido","sa","principal","vespera",42,2.15342422938449,0.726931917734942,-1.0904545066097,0.281880367591525,1.75453084984162,0.086811200848417
"cheia","cheia","lasso","estendido","sa","trimestre","m1",40,2.16070993175819,0.99573237983284,-0.130005502039903,0.897230312216064,1.60559027893052,0.116432040199956
"cheia","cheia","lasso","estendido","sa","trimestre","m2",40,2.05387910799914,0.964755815405281,-0.803256660935342,0.426695031959255,1.4590209110261,0.152567194875887
"cheia","cheia","lasso","estendido","sa","trimestre","m3",42,1.72348999365296,0.581798917829222,-1.35353057857591,0.183301587702838,1.08467099491351,0.284404447072293
"cheia","cheia","lasso","estendido","sa","trimestre","vespera",42,1.74960292691489,0.590613866781109,-1.35135736707464,0.183990773518482,1.34450742501206,0.186176101033972
"cheia","cheia","mfbvar","core","sa","principal","m1",35,1.72212024776106,0.754487945716686,-1.20523588302138,0.236433943111486,2.09801910013678,0.0434093879300482
"cheia","cheia","mfbvar","core","sa","principal","m2",35,1.27260469117578,0.56846450800181,-1.51784073238591,0.138298976061013,0.142185847114476,0.887772439106537
"cheia","cheia","mfbvar","core","sa","principal","m3",36,1.12051418998259,0.352464793327445,-1.522165166496,0.136952308837172,-0.204966715226119,0.838785511482839
"cheia","cheia","mfbvar","core","sa","principal","vespera",36,1.13993979750851,0.358575240480274,-1.53717707247194,0.13324217952701,1.00284893570481,0.322817023892978
"cheia","cheia","mfbvar","core","sa","trimestre","m1",35,1.72212024776106,0.754487945716686,-1.20523588302138,0.236433943111486,2.09801910013678,0.0434093879300482
"cheia","cheia","mfbvar","core","sa","trimestre","m2",35,1.27260469117578,0.568464508001811,-1.51784073238591,0.138298976061014,0.142185847114478,0.887772439106536
"cheia","cheia","mfbvar","core","sa","trimestre","m3",36,1.12051418998259,0.352464793327445,-1.522165166496,0.136952308837172,-0.204966715226119,0.838785511482839
"cheia","cheia","mfbvar","core","sa","trimestre","vespera",36,0.989506857449228,0.311255612043923,-1.5719636716381,0.124956475696754,0.916497097241922,0.365678365135636
"cheia","cheia","rf","core","nsa","2","m1",46,2.56595153336586,1.20880972029162,1.85777346290112,0.069751535142959,2.29302589736453,0.0265726849536246
"cheia","cheia","rf","core","nsa","2","m2",46,2.55766526423581,1.23923009008186,2.41771749123194,0.0197304680438715,2.57407939730499,0.0134136319575139
"cheia","cheia","rf","core","nsa","2","m3",46,2.45583991963245,0.856464519458683,-0.792861219198499,0.432019169954471,2.4018399094914,0.0205030951824288
"cheia","cheia","rf","core","nsa","2","vespera",46,2.45910567379702,0.857603438387749,-0.728787657003925,0.469907610600935,2.58359210450477,0.0130966508669052
"cheia","cheia","rf","core","nsa","3","m1",46,2.37350894462076,1.11815077024979,1.5383841768313,0.13095740366121,1.74736212863243,0.0873962605519039
"cheia","cheia","rf","core","nsa","3","m2",46,2.30946782943106,1.11897442809511,1.48209194885822,0.145285297316135,1.74069541587596,0.0885714812630554
"cheia","cheia","rf","core","nsa","3","m3",46,2.22047643882513,0.774382430607412,-1.25292190756369,0.216705806925049,1.6474479710572,0.106432343464007
"cheia","cheia","rf","core","nsa","3","vespera",46,2.06632545706191,0.720622881597524,-1.3373807983159,0.187819228642226,1.82923286037323,0.073995552242896
"cheia","cheia","rf","core","sa","esperar","m1",46,2.00558701529167,0.944824189954623,-2.70951752409427,0.00949898897185467,1.43657206911789,0.157756039263685
"cheia","cheia","rf","core","sa","esperar","m2",46,1.91788241257293,0.929244975147001,-2.8284593489172,0.00696010097065671,1.48082603396157,0.145621244650715
"cheia","cheia","rf","core","sa","esperar","m3",46,1.83965936248571,0.641573972009869,-1.49218208815347,0.142629474075013,1.44987301037688,0.154028267137467
"cheia","cheia","rf","core","sa","esperar","vespera",46,1.85602835689568,0.647282594473118,-1.49331486007712,0.142333737491859,1.57345110698446,0.122619757943652
"cheia","cheia","rf","core","sa","principal","m1",46,2.090647363247,0.984895786819476,-0.499728824542781,0.619700857950116,1.50251843406415,0.139948934541003
"cheia","cheia","rf","core","sa","principal","m2",46,1.991130735769,0.964734969643891,-1.94938929095122,0.057497817860202,1.50168132483805,0.140164521841958
"cheia","cheia","rf","core","sa","principal","m3",46,1.9305808058716,0.673282468030099,-1.48269691706751,0.145124968188223,1.46799921385343,0.149059977473795
"cheia","cheia","rf","core","sa","principal","vespera",46,1.90623455807145,0.664791809801083,-1.43391741126278,0.158508433037186,1.57290662443684,0.122745861603225
"cheia","cheia","rf","core","sa","trimestre","m1",46,2.090647363247,0.984895786819476,-0.499728824542781,0.619700857950116,1.50251843406415,0.139948934541003
"cheia","cheia","rf","core","sa","trimestre","m2",46,1.991130735769,0.964734969643891,-1.94938929095122,0.0574978178602017,1.50168132483805,0.140164521841958
"cheia","cheia","rf","core","sa","trimestre","m3",46,1.9305808058716,0.673282468030099,-1.48269691706751,0.145124968188223,1.46799921385343,0.149059977473795
"cheia","cheia","rf","core","sa","trimestre","vespera",46,1.92265373612231,0.670517933611848,-1.45779860386411,0.151840124899572,1.61939221225471,0.112351070366396
"cheia","cheia","rf","estendido","nsa","2","m1",40,2.80907651897335,1.29452288169651,2.7373716496976,0.00928057756901876,2.58130637964097,0.0137174619107356
"cheia","cheia","rf","estendido","nsa","2","m2",40,2.71520589693961,1.27539672071892,2.60910091459848,0.0128065379304154,2.52212935683243,0.0158578997229277
"cheia","cheia","rf","estendido","nsa","2","m3",42,2.74467294922551,0.926519885543408,-0.506634038655476,0.615125519212096,2.23059102978524,0.0312411334086445
"cheia","cheia","rf","estendido","nsa","2","vespera",42,2.69388553539675,0.909375566450324,-0.570653521869718,0.571349083305124,2.3697674466689,0.0225873697170115
"cheia","cheia","rf","estendido","nsa","3","m1",40,2.42795922869674,1.11889040976458,1.65565420798903,0.105817903279128,1.76593239614951,0.0852350178976879
"cheia","cheia","rf","estendido","nsa","3","m2",40,2.39444775700832,1.12472900145926,1.58384143904674,0.121306378717897,1.7330685237618,0.0909849787309522
"cheia","cheia","rf","estendido","nsa","3","m3",42,2.37279307733905,0.800984310737174,-1.23115320490459,0.225281317705594,1.56600625702268,0.12503375480271
"cheia","cheia","rf","estendido","nsa","3","vespera",42,2.29179788065047,0.773642743361489,-1.2652832892428,0.212913662369517,1.75767977697384,0.0862666546262392
"cheia","cheia","rf","estendido","sa","esperar","m1",40,2.10595455309643,0.970499143893968,-1.0708878454341,0.290802627205048,1.5729704234846,0.123804234213518
"cheia","cheia","rf","estendido","sa","esperar","m2",40,2.07094662370408,0.972772833041193,-1.51904601035983,0.136816959398666,1.62721183024546,0.111745850238679
"cheia","cheia","rf","estendido","sa","esperar","m3",42,2.0348524713353,0.68690562180507,-1.46184364963936,0.151407023985165,1.3958868374883,0.170262084113171
"cheia","cheia","rf","estendido","sa","esperar","vespera",42,2.07209531871936,0.69947769845461,-1.44076121122037,0.157245934749206,1.55873674837096,0.126745198091981
"cheia","cheia","rf","estendido","sa","principal","m1",40,2.28097338433831,1.05115407808323,1.00628966499923,0.320479175132396,1.74076065320271,0.0896108646389265
"cheia","cheia","rf","estendido","sa","principal","m2",40,2.15426470334342,1.01190931461277,0.443399148969988,0.659927170434806,1.72142055033045,0.0930992314097302
"cheia","cheia","rf","estendido","sa","principal","m3",42,2.12341617100315,0.716802090490969,-1.46409214891663,0.150794525630428,1.42019382466088,0.163111302814414
"cheia","cheia","rf","estendido","sa","principal","vespera",42,2.08197782703509,0.702813739084206,-1.45315913613276,0.153791180779192,1.51785304118964,0.136725276390892
"cheia","cheia","rf","estendido","sa","trimestre","m1",40,2.28097338433831,1.05115407808323,1.00628966499923,0.320479175132396,1.74076065320271,0.0896108646389265
"cheia","cheia","rf","estendido","sa","trimestre","m2",40,2.15426470334342,1.01190931461277,0.443399148969943,0.659927170434838,1.72142055033045,0.0930992314097302
"cheia","cheia","rf","estendido","sa","trimestre","m3",42,2.12341617100315,0.716802090490969,-1.46409214891663,0.150794525630428,1.42019382466088,0.163111302814414
"cheia","cheia","rf","estendido","sa","trimestre","vespera",42,2.09893276515114,0.708537221485677,-1.44603492928041,0.15576899861979,1.5566018948485,0.127251377999864
"cheia","cheia","ridge","core","nsa","1","m1",46,2.29253049788128,1.08000214106489,1.30282042912796,0.199263826994454,1.6449138249194,0.106956244330442
"cheia","cheia","ridge","core","nsa","1","m2",46,2.15672550124102,1.0449683054922,0.946310394078715,0.349044259217264,1.7362171014877,0.0893682955964017
"cheia","cheia","ridge","core","nsa","1","m3",46,1.93949623306938,0.676391688223839,-1.24817937901548,0.218420930756069,1.70399320736601,0.0952793585400496
"cheia","cheia","ridge","core","nsa","1","vespera",46,1.96329017542336,0.684689732099306,-1.26970561890427,0.210716472123356,1.7741305500035,0.0828076625125664
"cheia","cheia","ridge","core","sa","esperar","m1",46,2.00866030055924,0.946272002610616,-2.66220543093636,0.0107278890423625,1.43113696547296,0.159299485708238
"cheia","cheia","ridge","core","sa","esperar","m2",46,1.85946583095702,0.90094119876531,-2.21948658249596,0.0315371394171032,1.44786585296081,0.154586327072217
"cheia","cheia","ridge","core","sa","esperar","m3",46,1.72636875326046,0.602064317323661,-1.60681002979151,0.115091232253689,1.36786156868149,0.178147840519328
"cheia","cheia","ridge","core","sa","esperar","vespera",46,1.84035836192067,0.64181774531544,-1.58732232150343,0.119442284112838,1.61362791215271,0.113599756570707
"cheia","cheia","ridge","core","sa","principal","m1",46,2.15897293140314,1.01708369444658,0.196896242104315,0.844795340495786,1.38113400005456,0.174058206915752
"cheia","cheia","ridge","core","sa","principal","m2",46,1.99066586314213,0.964509731355158,-0.582448464060632,0.563171842469867,1.32521746226034,0.191788558826118
"cheia","cheia","ridge","core","sa","principal","m3",46,1.79735622715602,0.626820919833261,-1.63034342271735,0.11000959472446,1.36913228464537,0.17775312277842
"cheia","cheia","ridge","core","sa","principal","vespera",46,1.78939675088869,0.624045083769212,-1.58955110445616,0.118938009450714,1.56395177213024,0.124834889564217
"cheia","cheia","ridge","core","sa","trimestre","m1",46,2.15897293140314,1.01708369444658,0.196896242104315,0.844795340495786,1.38113400005456,0.174058206915752
"cheia","cheia","ridge","core","sa","trimestre","m2",46,1.99066586314213,0.964509731355158,-0.582448464060633,0.563171842469866,1.32521746226034,0.191788558826119
"cheia","cheia","ridge","core","sa","trimestre","m3",46,1.79735622715602,0.626820919833261,-1.63034342271735,0.11000959472446,1.36913228464537,0.17775312277842
"cheia","cheia","ridge","core","sa","trimestre","vespera",46,1.85162906166265,0.645748357551734,-1.59856584375641,0.116915945774216,1.59019949798117,0.118791631074605
"cheia","cheia","ridge","estendido","nsa","1","m1",40,2.34262700413804,1.07956627014389,1.11502156588521,0.271665162792764,1.86427632614733,0.0698225342398644
"cheia","cheia","ridge","estendido","nsa","1","m2",40,2.31930459691858,1.0894324738291,1.31838581494702,0.195065166382456,1.94317175244965,0.0592384251263692
"cheia","cheia","ridge","estendido","nsa","1","m3",42,2.12123870515896,0.716067042839733,-1.11038783209821,0.27330185132221,1.6981527533995,0.0970573243772806
"cheia","cheia","ridge","estendido","nsa","1","vespera",42,2.1280882621691,0.71837924939201,-1.13211610646086,0.264163566445164,1.6403657578918,0.10858012492348
"cheia","cheia","ridge","estendido","sa","esperar","m1",40,2.03500000588563,0.937800751983174,-1.71642696248686,0.0940180926583786,1.50244301150961,0.141037358085443
"cheia","cheia","ridge","estendido","sa","esperar","m2",40,2.08749238820061,0.980544771738166,-1.72167344878378,0.0930528958632763,1.5967170522292,0.11840105847254
"cheia","cheia","ridge","estendido","sa","esperar","m3",42,1.9935557061799,0.672965063191011,-1.38143909255706,0.174626451807856,1.41581053788877,0.164383165701397
"cheia","cheia","ridge","estendido","sa","esperar","vespera",42,1.93765188592513,0.654093597591257,-1.26383381490303,0.213428361045162,1.46379382695326,0.150875676646574
"cheia","cheia","ridge","estendido","sa","principal","m1",40,2.18248940609254,1.00576914020114,0.276486307226462,0.783634605382473,1.65366505784867,0.106223883318306
"cheia","cheia","ridge","estendido","sa","principal","m2",40,2.00666933781181,0.942580264685286,-1.6694566268171,0.103035954825789,1.48792081457241,0.144813478141921
"cheia","cheia","ridge","estendido","sa","principal","m3",42,1.78475299101017,0.602479482089336,-1.43028625855802,0.1602121221046,1.36639326552311,0.179263020208819
"cheia","cheia","ridge","estendido","sa","principal","vespera",42,1.94935030979074,0.658042637255184,-1.35831315391895,0.181791886987287,1.50320591278147,0.140450224828343
"cheia","cheia","ridge","estendido","sa","trimestre","m1",40,2.18248940609254,1.00576914020114,0.276486307226462,0.783634605382473,1.65366505784867,0.106223883318306
"cheia","cheia","ridge","estendido","sa","trimestre","m2",40,2.00666933781181,0.942580264685286,-1.66945662681709,0.10303595482579,1.48792081457241,0.144813478141921
"cheia","cheia","ridge","estendido","sa","trimestre","m3",42,1.78475299101017,0.602479482089336,-1.43028625855802,0.1602121221046,1.36639326552311,0.179263020208819
"cheia","cheia","ridge","estendido","sa","trimestre","vespera",42,1.81411705887472,0.612391917304843,-1.37483324993068,0.176650572779876,1.50848497838367,0.13909846926666
"cheia","cheia","sarima","core","nsa","1","m1",46,2.29081105380589,1.07919211769352,1.97065288353537,0.0549339882766174,1.76358720181024,0.0845903260229996
"cheia","cheia","sarima","core","nsa","1","m2",46,2.29514637774334,1.11203545366666,1.84445499749677,0.0717056063583866,1.95681786551722,0.056590672838598
"cheia","cheia","sarima","core","nsa","1","m3",46,2.46795530116476,0.860689711149386,-0.664738545900589,0.509610132534303,2.074991520177,0.04373429825381
"cheia","cheia","sarima","core","nsa","1","vespera",46,2.46795530116476,0.860689711149386,-0.664738545900589,0.509610132534303,2.1366461901053,0.0380991553622445
"cheia","cheia","sarima","core","sa","principal","m1",46,2.12270921576213,1,NA,NA,1.57822338745818,0.121518956201673
"cheia","cheia","sarima","core","sa","principal","m2",46,2.06391475215621,1,NA,NA,1.70478380853531,0.0951305506869086
"cheia","cheia","sarima","core","sa","principal","m3",46,2.86741582848596,1,NA,NA,1.56721849962721,0.124069516702151
"cheia","cheia","sarima","core","sa","principal","vespera",46,2.86741582848596,1,NA,NA,1.65678215660789,0.104520733131635
"cheia","sem_covid","combo_igual","core","sa","principal","m1",44,0.908662716642852,0.760073250948899,-1.62666095577605,0.111116303243541,-0.986626703442393,0.329345038130095
"cheia","sem_covid","combo_igual","core","sa","principal","m2",44,0.83958342565987,0.713886340633506,-1.88700508898749,0.0659224748652736,-0.924551224702735,0.360359004567428
"cheia","sem_covid","combo_igual","core","sa","principal","m3",44,0.840161754493784,0.536557280706396,-1.70133997974253,0.0961006946267106,-0.827691494995362,0.412415382311563
"cheia","sem_covid","combo_igual","core","sa","principal","vespera",44,0.729191317363874,0.465687599163822,-1.83886490442407,0.0728474572352726,-0.1149261481006,0.909038653325502
"cheia","sem_covid","combo_igual","estendido","sa","principal","m1",38,0.951675553345278,0.884765843223755,-0.593782992110025,0.556270342343739,0.63045002376996,0.532275049582952
"cheia","sem_covid","combo_igual","estendido","sa","principal","m2",38,0.799392712639851,0.72498150809976,-1.57533233244679,0.123692717182101,-0.506338040216476,0.615623347041578
"cheia","sem_covid","combo_igual","estendido","sa","principal","m3",40,0.82061987715272,0.523642494181686,-1.54887022225127,0.129490519755625,-1.08789671470989,0.283318334587846
"cheia","sem_covid","combo_igual","estendido","sa","principal","vespera",40,0.78193650260081,0.498958399514117,-1.66807262232318,0.103312155472738,0.217496300651308,0.828955509733987
"cheia","sem_covid","combo_rmse","core","sa","qoq_sa","m1",35,0.870357173845734,0.804785504117413,-0.933434482403339,0.357177684469772,0.037690036418484,0.970155252964304
"cheia","sem_covid","combo_rmse","core","sa","qoq_sa","m2",35,0.827877793312046,0.744345694277735,-1.27670079223242,0.210359170825287,-0.095211841987338,0.924705517302297
"cheia","sem_covid","combo_rmse","core","sa","qoq_sa","m3",36,0.833586402616996,0.505775016468143,-1.57401239493038,0.124481856968553,-0.774605911352762,0.443774250809226
"cheia","sem_covid","combo_rmse","core","sa","qoq_sa","vespera",36,0.649221897507336,0.393912634458029,-1.77380914494459,0.0847959504075113,-0.681315284872233,0.500155468835886
"cheia","sem_covid","combo_rmse","estendido","sa","qoq_sa","m1",29,1.1225934603349,1.00745296884709,0.113737578815935,0.910257443565589,1.3735312048062,0.180485829677998
"cheia","sem_covid","combo_rmse","estendido","sa","qoq_sa","m2",30,0.770399630793577,0.673499933677662,-1.49091097829155,0.146782945692183,-0.739515122443632,0.4655387694547
"cheia","sem_covid","combo_rmse","estendido","sa","qoq_sa","m3",32,0.819626235057059,0.481420601204975,-1.54484265273808,0.132532828509081,-1.04613685870675,0.303586721864735
"cheia","sem_covid","combo_rmse","estendido","sa","qoq_sa","vespera",32,0.757816369058654,0.445115586093691,-1.68093427082895,0.102825940166696,0.11237955955818,0.911247021589532
"cheia","sem_covid","dfm_4a","core","sa","principal","m1",44,0.96734017150493,0.809155449500197,-1.54558360734257,0.129533926364724,-0.471753594904978,0.639487800642189
"cheia","sem_covid","dfm_4a","core","sa","principal","m2",44,0.816361163082901,0.694140767357958,-2.04630402687487,0.0468717672045036,-1.1494048283976,0.25674221529937
"cheia","sem_covid","dfm_4a","core","sa","principal","m3",44,0.754910019726293,0.482112480359695,-1.70287474075591,0.0958106449963016,-1.28250723275706,0.206535561780382
"cheia","sem_covid","dfm_4a","core","sa","principal","vespera",44,0.591266019721624,0.37760358171395,-1.94722291615659,0.058057693742722,-1.40407493113389,0.167478289105564
"cheia","sem_covid","dfm_4a","core","sa","trimestre","m1",44,0.96734017150493,0.809155449500197,-1.54558360734257,0.129533926364724,-0.471753594904978,0.639487800642189
"cheia","sem_covid","dfm_4a","core","sa","trimestre","m2",44,0.8163611630829,0.694140767357958,-2.04630402687487,0.0468717672045034,-1.1494048283976,0.256742215299368
"cheia","sem_covid","dfm_4a","core","sa","trimestre","m3",44,0.754910019726293,0.482112480359695,-1.70287474075591,0.0958106449963016,-1.28250723275706,0.206535561780382
"cheia","sem_covid","dfm_4a","core","sa","trimestre","vespera",44,0.583624969769304,0.372723734515205,-1.9523772104803,0.0574236315947083,-1.48737461943935,0.144212769988294
"cheia","sem_covid","dfm_4a","estendido","sa","principal","m1",44,0.92986580661547,0.777809096417712,-1.95412194283044,0.0572103555116828,-0.862044266479723,0.393445307033015
"cheia","sem_covid","dfm_4a","estendido","sa","principal","m2",44,0.821892429023591,0.698843927378496,-2.52524705189869,0.0153295784710175,-1.27787766815625,0.20814831035191
"cheia","sem_covid","dfm_4a","estendido","sa","principal","m3",44,0.804351043524098,0.513687282643184,-1.6937246494117,0.0975506694850451,-1.05476876863216,0.297421757522491
"cheia","sem_covid","dfm_4a","estendido","sa","principal","vespera",44,0.608982501349437,0.388917959159792,-1.99704041073398,0.0521746957512956,-1.42652471468274,0.160937728551706
"cheia","sem_covid","dfm_4a","estendido","sa","trimestre","m1",44,0.92986580661547,0.777809096417712,-1.95412194283044,0.0572103555116828,-0.862044266479723,0.393445307033015
"cheia","sem_covid","dfm_4a","estendido","sa","trimestre","m2",44,0.821892429023591,0.698843927378496,-2.52524705189869,0.0153295784710175,-1.27787766815625,0.20814831035191
"cheia","sem_covid","dfm_4a","estendido","sa","trimestre","m3",44,0.804351043524098,0.513687282643184,-1.6937246494117,0.0975506694850451,-1.05476876863216,0.297421757522491
"cheia","sem_covid","dfm_4a","estendido","sa","trimestre","vespera",44,0.608106932201647,0.388358789454083,-1.99858926410577,0.0520003726490829,-1.43459057479318,0.158637181398621
"cheia","sem_covid","dfm_4b","core","nsa","1","m1",44,1.56594931722896,1.30987677448115,1.9499400452171,0.0577226960302099,3.04039502250158,0.00401291347129958
"cheia","sem_covid","dfm_4b","core","nsa","1","m2",44,1.38489556251474,1.17755781625417,1.15971469735965,0.252564134981284,2.74857639782696,0.00871453289751599
"cheia","sem_covid","dfm_4b","core","nsa","1","m3",44,1.304255806769,0.832944305405991,-0.63876022343871,0.526366860376654,2.11203690276091,0.0405307795185887
"cheia","sem_covid","dfm_4b","core","nsa","1","vespera",44,1.29258945786869,0.825493758641342,-0.666660266615374,0.50855064621293,3.22423575032585,0.00241339873056981
"cheia","sem_covid","dfm_4b","core","sa","principal","m1",44,1.10854497187923,0.927269673517895,-0.595458519112404,0.554658250557515,0.821413375639031,0.415941993925495
"cheia","sem_covid","dfm_4b","core","sa","principal","m2",44,0.936363180245785,0.796176846540584,-1.50274857305082,0.140213074374744,-0.0886432836934142,0.929776977337569
"cheia","sem_covid","dfm_4b","core","sa","principal","m3",44,0.820825499891243,0.524208458431288,-1.61542806124454,0.113532710278433,-0.889736733343261,0.378558178301352
"cheia","sem_covid","dfm_4b","core","sa","principal","vespera",44,0.583271920342515,0.37249826455138,-1.94307011446935,0.0585729275270176,-1.49065497628018,0.143351836893222
"cheia","sem_covid","dfm_4b","core","sa","trimestre","m1",44,1.10854497187923,0.927269673517895,-0.595458519112404,0.554658250557515,0.821413375639031,0.415941993925495
"cheia","sem_covid","dfm_4b","core","sa","trimestre","m2",44,0.936363180245785,0.796176846540583,-1.50274857305082,0.140213074374743,-0.0886432836934198,0.929776977337565
"cheia","sem_covid","dfm_4b","core","sa","trimestre","m3",44,0.820825499891243,0.524208458431288,-1.61542806124454,0.113532710278433,-0.889736733343261,0.378558178301352
"cheia","sem_covid","dfm_4b","core","sa","trimestre","vespera",44,0.58741742611068,0.375145732482671,-1.9396058131293,0.0590057422037756,-1.44145950177706,0.156698409612098
"cheia","sem_covid","dfm_4b","estendido","nsa","1","m1",44,1.27663385103375,1.06787174564798,0.448989280730352,0.65569415356511,1.85230562004908,0.0708545731666518
"cheia","sem_covid","dfm_4b","estendido","nsa","1","m2",44,1.20684485033337,1.02616372308654,0.175947983196412,0.861160820134705,1.85420289794851,0.0705770208494082
"cheia","sem_covid","dfm_4b","estendido","nsa","1","m3",44,1.08024801676822,0.689884936163111,-1.1806149337275,0.244245305623546,1.05069727918573,0.299266939436526
"cheia","sem_covid","dfm_4b","estendido","nsa","1","vespera",44,1.02804550468621,0.656546548907383,-1.33609347660378,0.188546891773635,2.58551501288786,0.0131965059692322
"cheia","sem_covid","dfm_4b","estendido","sa","principal","m1",42,1.10631184582751,0.918979640700053,-0.664596642906059,0.510029433832485,0.770710735412002,0.445297164412464
"cheia","sem_covid","dfm_4b","estendido","sa","principal","m2",42,0.882742388982741,0.745786380456423,-1.97362608873222,0.0551893721983967,-0.355115146459448,0.724323694122456
"cheia","sem_covid","dfm_4b","estendido","sa","principal","m3",42,0.934251675272173,0.584563328356228,-1.52606430105224,0.134671874720159,0.152339551073423,0.879666347194481
"cheia","sem_covid","dfm_4b","estendido","sa","principal","vespera",42,0.699257570515689,0.43752700007721,-1.94245902560682,0.0589716325094765,-0.135617232474227,0.892787547799786
"cheia","sem_covid","dfm_4b","estendido","sa","trimestre","m1",42,1.10631184582751,0.918979640700053,-0.664596642906059,0.510029433832485,0.770710735412002,0.445297164412464
"cheia","sem_covid","dfm_4b","estendido","sa","trimestre","m2",42,0.882742388982741,0.745786380456423,-1.97362608873222,0.0551893721983968,-0.355115146459447,0.724323694122456
"cheia","sem_covid","dfm_4b","estendido","sa","trimestre","m3",42,0.934251675272173,0.584563328356228,-1.52606430105224,0.134671874720159,0.152339551073423,0.879666347194481
"cheia","sem_covid","dfm_4b","estendido","sa","trimestre","vespera",42,0.698602714263725,0.437117255079823,-1.94498490604689,0.0586570051316315,-0.14289835887328,0.88707043149383
"cheia","sem_covid","famidas","core","nsa","1","m1",44,1.38448623840603,1.1580875244966,0.859217060893865,0.394985573679353,2.06850213171304,0.0446398389581435
"cheia","sem_covid","famidas","core","nsa","1","m2",44,1.33659219141901,1.13648611834077,0.642656170246102,0.52385932349882,1.72300895383497,0.0920722907075403
"cheia","sem_covid","famidas","core","nsa","1","m3",44,1.48131291632247,0.946019294506132,-0.22701621741029,0.821486986692162,2.6331834746835,0.0117056719009956
"cheia","sem_covid","famidas","core","nsa","1","vespera",44,1.01816376853288,0.650235719533484,-1.23363383663726,0.224040150457557,1.8897818911077,0.0655407557446722
"cheia","sem_covid","famidas","core","sa","principal","m1",44,1.96185397333727,1.64104094961736,1.01081868035946,0.317757567035959,1.06920183355053,0.290944252973618
"cheia","sem_covid","famidas","core","sa","principal","m2",44,1.25232129177755,1.0648317212573,0.61178354144357,0.543902325092623,1.54408251415068,0.129896787011633
"cheia","sem_covid","famidas","core","sa","principal","m3",44,0.978367799381204,0.62482059336654,-1.5237839825888,0.134884182791798,0.348982542797173,0.728805570497795
"cheia","sem_covid","famidas","core","sa","principal","vespera",44,0.857356342867445,0.547538358494442,-1.61114073408621,0.114466220464803,0.951628651871198,0.34660404490765
"cheia","sem_covid","famidas","core","sa","trimestre","m1",44,1.96185397333727,1.64104094961736,1.01081868035946,0.317757567035959,1.06920183355053,0.290944252973618
"cheia","sem_covid","famidas","core","sa","trimestre","m2",44,1.25232129177755,1.0648317212573,0.611783541443569,0.543902325092624,1.54408251415067,0.129896787011634
"cheia","sem_covid","famidas","core","sa","trimestre","m3",44,0.978367799381204,0.62482059336654,-1.5237839825888,0.134884182791798,0.348982542797173,0.728805570497795
"cheia","sem_covid","famidas","core","sa","trimestre","vespera",44,0.667709032741858,0.426422817980963,-1.81483318513689,0.0765290625881861,-0.724806063330683,0.472496855092221
"cheia","sem_covid","famidas","estendido","nsa","1","m1",36,4.08679060516229,3.71904713576518,1.33874216829631,0.189285807306808,1.34044998436654,0.188735749584346
"cheia","sem_covid","famidas","estendido","nsa","1","m2",37,3.46220829494736,3.10377701353338,1.22662586045691,0.227925657562417,1.24707778303056,0.220421565139785
"cheia","sem_covid","famidas","estendido","nsa","1","m3",38,1.67160621728789,1.04007283066561,0.102451571263114,0.918951503389075,1.23182789176271,0.225784954579246
"cheia","sem_covid","famidas","estendido","nsa","1","vespera",38,3.28158707473648,2.04180238300049,0.816503548425896,0.419438308597118,1.0180706660384,0.315255515969604
"cheia","sem_covid","famidas","estendido","sa","principal","m1",38,3.66473318351508,3.4070757979494,1.48315521618456,0.146501920101835,1.48588310464115,0.145781756789943
"cheia","sem_covid","famidas","estendido","sa","principal","m2",38,2.60672745419894,2.36408109689839,1.40155352975897,0.169381711346133,1.43778782664158,0.158898741442668
"cheia","sem_covid","famidas","estendido","sa","principal","m3",40,1.64035666068919,1.04672148099939,0.167276671268539,0.868016719002507,1.33333809968931,0.190156977765784
"cheia","sem_covid","famidas","estendido","sa","principal","vespera",40,3.47060833928192,2.21461611850663,0.843255531486677,0.404227923472003,1.0041138306825,0.321513387906831
"cheia","sem_covid","famidas","estendido","sa","trimestre","m1",38,3.66473318351508,3.4070757979494,1.48315521618456,0.146501920101835,1.48588310464115,0.145781756789943
"cheia","sem_covid","famidas","estendido","sa","trimestre","m2",38,2.60672745419894,2.36408109689839,1.40155352975897,0.169381711346133,1.43778782664158,0.158898741442668
"cheia","sem_covid","famidas","estendido","sa","trimestre","m3",40,1.64035666068919,1.04672148099939,0.167276671268539,0.868016719002507,1.33333809968931,0.190156977765784
"cheia","sem_covid","famidas","estendido","sa","trimestre","vespera",40,1.27758911998515,0.815237324800876,-0.560117698665689,0.578602576957628,1.06808299976213,0.292049976718685
"cheia","sem_covid","focus","nenhum","nsa","principal","m1",44,1.01814688568242,0.851653973658409,-1.2433887171702,0.220461279351966,NA,NA
"cheia","sem_covid","focus","nenhum","nsa","principal","m2",44,0.94509549005981,0.803601810526161,-1.6555233614305,0.105099753082558,NA,NA
"cheia","sem_covid","focus","nenhum","nsa","principal","m3",44,0.937637622890078,0.598808849051973,-1.60824744488783,0.115099723517403,NA,NA
"cheia","sem_covid","focus","nenhum","nsa","principal","vespera",44,0.742973837318488,0.474489608287155,-1.80800547113292,0.0776032715772667,NA,NA
"cheia","sem_covid","lasso","core","nsa","1","m1",44,1.29217465679953,1.08087123439601,0.449015111797682,0.655675666552183,1.53380909482709,0.132402160101015
"cheia","sem_covid","lasso","core","nsa","1","m2",44,1.2965386080537,1.10242910246359,0.5231209189422,0.603575540117686,1.73121735358236,0.0905834159391836
"cheia","sem_covid","lasso","core","nsa","1","m3",44,1.26910405410014,0.810495141631056,-0.771827201573235,0.444438017503126,1.9910028053965,0.0528590646389712
"cheia","sem_covid","lasso","core","nsa","1","vespera",44,1.02554465848824,0.654949419273397,-1.32382126367136,0.192557306586634,1.76164181601114,0.085238736396616
"cheia","sem_covid","lasso","core","sa","esperar","m1",44,1.66594534022309,1.39352090435138,1.15931633388761,0.252724655739144,1.32252483029874,0.192984728404311
"cheia","sem_covid","lasso","core","sa","esperar","m2",44,1.16356717333991,0.989365304352039,-0.0611408621048076,0.951530327635138,1.33673615241007,0.188338643091297
"cheia","sem_covid","lasso","core","sa","esperar","m3",44,1.23079734654136,0.786031111067153,-1.11482456442168,0.271117816461359,1.21662502788731,0.230382870976959
"cheia","sem_covid","lasso","core","sa","esperar","vespera",44,1.11897371874259,0.714616551514174,-1.21895540824149,0.229506120740201,1.80527073431839,0.0780370813802211
"cheia","sem_covid","lasso","core","sa","principal","m1",44,0.971105477848635,0.812305032487438,-1.24916224789712,0.218363176472315,-0.368893185618491,0.714017551215268
"cheia","sem_covid","lasso","core","sa","principal","m2",44,0.919877211977597,0.782159052478573,-1.42855514798579,0.160356164504439,-0.205886795401731,0.837851027152984
"cheia","sem_covid","lasso","core","sa","principal","m3",44,0.985639305704281,0.629464436815116,-1.53225730480693,0.132783940607317,0.388032440341277,0.699906437476096
"cheia","sem_covid","lasso","core","sa","principal","vespera",44,0.962784687290525,0.614868661844311,-1.45711582387629,0.152348902796359,1.28695540645793,0.20499486650939
"cheia","sem_covid","lasso","core","sa","trimestre","m1",44,0.971105477848635,0.812305032487438,-1.24916224789712,0.218363176472315,-0.368893185618491,0.714017551215268
"cheia","sem_covid","lasso","core","sa","trimestre","m2",44,0.919877211977597,0.782159052478574,-1.42855514798579,0.160356164504439,-0.205886795401729,0.837851027152986
"cheia","sem_covid","lasso","core","sa","trimestre","m3",44,0.985639305704281,0.629464436815116,-1.53225730480693,0.132783940607317,0.388032440341277,0.699906437476096
"cheia","sem_covid","lasso","core","sa","trimestre","vespera",44,0.970789718707658,0.619980960596513,-1.55409703914154,0.127491355590935,1.4595099258203,0.15169225813037
"cheia","sem_covid","lasso","estendido","nsa","1","m1",38,1.38063794243868,1.28356905778926,1.17279381179843,0.248373963238747,1.94640115077654,0.0592301167585162
"cheia","sem_covid","lasso","estendido","nsa","1","m2",38,1.37574820381484,1.24768714024614,1.1656444691564,0.25121770705327,2.42071038475555,0.0205149469933003
"cheia","sem_covid","lasso","estendido","nsa","1","m3",40,1.28407284918722,0.81937463151925,-0.624717518441875,0.535794518071779,1.69442457585735,0.0981571056600685
"cheia","sem_covid","lasso","estendido","nsa","1","vespera",40,1.08776892266767,0.694111911760359,-1.01433103506619,0.316676587532539,2.5524530148544,0.0147256353073431
"cheia","sem_covid","lasso","estendido","sa","esperar","m1",38,0.987867522387512,0.918413253725181,-0.433819400413946,0.666938707629296,1.10170380985406,0.277705749361324
"cheia","sem_covid","lasso","estendido","sa","esperar","m2",38,1.01638314650176,0.921773459661245,-0.549507526734886,0.585958878370089,1.93751013960824,0.060344613482968
"cheia","sem_covid","lasso","estendido","sa","esperar","m3",40,1.18419111044227,0.755639491467459,-1.44777153655992,0.155672692822699,0.890362315079301,0.378731200980631
"cheia","sem_covid","lasso","estendido","sa","esperar","vespera",40,1.08545124719225,0.692632989057606,-1.30917008119135,0.198138019920143,1.50373392498096,0.140705529417727
"cheia","sem_covid","lasso","estendido","sa","principal","m1",38,1.11050373116512,1.03242724545532,0.246810479575401,0.806419201284573,2.11346332012639,0.04136591356156
"cheia","sem_covid","lasso","estendido","sa","principal","m2",38,0.883545319143895,0.801300797241584,-1.12359257767386,0.268423410430383,0.351680928162076,0.727072580659793
"cheia","sem_covid","lasso","estendido","sa","principal","m3",40,0.799653349809814,0.510263626598974,-1.50600112139863,0.140124257272559,-1.17276431463562,0.248003952479967
"cheia","sem_covid","lasso","estendido","sa","principal","vespera",40,1.32655545339593,0.846483037550515,-0.562848447971333,0.57675965667115,1.06489072786932,0.293474157084745
"cheia","sem_covid","lasso","estendido","sa","trimestre","m1",38,1.11050373116512,1.03242724545532,0.246810479575401,0.806419201284573,2.11346332012639,0.04136591356156
"cheia","sem_covid","lasso","estendido","sa","trimestre","m2",38,0.883545319143895,0.801300797241584,-1.12359257767386,0.268423410430383,0.351680928162074,0.727072580659794
"cheia","sem_covid","lasso","estendido","sa","trimestre","m3",40,0.799653349809814,0.510263626598974,-1.50600112139863,0.140124257272559,-1.17276431463562,0.248003952479967
"cheia","sem_covid","lasso","estendido","sa","trimestre","vespera",40,0.819513026583038,0.522936206155852,-1.49752849325666,0.142306353374411,0.482023051198882,0.632483758187607
"cheia","sem_covid","mfbvar","core","sa","principal","m1",33,1.21996714313039,1.13751410632005,0.922658340808527,0.363090131737506,1.91174922553368,0.0648983072103784
"cheia","sem_covid","mfbvar","core","sa","principal","m2",33,0.955324198006947,0.864287567175523,-0.655660464731394,0.516729205152693,0.879564370865966,0.38565300196017
"cheia","sem_covid","mfbvar","core","sa","principal","m3",34,0.939680232208708,0.566642416016708,-1.29356922460397,0.204795799133889,-0.0563385075005771,0.955411881659245
"cheia","sem_covid","mfbvar","core","sa","principal","vespera",34,0.769848775126239,0.464231293745197,-1.52899871508495,0.135794770419211,0.182617953737442,0.85621508873961
"cheia","sem_covid","mfbvar","core","sa","trimestre","m1",33,1.21996714313039,1.13751410632005,0.922658340808527,0.363090131737506,1.91174922553368,0.0648983072103784
"cheia","sem_covid","mfbvar","core","sa","trimestre","m2",33,0.955324198006948,0.864287567175524,-0.655660464731391,0.516729205152695,0.879564370865971,0.385653001960167
"cheia","sem_covid","mfbvar","core","sa","trimestre","m3",34,0.939680232208708,0.566642416016708,-1.29356922460397,0.204795799133889,-0.0563385075005771,0.955411881659245
"cheia","sem_covid","mfbvar","core","sa","trimestre","vespera",34,0.784520515782368,0.473078591248752,-1.51110596929518,0.140279062386879,0.246038377257511,0.807176457837044
"cheia","sem_covid","rf","core","nsa","2","m1",44,1.79337304610655,1.50011093924314,2.38163467823146,0.0217324919836592,3.64340274245137,0.00071958197649047
"cheia","sem_covid","rf","core","nsa","2","m2",44,1.87089557723192,1.59079700303491,2.92596077799405,0.0054653504971069,4.40316244255151,0.0000695118195532265
"cheia","sem_covid","rf","core","nsa","2","m3",44,1.7624873945342,1.1255873510457,0.517875723429447,0.607199372962867,3.93075184743278,0.000303008527720885
"cheia","sem_covid","rf","core","nsa","2","vespera",44,1.76635551956414,1.12805767373821,0.51908827618171,0.606360743645811,4.30681822131691,0.0000942711294200264
"cheia","sem_covid","rf","core","nsa","3","m1",44,1.36717337818491,1.14360575726827,0.921318392869136,0.362024637146617,2.4047984329979,0.0205588357204402
"cheia","sem_covid","rf","core","nsa","3","m2",44,1.28820184632038,1.09534046761845,0.672242144499366,0.505025884734827,2.4138497808888,0.0201159859696444
"cheia","sem_covid","rf","core","nsa","3","m3",44,1.21484699363997,0.775844646456854,-0.848061472842517,0.401099902920448,1.41051582131553,0.165580980182852
"cheia","sem_covid","rf","core","nsa","3","vespera",44,1.18405405112011,0.756179174403373,-0.934460346904685,0.355284666770775,2.70637757958812,0.00971521736043599
"cheia","sem_covid","rf","core","sa","esperar","m1",44,1.0640214455015,0.890026876143467,-2.43967536903118,0.018899405090804,0.293459921817408,0.770582362030049
"cheia","sem_covid","rf","core","sa","esperar","m2",44,1.01020528260479,0.858963779472617,-2.53531435670616,0.014952700283979,0.438116796891297,0.663494738212894
"cheia","sem_covid","rf","core","sa","esperar","m3",44,0.968091277087078,0.618257639473718,-1.60396017976855,0.116043691777018,0.244735358498612,0.80782549737338
"cheia","sem_covid","rf","core","sa","esperar","vespera",44,0.916422972749826,0.585260416348976,-1.70141937974839,0.0960856712486376,1.13648355081516,0.262048402969408
"cheia","sem_covid","rf","core","sa","principal","m1",44,1.11202372713043,0.930179563804587,-1.29182090854835,0.203319545645021,0.565700429953106,0.574537746916848
"cheia","sem_covid","rf","core","sa","principal","m2",44,1.0316755599714,0.877219663608954,-2.21141850710403,0.0323725150068696,0.603966953845871,0.54903895187257
"cheia","sem_covid","rf","core","sa","principal","m3",44,0.9900916492217,0.632307862283722,-1.70699716494411,0.0950351504363985,0.383593741219088,0.703169710421908
"cheia","sem_covid","rf","core","sa","principal","vespera",44,0.931756111012883,0.595052705663642,-1.67776827730726,0.1006475139173,1.20840282009553,0.233495968666005
"cheia","sem_covid","rf","core","sa","trimestre","m1",44,1.11202372713043,0.930179563804587,-1.29182090854835,0.203319545645021,0.565700429953106,0.574537746916848
"cheia","sem_covid","rf","core","sa","trimestre","m2",44,1.0316755599714,0.877219663608954,-2.21141850710404,0.0323725150068694,0.603966953845869,0.549038951872571
"cheia","sem_covid","rf","core","sa","trimestre","m3",44,0.9900916492217,0.632307862283722,-1.70699716494411,0.0950351504363985,0.383593741219088,0.703169710421908
"cheia","sem_covid","rf","core","sa","trimestre","vespera",44,0.974757557560723,0.622514964095119,-1.72626400903273,0.0914794574621777,1.32774223853092,0.19126898148987
"cheia","sem_covid","rf","estendido","nsa","2","m1",38,2.00255909432847,1.86176463130823,4.43441018245518,0.0000796712127219256,5.07135290623937,0.0000113125409191146
"cheia","sem_covid","rf","estendido","nsa","2","m2",38,1.93399070551306,1.75396582451142,3.91621991212754,0.000372821543672859,5.34910284982624,0.00000477678460906376
"cheia","sem_covid","rf","estendido","nsa","2","m3",40,1.89658692148786,1.21022355618062,0.831029856085095,0.41101579843587,4.36903927207257,0.0000894852119263027
"cheia","sem_covid","rf","estendido","nsa","2","vespera",40,1.85055688186843,1.18085151021309,0.702967540851692,0.486251324469667,4.6668559219133,0.0000356166955631646
"cheia","sem_covid","rf","estendido","nsa","3","m1",38,1.31167949632751,1.21945889177051,2.38027706235911,0.0225638433316667,3.07705090233161,0.00392215055612261
"cheia","sem_covid","rf","estendido","nsa","3","m2",38,1.25604269542925,1.13912437925893,1.2594796171747,0.215744527948013,3.41631206225064,0.00155587183297537
"cheia","sem_covid","rf","estendido","nsa","3","m3",40,1.19340899484904,0.761521479116341,-0.855575905687013,0.397458409968087,1.53853334752366,0.131993156757078
"cheia","sem_covid","rf","estendido","nsa","3","vespera",40,1.22898053340059,0.784219892459244,-0.80095321746634,0.428011511963405,2.79827509340729,0.00794282024951092
"cheia","sem_covid","rf","estendido","sa","esperar","m1",38,1.07956119925404,1.0036601984911,0.0710985222236202,0.94370226354965,0.977445042956779,0.334696784689575
"cheia","sem_covid","rf","estendido","sa","esperar","m2",38,1.06004017150832,0.961366685028394,-0.726731392661277,0.471963579775828,1.07950117568071,0.28735133473303
"cheia","sem_covid","rf","estendido","sa","esperar","m3",40,0.941309488848431,0.600655263491441,-1.57053731920774,0.124368966756927,-0.158837416892746,0.87461665583337
"cheia","sem_covid","rf","estendido","sa","esperar","vespera",40,0.946331750898826,0.603859999203702,-1.6509749465596,0.106774967249249,1.0777324656202,0.287774382128788
"cheia","sem_covid","rf","estendido","sa","principal","m1",38,1.31352173215139,1.22117160502284,1.12808143530106,0.266547547753404,1.21123497563353,0.233484975459636
"cheia","sem_covid","rf","estendido","sa","principal","m2",38,1.16387049608952,1.05553199841083,0.547185888358275,0.587536540919713,1.24705570676976,0.220213526516691
"cheia","sem_covid","rf","estendido","sa","principal","m3",40,0.97999988748243,0.625343840268165,-1.64508621864618,0.107989521517163,0.143761280680602,0.886429258115793
"cheia","sem_covid","rf","estendido","sa","principal","vespera",40,0.893555329783848,0.570183046504826,-1.70566222523181,0.0960245990703468,0.891071099324875,0.378355582581667
"cheia","sem_covid","rf","estendido","sa","trimestre","m1",38,1.31352173215139,1.22117160502284,1.12808143530106,0.266547547753404,1.21123497563353,0.233484975459636
"cheia","sem_covid","rf","estendido","sa","trimestre","m2",38,1.16387049608952,1.05553199841083,0.547185888358268,0.587536540919717,1.24705570676975,0.220213526516692
"cheia","sem_covid","rf","estendido","sa","trimestre","m3",40,0.97999988748243,0.625343840268165,-1.64508621864618,0.107989521517163,0.143761280680602,0.886429258115793
"cheia","sem_covid","rf","estendido","sa","trimestre","vespera",40,0.949356991348479,0.605790423385056,-1.65896706506869,0.105144596406272,1.11146832992974,0.273171982354734
"cheia","sem_covid","ridge","core","nsa","1","m1",44,1.26826765103136,1.06087363213739,0.476876368928822,0.635864855785791,1.55674121420832,0.126862260794474
"cheia","sem_covid","ridge","core","nsa","1","m2",44,1.22330796939447,1.04016208877927,0.297778239437999,0.767306456700936,1.74624623430344,0.0879093725043658
"cheia","sem_covid","ridge","core","nsa","1","m3",44,1.17787119357744,0.752230580918435,-1.12218500951618,0.268011066434045,1.70832057027929,0.0947873028557002
"cheia","sem_covid","ridge","core","nsa","1","vespera",44,1.13164280790134,0.722707483994363,-1.18425123464157,0.242818533994216,2.58288176674517,0.0132837202226994
"cheia","sem_covid","ridge","core","sa","esperar","m1",44,1.05573545105776,0.883095852542684,-2.32145365958218,0.0250687043456357,0.24827165177836,0.805106108433948
"cheia","sem_covid","ridge","core","sa","esperar","m2",44,1.00555145672921,0.855006694777133,-2.57310102285114,0.0136122991688024,0.403301331721539,0.688725018095767
"cheia","sem_covid","ridge","core","sa","esperar","m3",44,0.94720796860797,0.604920813380683,-1.75283053717029,0.0867587770424529,0.0785291398528038,0.937771458402466
"cheia","sem_covid","ridge","core","sa","esperar","vespera",44,0.962229896623215,0.614514352724405,-1.6435656163167,0.107559156268234,1.46440633308355,0.150356240735385
"cheia","sem_covid","ridge","core","sa","principal","m1",44,0.971071766518412,0.812276833817143,-2.59492803265379,0.0128890099165172,-0.427629683634492,0.671054793488856
"cheia","sem_covid","ridge","core","sa","principal","m2",44,0.921928730529657,0.783903430734637,-2.24933050194127,0.0296664151778571,-0.228635590192069,0.820236048071863
"cheia","sem_covid","ridge","core","sa","principal","m3",44,0.970900489914665,0.620051703042589,-1.7328930260407,0.0902819521716283,0.27215369808593,0.786806415752645
"cheia","sem_covid","ridge","core","sa","principal","vespera",44,0.897025336045548,0.572872393273052,-1.75671197317607,0.0860864180029261,1.12632266206646,0.266275774658466
"cheia","sem_covid","ridge","core","sa","trimestre","m1",44,0.971071766518412,0.812276833817143,-2.59492803265379,0.0128890099165172,-0.427629683634492,0.671054793488856
"cheia","sem_covid","ridge","core","sa","trimestre","m2",44,0.921928730529657,0.783903430734636,-2.24933050194128,0.0296664151778569,-0.228635590192073,0.820236048071861
"cheia","sem_covid","ridge","core","sa","trimestre","m3",44,0.970900489914665,0.620051703042589,-1.7328930260407,0.0902819521716283,0.27215369808593,0.786806415752645
"cheia","sem_covid","ridge","core","sa","trimestre","vespera",44,0.944383925450798,0.603117278634064,-1.74191775634235,0.0886726846634238,1.31118732180887,0.196753390047552
"cheia","sem_covid","ridge","estendido","nsa","1","m1",38,1.40310316009558,1.30445480732179,1.11446140068575,0.272268349154696,1.81480116642796,0.0776681120208571
"cheia","sem_covid","ridge","estendido","nsa","1","m2",38,1.3682212370789,1.24086081870311,0.997300526525891,0.325096542597792,1.93859648541849,0.0602074756982353
"cheia","sem_covid","ridge","estendido","nsa","1","m3",40,1.24688237820781,0.79564316762756,-0.805024944871962,0.425686075854579,1.90468187138969,0.0642157955919563
"cheia","sem_covid","ridge","estendido","nsa","1","vespera",40,1.10532774609872,0.70531630291919,-1.04450238205051,0.302684210158459,2.43689135905552,0.0194792151519694
"cheia","sem_covid","ridge","estendido","sa","esperar","m1",38,0.982156401417751,0.913103666079684,-1.99878298736948,0.0530185961604621,0.768442297769353,0.447101691837365
"cheia","sem_covid","ridge","estendido","sa","esperar","m2",38,1.02660692992934,0.931045565611946,-1.94173691415503,0.0598125466157186,1.13182929195355,0.26498855117216
"cheia","sem_covid","ridge","estendido","sa","esperar","m3",40,0.956600585805047,0.610412604706375,-1.55488594028146,0.128051775625397,-0.0318499256257783,0.974754176191532
"cheia","sem_covid","ridge","estendido","sa","esperar","vespera",40,0.931090689083715,0.59413458571441,-1.55889261039114,0.12710070671462,1.19224183737399,0.240370506000563
"cheia","sem_covid","ridge","estendido","sa","principal","m1",38,1.16436947477711,1.08250583568516,1.62409844474345,0.112844881863145,1.46930254146037,0.150202841934305
"cheia","sem_covid","ridge","estendido","sa","principal","m2",38,0.9098690019058,0.82517414875669,-1.28219053410975,0.207751520779383,0.77963752938894,0.440562995439157
"cheia","sem_covid","ridge","estendido","sa","principal","m3",40,0.930268028873941,0.593609641271674,-1.50532981271043,0.140296169547738,-0.294019271504887,0.770302359407297
"cheia","sem_covid","ridge","estendido","sa","principal","vespera",40,0.890261709517494,0.568081367543374,-1.54261138980556,0.131001219544136,1.04394811347394,0.302937349506988
"cheia","sem_covid","ridge","estendido","sa","trimestre","m1",38,1.16436947477711,1.08250583568516,1.62409844474345,0.112844881863145,1.46930254146037,0.150202841934305
"cheia","sem_covid","ridge","estendido","sa","trimestre","m2",38,0.9098690019058,0.825174148756691,-1.28219053410975,0.207751520779384,0.779637529388947,0.440562995439153
"cheia","sem_covid","ridge","estendido","sa","trimestre","m3",40,0.930268028873941,0.593609641271674,-1.50532981271043,0.140296169547738,-0.294019271504887,0.770302359407297
"cheia","sem_covid","ridge","estendido","sa","trimestre","vespera",40,0.916634975253523,0.58491030751208,-1.57548351334396,0.123223121062296,1.2323768934007,0.225186402326017
"cheia","sem_covid","sarima","core","nsa","1","m1",44,1.39979532821869,1.17089318874348,1.82835604477276,0.0744385208295351,2.28715160029538,0.0271693017085262
"cheia","sem_covid","sarima","core","nsa","1","m2",44,1.40379337882696,1.19362637182682,1.93997475984198,0.0589595172355977,2.75660503137834,0.00853528763704435
"cheia","sem_covid","sarima","core","nsa","1","m3",44,1.71948635020132,1.09812534948306,0.763018778273055,0.449618147258002,1.59648556639827,0.117704503155383
"cheia","sem_covid","sarima","core","nsa","1","vespera",44,1.71948635020132,1.09812534948306,0.763018778273055,0.449618147258002,1.77912495384507,0.0822886536766529
"cheia","sem_covid","sarima","core","sa","principal","m1",44,1.19549361263332,1,NA,NA,1.2433887171702,0.220461279351966
"cheia","sem_covid","sarima","core","sa","principal","m2",44,1.17607436628472,1,NA,NA,1.6555233614305,0.105099753082558
"cheia","sem_covid","sarima","core","sa","principal","m3",44,1.56583795375525,1,NA,NA,1.60824744488783,0.115099723517403
"cheia","sem_covid","sarima","core","sa","principal","vespera",44,1.56583795375525,1,NA,NA,1.80800547113292,0.0776032715772667
"pre_covid","cheia","combo_igual","core","sa","principal","m1",20,0.847266362430392,0.71046481686357,-2.11782105146539,0.0476014388646011,-1.50035081927297,0.149958342307412
"pre_covid","cheia","combo_igual","core","sa","principal","m2",20,0.784360339415423,0.682475308662069,-2.23021214708579,0.0379888929283728,-0.880261768111966,0.38971621571165
"pre_covid","cheia","combo_igual","core","sa","principal","m3",20,0.688802103626742,0.673334846428255,-2.34801206933355,0.0298539502268388,-0.14100670044992,0.889348906903785
"pre_covid","cheia","combo_igual","core","sa","principal","vespera",20,0.728389715088269,0.712033506237158,-3.00821322283062,0.00722902134326443,0.345407166944505,0.7335830014665
"pre_covid","cheia","combo_igual","estendido","sa","principal","m1",14,0.755345078251612,0.915829004319641,-0.887653156125254,0.390854763997932,-0.319205379599805,0.754641996882493
"pre_covid","cheia","combo_igual","estendido","sa","principal","m2",14,0.778023985091855,0.848913258064103,-1.40553465605553,0.183308974409673,1.27499885618353,0.224626004468245
"pre_covid","cheia","combo_igual","estendido","sa","principal","m3",16,0.596314192586303,0.710046190480102,-2.34165046726388,0.0334159274783515,-0.660777843469648,0.518775137448835
"pre_covid","cheia","combo_igual","estendido","sa","principal","vespera",16,0.551496429708712,0.656680561768408,-2.77775715859436,0.0140771155540806,-0.754654440565547,0.462140926950586
"pre_covid","cheia","combo_rmse","core","sa","qoq_sa","m1",11,0.624205964877758,0.812374899081642,-1.19073364770225,0.261255579493322,-0.744421149140665,0.473752121014032
"pre_covid","cheia","combo_rmse","core","sa","qoq_sa","m2",11,0.679209296585688,0.757020024277879,-1.83968342080708,0.095648178583883,0.970917199538348,0.354487434724821
"pre_covid","cheia","combo_rmse","core","sa","qoq_sa","m3",12,0.588028947212629,0.618782526057085,-2.40357559723162,0.0350103321837005,0.462926308436687,0.6524408039793
"pre_covid","cheia","combo_rmse","core","sa","qoq_sa","vespera",12,0.553258180858153,0.582193268436774,-2.70203276241156,0.0205818485907271,0.108188144130876,0.915794644083536
"pre_covid","cheia","combo_rmse","estendido","sa","qoq_sa","m1",5,0.445135825356985,0.795358610704388,-1.0024357903593,0.372856493672277,-1.028521352731,0.361829972484477
"pre_covid","cheia","combo_rmse","estendido","sa","qoq_sa","m2",6,0.723259062517886,0.807612234073733,-0.882957746884507,0.417683108969532,2.3935641289354,0.0621131890475414
"pre_covid","cheia","combo_rmse","estendido","sa","qoq_sa","m3",8,0.548325619937824,0.643864863541354,-2.09267539291943,0.0746744602909495,1.34536567634611,0.220455723391642
"pre_covid","cheia","combo_rmse","estendido","sa","qoq_sa","vespera",8,0.456392291500529,0.535913241700498,-2.30825081221951,0.0543266145017406,-0.27508035363603,0.791196898669662
"pre_covid","cheia","dfm_4a","core","sa","principal","m1",20,0.84420517119067,0.707897892493677,-1.8923465808431,0.0737835426646869,-1.4143674676932,0.173432604768224
"pre_covid","cheia","dfm_4a","core","sa","principal","m2",20,0.751191037862852,0.653614556559193,-2.19473068494591,0.0408121921654585,-1.04962329234594,0.307059665286385
"pre_covid","cheia","dfm_4a","core","sa","principal","m3",20,0.639388233013939,0.625030579055507,-2.24764817383225,0.0366682094172025,-0.415312670749187,0.682565524849008
"pre_covid","cheia","dfm_4a","core","sa","principal","vespera",20,0.562081204306965,0.549459502794041,-2.7414782346779,0.0129723432353522,-0.655863921153908,0.519775588662772
"pre_covid","cheia","dfm_4a","core","sa","trimestre","m1",20,0.84420517119067,0.707897892493677,-1.8923465808431,0.0737835426646869,-1.4143674676932,0.173432604768224
"pre_covid","cheia","dfm_4a","core","sa","trimestre","m2",20,0.751191037862852,0.653614556559193,-2.19473068494591,0.0408121921654585,-1.04962329234594,0.307059665286385
"pre_covid","cheia","dfm_4a","core","sa","trimestre","m3",20,0.639388233013939,0.625030579055507,-2.24764817383225,0.0366682094172025,-0.415312670749187,0.682565524849008
"pre_covid","cheia","dfm_4a","core","sa","trimestre","vespera",20,0.554366826670835,0.541918353814437,-2.67789416636042,0.0148815119869634,-0.728265540449425,0.475331742377313
"pre_covid","cheia","dfm_4a","estendido","sa","principal","m1",20,0.778226417980593,0.652572218190001,-2.09062007289826,0.0502382570830428,-1.81824615005757,0.0848282828291145
"pre_covid","cheia","dfm_4a","estendido","sa","principal","m2",20,0.744584238536122,0.64786595201713,-2.26709114151318,0.0352453928465162,-1.04199290890271,0.310492940182562
"pre_covid","cheia","dfm_4a","estendido","sa","principal","m3",20,0.686695980416222,0.671276016844187,-1.94155087382124,0.0671697227597645,-0.149132938511784,0.88302028971137
"pre_covid","cheia","dfm_4a","estendido","sa","principal","vespera",20,0.562775024965136,0.55013774350187,-2.70317158340497,0.0140925168787876,-0.660632351610118,0.516778662214166
"pre_covid","cheia","dfm_4a","estendido","sa","trimestre","m1",20,0.778226417980593,0.652572218190001,-2.09062007289826,0.0502382570830428,-1.81824615005757,0.0848282828291145
"pre_covid","cheia","dfm_4a","estendido","sa","trimestre","m2",20,0.744584238536122,0.64786595201713,-2.26709114151318,0.0352453928465162,-1.04199290890271,0.310492940182562
"pre_covid","cheia","dfm_4a","estendido","sa","trimestre","m3",20,0.686695980416222,0.671276016844187,-1.94155087382124,0.0671697227597645,-0.149132938511784,0.88302028971137
"pre_covid","cheia","dfm_4a","estendido","sa","trimestre","vespera",20,0.560708910353167,0.54811802411131,-2.69087455882801,0.0144712418918821,-0.676121434272336,0.507110977823326
"pre_covid","cheia","dfm_4b","core","nsa","1","m1",20,1.55918566506144,1.30743601670506,1.45205591428731,0.162800124457653,1.67738226692899,0.109842544053003
"pre_covid","cheia","dfm_4b","core","nsa","1","m2",20,1.15774354178302,1.00735764077358,0.0403062255970493,0.96826951884992,1.13987766542064,0.268503797709529
"pre_covid","cheia","dfm_4b","core","nsa","1","m3",20,1.01628887803651,0.993467807395482,-0.0430591775113814,0.966103662489688,1.54790268983259,0.138141264459675
"pre_covid","cheia","dfm_4b","core","nsa","1","vespera",20,1.09600014338261,1.07138913244344,0.485155130873195,0.633113066238202,2.3060568281984,0.0325459099596263
"pre_covid","cheia","dfm_4b","core","sa","principal","m1",20,0.946096049524978,0.793337238873723,-1.29705561650113,0.210142234058289,-1.2089831703593,0.241499768027217
"pre_covid","cheia","dfm_4b","core","sa","principal","m2",20,0.852746173588332,0.741978117434952,-1.66170444766762,0.112983112568775,-0.627727726498254,0.537654493614466
"pre_covid","cheia","dfm_4b","core","sa","principal","m3",20,0.664212433788874,0.649297344979255,-1.96523795986529,0.0641777865111422,-0.323188733577907,0.750082238658612
"pre_covid","cheia","dfm_4b","core","sa","principal","vespera",20,0.56115862574961,0.548557641014054,-2.4792461955634,0.0227113461089484,-0.746365785417623,0.464582122597827
"pre_covid","cheia","dfm_4b","core","sa","trimestre","m1",20,0.946096049524978,0.793337238873723,-1.29705561650113,0.210142234058289,-1.2089831703593,0.241499768027217
"pre_covid","cheia","dfm_4b","core","sa","trimestre","m2",20,0.852746173588332,0.741978117434952,-1.66170444766762,0.112983112568775,-0.627727726498256,0.537654493614465
"pre_covid","cheia","dfm_4b","core","sa","trimestre","m3",20,0.664212433788874,0.649297344979255,-1.96523795986529,0.0641777865111422,-0.323188733577907,0.750082238658612
"pre_covid","cheia","dfm_4b","core","sa","trimestre","vespera",20,0.558197116942564,0.545662633772804,-2.49748577446911,0.0218559255547979,-0.76523128514203,0.453535011196701
"pre_covid","cheia","dfm_4b","estendido","nsa","1","m1",20,1.13242306118614,0.949579469282654,-0.262880928219818,0.79547182322658,0.102784660887088,0.919210971989266
"pre_covid","cheia","dfm_4b","estendido","nsa","1","m2",20,1.08099346148044,0.940577065428089,-0.293181030426711,0.77256192513984,0.690867419703764,0.498003268217422
"pre_covid","cheia","dfm_4b","estendido","nsa","1","m3",20,0.817431258544857,0.799075595210751,-1.05407797573109,0.305067890423091,0.656711477547999,0.519242198005403
"pre_covid","cheia","dfm_4b","estendido","nsa","1","vespera",20,0.942566276903233,0.921400669314754,-0.50662790843778,0.618244737760169,1.80337336731219,0.0872117073640094
"pre_covid","cheia","dfm_4b","estendido","sa","principal","m1",18,0.974338523006026,0.804120943867593,-1.32260948214257,0.203483148595763,-0.441244087920964,0.664596866164374
"pre_covid","cheia","dfm_4b","estendido","sa","principal","m2",18,0.883417903155271,0.758754218533332,-1.47439206917862,0.158654098983662,-0.0317609246807424,0.975032625273522
"pre_covid","cheia","dfm_4b","estendido","sa","principal","m3",18,0.863958852658907,0.813006585825044,-1.11584102342575,0.28001519079877,1.24650472622437,0.229482300733691
"pre_covid","cheia","dfm_4b","estendido","sa","principal","vespera",18,0.6747966439947,0.635000282677725,-2.64702281221253,0.0169451355383956,0.628425452272869,0.538077543228969
"pre_covid","cheia","dfm_4b","estendido","sa","trimestre","m1",18,0.974338523006026,0.804120943867593,-1.32260948214257,0.203483148595763,-0.441244087920964,0.664596866164374
"pre_covid","cheia","dfm_4b","estendido","sa","trimestre","m2",18,0.883417903155271,0.758754218533332,-1.47439206917862,0.158654098983662,-0.0317609246807424,0.975032625273522
"pre_covid","cheia","dfm_4b","estendido","sa","trimestre","m3",18,0.863958852658907,0.813006585825044,-1.11584102342575,0.28001519079877,1.24650472622437,0.229482300733691
"pre_covid","cheia","dfm_4b","estendido","sa","trimestre","vespera",18,0.672932979967536,0.633246528869674,-2.6430795972649,0.0170844996452693,0.62611995818038,0.539552858949813
"pre_covid","cheia","famidas","core","nsa","1","m1",20,1.44074884875441,1.20812227696671,0.834903172351083,0.414147554967773,1.27858259007433,0.216441989673912
"pre_covid","cheia","famidas","core","nsa","1","m2",20,1.40449860461926,1.22206028343728,0.652593531032278,0.521836595381082,1.19615025391835,0.246352343672365
"pre_covid","cheia","famidas","core","nsa","1","m3",20,1.42334024808036,1.3913787172109,1.07475577060398,0.295943811713281,1.76054493480678,0.094403720057321
"pre_covid","cheia","famidas","core","nsa","1","vespera",20,1.23873283214323,1.21091671599885,1.10865798914721,0.281414566084285,2.29371340870495,0.0333796443774519
"pre_covid","cheia","famidas","core","sa","principal","m1",20,0.82877308370638,0.694957504801548,-1.67939603839632,0.109444596121774,-1.45023365398271,0.163301718349173
"pre_covid","cheia","famidas","core","sa","principal","m2",20,1.00160034437531,0.871496772380196,-0.634995369976934,0.533004529537136,0.280814596174095,0.781887670580218
"pre_covid","cheia","famidas","core","sa","principal","m3",20,0.780327179093344,0.762804698957966,-1.15068242177262,0.264139397110713,0.413290567350937,0.684020895531911
"pre_covid","cheia","famidas","core","sa","principal","vespera",20,0.829749757073321,0.811117478171353,-1.18622506803669,0.25015576541633,0.811343430852286,0.427216065076703
"pre_covid","cheia","famidas","core","sa","trimestre","m1",20,0.82877308370638,0.694957504801548,-1.67939603839632,0.109444596121774,-1.45023365398271,0.163301718349173
"pre_covid","cheia","famidas","core","sa","trimestre","m2",20,1.00160034437531,0.871496772380196,-0.634995369976935,0.533004529537135,0.280814596174094,0.781887670580219
"pre_covid","cheia","famidas","core","sa","trimestre","m3",20,0.780327179093344,0.762804698957966,-1.15068242177262,0.264139397110713,0.413290567350937,0.684020895531911
"pre_covid","cheia","famidas","core","sa","trimestre","vespera",20,0.656088660466113,0.641355993415579,-2.3079706914184,0.032418375729529,-0.0275935422940476,0.978274101960181
"pre_covid","cheia","famidas","estendido","nsa","1","m1",12,3.0659426177505,3.53435540978392,1.33177111937322,0.209872685603254,1.34337488699138,0.206208307252828
"pre_covid","cheia","famidas","estendido","nsa","1","m2",13,1.37079679240621,1.45130403979801,1.82050289690641,0.0936971781971145,2.65229196819261,0.0210895790944033
"pre_covid","cheia","famidas","estendido","nsa","1","m3",14,2.40629099211446,2.68963186061497,1.18944279710396,0.255536926616512,1.33419921399308,0.205040031068613
"pre_covid","cheia","famidas","estendido","nsa","1","vespera",14,0.940102229423235,1.05079930763902,0.223316395625328,0.826760089567681,2.19629146632355,0.0468152328677544
"pre_covid","cheia","famidas","estendido","sa","principal","m1",14,1.02856898535778,1.24710326029356,0.931637051593795,0.368503789329194,1.0373360242065,0.3184900716105
"pre_covid","cheia","famidas","estendido","sa","principal","m2",14,1.77539013235303,1.93715393158828,1.38051690502411,0.190703314765028,1.65534946614567,0.12178080618604
"pre_covid","cheia","famidas","estendido","sa","principal","m3",16,1.20790414532539,1.43828160978961,0.864185586246301,0.401094561345817,1.23152942265076,0.237084100539748
"pre_covid","cheia","famidas","estendido","sa","principal","vespera",16,0.717061648690846,0.853823199786795,-1.25581867333991,0.228391254919007,0.315539647647823,0.756699467291779
"pre_covid","cheia","famidas","estendido","sa","trimestre","m1",14,1.02856898535778,1.24710326029356,0.931637051593795,0.368503789329194,1.0373360242065,0.3184900716105
"pre_covid","cheia","famidas","estendido","sa","trimestre","m2",14,1.77539013235303,1.93715393158828,1.38051690502411,0.190703314765028,1.65534946614567,0.12178080618604
"pre_covid","cheia","famidas","estendido","sa","trimestre","m3",16,1.20790414532539,1.43828160978961,0.864185586246301,0.401094561345817,1.23152942265076,0.237084100539748
"pre_covid","cheia","famidas","estendido","sa","trimestre","vespera",16,0.598042755202054,0.712104433123963,-1.49909352105943,0.154599338745517,-0.480714697750886,0.637655389664228
"pre_covid","cheia","focus","nenhum","nsa","principal","m1",20,1.11626096910116,0.936026945185801,-0.413191734145092,0.684092061442525,NA,NA
"pre_covid","cheia","focus","nenhum","nsa","principal","m2",20,0.943813285475942,0.821216003609539,-1.06890397964775,0.298505682628707,NA,NA
"pre_covid","cheia","focus","nenhum","nsa","principal","m3",20,0.711905983224937,0.695919921501686,-1.33334452518084,0.19818539132393,NA,NA
"pre_covid","cheia","focus","nenhum","nsa","principal","vespera",20,0.660335707517509,0.645507671755509,-1.59248048722122,0.127777354382762,NA,NA
"pre_covid","cheia","lasso","core","nsa","1","m1",20,1.33021211752978,1.11543305668309,0.424395789880881,0.676043912307097,0.699982052551186,0.492421044209991
"pre_covid","cheia","lasso","core","nsa","1","m2",20,1.14925850593413,0.999974774546185,-0.0000906303696216079,0.999928632244171,0.684252188563138,0.502077433371792
"pre_covid","cheia","lasso","core","nsa","1","m3",20,1.1158195400188,1.09076347860189,0.334742886732608,0.741486202816926,1.28970842639894,0.212630435280593
"pre_covid","cheia","lasso","core","nsa","1","vespera",20,1.098967752276,1.07429010279177,0.622477082229531,0.541027598626254,1.46483690624788,0.159317229435266
"pre_covid","cheia","lasso","core","sa","esperar","m1",20,0.913631620735667,0.766114590274508,-1.37068126762677,0.186451006578801,-1.21025549503238,0.241022644043781
"pre_covid","cheia","lasso","core","sa","esperar","m2",20,0.89165531062343,0.775833125106036,-1.35981296047207,0.189808176492201,-0.342604650429635,0.735657009950227
"pre_covid","cheia","lasso","core","sa","esperar","m3",20,0.768811198146347,0.751547312806574,-1.72066912943812,0.101555898055708,0.412105379757597,0.684874502275772
"pre_covid","cheia","lasso","core","sa","esperar","vespera",20,0.955301579210805,0.933849996600974,-0.843707828670438,0.409329887502067,1.44965667377541,0.163460799549568
"pre_covid","cheia","lasso","core","sa","principal","m1",20,0.921835889599595,0.772994179308575,-1.55483792743713,0.136484275921143,-1.04315221345001,0.309969556441967
"pre_covid","cheia","lasso","core","sa","principal","m2",20,0.787430286781422,0.685146483083953,-2.15941800285798,0.0438114643315329,-0.87354919984871,0.393271005794765
"pre_covid","cheia","lasso","core","sa","principal","m3",20,0.845751204673264,0.826759608480782,-1.96044362934358,0.0647735991522566,0.670246149149554,0.510765980339866
"pre_covid","cheia","lasso","core","sa","principal","vespera",20,1.08751783881304,1.06309730055931,0.433788775873011,0.669327338441913,1.26966187042887,0.219536309511006
"pre_covid","cheia","lasso","core","sa","trimestre","m1",20,0.921835889599595,0.772994179308575,-1.55483792743713,0.136484275921143,-1.04315221345001,0.309969556441967
"pre_covid","cheia","lasso","core","sa","trimestre","m2",20,0.787430286781422,0.685146483083953,-2.15941800285798,0.0438114643315334,-0.873549199848705,0.393271005794767
"pre_covid","cheia","lasso","core","sa","trimestre","m3",20,0.845751204673264,0.826759608480782,-1.96044362934358,0.0647735991522566,0.670246149149554,0.510765980339866
"pre_covid","cheia","lasso","core","sa","trimestre","vespera",20,0.949748277116145,0.928421395565365,-0.898157696174106,0.380342590422374,1.02863991406759,0.316566775439996
"pre_covid","cheia","lasso","estendido","nsa","1","m1",14,1.754908568446,2.12776413481381,1.64843595765002,0.123206546339503,1.6714663649628,0.118512974124009
"pre_covid","cheia","lasso","estendido","nsa","1","m2",14,1.51273902083861,1.65057149315158,1.38778485994183,0.188530252417438,1.8579582959372,0.0859639278977184
"pre_covid","cheia","lasso","estendido","nsa","1","m3",16,1.2628827310187,1.50374598379722,1.21681522047129,0.242474240698402,1.96027248118805,0.0688096731283274
"pre_covid","cheia","lasso","estendido","nsa","1","vespera",16,1.26571184390992,1.50711467911895,1.71888677165298,0.106197789139501,3.1014781172042,0.00729517052797186
"pre_covid","cheia","lasso","estendido","sa","esperar","m1",14,0.888112921948393,1.07680528602116,0.301560448145637,0.76775691336201,0.542523677899133,0.596636252323438
"pre_covid","cheia","lasso","estendido","sa","esperar","m2",14,0.888993776527615,0.969994007500515,-0.321287277984431,0.753099704278999,1.42478896581498,0.177781172981069
"pre_covid","cheia","lasso","estendido","sa","esperar","m3",16,0.67781393018203,0.807089961908699,-1.75317373441197,0.0999782049310855,-0.265613589883448,0.794152686228442
"pre_covid","cheia","lasso","estendido","sa","esperar","vespera",16,0.693972928254721,0.82633088417105,-1.62596312344643,0.124777751140786,0.166697681876167,0.86983426596147
"pre_covid","cheia","lasso","estendido","sa","principal","m1",14,0.994354014387804,1.20561882662413,1.30891933818225,0.213227658353261,1.27209513631253,0.225623988263721
"pre_covid","cheia","lasso","estendido","sa","principal","m2",14,0.996707958614636,1.08752251434264,0.640666709272406,0.532870450291807,2.21362863711666,0.0453472954058061
"pre_covid","cheia","lasso","estendido","sa","principal","m3",16,0.696026404375802,0.828776009434113,-2.36632176261457,0.0318504486301865,-0.143563196166637,0.887756301051136
"pre_covid","cheia","lasso","estendido","sa","principal","vespera",16,0.761936668917413,0.907257006252804,-1.21298537837902,0.243892669776474,0.601182896228874,0.556694908374511
"pre_covid","cheia","lasso","estendido","sa","trimestre","m1",14,0.994354014387804,1.20561882662413,1.30891933818225,0.213227658353261,1.27209513631253,0.225623988263721
"pre_covid","cheia","lasso","estendido","sa","trimestre","m2",14,0.996707958614636,1.08752251434264,0.640666709272403,0.532870450291809,2.21362863711666,0.0453472954058058
"pre_covid","cheia","lasso","estendido","sa","trimestre","m3",16,0.696026404375802,0.828776009434113,-2.36632176261457,0.0318504486301865,-0.143563196166637,0.887756301051136
"pre_covid","cheia","lasso","estendido","sa","trimestre","vespera",16,0.786399380149592,0.93638536699815,-0.48987031859195,0.63131277726425,0.720672269626145,0.482192349167267
"pre_covid","cheia","mfbvar","core","sa","principal","m1",9,0.608209072706009,0.973081293812631,-0.271518348211797,0.792867424363022,0.0309243092165221,0.97608748744803
"pre_covid","cheia","mfbvar","core","sa","principal","m2",9,0.623587279632545,0.771712762415171,-1.49875732210979,0.172318621439139,1.95287755250993,0.0866062437827367
"pre_covid","cheia","mfbvar","core","sa","principal","m3",10,0.548842291088144,0.678148048572474,-3.03863440577828,0.0140489237263573,0.522705614474195,0.613801351165105
"pre_covid","cheia","mfbvar","core","sa","principal","vespera",10,0.535184821735062,0.661272916425007,-2.11036450237239,0.0640318661959517,0.0714867396182546,0.944573748328028
"pre_covid","cheia","mfbvar","core","sa","trimestre","m1",9,0.608209072706009,0.973081293812631,-0.271518348211797,0.792867424363022,0.0309243092165221,0.97608748744803
"pre_covid","cheia","mfbvar","core","sa","trimestre","m2",9,0.623587279632545,0.771712762415171,-1.49875732210979,0.172318621439139,1.95287755250993,0.0866062437827367
"pre_covid","cheia","mfbvar","core","sa","trimestre","m3",10,0.548842291088144,0.678148048572474,-3.03863440577828,0.0140489237263573,0.522705614474195,0.613801351165105
"pre_covid","cheia","mfbvar","core","sa","trimestre","vespera",10,0.498165375062377,0.615531788366998,-2.6259396996035,0.0275413941638988,-0.181069728893577,0.860324875414143
"pre_covid","cheia","rf","core","nsa","2","m1",20,1.86371404622647,1.56279455582322,1.61042222969518,0.123794318429449,2.12164316622626,0.0472411630450624
"pre_covid","cheia","rf","core","nsa","2","m2",20,2.0144008892939,1.75273888747946,2.10772643427563,0.048564986728578,2.77754205167615,0.0119958216495013
"pre_covid","cheia","rf","core","nsa","2","m3",20,1.83855726281843,1.79727190972728,2.15293414716044,0.0443835413105685,3.27062348541643,0.00402277866879408
"pre_covid","cheia","rf","core","nsa","2","vespera",20,1.88454763502502,1.84222955437419,2.17665074082294,0.0423235359862483,3.17067917142472,0.00503419947420432
"pre_covid","cheia","rf","core","nsa","3","m1",20,1.57302362483938,1.31903966816031,1.16424586750377,0.258735769528354,1.83140398648789,0.0827673180426274
"pre_covid","cheia","rf","core","nsa","3","m2",20,1.49282246082373,1.29891125102993,1.17928910745496,0.252839878504992,2.2168661076803,0.0390291395218432
"pre_covid","cheia","rf","core","nsa","3","m3",20,1.43208862767241,1.39993064932332,1.10846909990923,0.281494043917746,1.98930772637543,0.0612597896334033
"pre_covid","cheia","rf","core","nsa","3","vespera",20,1.26875589219354,1.24026559925842,0.841025482293846,0.410793766175125,2.27742273470973,0.0345101992283613
"pre_covid","cheia","rf","core","sa","esperar","m1",20,0.963474609603158,0.807909817286821,-2.07304445971071,0.0520116006111587,-0.78732047718203,0.440805741330028
"pre_covid","cheia","rf","core","sa","esperar","m2",20,0.854365935085366,0.743387478887969,-2.22331348496034,0.0385233839904898,-0.484181677502413,0.633790987617111
"pre_covid","cheia","rf","core","sa","esperar","m3",20,0.824976578730721,0.806451482975684,-2.33499447781517,0.0306662619823234,0.594022311607284,0.559504181463093
"pre_covid","cheia","rf","core","sa","esperar","vespera",20,0.838529353787562,0.819699926416153,-2.34401412879067,0.0301012770189634,0.963252685673385,0.347521121387182
"pre_covid","cheia","rf","core","sa","principal","m1",20,1.00772820733484,0.845018128913645,-1.60506442537376,0.124972640133244,-0.535127808291964,0.598769449927197
"pre_covid","cheia","rf","core","sa","principal","m2",20,0.935734262422185,0.814186410863417,-1.68338560934868,0.108659838480702,-0.0401440073887239,0.968397150403542
"pre_covid","cheia","rf","core","sa","principal","m3",20,0.890933943959386,0.870927755845956,-1.83576326324459,0.0820942369281375,0.879107453183599,0.390326001571855
"pre_covid","cheia","rf","core","sa","principal","vespera",20,0.85656305670166,0.837328677138983,-2.61850776825174,0.016903572087958,0.920116840177509,0.369046927177224
"pre_covid","cheia","rf","core","sa","trimestre","m1",20,1.00772820733484,0.845018128913645,-1.60506442537376,0.124972640133244,-0.535127808291964,0.598769449927197
"pre_covid","cheia","rf","core","sa","trimestre","m2",20,0.935734262422185,0.814186410863416,-1.68338560934869,0.108659838480701,-0.0401440073887265,0.96839715040354
"pre_covid","cheia","rf","core","sa","trimestre","m3",20,0.890933943959386,0.870927755845956,-1.83576326324459,0.0820942369281375,0.879107453183599,0.390326001571855
"pre_covid","cheia","rf","core","sa","trimestre","vespera",20,0.885847877371639,0.865955898404243,-2.12265209703379,0.0471464742949548,1.04195841208941,0.31050852388651
"pre_covid","cheia","rf","estendido","nsa","2","m1",14,1.79691690672079,2.17869774876463,2.41058950281545,0.0314550263884598,2.58536742958104,0.0226252474590246
"pre_covid","cheia","rf","estendido","nsa","2","m2",14,1.77218179925462,1.93365327279664,2.37673861723998,0.0335115148751575,2.99232030136628,0.0103912231191261
"pre_covid","cheia","rf","estendido","nsa","2","m3",16,1.91500091179997,2.28023937564206,2.75725426362838,0.0146705057057699,3.63812143978717,0.00242825367349302
"pre_covid","cheia","rf","estendido","nsa","2","vespera",16,1.91094174701958,2.27540602683923,2.57433881562187,0.0211512673952184,3.25927790671147,0.00528192296481235
"pre_covid","cheia","rf","estendido","nsa","3","m1",14,1.14411391710817,1.38719737468705,1.31138264193983,0.212418400147811,1.64949308272109,0.122987601026173
"pre_covid","cheia","rf","estendido","nsa","3","m2",14,1.11671744935075,1.21846661083778,0.815705921851736,0.429361211228532,2.05168753480078,0.0609110144884596
"pre_covid","cheia","rf","estendido","nsa","3","m3",16,1.29444933241873,1.54133312384714,1.24114413234712,0.233612730399469,2.04427462930851,0.0588936920053792
"pre_covid","cheia","rf","estendido","nsa","3","vespera",16,1.33986491837614,1.59541059541899,1.37304857499995,0.189915915615211,2.19167315924256,0.0445983140639466
"pre_covid","cheia","rf","estendido","sa","esperar","m1",14,0.829450481146356,1.00567916592378,0.146963756758696,0.885415330928967,0.383050194784521,0.707872853137575
"pre_covid","cheia","rf","estendido","sa","esperar","m2",14,0.778457377655558,0.849386138978219,-2.20149592898401,0.046369943299971,1.34366651085214,0.202040269691822
"pre_covid","cheia","rf","estendido","sa","esperar","m3",16,0.684414325638643,0.814949217495596,-1.95843696755816,0.069042331737052,-0.234359393341132,0.81787479372613
"pre_covid","cheia","rf","estendido","sa","esperar","vespera",16,0.711095904565553,0.846719639378194,-1.95178634244008,0.0698912974396843,0.270006977653983,0.79083425100671
"pre_covid","cheia","rf","estendido","sa","principal","m1",14,0.847276548770097,1.02729263800806,0.526127077465673,0.607659363492624,0.553358639984758,0.589408394122197
"pre_covid","cheia","rf","estendido","sa","principal","m2",14,0.828832180349573,0.904350817058501,-1.50000493400292,0.157503027418434,1.71957857682423,0.10921114969116
"pre_covid","cheia","rf","estendido","sa","principal","m3",16,0.718473459331423,0.855504277949086,-1.65777478652863,0.118123428452861,-0.0251550047960657,0.980262928897231
"pre_covid","cheia","rf","estendido","sa","principal","vespera",16,0.692082864151764,0.82408033767601,-2.34935415348256,0.0329194791269867,0.149616285333414,0.883060498361099
"pre_covid","cheia","rf","estendido","sa","trimestre","m1",14,0.847276548770097,1.02729263800806,0.526127077465673,0.607659363492624,0.553358639984758,0.589408394122197
"pre_covid","cheia","rf","estendido","sa","trimestre","m2",14,0.82883218034957,0.904350817058498,-1.50000493400296,0.157503027418423,1.71957857682422,0.109211149691162
"pre_covid","cheia","rf","estendido","sa","trimestre","m3",16,0.718473459331423,0.855504277949086,-1.65777478652863,0.118123428452861,-0.0251550047960657,0.980262928897231
"pre_covid","cheia","rf","estendido","sa","trimestre","vespera",16,0.721628120465146,0.859260611687414,-1.64337969173305,0.12109567185456,0.323513472545731,0.750772879043599
"pre_covid","cheia","ridge","core","nsa","1","m1",20,1.10910603446707,0.930027262500542,-0.298374309525374,0.768656048301575,-0.0271219475335299,0.978645317530109
"pre_covid","cheia","ridge","core","nsa","1","m2",20,1.06130967504804,0.923450118097866,-0.309562770244902,0.760262840297887,0.428870651230946,0.67284058647032
"pre_covid","cheia","ridge","core","nsa","1","m3",20,0.956057321997868,0.934588768957776,-0.313531559195237,0.757292839668399,0.932397315186048,0.362829156148144
"pre_covid","cheia","ridge","core","nsa","1","vespera",20,0.98814334891177,0.965954294543151,-0.228183533421515,0.821941324089402,1.28440436211889,0.214440954351884
"pre_covid","cheia","ridge","core","sa","esperar","m1",20,0.924326245331428,0.775082436564376,-2.1573911761508,0.0439895670097352,-1.01584596279363,0.322464887476168
"pre_covid","cheia","ridge","core","sa","esperar","m2",20,0.851079917733509,0.740528301041025,-2.06448411587479,0.0528956350815561,-0.521718967896139,0.607894937726616
"pre_covid","cheia","ridge","core","sa","esperar","m3",20,0.783804658681941,0.766204090702585,-2.2902356758773,0.0336180849461653,0.398790513434659,0.694493921140751
"pre_covid","cheia","ridge","core","sa","esperar","vespera",20,0.94098513103493,0.919855028549708,-0.97454646556114,0.342030508163289,1.26044273789281,0.222770070220612
"pre_covid","cheia","ridge","core","sa","principal","m1",20,0.901654208594004,0.756071078220852,-2.12632050909611,0.0468036425783268,-1.11372410552808,0.279289061016
"pre_covid","cheia","ridge","core","sa","principal","m2",20,0.864594946033432,0.752287785358451,-2.08950651412838,0.0503489689838369,-0.401817813358317,0.692302078432231
"pre_covid","cheia","ridge","core","sa","principal","m3",20,0.832548808875838,0.813853676428689,-2.19914150208279,0.0404510512272834,0.660044069991909,0.517147869505001
"pre_covid","cheia","ridge","core","sa","principal","vespera",20,0.859968776534165,0.840657920514291,-2.73339879660214,0.0132012957097513,0.895232904436391,0.381864245977453
"pre_covid","cheia","ridge","core","sa","trimestre","m1",20,0.901654208594004,0.756071078220852,-2.12632050909611,0.0468036425783268,-1.11372410552808,0.279289061016
"pre_covid","cheia","ridge","core","sa","trimestre","m2",20,0.864594946033431,0.75228778535845,-2.08950651412838,0.0503489689838363,-0.40181781335832,0.692302078432228
"pre_covid","cheia","ridge","core","sa","trimestre","m3",20,0.832548808875838,0.813853676428689,-2.19914150208279,0.0404510512272834,0.660044069991909,0.517147869505001
"pre_covid","cheia","ridge","core","sa","trimestre","vespera",20,0.846619789013992,0.827608688500419,-2.8274485751998,0.010759824708278,0.869856330506144,0.395235669921955
"pre_covid","cheia","ridge","estendido","nsa","1","m1",14,1.66369063664682,2.0171656414085,1.23082775074455,0.240192444460305,1.26013960588334,0.229770328569115
"pre_covid","cheia","ridge","estendido","nsa","1","m2",14,1.63538165720056,1.78438865304196,1.1954844345656,0.253250364956978,1.50629561013453,0.155899324895663
"pre_covid","cheia","ridge","estendido","nsa","1","m3",16,1.29983470196273,1.54774561775821,1.15645967976881,0.26558005242884,1.90881156399049,0.0756081158756125
"pre_covid","cheia","ridge","estendido","nsa","1","vespera",16,1.07685202238497,1.28223457652248,0.697230128362412,0.496323946498638,1.53274441515936,0.14615645155449
"pre_covid","cheia","ridge","estendido","sa","esperar","m1",14,0.775286656404158,0.940007457572137,-1.17246355277045,0.262048908546803,-0.185248195414842,0.855893330389839
"pre_covid","cheia","ridge","estendido","sa","esperar","m2",14,0.856701497398993,0.934759433232014,-0.930370234137784,0.36913487341593,1.64509237198308,0.123901290385329
"pre_covid","cheia","ridge","estendido","sa","esperar","m3",16,0.689378192502626,0.820859817646727,-1.74907236483669,0.100704959167189,-0.187803311690407,0.853547767235558
"pre_covid","cheia","ridge","estendido","sa","esperar","vespera",16,0.703714653688544,0.837930599755528,-1.6053142922166,0.129267402728577,0.246036406847785,0.808988951622733
"pre_covid","cheia","ridge","estendido","sa","principal","m1",14,0.873243788579309,1.05877699140379,0.786991671756927,0.445397786999824,0.776556024211961,0.451319542007553
"pre_covid","cheia","ridge","estendido","sa","principal","m2",14,0.883863634695179,0.964396435316683,-0.525125762559162,0.608335812429398,1.80561423833367,0.0941774292018609
"pre_covid","cheia","ridge","estendido","sa","principal","m3",16,0.767544820171769,0.913934771906043,-1.16311388012209,0.262953224177973,0.259963278795218,0.798426545738139
"pre_covid","cheia","ridge","estendido","sa","principal","vespera",16,0.721237685090183,0.858795710542903,-1.6458415670538,0.120582826745375,0.348172879665484,0.732548512398094
"pre_covid","cheia","ridge","estendido","sa","trimestre","m1",14,0.873243788579309,1.05877699140379,0.786991671756927,0.445397786999824,0.776556024211961,0.451319542007553
"pre_covid","cheia","ridge","estendido","sa","trimestre","m2",14,0.883863634695181,0.964396435316685,-0.525125762559138,0.608335812429413,1.80561423833368,0.0941774292018595
"pre_covid","cheia","ridge","estendido","sa","trimestre","m3",16,0.767544820171769,0.913934771906043,-1.16311388012209,0.262953224177973,0.259963278795218,0.798426545738139
"pre_covid","cheia","ridge","estendido","sa","trimestre","vespera",16,0.726389611476257,0.864930237860121,-1.50813224051606,0.152292335398971,0.393657967525724,0.699372670067118
"pre_covid","cheia","sarima","core","nsa","1","m1",20,1.46536565239553,1.2287643957456,1.38190526494122,0.18303388799659,1.39655756752992,0.178648690087348
"pre_covid","cheia","sarima","core","nsa","1","m2",20,1.45921081293419,1.26966561147458,1.46917708606488,0.15814844194258,1.97854150499945,0.0625500104553163
"pre_covid","cheia","sarima","core","nsa","1","m3",20,1.34447107715726,1.31428057710387,1.54407553892105,0.13906280762901,1.89838391830657,0.0729421752060555
"pre_covid","cheia","sarima","core","nsa","1","vespera",20,1.34447107715726,1.31428057710387,1.54407553892105,0.13906280762901,1.9859612061228,0.0616582642251498
"pre_covid","cheia","sarima","core","sa","principal","m1",20,1.19255217474491,1,NA,NA,0.413191734145092,0.684092061442525
"pre_covid","cheia","sarima","core","sa","principal","m2",20,1.14928749723282,1,NA,NA,1.06890397964775,0.298505682628707
"pre_covid","cheia","sarima","core","sa","principal","m3",20,1.02297112243713,1,NA,NA,1.33334452518084,0.19818539132393
"pre_covid","cheia","sarima","core","sa","principal","vespera",20,1.02297112243713,1,NA,NA,1.59248048722122,0.127777354382762
"pre_covid","sem_covid","combo_igual","core","sa","principal","m1",20,0.847266362430392,0.71046481686357,-2.11782105146539,0.0476014388646011,-1.50035081927297,0.149958342307412
"pre_covid","sem_covid","combo_igual","core","sa","principal","m2",20,0.784360339415423,0.682475308662069,-2.23021214708579,0.0379888929283728,-0.880261768111966,0.38971621571165
"pre_covid","sem_covid","combo_igual","core","sa","principal","m3",20,0.688802103626742,0.673334846428255,-2.34801206933355,0.0298539502268388,-0.14100670044992,0.889348906903785
"pre_covid","sem_covid","combo_igual","core","sa","principal","vespera",20,0.728389715088269,0.712033506237158,-3.00821322283062,0.00722902134326443,0.345407166944505,0.7335830014665
"pre_covid","sem_covid","combo_igual","estendido","sa","principal","m1",14,0.755345078251612,0.915829004319641,-0.887653156125254,0.390854763997932,-0.319205379599805,0.754641996882493
"pre_covid","sem_covid","combo_igual","estendido","sa","principal","m2",14,0.778023985091855,0.848913258064103,-1.40553465605553,0.183308974409673,1.27499885618353,0.224626004468245
"pre_covid","sem_covid","combo_igual","estendido","sa","principal","m3",16,0.596314192586303,0.710046190480102,-2.34165046726388,0.0334159274783515,-0.660777843469648,0.518775137448835
"pre_covid","sem_covid","combo_igual","estendido","sa","principal","vespera",16,0.551496429708712,0.656680561768408,-2.77775715859436,0.0140771155540806,-0.754654440565547,0.462140926950586
"pre_covid","sem_covid","combo_rmse","core","sa","qoq_sa","m1",11,0.624205964877758,0.812374899081642,-1.19073364770225,0.261255579493322,-0.744421149140665,0.473752121014032
"pre_covid","sem_covid","combo_rmse","core","sa","qoq_sa","m2",11,0.679209296585688,0.757020024277879,-1.83968342080708,0.095648178583883,0.970917199538348,0.354487434724821
"pre_covid","sem_covid","combo_rmse","core","sa","qoq_sa","m3",12,0.588028947212629,0.618782526057085,-2.40357559723162,0.0350103321837005,0.462926308436687,0.6524408039793
"pre_covid","sem_covid","combo_rmse","core","sa","qoq_sa","vespera",12,0.553258180858153,0.582193268436774,-2.70203276241156,0.0205818485907271,0.108188144130876,0.915794644083536
"pre_covid","sem_covid","combo_rmse","estendido","sa","qoq_sa","m1",5,0.445135825356985,0.795358610704388,-1.0024357903593,0.372856493672277,-1.028521352731,0.361829972484477
"pre_covid","sem_covid","combo_rmse","estendido","sa","qoq_sa","m2",6,0.723259062517886,0.807612234073733,-0.882957746884507,0.417683108969532,2.3935641289354,0.0621131890475414
"pre_covid","sem_covid","combo_rmse","estendido","sa","qoq_sa","m3",8,0.548325619937824,0.643864863541354,-2.09267539291943,0.0746744602909495,1.34536567634611,0.220455723391642
"pre_covid","sem_covid","combo_rmse","estendido","sa","qoq_sa","vespera",8,0.456392291500529,0.535913241700498,-2.30825081221951,0.0543266145017406,-0.27508035363603,0.791196898669662
"pre_covid","sem_covid","dfm_4a","core","sa","principal","m1",20,0.84420517119067,0.707897892493677,-1.8923465808431,0.0737835426646869,-1.4143674676932,0.173432604768224
"pre_covid","sem_covid","dfm_4a","core","sa","principal","m2",20,0.751191037862852,0.653614556559193,-2.19473068494591,0.0408121921654585,-1.04962329234594,0.307059665286385
"pre_covid","sem_covid","dfm_4a","core","sa","principal","m3",20,0.639388233013939,0.625030579055507,-2.24764817383225,0.0366682094172025,-0.415312670749187,0.682565524849008
"pre_covid","sem_covid","dfm_4a","core","sa","principal","vespera",20,0.562081204306965,0.549459502794041,-2.7414782346779,0.0129723432353522,-0.655863921153908,0.519775588662772
"pre_covid","sem_covid","dfm_4a","core","sa","trimestre","m1",20,0.84420517119067,0.707897892493677,-1.8923465808431,0.0737835426646869,-1.4143674676932,0.173432604768224
"pre_covid","sem_covid","dfm_4a","core","sa","trimestre","m2",20,0.751191037862852,0.653614556559193,-2.19473068494591,0.0408121921654585,-1.04962329234594,0.307059665286385
"pre_covid","sem_covid","dfm_4a","core","sa","trimestre","m3",20,0.639388233013939,0.625030579055507,-2.24764817383225,0.0366682094172025,-0.415312670749187,0.682565524849008
"pre_covid","sem_covid","dfm_4a","core","sa","trimestre","vespera",20,0.554366826670835,0.541918353814437,-2.67789416636042,0.0148815119869634,-0.728265540449425,0.475331742377313
"pre_covid","sem_covid","dfm_4a","estendido","sa","principal","m1",20,0.778226417980593,0.652572218190001,-2.09062007289826,0.0502382570830428,-1.81824615005757,0.0848282828291145
"pre_covid","sem_covid","dfm_4a","estendido","sa","principal","m2",20,0.744584238536122,0.64786595201713,-2.26709114151318,0.0352453928465162,-1.04199290890271,0.310492940182562
"pre_covid","sem_covid","dfm_4a","estendido","sa","principal","m3",20,0.686695980416222,0.671276016844187,-1.94155087382124,0.0671697227597645,-0.149132938511784,0.88302028971137
"pre_covid","sem_covid","dfm_4a","estendido","sa","principal","vespera",20,0.562775024965136,0.55013774350187,-2.70317158340497,0.0140925168787876,-0.660632351610118,0.516778662214166
"pre_covid","sem_covid","dfm_4a","estendido","sa","trimestre","m1",20,0.778226417980593,0.652572218190001,-2.09062007289826,0.0502382570830428,-1.81824615005757,0.0848282828291145
"pre_covid","sem_covid","dfm_4a","estendido","sa","trimestre","m2",20,0.744584238536122,0.64786595201713,-2.26709114151318,0.0352453928465162,-1.04199290890271,0.310492940182562
"pre_covid","sem_covid","dfm_4a","estendido","sa","trimestre","m3",20,0.686695980416222,0.671276016844187,-1.94155087382124,0.0671697227597645,-0.149132938511784,0.88302028971137
"pre_covid","sem_covid","dfm_4a","estendido","sa","trimestre","vespera",20,0.560708910353167,0.54811802411131,-2.69087455882801,0.0144712418918821,-0.676121434272336,0.507110977823326
"pre_covid","sem_covid","dfm_4b","core","nsa","1","m1",20,1.55918566506144,1.30743601670506,1.45205591428731,0.162800124457653,1.67738226692899,0.109842544053003
"pre_covid","sem_covid","dfm_4b","core","nsa","1","m2",20,1.15774354178302,1.00735764077358,0.0403062255970493,0.96826951884992,1.13987766542064,0.268503797709529
"pre_covid","sem_covid","dfm_4b","core","nsa","1","m3",20,1.01628887803651,0.993467807395482,-0.0430591775113814,0.966103662489688,1.54790268983259,0.138141264459675
"pre_covid","sem_covid","dfm_4b","core","nsa","1","vespera",20,1.09600014338261,1.07138913244344,0.485155130873195,0.633113066238202,2.3060568281984,0.0325459099596263
"pre_covid","sem_covid","dfm_4b","core","sa","principal","m1",20,0.946096049524978,0.793337238873723,-1.29705561650113,0.210142234058289,-1.2089831703593,0.241499768027217
"pre_covid","sem_covid","dfm_4b","core","sa","principal","m2",20,0.852746173588332,0.741978117434952,-1.66170444766762,0.112983112568775,-0.627727726498254,0.537654493614466
"pre_covid","sem_covid","dfm_4b","core","sa","principal","m3",20,0.664212433788874,0.649297344979255,-1.96523795986529,0.0641777865111422,-0.323188733577907,0.750082238658612
"pre_covid","sem_covid","dfm_4b","core","sa","principal","vespera",20,0.56115862574961,0.548557641014054,-2.4792461955634,0.0227113461089484,-0.746365785417623,0.464582122597827
"pre_covid","sem_covid","dfm_4b","core","sa","trimestre","m1",20,0.946096049524978,0.793337238873723,-1.29705561650113,0.210142234058289,-1.2089831703593,0.241499768027217
"pre_covid","sem_covid","dfm_4b","core","sa","trimestre","m2",20,0.852746173588332,0.741978117434952,-1.66170444766762,0.112983112568775,-0.627727726498256,0.537654493614465
"pre_covid","sem_covid","dfm_4b","core","sa","trimestre","m3",20,0.664212433788874,0.649297344979255,-1.96523795986529,0.0641777865111422,-0.323188733577907,0.750082238658612
"pre_covid","sem_covid","dfm_4b","core","sa","trimestre","vespera",20,0.558197116942564,0.545662633772804,-2.49748577446911,0.0218559255547979,-0.76523128514203,0.453535011196701
"pre_covid","sem_covid","dfm_4b","estendido","nsa","1","m1",20,1.13242306118614,0.949579469282654,-0.262880928219818,0.79547182322658,0.102784660887088,0.919210971989266
"pre_covid","sem_covid","dfm_4b","estendido","nsa","1","m2",20,1.08099346148044,0.940577065428089,-0.293181030426711,0.77256192513984,0.690867419703764,0.498003268217422
"pre_covid","sem_covid","dfm_4b","estendido","nsa","1","m3",20,0.817431258544857,0.799075595210751,-1.05407797573109,0.305067890423091,0.656711477547999,0.519242198005403
"pre_covid","sem_covid","dfm_4b","estendido","nsa","1","vespera",20,0.942566276903233,0.921400669314754,-0.50662790843778,0.618244737760169,1.80337336731219,0.0872117073640094
"pre_covid","sem_covid","dfm_4b","estendido","sa","principal","m1",18,0.974338523006026,0.804120943867593,-1.32260948214257,0.203483148595763,-0.441244087920964,0.664596866164374
"pre_covid","sem_covid","dfm_4b","estendido","sa","principal","m2",18,0.883417903155271,0.758754218533332,-1.47439206917862,0.158654098983662,-0.0317609246807424,0.975032625273522
"pre_covid","sem_covid","dfm_4b","estendido","sa","principal","m3",18,0.863958852658907,0.813006585825044,-1.11584102342575,0.28001519079877,1.24650472622437,0.229482300733691
"pre_covid","sem_covid","dfm_4b","estendido","sa","principal","vespera",18,0.6747966439947,0.635000282677725,-2.64702281221253,0.0169451355383956,0.628425452272869,0.538077543228969
"pre_covid","sem_covid","dfm_4b","estendido","sa","trimestre","m1",18,0.974338523006026,0.804120943867593,-1.32260948214257,0.203483148595763,-0.441244087920964,0.664596866164374
"pre_covid","sem_covid","dfm_4b","estendido","sa","trimestre","m2",18,0.883417903155271,0.758754218533332,-1.47439206917862,0.158654098983662,-0.0317609246807424,0.975032625273522
"pre_covid","sem_covid","dfm_4b","estendido","sa","trimestre","m3",18,0.863958852658907,0.813006585825044,-1.11584102342575,0.28001519079877,1.24650472622437,0.229482300733691
"pre_covid","sem_covid","dfm_4b","estendido","sa","trimestre","vespera",18,0.672932979967536,0.633246528869674,-2.6430795972649,0.0170844996452693,0.62611995818038,0.539552858949813
"pre_covid","sem_covid","famidas","core","nsa","1","m1",20,1.44074884875441,1.20812227696671,0.834903172351083,0.414147554967773,1.27858259007433,0.216441989673912
"pre_covid","sem_covid","famidas","core","nsa","1","m2",20,1.40449860461926,1.22206028343728,0.652593531032278,0.521836595381082,1.19615025391835,0.246352343672365
"pre_covid","sem_covid","famidas","core","nsa","1","m3",20,1.42334024808036,1.3913787172109,1.07475577060398,0.295943811713281,1.76054493480678,0.094403720057321
"pre_covid","sem_covid","famidas","core","nsa","1","vespera",20,1.23873283214323,1.21091671599885,1.10865798914721,0.281414566084285,2.29371340870495,0.0333796443774519
"pre_covid","sem_covid","famidas","core","sa","principal","m1",20,0.82877308370638,0.694957504801548,-1.67939603839632,0.109444596121774,-1.45023365398271,0.163301718349173
"pre_covid","sem_covid","famidas","core","sa","principal","m2",20,1.00160034437531,0.871496772380196,-0.634995369976934,0.533004529537136,0.280814596174095,0.781887670580218
"pre_covid","sem_covid","famidas","core","sa","principal","m3",20,0.780327179093344,0.762804698957966,-1.15068242177262,0.264139397110713,0.413290567350937,0.684020895531911
"pre_covid","sem_covid","famidas","core","sa","principal","vespera",20,0.829749757073321,0.811117478171353,-1.18622506803669,0.25015576541633,0.811343430852286,0.427216065076703
"pre_covid","sem_covid","famidas","core","sa","trimestre","m1",20,0.82877308370638,0.694957504801548,-1.67939603839632,0.109444596121774,-1.45023365398271,0.163301718349173
"pre_covid","sem_covid","famidas","core","sa","trimestre","m2",20,1.00160034437531,0.871496772380196,-0.634995369976935,0.533004529537135,0.280814596174094,0.781887670580219
"pre_covid","sem_covid","famidas","core","sa","trimestre","m3",20,0.780327179093344,0.762804698957966,-1.15068242177262,0.264139397110713,0.413290567350937,0.684020895531911
"pre_covid","sem_covid","famidas","core","sa","trimestre","vespera",20,0.656088660466113,0.641355993415579,-2.3079706914184,0.032418375729529,-0.0275935422940476,0.978274101960181
"pre_covid","sem_covid","famidas","estendido","nsa","1","m1",12,3.0659426177505,3.53435540978392,1.33177111937322,0.209872685603254,1.34337488699138,0.206208307252828
"pre_covid","sem_covid","famidas","estendido","nsa","1","m2",13,1.37079679240621,1.45130403979801,1.82050289690641,0.0936971781971145,2.65229196819261,0.0210895790944033
"pre_covid","sem_covid","famidas","estendido","nsa","1","m3",14,2.40629099211446,2.68963186061497,1.18944279710396,0.255536926616512,1.33419921399308,0.205040031068613
"pre_covid","sem_covid","famidas","estendido","nsa","1","vespera",14,0.940102229423235,1.05079930763902,0.223316395625328,0.826760089567681,2.19629146632355,0.0468152328677544
"pre_covid","sem_covid","famidas","estendido","sa","principal","m1",14,1.02856898535778,1.24710326029356,0.931637051593795,0.368503789329194,1.0373360242065,0.3184900716105
"pre_covid","sem_covid","famidas","estendido","sa","principal","m2",14,1.77539013235303,1.93715393158828,1.38051690502411,0.190703314765028,1.65534946614567,0.12178080618604
"pre_covid","sem_covid","famidas","estendido","sa","principal","m3",16,1.20790414532539,1.43828160978961,0.864185586246301,0.401094561345817,1.23152942265076,0.237084100539748
"pre_covid","sem_covid","famidas","estendido","sa","principal","vespera",16,0.717061648690846,0.853823199786795,-1.25581867333991,0.228391254919007,0.315539647647823,0.756699467291779
"pre_covid","sem_covid","famidas","estendido","sa","trimestre","m1",14,1.02856898535778,1.24710326029356,0.931637051593795,0.368503789329194,1.0373360242065,0.3184900716105
"pre_covid","sem_covid","famidas","estendido","sa","trimestre","m2",14,1.77539013235303,1.93715393158828,1.38051690502411,0.190703314765028,1.65534946614567,0.12178080618604
"pre_covid","sem_covid","famidas","estendido","sa","trimestre","m3",16,1.20790414532539,1.43828160978961,0.864185586246301,0.401094561345817,1.23152942265076,0.237084100539748
"pre_covid","sem_covid","famidas","estendido","sa","trimestre","vespera",16,0.598042755202054,0.712104433123963,-1.49909352105943,0.154599338745517,-0.480714697750886,0.637655389664228
"pre_covid","sem_covid","focus","nenhum","nsa","principal","m1",20,1.11626096910116,0.936026945185801,-0.413191734145092,0.684092061442525,NA,NA
"pre_covid","sem_covid","focus","nenhum","nsa","principal","m2",20,0.943813285475942,0.821216003609539,-1.06890397964775,0.298505682628707,NA,NA
"pre_covid","sem_covid","focus","nenhum","nsa","principal","m3",20,0.711905983224937,0.695919921501686,-1.33334452518084,0.19818539132393,NA,NA
"pre_covid","sem_covid","focus","nenhum","nsa","principal","vespera",20,0.660335707517509,0.645507671755509,-1.59248048722122,0.127777354382762,NA,NA
"pre_covid","sem_covid","lasso","core","nsa","1","m1",20,1.33021211752978,1.11543305668309,0.424395789880881,0.676043912307097,0.699982052551186,0.492421044209991
"pre_covid","sem_covid","lasso","core","nsa","1","m2",20,1.14925850593413,0.999974774546185,-0.0000906303696216079,0.999928632244171,0.684252188563138,0.502077433371792
"pre_covid","sem_covid","lasso","core","nsa","1","m3",20,1.1158195400188,1.09076347860189,0.334742886732608,0.741486202816926,1.28970842639894,0.212630435280593
"pre_covid","sem_covid","lasso","core","nsa","1","vespera",20,1.098967752276,1.07429010279177,0.622477082229531,0.541027598626254,1.46483690624788,0.159317229435266
"pre_covid","sem_covid","lasso","core","sa","esperar","m1",20,0.913631620735667,0.766114590274508,-1.37068126762677,0.186451006578801,-1.21025549503238,0.241022644043781
"pre_covid","sem_covid","lasso","core","sa","esperar","m2",20,0.89165531062343,0.775833125106036,-1.35981296047207,0.189808176492201,-0.342604650429635,0.735657009950227
"pre_covid","sem_covid","lasso","core","sa","esperar","m3",20,0.768811198146347,0.751547312806574,-1.72066912943812,0.101555898055708,0.412105379757597,0.684874502275772
"pre_covid","sem_covid","lasso","core","sa","esperar","vespera",20,0.955301579210805,0.933849996600974,-0.843707828670438,0.409329887502067,1.44965667377541,0.163460799549568
"pre_covid","sem_covid","lasso","core","sa","principal","m1",20,0.921835889599595,0.772994179308575,-1.55483792743713,0.136484275921143,-1.04315221345001,0.309969556441967
"pre_covid","sem_covid","lasso","core","sa","principal","m2",20,0.787430286781422,0.685146483083953,-2.15941800285798,0.0438114643315329,-0.87354919984871,0.393271005794765
"pre_covid","sem_covid","lasso","core","sa","principal","m3",20,0.845751204673264,0.826759608480782,-1.96044362934358,0.0647735991522566,0.670246149149554,0.510765980339866
"pre_covid","sem_covid","lasso","core","sa","principal","vespera",20,1.08751783881304,1.06309730055931,0.433788775873011,0.669327338441913,1.26966187042887,0.219536309511006
"pre_covid","sem_covid","lasso","core","sa","trimestre","m1",20,0.921835889599595,0.772994179308575,-1.55483792743713,0.136484275921143,-1.04315221345001,0.309969556441967
"pre_covid","sem_covid","lasso","core","sa","trimestre","m2",20,0.787430286781422,0.685146483083953,-2.15941800285798,0.0438114643315334,-0.873549199848705,0.393271005794767
"pre_covid","sem_covid","lasso","core","sa","trimestre","m3",20,0.845751204673264,0.826759608480782,-1.96044362934358,0.0647735991522566,0.670246149149554,0.510765980339866
"pre_covid","sem_covid","lasso","core","sa","trimestre","vespera",20,0.949748277116145,0.928421395565365,-0.898157696174106,0.380342590422374,1.02863991406759,0.316566775439996
"pre_covid","sem_covid","lasso","estendido","nsa","1","m1",14,1.754908568446,2.12776413481381,1.64843595765002,0.123206546339503,1.6714663649628,0.118512974124009
"pre_covid","sem_covid","lasso","estendido","nsa","1","m2",14,1.51273902083861,1.65057149315158,1.38778485994183,0.188530252417438,1.8579582959372,0.0859639278977184
"pre_covid","sem_covid","lasso","estendido","nsa","1","m3",16,1.2628827310187,1.50374598379722,1.21681522047129,0.242474240698402,1.96027248118805,0.0688096731283274
"pre_covid","sem_covid","lasso","estendido","nsa","1","vespera",16,1.26571184390992,1.50711467911895,1.71888677165298,0.106197789139501,3.1014781172042,0.00729517052797186
"pre_covid","sem_covid","lasso","estendido","sa","esperar","m1",14,0.888112921948393,1.07680528602116,0.301560448145637,0.76775691336201,0.542523677899133,0.596636252323438
"pre_covid","sem_covid","lasso","estendido","sa","esperar","m2",14,0.888993776527615,0.969994007500515,-0.321287277984431,0.753099704278999,1.42478896581498,0.177781172981069
"pre_covid","sem_covid","lasso","estendido","sa","esperar","m3",16,0.67781393018203,0.807089961908699,-1.75317373441197,0.0999782049310855,-0.265613589883448,0.794152686228442
"pre_covid","sem_covid","lasso","estendido","sa","esperar","vespera",16,0.693972928254721,0.82633088417105,-1.62596312344643,0.124777751140786,0.166697681876167,0.86983426596147
"pre_covid","sem_covid","lasso","estendido","sa","principal","m1",14,0.994354014387804,1.20561882662413,1.30891933818225,0.213227658353261,1.27209513631253,0.225623988263721
"pre_covid","sem_covid","lasso","estendido","sa","principal","m2",14,0.996707958614636,1.08752251434264,0.640666709272406,0.532870450291807,2.21362863711666,0.0453472954058061
"pre_covid","sem_covid","lasso","estendido","sa","principal","m3",16,0.696026404375802,0.828776009434113,-2.36632176261457,0.0318504486301865,-0.143563196166637,0.887756301051136
"pre_covid","sem_covid","lasso","estendido","sa","principal","vespera",16,0.761936668917413,0.907257006252804,-1.21298537837902,0.243892669776474,0.601182896228874,0.556694908374511
"pre_covid","sem_covid","lasso","estendido","sa","trimestre","m1",14,0.994354014387804,1.20561882662413,1.30891933818225,0.213227658353261,1.27209513631253,0.225623988263721
"pre_covid","sem_covid","lasso","estendido","sa","trimestre","m2",14,0.996707958614636,1.08752251434264,0.640666709272403,0.532870450291809,2.21362863711666,0.0453472954058058
"pre_covid","sem_covid","lasso","estendido","sa","trimestre","m3",16,0.696026404375802,0.828776009434113,-2.36632176261457,0.0318504486301865,-0.143563196166637,0.887756301051136
"pre_covid","sem_covid","lasso","estendido","sa","trimestre","vespera",16,0.786399380149592,0.93638536699815,-0.48987031859195,0.63131277726425,0.720672269626145,0.482192349167267
"pre_covid","sem_covid","mfbvar","core","sa","principal","m1",9,0.608209072706009,0.973081293812631,-0.271518348211797,0.792867424363022,0.0309243092165221,0.97608748744803
"pre_covid","sem_covid","mfbvar","core","sa","principal","m2",9,0.623587279632545,0.771712762415171,-1.49875732210979,0.172318621439139,1.95287755250993,0.0866062437827367
"pre_covid","sem_covid","mfbvar","core","sa","principal","m3",10,0.548842291088144,0.678148048572474,-3.03863440577828,0.0140489237263573,0.522705614474195,0.613801351165105
"pre_covid","sem_covid","mfbvar","core","sa","principal","vespera",10,0.535184821735062,0.661272916425007,-2.11036450237239,0.0640318661959517,0.0714867396182546,0.944573748328028
"pre_covid","sem_covid","mfbvar","core","sa","trimestre","m1",9,0.608209072706009,0.973081293812631,-0.271518348211797,0.792867424363022,0.0309243092165221,0.97608748744803
"pre_covid","sem_covid","mfbvar","core","sa","trimestre","m2",9,0.623587279632545,0.771712762415171,-1.49875732210979,0.172318621439139,1.95287755250993,0.0866062437827367
"pre_covid","sem_covid","mfbvar","core","sa","trimestre","m3",10,0.548842291088144,0.678148048572474,-3.03863440577828,0.0140489237263573,0.522705614474195,0.613801351165105
"pre_covid","sem_covid","mfbvar","core","sa","trimestre","vespera",10,0.498165375062377,0.615531788366998,-2.6259396996035,0.0275413941638988,-0.181069728893577,0.860324875414143
"pre_covid","sem_covid","rf","core","nsa","2","m1",20,1.86371404622647,1.56279455582322,1.61042222969518,0.123794318429449,2.12164316622626,0.0472411630450624
"pre_covid","sem_covid","rf","core","nsa","2","m2",20,2.0144008892939,1.75273888747946,2.10772643427563,0.048564986728578,2.77754205167615,0.0119958216495013
"pre_covid","sem_covid","rf","core","nsa","2","m3",20,1.83855726281843,1.79727190972728,2.15293414716044,0.0443835413105685,3.27062348541643,0.00402277866879408
"pre_covid","sem_covid","rf","core","nsa","2","vespera",20,1.88454763502502,1.84222955437419,2.17665074082294,0.0423235359862483,3.17067917142472,0.00503419947420432
"pre_covid","sem_covid","rf","core","nsa","3","m1",20,1.57302362483938,1.31903966816031,1.16424586750377,0.258735769528354,1.83140398648789,0.0827673180426274
"pre_covid","sem_covid","rf","core","nsa","3","m2",20,1.49282246082373,1.29891125102993,1.17928910745496,0.252839878504992,2.2168661076803,0.0390291395218432
"pre_covid","sem_covid","rf","core","nsa","3","m3",20,1.43208862767241,1.39993064932332,1.10846909990923,0.281494043917746,1.98930772637543,0.0612597896334033
"pre_covid","sem_covid","rf","core","nsa","3","vespera",20,1.26875589219354,1.24026559925842,0.841025482293846,0.410793766175125,2.27742273470973,0.0345101992283613
"pre_covid","sem_covid","rf","core","sa","esperar","m1",20,0.963474609603158,0.807909817286821,-2.07304445971071,0.0520116006111587,-0.78732047718203,0.440805741330028
"pre_covid","sem_covid","rf","core","sa","esperar","m2",20,0.854365935085366,0.743387478887969,-2.22331348496034,0.0385233839904898,-0.484181677502413,0.633790987617111
"pre_covid","sem_covid","rf","core","sa","esperar","m3",20,0.824976578730721,0.806451482975684,-2.33499447781517,0.0306662619823234,0.594022311607284,0.559504181463093
"pre_covid","sem_covid","rf","core","sa","esperar","vespera",20,0.838529353787562,0.819699926416153,-2.34401412879067,0.0301012770189634,0.963252685673385,0.347521121387182
"pre_covid","sem_covid","rf","core","sa","principal","m1",20,1.00772820733484,0.845018128913645,-1.60506442537376,0.124972640133244,-0.535127808291964,0.598769449927197
"pre_covid","sem_covid","rf","core","sa","principal","m2",20,0.935734262422185,0.814186410863417,-1.68338560934868,0.108659838480702,-0.0401440073887239,0.968397150403542
"pre_covid","sem_covid","rf","core","sa","principal","m3",20,0.890933943959386,0.870927755845956,-1.83576326324459,0.0820942369281375,0.879107453183599,0.390326001571855
"pre_covid","sem_covid","rf","core","sa","principal","vespera",20,0.85656305670166,0.837328677138983,-2.61850776825174,0.016903572087958,0.920116840177509,0.369046927177224
"pre_covid","sem_covid","rf","core","sa","trimestre","m1",20,1.00772820733484,0.845018128913645,-1.60506442537376,0.124972640133244,-0.535127808291964,0.598769449927197
"pre_covid","sem_covid","rf","core","sa","trimestre","m2",20,0.935734262422185,0.814186410863416,-1.68338560934869,0.108659838480701,-0.0401440073887265,0.96839715040354
"pre_covid","sem_covid","rf","core","sa","trimestre","m3",20,0.890933943959386,0.870927755845956,-1.83576326324459,0.0820942369281375,0.879107453183599,0.390326001571855
"pre_covid","sem_covid","rf","core","sa","trimestre","vespera",20,0.885847877371639,0.865955898404243,-2.12265209703379,0.0471464742949548,1.04195841208941,0.31050852388651
"pre_covid","sem_covid","rf","estendido","nsa","2","m1",14,1.79691690672079,2.17869774876463,2.41058950281545,0.0314550263884598,2.58536742958104,0.0226252474590246
"pre_covid","sem_covid","rf","estendido","nsa","2","m2",14,1.77218179925462,1.93365327279664,2.37673861723998,0.0335115148751575,2.99232030136628,0.0103912231191261
"pre_covid","sem_covid","rf","estendido","nsa","2","m3",16,1.91500091179997,2.28023937564206,2.75725426362838,0.0146705057057699,3.63812143978717,0.00242825367349302
"pre_covid","sem_covid","rf","estendido","nsa","2","vespera",16,1.91094174701958,2.27540602683923,2.57433881562187,0.0211512673952184,3.25927790671147,0.00528192296481235
"pre_covid","sem_covid","rf","estendido","nsa","3","m1",14,1.14411391710817,1.38719737468705,1.31138264193983,0.212418400147811,1.64949308272109,0.122987601026173
"pre_covid","sem_covid","rf","estendido","nsa","3","m2",14,1.11671744935075,1.21846661083778,0.815705921851736,0.429361211228532,2.05168753480078,0.0609110144884596
"pre_covid","sem_covid","rf","estendido","nsa","3","m3",16,1.29444933241873,1.54133312384714,1.24114413234712,0.233612730399469,2.04427462930851,0.0588936920053792
"pre_covid","sem_covid","rf","estendido","nsa","3","vespera",16,1.33986491837614,1.59541059541899,1.37304857499995,0.189915915615211,2.19167315924256,0.0445983140639466
"pre_covid","sem_covid","rf","estendido","sa","esperar","m1",14,0.829450481146356,1.00567916592378,0.146963756758696,0.885415330928967,0.383050194784521,0.707872853137575
"pre_covid","sem_covid","rf","estendido","sa","esperar","m2",14,0.778457377655558,0.849386138978219,-2.20149592898401,0.046369943299971,1.34366651085214,0.202040269691822
"pre_covid","sem_covid","rf","estendido","sa","esperar","m3",16,0.684414325638643,0.814949217495596,-1.95843696755816,0.069042331737052,-0.234359393341132,0.81787479372613
"pre_covid","sem_covid","rf","estendido","sa","esperar","vespera",16,0.711095904565553,0.846719639378194,-1.95178634244008,0.0698912974396843,0.270006977653983,0.79083425100671
"pre_covid","sem_covid","rf","estendido","sa","principal","m1",14,0.847276548770097,1.02729263800806,0.526127077465673,0.607659363492624,0.553358639984758,0.589408394122197
"pre_covid","sem_covid","rf","estendido","sa","principal","m2",14,0.828832180349573,0.904350817058501,-1.50000493400292,0.157503027418434,1.71957857682423,0.10921114969116
"pre_covid","sem_covid","rf","estendido","sa","principal","m3",16,0.718473459331423,0.855504277949086,-1.65777478652863,0.118123428452861,-0.0251550047960657,0.980262928897231
"pre_covid","sem_covid","rf","estendido","sa","principal","vespera",16,0.692082864151764,0.82408033767601,-2.34935415348256,0.0329194791269867,0.149616285333414,0.883060498361099
"pre_covid","sem_covid","rf","estendido","sa","trimestre","m1",14,0.847276548770097,1.02729263800806,0.526127077465673,0.607659363492624,0.553358639984758,0.589408394122197
"pre_covid","sem_covid","rf","estendido","sa","trimestre","m2",14,0.82883218034957,0.904350817058498,-1.50000493400296,0.157503027418423,1.71957857682422,0.109211149691162
"pre_covid","sem_covid","rf","estendido","sa","trimestre","m3",16,0.718473459331423,0.855504277949086,-1.65777478652863,0.118123428452861,-0.0251550047960657,0.980262928897231
"pre_covid","sem_covid","rf","estendido","sa","trimestre","vespera",16,0.721628120465146,0.859260611687414,-1.64337969173305,0.12109567185456,0.323513472545731,0.750772879043599
"pre_covid","sem_covid","ridge","core","nsa","1","m1",20,1.10910603446707,0.930027262500542,-0.298374309525374,0.768656048301575,-0.0271219475335299,0.978645317530109
"pre_covid","sem_covid","ridge","core","nsa","1","m2",20,1.06130967504804,0.923450118097866,-0.309562770244902,0.760262840297887,0.428870651230946,0.67284058647032
"pre_covid","sem_covid","ridge","core","nsa","1","m3",20,0.956057321997868,0.934588768957776,-0.313531559195237,0.757292839668399,0.932397315186048,0.362829156148144
"pre_covid","sem_covid","ridge","core","nsa","1","vespera",20,0.98814334891177,0.965954294543151,-0.228183533421515,0.821941324089402,1.28440436211889,0.214440954351884
"pre_covid","sem_covid","ridge","core","sa","esperar","m1",20,0.924326245331428,0.775082436564376,-2.1573911761508,0.0439895670097352,-1.01584596279363,0.322464887476168
"pre_covid","sem_covid","ridge","core","sa","esperar","m2",20,0.851079917733509,0.740528301041025,-2.06448411587479,0.0528956350815561,-0.521718967896139,0.607894937726616
"pre_covid","sem_covid","ridge","core","sa","esperar","m3",20,0.783804658681941,0.766204090702585,-2.2902356758773,0.0336180849461653,0.398790513434659,0.694493921140751
"pre_covid","sem_covid","ridge","core","sa","esperar","vespera",20,0.94098513103493,0.919855028549708,-0.97454646556114,0.342030508163289,1.26044273789281,0.222770070220612
"pre_covid","sem_covid","ridge","core","sa","principal","m1",20,0.901654208594004,0.756071078220852,-2.12632050909611,0.0468036425783268,-1.11372410552808,0.279289061016
"pre_covid","sem_covid","ridge","core","sa","principal","m2",20,0.864594946033432,0.752287785358451,-2.08950651412838,0.0503489689838369,-0.401817813358317,0.692302078432231
"pre_covid","sem_covid","ridge","core","sa","principal","m3",20,0.832548808875838,0.813853676428689,-2.19914150208279,0.0404510512272834,0.660044069991909,0.517147869505001
"pre_covid","sem_covid","ridge","core","sa","principal","vespera",20,0.859968776534165,0.840657920514291,-2.73339879660214,0.0132012957097513,0.895232904436391,0.381864245977453
"pre_covid","sem_covid","ridge","core","sa","trimestre","m1",20,0.901654208594004,0.756071078220852,-2.12632050909611,0.0468036425783268,-1.11372410552808,0.279289061016
"pre_covid","sem_covid","ridge","core","sa","trimestre","m2",20,0.864594946033431,0.75228778535845,-2.08950651412838,0.0503489689838363,-0.40181781335832,0.692302078432228
"pre_covid","sem_covid","ridge","core","sa","trimestre","m3",20,0.832548808875838,0.813853676428689,-2.19914150208279,0.0404510512272834,0.660044069991909,0.517147869505001
"pre_covid","sem_covid","ridge","core","sa","trimestre","vespera",20,0.846619789013992,0.827608688500419,-2.8274485751998,0.010759824708278,0.869856330506144,0.395235669921955
"pre_covid","sem_covid","ridge","estendido","nsa","1","m1",14,1.66369063664682,2.0171656414085,1.23082775074455,0.240192444460305,1.26013960588334,0.229770328569115
"pre_covid","sem_covid","ridge","estendido","nsa","1","m2",14,1.63538165720056,1.78438865304196,1.1954844345656,0.253250364956978,1.50629561013453,0.155899324895663
"pre_covid","sem_covid","ridge","estendido","nsa","1","m3",16,1.29983470196273,1.54774561775821,1.15645967976881,0.26558005242884,1.90881156399049,0.0756081158756125
"pre_covid","sem_covid","ridge","estendido","nsa","1","vespera",16,1.07685202238497,1.28223457652248,0.697230128362412,0.496323946498638,1.53274441515936,0.14615645155449
"pre_covid","sem_covid","ridge","estendido","sa","esperar","m1",14,0.775286656404158,0.940007457572137,-1.17246355277045,0.262048908546803,-0.185248195414842,0.855893330389839
"pre_covid","sem_covid","ridge","estendido","sa","esperar","m2",14,0.856701497398993,0.934759433232014,-0.930370234137784,0.36913487341593,1.64509237198308,0.123901290385329
"pre_covid","sem_covid","ridge","estendido","sa","esperar","m3",16,0.689378192502626,0.820859817646727,-1.74907236483669,0.100704959167189,-0.187803311690407,0.853547767235558
"pre_covid","sem_covid","ridge","estendido","sa","esperar","vespera",16,0.703714653688544,0.837930599755528,-1.6053142922166,0.129267402728577,0.246036406847785,0.808988951622733
"pre_covid","sem_covid","ridge","estendido","sa","principal","m1",14,0.873243788579309,1.05877699140379,0.786991671756927,0.445397786999824,0.776556024211961,0.451319542007553
"pre_covid","sem_covid","ridge","estendido","sa","principal","m2",14,0.883863634695179,0.964396435316683,-0.525125762559162,0.608335812429398,1.80561423833367,0.0941774292018609
"pre_covid","sem_covid","ridge","estendido","sa","principal","m3",16,0.767544820171769,0.913934771906043,-1.16311388012209,0.262953224177973,0.259963278795218,0.798426545738139
"pre_covid","sem_covid","ridge","estendido","sa","principal","vespera",16,0.721237685090183,0.858795710542903,-1.6458415670538,0.120582826745375,0.348172879665484,0.732548512398094
"pre_covid","sem_covid","ridge","estendido","sa","trimestre","m1",14,0.873243788579309,1.05877699140379,0.786991671756927,0.445397786999824,0.776556024211961,0.451319542007553
"pre_covid","sem_covid","ridge","estendido","sa","trimestre","m2",14,0.883863634695181,0.964396435316685,-0.525125762559138,0.608335812429413,1.80561423833368,0.0941774292018595
"pre_covid","sem_covid","ridge","estendido","sa","trimestre","m3",16,0.767544820171769,0.913934771906043,-1.16311388012209,0.262953224177973,0.259963278795218,0.798426545738139
"pre_covid","sem_covid","ridge","estendido","sa","trimestre","vespera",16,0.726389611476257,0.864930237860121,-1.50813224051606,0.152292335398971,0.393657967525724,0.699372670067118
"pre_covid","sem_covid","sarima","core","nsa","1","m1",20,1.46536565239553,1.2287643957456,1.38190526494122,0.18303388799659,1.39655756752992,0.178648690087348
"pre_covid","sem_covid","sarima","core","nsa","1","m2",20,1.45921081293419,1.26966561147458,1.46917708606488,0.15814844194258,1.97854150499945,0.0625500104553163
"pre_covid","sem_covid","sarima","core","nsa","1","m3",20,1.34447107715726,1.31428057710387,1.54407553892105,0.13906280762901,1.89838391830657,0.0729421752060555
"pre_covid","sem_covid","sarima","core","nsa","1","vespera",20,1.34447107715726,1.31428057710387,1.54407553892105,0.13906280762901,1.9859612061228,0.0616582642251498
"pre_covid","sem_covid","sarima","core","sa","principal","m1",20,1.19255217474491,1,NA,NA,0.413191734145092,0.684092061442525
"pre_covid","sem_covid","sarima","core","sa","principal","m2",20,1.14928749723282,1,NA,NA,1.06890397964775,0.298505682628707
"pre_covid","sem_covid","sarima","core","sa","principal","m3",20,1.02297112243713,1,NA,NA,1.33334452518084,0.19818539132393
"pre_covid","sem_covid","sarima","core","sa","principal","vespera",20,1.02297112243713,1,NA,NA,1.59248048722122,0.127777354382762
"pos","cheia","combo_igual","core","sa","principal","m1",18,0.644543421352915,0.773643690958958,-2.35766291635212,0.0306342256149643,-0.63909705512335,0.531277506897376
"pos","cheia","combo_igual","core","sa","principal","m2",18,0.631002090496747,0.757390068880134,-2.07352990261723,0.0536326382908847,-0.71534230036033,0.484107280562369
"pos","cheia","combo_igual","core","sa","principal","m3",18,0.465940148712144,0.559266675407203,-3.84025388279153,0.0013111227639285,-2.2858227064253,0.0353731408769807
"pos","cheia","combo_igual","core","sa","principal","vespera",18,0.304773673939458,0.365819000244734,-4.01780259848843,0.00089212692669706,-2.32344518090929,0.0328122449107853
"pos","cheia","combo_igual","estendido","sa","principal","m1",18,0.741960867396517,0.890573582761703,-0.912075169224062,0.374482371783507,0.212788050525163,0.834022993630542
"pos","cheia","combo_igual","estendido","sa","principal","m2",18,0.546592082922122,0.656072969596375,-3.45645577950313,0.00301563023857364,-1.47587094780641,0.158260816063474
"pos","cheia","combo_igual","estendido","sa","principal","m3",18,0.555459333015859,0.666716305427459,-3.36454472224605,0.00367945126793026,-2.15980625787748,0.0453629942334665
"pos","cheia","combo_igual","estendido","sa","principal","vespera",18,0.427698137128276,0.513364894376938,-4.26336777167095,0.000524783921061165,-1.74097422140048,0.0997541525101452
"pos","cheia","combo_rmse","core","sa","qoq_sa","m1",18,0.644587078707957,0.773696092761805,-2.22242849457465,0.0401120376289303,-0.622394359961002,0.541941578028583
"pos","cheia","combo_rmse","core","sa","qoq_sa","m2",18,0.652786123145464,0.783537383186668,-1.79513890557723,0.0904303799336456,-0.58041224813913,0.569251173594121
"pos","cheia","combo_rmse","core","sa","qoq_sa","m3",18,0.463918436054251,0.556840019279943,-3.84700567980741,0.00129204900348463,-2.3071446766621,0.0338998309689696
"pos","cheia","combo_rmse","core","sa","qoq_sa","vespera",18,0.304900662686294,0.365971424487319,-4.0228363710807,0.000882452783956954,-2.31939180699873,0.0330796104774261
"pos","cheia","combo_rmse","estendido","sa","qoq_sa","m1",18,0.739295183811205,0.887373970106374,-0.954143754977903,0.353382402729459,0.187648516770492,0.853373694185515
"pos","cheia","combo_rmse","estendido","sa","qoq_sa","m2",18,0.55195921621277,0.662515124882253,-3.43982321430365,0.00312626623204263,-1.47626197174194,0.158156964394921
"pos","cheia","combo_rmse","estendido","sa","qoq_sa","m3",18,0.51326301851783,0.616068185515542,-3.89406022882557,0.00116663206340084,-2.27510011290788,0.0361363399756212
"pos","cheia","combo_rmse","estendido","sa","qoq_sa","vespera",18,0.401432002471745,0.481837725392341,-4.37215412065867,0.000415282529884829,-1.84294794069221,0.0828444497830449
"pos","cheia","dfm_4a","core","sa","principal","m1",18,0.677860776187325,0.813634420075358,-1.32414860474402,0.202982444134161,-0.306713676864288,0.762786265671553
"pos","cheia","dfm_4a","core","sa","principal","m2",18,0.665146216882962,0.798373169609878,-1.46784047374501,0.160406092631207,-0.52643976696584,0.605383896514362
"pos","cheia","dfm_4a","core","sa","principal","m3",18,0.456296542815622,0.547691481847274,-3.78767175502547,0.00146966055214936,-2.30582218057359,0.0339895258417554
"pos","cheia","dfm_4a","core","sa","principal","vespera",18,0.335725174469375,0.402970000964626,-4.02512205695588,0.000878095002907288,-2.21582311585201,0.0406382082518618
"pos","cheia","dfm_4a","core","sa","trimestre","m1",18,0.677860776187325,0.813634420075358,-1.32414860474402,0.202982444134161,-0.306713676864288,0.762786265671553
"pos","cheia","dfm_4a","core","sa","trimestre","m2",18,0.665146216882961,0.798373169609877,-1.46784047374503,0.160406092631203,-0.526439766965847,0.605383896514357
"pos","cheia","dfm_4a","core","sa","trimestre","m3",18,0.456296542815622,0.547691481847274,-3.78767175502547,0.00146966055214936,-2.30582218057359,0.0339895258417554
"pos","cheia","dfm_4a","core","sa","trimestre","vespera",18,0.33460119417485,0.401620890517115,-4.01591590374051,0.000895780331907163,-2.21932416525797,0.0403585334209606
"pos","cheia","dfm_4a","estendido","sa","principal","m1",18,0.720432214810239,0.86473280043976,-1.03742977709719,0.314067601811054,0.0283166669868104,0.97773935565454
"pos","cheia","dfm_4a","estendido","sa","principal","m2",18,0.577458670673572,0.693122049742468,-2.96169583031572,0.00873931675096769,-1.34213390121273,0.197203761998017
"pos","cheia","dfm_4a","estendido","sa","principal","m3",18,0.479223515804264,0.575210664291519,-4.13418286783868,0.000693520488207011,-2.25591446701988,0.0375401718606916
"pos","cheia","dfm_4a","estendido","sa","principal","vespera",18,0.387412749951581,0.465010455258361,-4.24002126905547,0.000551865546766272,-1.86601976617632,0.0793887065856266
"pos","cheia","dfm_4a","estendido","sa","trimestre","m1",18,0.720432214810239,0.86473280043976,-1.03742977709719,0.314067601811054,0.0283166669868104,0.97773935565454
"pos","cheia","dfm_4a","estendido","sa","trimestre","m2",18,0.577458670673572,0.693122049742468,-2.96169583031572,0.00873931675096769,-1.34213390121273,0.197203761998017
"pos","cheia","dfm_4a","estendido","sa","trimestre","m3",18,0.479223515804264,0.575210664291519,-4.13418286783868,0.000693520488207011,-2.25591446701988,0.0375401718606916
"pos","cheia","dfm_4a","estendido","sa","trimestre","vespera",18,0.385356270328126,0.462542068438228,-4.24289022204794,0.000548462781916201,-1.87274619429796,0.0784055335792841
"pos","cheia","dfm_4b","core","nsa","1","m1",18,1.09361637309995,1.31266471636972,1.3963846307988,0.180565915885776,1.71625328248016,0.1042803908372
"pos","cheia","dfm_4b","core","nsa","1","m2",18,1.45558009338329,1.7471287715073,2.10367511054897,0.0505985130401563,2.07095801426041,0.0538990165108407
"pos","cheia","dfm_4b","core","nsa","1","m3",18,1.44705194323676,1.7368924564076,2.26380515064828,0.0369567899778044,1.79818117449134,0.0899300906337688
"pos","cheia","dfm_4b","core","nsa","1","vespera",18,1.48693760940543,1.7847671115027,2.40771874477008,0.0276905590448487,2.38816495934766,0.0288074127120037
"pos","cheia","dfm_4b","core","sa","principal","m1",18,0.776602053745902,0.932153303194317,-0.38530859211039,0.704787340147995,0.316175443606625,0.755718382193793
"pos","cheia","dfm_4b","core","sa","principal","m2",18,0.795289436628316,0.954583717327111,-0.313968679970723,0.757364856104302,0.27888973531851,0.783693674523452
"pos","cheia","dfm_4b","core","sa","principal","m3",18,0.561288223886254,0.67371270706275,-2.98604865869307,0.00829778135882356,-2.20775358273663,0.0412896547852005
"pos","cheia","dfm_4b","core","sa","principal","vespera",18,0.366381130251334,0.439766260138674,-4.03796727895872,0.000854005145924965,-2.00395530265855,0.061275872681939
"pos","cheia","dfm_4b","core","sa","trimestre","m1",18,0.776602053745902,0.932153303194317,-0.38530859211039,0.704787340147995,0.316175443606625,0.755718382193793
"pos","cheia","dfm_4b","core","sa","trimestre","m2",18,0.795289436628314,0.954583717327109,-0.313968679970735,0.757364856104294,0.278889735318502,0.783693674523459
"pos","cheia","dfm_4b","core","sa","trimestre","m3",18,0.561288223886254,0.67371270706275,-2.98604865869307,0.00829778135882356,-2.20775358273663,0.0412896547852005
"pos","cheia","dfm_4b","core","sa","trimestre","vespera",18,0.364104993970337,0.437034220038318,-4.01606749851913,0.000895486226989578,-1.99489332581732,0.0623406989914132
"pos","cheia","dfm_4b","estendido","nsa","1","m1",18,1.09904050058126,1.31917528162545,1.34811403552884,0.195311666750778,1.55498166106868,0.138369291675727
"pos","cheia","dfm_4b","estendido","nsa","1","m2",18,1.22849332052802,1.47455714436861,1.62524636046977,0.122503823406112,1.68464816541116,0.110325048516086
"pos","cheia","dfm_4b","estendido","nsa","1","m3",18,1.03313710171866,1.24007161373636,0.990356354594218,0.335887630047056,0.595898463912856,0.559094245666595
"pos","cheia","dfm_4b","estendido","nsa","1","vespera",18,0.961100418107461,1.1536061810795,0.799716603479628,0.434907935831247,1.0656663761396,0.301476506794327
"pos","cheia","dfm_4b","estendido","sa","principal","m1",18,0.945743117097481,1.13517285503362,0.745611317947639,0.466087480790692,1.16612566566948,0.25966360346057
"pos","cheia","dfm_4b","estendido","sa","principal","m2",18,0.617732871691527,0.741463062145561,-2.34092833267489,0.0316819647851178,-1.00931914327674,0.326972695104526
"pos","cheia","dfm_4b","estendido","sa","principal","m3",18,0.587068715765531,0.704656960361242,-3.09129790083845,0.00662694038637908,-2.05356451862094,0.0557323031870579
"pos","cheia","dfm_4b","estendido","sa","principal","vespera",18,0.411292653066763,0.493673437105252,-4.21671278511666,0.000580314890305794,-1.81211005932842,0.087670419445695
"pos","cheia","dfm_4b","estendido","sa","trimestre","m1",18,0.945743117097481,1.13517285503362,0.745611317947639,0.466087480790692,1.16612566566948,0.25966360346057
"pos","cheia","dfm_4b","estendido","sa","trimestre","m2",18,0.617732871691527,0.741463062145561,-2.34092833267489,0.0316819647851178,-1.00931914327674,0.326972695104526
"pos","cheia","dfm_4b","estendido","sa","trimestre","m3",18,0.587068715765531,0.704656960361242,-3.09129790083845,0.00662694038637908,-2.05356451862094,0.0557323031870579
"pos","cheia","dfm_4b","estendido","sa","trimestre","vespera",18,0.41021339729227,0.492378009375783,-4.20341702594713,0.00059720316357009,-1.81450632083354,0.0872867458187238
"pos","cheia","famidas","core","nsa","1","m1",18,1.24967703837866,1.49998390247871,2.14492184935104,0.0467006629155186,2.19739192218757,0.0421402675728146
"pos","cheia","famidas","core","nsa","1","m2",18,1.36373748611434,1.63689034331002,1.98920052080808,0.0630181301982563,1.98703560594692,0.0632774851578501
"pos","cheia","famidas","core","nsa","1","m3",18,1.20009522352413,1.44047098685855,1.3801336625312,0.185426526660098,1.18052978178457,0.254044351685413
"pos","cheia","famidas","core","nsa","1","vespera",18,0.83268457730758,0.999469001546302,-0.00243622007717387,0.998084539903386,0.911607913834316,0.374721411806128
"pos","cheia","famidas","core","sa","principal","m1",18,0.788924684958907,0.946944123452701,-0.448935145598016,0.659148613596242,0.521815736130168,0.608531071707295
"pos","cheia","famidas","core","sa","principal","m2",18,0.843096379539077,1.01196625904837,0.0782030696451102,0.938579635532961,0.500175605005461,0.623364143285348
"pos","cheia","famidas","core","sa","principal","m3",18,0.611401021346971,0.733862959640629,-2.74900292574438,0.0136965945926549,-1.54103796992829,0.141715114437128
"pos","cheia","famidas","core","sa","principal","vespera",18,0.564165325845038,0.677166084608652,-1.78817152129712,0.0915853387296458,-1.09809903121623,0.287471291517119
"pos","cheia","famidas","core","sa","trimestre","m1",18,0.788924684958907,0.946944123452701,-0.448935145598016,0.659148613596242,0.521815736130168,0.608531071707295
"pos","cheia","famidas","core","sa","trimestre","m2",18,0.843096379539077,1.01196625904837,0.0782030696451071,0.938579635532963,0.500175605005459,0.62336414328535
"pos","cheia","famidas","core","sa","trimestre","m3",18,0.611401021346971,0.733862959640629,-2.74900292574438,0.0136965945926549,-1.54103796992829,0.141715114437128
"pos","cheia","famidas","core","sa","trimestre","vespera",18,0.508585300149494,0.610453533059468,-2.28381582527602,0.0355148352223533,-1.62092149914949,0.123433669455376
"pos","cheia","famidas","estendido","nsa","1","m1",18,1.1685046192649,1.40255287169506,2.07424048766524,0.053559252237643,2.3021928739302,0.0342368104227444
"pos","cheia","famidas","estendido","nsa","1","m2",18,1.81878864541111,2.18308699475447,1.58105725002,0.132290357336425,1.64240926556628,0.118872392231478
"pos","cheia","famidas","estendido","nsa","1","m3",18,0.899698828394024,1.07990602229588,0.646546287845507,0.526559086640317,0.0440847096198188,0.96535056887571
"pos","cheia","famidas","estendido","nsa","1","vespera",18,0.601761313784494,0.722292445240302,-2.23820648377044,0.0388805680142111,-0.739718410992116,0.469563539936014
"pos","cheia","famidas","estendido","sa","principal","m1",18,1.16042511786215,1.3928550684451,2.07154613115923,0.0538379976033607,2.95640868553946,0.00883815301497329
"pos","cheia","famidas","estendido","sa","principal","m2",18,0.627017214622949,0.75260703335935,-2.09942193719768,0.0510168956964861,-0.762934349236264,0.455959753230933
"pos","cheia","famidas","estendido","sa","principal","m3",18,0.959132993076417,1.15124468624102,0.73422270618601,0.472819340294258,0.418707232691301,0.680672376723247
"pos","cheia","famidas","estendido","sa","principal","vespera",18,0.531546836194452,0.638014201444882,-3.17550097076054,0.00553146148775951,-1.30790527623724,0.208316212746453
"pos","cheia","famidas","estendido","sa","trimestre","m1",18,1.16042511786215,1.3928550684451,2.07154613115923,0.0538379976033607,2.95640868553946,0.00883815301497329
"pos","cheia","famidas","estendido","sa","trimestre","m2",18,0.627017214622949,0.752607033359351,-2.09942193719767,0.0510168956964869,-0.762934349236261,0.455959753230935
"pos","cheia","famidas","estendido","sa","trimestre","m3",18,0.959132993076417,1.15124468624102,0.73422270618601,0.472819340294258,0.418707232691301,0.680672376723247
"pos","cheia","famidas","estendido","sa","trimestre","vespera",18,0.458234689034412,0.550017833408159,-3.5253592413709,0.00259722388155948,-1.36658311557846,0.189559608574529
"pos","cheia","focus","nenhum","nsa","principal","m1",18,0.716871833185642,0.860459284195509,-1.23148169030853,0.234907333514749,NA,NA
"pos","cheia","focus","nenhum","nsa","principal","m2",18,0.74634605585145,0.895837112369535,-0.926817838012726,0.36699308215737,NA,NA
"pos","cheia","focus","nenhum","nsa","principal","m3",18,0.892537748917141,1.07131059835048,0.386916136315858,0.703618938511204,NA,NA
"pos","cheia","focus","nenhum","nsa","principal","vespera",18,0.72737953874736,0.873071654200332,-0.6476183709964,0.525881943231183,NA,NA
"pos","cheia","lasso","core","nsa","1","m1",18,1.26499375520486,1.51836851544074,2.09662338219987,0.0512939068626153,2.20358337678157,0.0416300748489132
"pos","cheia","lasso","core","nsa","1","m2",18,1.35814585802934,1.63017872754165,2.05295815032337,0.0557972240077692,2.03847812588902,0.0573680454197379
"pos","cheia","lasso","core","nsa","1","m3",18,1.16626102176342,1.39985988780201,1.78845932644987,0.0915373756951738,1.19467786846422,0.248615258315953
"pos","cheia","lasso","core","nsa","1","vespera",18,0.80678018009025,0.968376025012283,-0.167282081571307,0.869121861543698,0.460867095552876,0.650735145644017
"pos","cheia","lasso","core","sa","esperar","m1",18,0.622297981743467,0.746942551150047,-2.55684672399298,0.020420005437295,-1.1256413728206,0.27595846294691
"pos","cheia","lasso","core","sa","esperar","m2",18,1.06142999285415,1.27403149293274,1.57729059489138,0.133154304059045,1.82996042283906,0.0848476230605487
"pos","cheia","lasso","core","sa","esperar","m3",18,0.571835185297598,0.686372195755609,-2.59137860945463,0.0190159885450833,-1.71792641228297,0.103968534242504
"pos","cheia","lasso","core","sa","esperar","vespera",18,0.619079580365572,0.74307951285271,-1.52480556245875,0.145695162902367,-0.537316793200207,0.598012365390476
"pos","cheia","lasso","core","sa","principal","m1",18,0.905919792013925,1.08737302777104,0.55254886100014,0.587764647530505,1.11445729626379,0.280591508576591
"pos","cheia","lasso","core","sa","principal","m2",18,0.832642359730099,0.999418327904491,-0.0030567499839058,0.997596654279112,0.412715734936768,0.684973268722257
"pos","cheia","lasso","core","sa","principal","m3",18,0.621476151893734,0.74595611104807,-1.96123746333548,0.0664428107283312,-1.46983342956783,0.159871467633645
"pos","cheia","lasso","core","sa","principal","vespera",18,0.502384016762595,0.603010149713698,-2.07737407314944,0.0532367177609551,-2.09725401625876,0.0512313649656323
"pos","cheia","lasso","core","sa","trimestre","m1",18,0.905919792013925,1.08737302777104,0.55254886100014,0.587764647530505,1.11445729626379,0.280591508576591
"pos","cheia","lasso","core","sa","trimestre","m2",18,0.832642359730099,0.999418327904491,-0.0030567499839058,0.997596654279112,0.412715734936768,0.684973268722257
"pos","cheia","lasso","core","sa","trimestre","m3",18,0.621476151893734,0.74595611104807,-1.96123746333548,0.0664428107283312,-1.46983342956783,0.159871467633645
"pos","cheia","lasso","core","sa","trimestre","vespera",18,0.457993619433539,0.549728478231116,-3.04072486016952,0.00738414135623261,-2.05494426318534,0.0555848361800449
"pos","cheia","lasso","estendido","nsa","1","m1",18,0.951363789304882,1.141919332382,0.68292690353378,0.503854336866475,1.2065219457637,0.244138677093175
"pos","cheia","lasso","estendido","nsa","1","m2",18,0.846749444500852,1.01635102284661,0.11782235214119,0.907589332145167,0.646690827588101,0.526467764915086
"pos","cheia","lasso","estendido","nsa","1","m3",18,0.985257789584392,1.18260220743573,1.06929104145047,0.299887099589952,0.42304515336442,0.677565516620079
"pos","cheia","lasso","estendido","nsa","1","vespera",18,0.926494164556771,1.11206839038882,0.566662909896838,0.578348792493375,1.09667571650488,0.288075714856529
"pos","cheia","lasso","estendido","sa","esperar","m1",18,0.911246149630021,1.09376624012721,0.855849280562186,0.403983284567122,1.54862985913869,0.139885112511787
"pos","cheia","lasso","estendido","sa","esperar","m2",18,0.971523567242394,1.16611705823847,1.32686584080424,0.202100866037858,1.62180669807347,0.123242864258771
"pos","cheia","lasso","estendido","sa","esperar","m3",18,0.665761958508436,0.799112242584681,-2.00501064952282,0.0611529366904946,-1.36988084672711,0.188547005481106
"pos","cheia","lasso","estendido","sa","esperar","vespera",18,0.615971452856118,0.739348835975523,-2.49047004213729,0.0233995493182787,-0.794728208976355,0.43772666869239
"pos","cheia","lasso","estendido","sa","principal","m1",18,0.738995955829125,0.887014807584773,-1.01887472147622,0.322544349769905,0.189098981411312,0.852254477954055
"pos","cheia","lasso","estendido","sa","principal","m2",18,0.62152496832775,0.746014705279181,-2.13634207713616,0.0474880644108298,-0.904702886790467,0.37826589121032
"pos","cheia","lasso","estendido","sa","principal","m3",18,0.562714195444453,0.675424296791138,-3.07492650392489,0.00686335127347593,-2.03879495309693,0.057333250920257
"pos","cheia","lasso","estendido","sa","principal","vespera",18,0.697776402524403,0.837539091439213,-1.38052857065634,0.18530717228115,-0.171011664188473,0.866233547786858
"pos","cheia","lasso","estendido","sa","trimestre","m1",18,0.738995955829125,0.887014807584773,-1.01887472147622,0.322544349769905,0.189098981411312,0.852254477954055
"pos","cheia","lasso","estendido","sa","trimestre","m2",18,0.62152496832775,0.746014705279181,-2.13634207713616,0.0474880644108298,-0.904702886790467,0.37826589121032
"pos","cheia","lasso","estendido","sa","trimestre","m3",18,0.562714195444453,0.675424296791138,-3.07492650392489,0.00686335127347593,-2.03879495309693,0.057333250920257
"pos","cheia","lasso","estendido","sa","trimestre","vespera",18,0.435632408454834,0.522888378366991,-3.82306528920812,0.00136096493654622,-1.64906819317123,0.117488413229501
"pos","cheia","mfbvar","core","sa","principal","m1",18,0.756869459371193,0.908468324590079,-0.710421100020493,0.487075490621441,0.333559255566891,0.74279112214259
"pos","cheia","mfbvar","core","sa","principal","m2",18,0.754407586410603,0.905513345265483,-0.549196243786552,0.590012586224608,0.0504974011948446,0.960314606901909
"pos","cheia","mfbvar","core","sa","principal","m3",18,0.542712730290989,0.651416593332723,-2.51111743149929,0.0224312385131493,-1.73117667723528,0.101527202013915
"pos","cheia","mfbvar","core","sa","principal","vespera",18,0.349352451819769,0.419326784383423,-3.98581502950282,0.000956148596296329,-2.31357227435803,0.0334670258717676
"pos","cheia","mfbvar","core","sa","trimestre","m1",18,0.756869459371193,0.908468324590079,-0.710421100020493,0.487075490621441,0.333559255566891,0.74279112214259
"pos","cheia","mfbvar","core","sa","trimestre","m2",18,0.754407586410604,0.905513345265484,-0.549196243786539,0.590012586224617,0.0504974011948531,0.960314606901902
"pos","cheia","mfbvar","core","sa","trimestre","m3",18,0.542712730290989,0.651416593332723,-2.51111743149929,0.0224312385131493,-1.73117667723528,0.101527202013915
"pos","cheia","mfbvar","core","sa","trimestre","vespera",18,0.365279612693789,0.438444111652406,-3.9331820348258,0.00107171668650567,-2.2410921995722,0.0386591563961198
"pos","cheia","rf","core","nsa","2","m1",18,1.71075063517419,2.05340926904266,2.42820156478112,0.0265643234028073,2.7974343396539,0.0123720118844644
"pos","cheia","rf","core","nsa","2","m2",18,1.72753672716881,2.07355756896671,3.1168580779614,0.00627368186144137,3.60638998802601,0.0021784798468968
"pos","cheia","rf","core","nsa","2","m3",18,1.6614705648853,1.99425853659241,2.71531662402483,0.0146972145917979,2.43740410869874,0.0260724770165242
"pos","cheia","rf","core","nsa","2","vespera",18,1.5823465954553,1.89928625431441,2.5490638594389,0.0207497721626272,2.72399056973196,0.0144330534815912
"pos","cheia","rf","core","nsa","3","m1",18,1.09667805663342,1.31633964667063,1.79199091585537,0.0909506211333121,2.14000226590787,0.0471506779946993
"pos","cheia","rf","core","nsa","3","m2",18,0.966110465259344,1.15961972685789,0.897507863991081,0.381983102509491,1.294153032863,0.212918037489709
"pos","cheia","rf","core","nsa","3","m3",18,0.915249704016124,1.0985716954148,0.546552125100718,0.591788515789557,0.0958299835505027,0.924776209605007
"pos","cheia","rf","core","nsa","3","vespera",18,0.974574856970695,1.1697795128837,1.03714820078219,0.314195034042691,1.23872061169973,0.23228101342621
"pos","cheia","rf","core","sa","esperar","m1",18,0.632936001383385,0.759711336783518,-4.466816128078,0.000338986429080121,-0.884723604491733,0.388647964371382
"pos","cheia","rf","core","sa","esperar","m2",18,0.575453857063528,0.690715677495733,-3.43441377000631,0.00316310878965317,-1.41163099258193,0.176100038205679
"pos","cheia","rf","core","sa","esperar","m3",18,0.557379250831765,0.669020777486638,-3.35159228145199,0.00378395081633326,-1.91063079226805,0.0730673236067641
"pos","cheia","rf","core","sa","esperar","vespera",18,0.447159904593226,0.53672480018835,-4.07916286395805,0.000781149225504868,-1.56171388288536,0.136777764876916
"pos","cheia","rf","core","sa","principal","m1",18,0.62395934529696,0.74893668124116,-3.18121827682815,0.00546388687134656,-1.18398522917033,0.252710145446547
"pos","cheia","rf","core","sa","principal","m2",18,0.523840590274198,0.628764415721108,-3.89008284056093,0.00117674283245416,-1.72613621125034,0.102449975887462
"pos","cheia","rf","core","sa","principal","m3",18,0.487539518637789,0.585192339556546,-4.00646846111132,0.00091430234566928,-2.1309220328791,0.0479917313439817
"pos","cheia","rf","core","sa","principal","vespera",18,0.46139172174784,0.553807211066793,-3.78368682179955,0.00148243098313064,-1.51900020788192,0.147141048698846
"pos","cheia","rf","core","sa","trimestre","m1",18,0.62395934529696,0.74893668124116,-3.18121827682815,0.00546388687134656,-1.18398522917033,0.252710145446547
"pos","cheia","rf","core","sa","trimestre","m2",18,0.523840590274198,0.628764415721108,-3.89008284056093,0.00117674283245416,-1.72613621125034,0.102449975887462
"pos","cheia","rf","core","sa","trimestre","m3",18,0.487539518637789,0.585192339556546,-4.00646846111132,0.00091430234566928,-2.1309220328791,0.0479917313439817
"pos","cheia","rf","core","sa","trimestre","vespera",18,0.474866884679943,0.569981411968857,-4.34478545091549,0.000440436091479286,-1.47324978010353,0.158958423128065
"pos","cheia","rf","estendido","nsa","2","m1",18,1.97353937491795,2.36883386856936,3.21539468113703,0.00507653479248994,3.60769109076181,0.00217233630900424
"pos","cheia","rf","estendido","nsa","2","m2",18,1.98563602536457,2.38335344473712,3.32491698507345,0.00400849352157594,3.68931892856803,0.00181954780400099
"pos","cheia","rf","estendido","nsa","2","m3",18,1.87450666889084,2.24996518466339,3.08293248901784,0.00674672842178629,2.84680728011386,0.0111491635605257
"pos","cheia","rf","estendido","nsa","2","vespera",18,1.80217682905403,2.16314787739749,2.98242385283552,0.00836209901332017,3.14134654656332,0.00595256463229796
"pos","cheia","rf","estendido","nsa","3","m1",18,1.19103577184822,1.42959695199849,2.36721858911673,0.0300505743911548,2.85369515522946,0.010988137013121
"pos","cheia","rf","estendido","nsa","3","m2",18,1.17724180339301,1.41304008970633,1.93136028724247,0.0702855824328602,2.40385367330505,0.0279080458412929
"pos","cheia","rf","estendido","nsa","3","m3",18,1.03667750361187,1.24432114836413,1.48235428058143,0.156546167227567,0.654609053741463,0.521478452093702
"pos","cheia","rf","estendido","nsa","3","vespera",18,0.996377528771232,1.19594919971276,1.30350668547192,0.209779465403789,1.46935954807379,0.159998456582036
"pos","cheia","rf","estendido","sa","esperar","m1",18,0.656942452785124,0.788526214189736,-4.53007576875926,0.000296092028267077,-0.667442611279158,0.513448609887401
"pos","cheia","rf","estendido","sa","esperar","m2",18,0.62950782405182,0.755596504987568,-3.71646226829901,0.00171540573501056,-1.24443676800818,0.230223255390505
"pos","cheia","rf","estendido","sa","esperar","m3",18,0.568282870589567,0.682108362209065,-3.72431691221474,0.00168639657733846,-1.93205803821427,0.0701936177199325
"pos","cheia","rf","estendido","sa","esperar","vespera",18,0.545219841913033,0.654425872497892,-4.48510592738325,0.000325972585075871,-1.02916935475125,0.317821411478228
"pos","cheia","rf","estendido","sa","principal","m1",18,0.739061454123307,0.887093425006631,-1.67744824151964,0.111743537840951,0.273044883274068,0.78810794353577
"pos","cheia","rf","estendido","sa","principal","m2",18,0.652841347501151,0.783603668828487,-3.24370355553223,0.00477623688782417,-0.887218326306422,0.387341351867101
"pos","cheia","rf","estendido","sa","principal","m3",18,0.586067750473119,0.703455504481485,-4.42440896048534,0.000371230020375126,-1.83997716525587,0.0832989391967707
"pos","cheia","rf","estendido","sa","principal","vespera",18,0.537630811094303,0.64531677973719,-4.19365955299524,0.000609912632892024,-1.08503514421498,0.293054065996223
"pos","cheia","rf","estendido","sa","trimestre","m1",18,0.739061454123307,0.887093425006631,-1.67744824151964,0.111743537840951,0.273044883274068,0.78810794353577
"pos","cheia","rf","estendido","sa","trimestre","m2",18,0.652841347501151,0.783603668828487,-3.24370355553223,0.00477623688782417,-0.887218326306422,0.387341351867101
"pos","cheia","rf","estendido","sa","trimestre","m3",18,0.586067750473119,0.703455504481485,-4.42440896048534,0.000371230020375126,-1.83997716525587,0.0832989391967707
"pos","cheia","rf","estendido","sa","trimestre","vespera",18,0.569602899906972,0.683692789758023,-4.29538724712398,0.000489815124259551,-0.947935526166038,0.356443734764787
"pos","cheia","ridge","core","nsa","1","m1",18,1.31840578163186,1.58247882344736,2.60750662178969,0.0183921764957588,2.58008136118407,0.0194648917574908
"pos","cheia","ridge","core","nsa","1","m2",18,1.24975903790631,1.50008232628559,1.99664638307673,0.0621334143041198,1.94841288849659,0.0680686171187514
"pos","cheia","ridge","core","nsa","1","m3",18,1.14846898785056,1.37850415856795,1.64802779442208,0.117703735435416,1.04919923352047,0.308774257439155
"pos","cheia","ridge","core","nsa","1","vespera",18,1.13636033409964,1.36397017486714,1.51611156046255,0.147864940506177,1.64060041782258,0.119250736569307
"pos","cheia","ridge","core","sa","esperar","m1",18,0.638515473502642,0.766408361779731,-4.56398106842009,0.000275417470933698,-0.932389802222303,0.364189188579728
"pos","cheia","ridge","core","sa","esperar","m2",18,0.597654499277398,0.717363047114286,-4.21990883866782,0.00057632779494366,-1.26307705241607,0.223611059359101
"pos","cheia","ridge","core","sa","esperar","m3",18,0.561301959400705,0.673729193762863,-3.99304903917846,0.000941276618283055,-1.91477311299729,0.0725037298588629
"pos","cheia","ridge","core","sa","esperar","vespera",18,0.524854263906779,0.62998112538652,-4.30705032115583,0.000477672466047897,-1.18857046331261,0.250947935018755
"pos","cheia","ridge","core","sa","principal","m1",18,0.660447145021042,0.792732886614348,-5.18994191527406,0.0000737864263739996,-0.62109203930326,0.542777934154418
"pos","cheia","ridge","core","sa","principal","m2",18,0.591885352489924,0.710438356136947,-3.26277347860832,0.00458387369830794,-1.12637142783275,0.27565802322594
"pos","cheia","ridge","core","sa","principal","m3",18,0.527917312076445,0.633657693656492,-3.88836117259319,0.00118114666987856,-2.08299401341262,0.0526626908771363
"pos","cheia","ridge","core","sa","principal","vespera",18,0.466879769695447,0.560394499881927,-4.22216423810096,0.000573530860167824,-1.51219202789432,0.148851910290149
"pos","cheia","ridge","core","sa","trimestre","m1",18,0.660447145021042,0.792732886614348,-5.18994191527406,0.0000737864263739996,-0.62109203930326,0.542777934154418
"pos","cheia","ridge","core","sa","trimestre","m2",18,0.591885352489924,0.710438356136947,-3.26277347860832,0.00458387369830794,-1.12637142783275,0.27565802322594
"pos","cheia","ridge","core","sa","trimestre","m3",18,0.527917312076445,0.633657693656492,-3.88836117259319,0.00118114666987856,-2.08299401341262,0.0526626908771363
"pos","cheia","ridge","core","sa","trimestre","vespera",18,0.480595899590645,0.576857932765193,-4.26181301558087,0.000526544860463917,-1.45622329671134,0.163551858110141
"pos","cheia","ridge","estendido","nsa","1","m1",18,1.07794112270187,1.29384975655022,1.40853234635411,0.17700034082313,1.64323092821981,0.118700869578656
"pos","cheia","ridge","estendido","nsa","1","m2",18,1.02531501073441,1.23068277950178,0.991091457630652,0.335538887496035,1.15242397341787,0.265095408477804
"pos","cheia","ridge","estendido","nsa","1","m3",18,0.982731195966124,1.17956954408422,0.835552225183076,0.414996451558124,0.365490102951022,0.719253505626804
"pos","cheia","ridge","estendido","nsa","1","vespera",18,0.986452479423541,1.18403619035463,0.881492905919115,0.390344387884596,1.14762417447972,0.267018261902919
"pos","cheia","ridge","estendido","sa","esperar","m1",18,0.566546065612068,0.68002367998479,-4.35981579294343,0.000426436706736061,-1.54266790531476,0.141320542394616
"pos","cheia","ridge","estendido","sa","esperar","m2",18,0.581442424450863,0.697903738413908,-3.43919125410002,0.00313054833245563,-1.35257575277155,0.193909464827618
"pos","cheia","ridge","estendido","sa","esperar","m3",18,0.567743213640745,0.681460613461801,-3.34687443540846,0.00382273859525156,-1.89455540064853,0.0752916455525032
"pos","cheia","ridge","estendido","sa","esperar","vespera",18,0.533623275865299,0.640506546254849,-3.50990835406735,0.00268572244040355,-1.16531078726455,0.25998428241789
"pos","cheia","ridge","estendido","sa","principal","m1",18,0.843478237027308,1.01242460153831,0.180711680415166,0.858730747212336,1.31298272179299,0.206637169800929
"pos","cheia","ridge","estendido","sa","principal","m2",18,0.586980441794446,0.704551005357214,-2.87724240547323,0.0104544579922635,-1.18543835443106,0.252150661468206
"pos","cheia","ridge","estendido","sa","principal","m3",18,0.541106642156146,0.649488810174162,-3.28685241237272,0.00435185601004343,-2.02272186475423,0.0591227297476081
"pos","cheia","ridge","estendido","sa","principal","vespera",18,0.435370032121399,0.522573448777619,-3.83655751134896,0.00132168436572154,-1.62571519887051,0.122403382228477
"pos","cheia","ridge","estendido","sa","trimestre","m1",18,0.843478237027308,1.01242460153831,0.180711680415166,0.858730747212336,1.31298272179299,0.206637169800929
"pos","cheia","ridge","estendido","sa","trimestre","m2",18,0.586980441794446,0.704551005357214,-2.87724240547323,0.0104544579922635,-1.18543835443106,0.252150661468206
"pos","cheia","ridge","estendido","sa","trimestre","m3",18,0.541106642156146,0.649488810174162,-3.28685241237272,0.00435185601004343,-2.02272186475423,0.0591227297476081
"pos","cheia","ridge","estendido","sa","trimestre","vespera",18,0.456438339378395,0.547861679870486,-3.85318639591671,0.00127483270036884,-1.60830791157404,0.126179943480209
"pos","cheia","sarima","core","nsa","1","m1",18,1.0883450977267,1.30633761907772,1.62644989791287,0.122246125674123,1.98817656129019,0.0631406801581003
"pos","cheia","sarima","core","nsa","1","m2",18,1.10990760485621,1.33221903691453,1.68528002627846,0.110201305606811,1.89460245041837,0.0752850484070394
"pos","cheia","sarima","core","nsa","1","m3",18,1.18260794260341,1.41948105180043,2.08735240679331,0.0522214054818838,1.29545917319178,0.212477560738755
"pos","cheia","sarima","core","nsa","1","vespera",18,1.18260794260341,1.41948105180043,2.08735240679331,0.0522214054818838,2.18900352190961,0.0428406870999495
"pos","cheia","sarima","core","sa","principal","m1",18,0.833126966438493,1,NA,NA,1.23148169030853,0.234907333514749
"pos","cheia","sarima","core","sa","principal","m2",18,0.833126966438493,1,NA,NA,0.926817838012726,0.36699308215737
"pos","cheia","sarima","core","sa","principal","m3",18,0.833126966438493,1,NA,NA,-0.386916136315858,0.703618938511204
"pos","cheia","sarima","core","sa","principal","vespera",18,0.833126966438493,1,NA,NA,0.6476183709964,0.525881943231183
"pos","sem_covid","combo_igual","core","sa","principal","m1",18,0.644543421352915,0.773643690958958,-2.35766291635212,0.0306342256149643,-0.63909705512335,0.531277506897376
"pos","sem_covid","combo_igual","core","sa","principal","m2",18,0.631002090496747,0.757390068880134,-2.07352990261723,0.0536326382908847,-0.71534230036033,0.484107280562369
"pos","sem_covid","combo_igual","core","sa","principal","m3",18,0.465940148712144,0.559266675407203,-3.84025388279153,0.0013111227639285,-2.2858227064253,0.0353731408769807
"pos","sem_covid","combo_igual","core","sa","principal","vespera",18,0.304773673939458,0.365819000244734,-4.01780259848843,0.00089212692669706,-2.32344518090929,0.0328122449107853
"pos","sem_covid","combo_igual","estendido","sa","principal","m1",18,0.741960867396517,0.890573582761703,-0.912075169224062,0.374482371783507,0.212788050525163,0.834022993630542
"pos","sem_covid","combo_igual","estendido","sa","principal","m2",18,0.546592082922122,0.656072969596375,-3.45645577950313,0.00301563023857364,-1.47587094780641,0.158260816063474
"pos","sem_covid","combo_igual","estendido","sa","principal","m3",18,0.555459333015859,0.666716305427459,-3.36454472224605,0.00367945126793026,-2.15980625787748,0.0453629942334665
"pos","sem_covid","combo_igual","estendido","sa","principal","vespera",18,0.427698137128276,0.513364894376938,-4.26336777167095,0.000524783921061165,-1.74097422140048,0.0997541525101452
"pos","sem_covid","combo_rmse","core","sa","qoq_sa","m1",18,0.644587078707957,0.773696092761805,-2.22242849457465,0.0401120376289303,-0.622394359961002,0.541941578028583
"pos","sem_covid","combo_rmse","core","sa","qoq_sa","m2",18,0.652786123145464,0.783537383186668,-1.79513890557723,0.0904303799336456,-0.58041224813913,0.569251173594121
"pos","sem_covid","combo_rmse","core","sa","qoq_sa","m3",18,0.463918436054251,0.556840019279943,-3.84700567980741,0.00129204900348463,-2.3071446766621,0.0338998309689696
"pos","sem_covid","combo_rmse","core","sa","qoq_sa","vespera",18,0.304900662686294,0.365971424487319,-4.0228363710807,0.000882452783956954,-2.31939180699873,0.0330796104774261
"pos","sem_covid","combo_rmse","estendido","sa","qoq_sa","m1",18,0.739295183811205,0.887373970106374,-0.954143754977903,0.353382402729459,0.187648516770492,0.853373694185515
"pos","sem_covid","combo_rmse","estendido","sa","qoq_sa","m2",18,0.55195921621277,0.662515124882253,-3.43982321430365,0.00312626623204263,-1.47626197174194,0.158156964394921
"pos","sem_covid","combo_rmse","estendido","sa","qoq_sa","m3",18,0.51326301851783,0.616068185515542,-3.89406022882557,0.00116663206340084,-2.27510011290788,0.0361363399756212
"pos","sem_covid","combo_rmse","estendido","sa","qoq_sa","vespera",18,0.401432002471745,0.481837725392341,-4.37215412065867,0.000415282529884829,-1.84294794069221,0.0828444497830449
"pos","sem_covid","dfm_4a","core","sa","principal","m1",18,0.677860776187325,0.813634420075358,-1.32414860474402,0.202982444134161,-0.306713676864288,0.762786265671553
"pos","sem_covid","dfm_4a","core","sa","principal","m2",18,0.665146216882962,0.798373169609878,-1.46784047374501,0.160406092631207,-0.52643976696584,0.605383896514362
"pos","sem_covid","dfm_4a","core","sa","principal","m3",18,0.456296542815622,0.547691481847274,-3.78767175502547,0.00146966055214936,-2.30582218057359,0.0339895258417554
"pos","sem_covid","dfm_4a","core","sa","principal","vespera",18,0.335725174469375,0.402970000964626,-4.02512205695588,0.000878095002907288,-2.21582311585201,0.0406382082518618
"pos","sem_covid","dfm_4a","core","sa","trimestre","m1",18,0.677860776187325,0.813634420075358,-1.32414860474402,0.202982444134161,-0.306713676864288,0.762786265671553
"pos","sem_covid","dfm_4a","core","sa","trimestre","m2",18,0.665146216882961,0.798373169609877,-1.46784047374503,0.160406092631203,-0.526439766965847,0.605383896514357
"pos","sem_covid","dfm_4a","core","sa","trimestre","m3",18,0.456296542815622,0.547691481847274,-3.78767175502547,0.00146966055214936,-2.30582218057359,0.0339895258417554
"pos","sem_covid","dfm_4a","core","sa","trimestre","vespera",18,0.33460119417485,0.401620890517115,-4.01591590374051,0.000895780331907163,-2.21932416525797,0.0403585334209606
"pos","sem_covid","dfm_4a","estendido","sa","principal","m1",18,0.720432214810239,0.86473280043976,-1.03742977709719,0.314067601811054,0.0283166669868104,0.97773935565454
"pos","sem_covid","dfm_4a","estendido","sa","principal","m2",18,0.577458670673572,0.693122049742468,-2.96169583031572,0.00873931675096769,-1.34213390121273,0.197203761998017
"pos","sem_covid","dfm_4a","estendido","sa","principal","m3",18,0.479223515804264,0.575210664291519,-4.13418286783868,0.000693520488207011,-2.25591446701988,0.0375401718606916
"pos","sem_covid","dfm_4a","estendido","sa","principal","vespera",18,0.387412749951581,0.465010455258361,-4.24002126905547,0.000551865546766272,-1.86601976617632,0.0793887065856266
"pos","sem_covid","dfm_4a","estendido","sa","trimestre","m1",18,0.720432214810239,0.86473280043976,-1.03742977709719,0.314067601811054,0.0283166669868104,0.97773935565454
"pos","sem_covid","dfm_4a","estendido","sa","trimestre","m2",18,0.577458670673572,0.693122049742468,-2.96169583031572,0.00873931675096769,-1.34213390121273,0.197203761998017
"pos","sem_covid","dfm_4a","estendido","sa","trimestre","m3",18,0.479223515804264,0.575210664291519,-4.13418286783868,0.000693520488207011,-2.25591446701988,0.0375401718606916
"pos","sem_covid","dfm_4a","estendido","sa","trimestre","vespera",18,0.385356270328126,0.462542068438228,-4.24289022204794,0.000548462781916201,-1.87274619429796,0.0784055335792841
"pos","sem_covid","dfm_4b","core","nsa","1","m1",18,1.09361637309995,1.31266471636972,1.3963846307988,0.180565915885776,1.71625328248016,0.1042803908372
"pos","sem_covid","dfm_4b","core","nsa","1","m2",18,1.45558009338329,1.7471287715073,2.10367511054897,0.0505985130401563,2.07095801426041,0.0538990165108407
"pos","sem_covid","dfm_4b","core","nsa","1","m3",18,1.44705194323676,1.7368924564076,2.26380515064828,0.0369567899778044,1.79818117449134,0.0899300906337688
"pos","sem_covid","dfm_4b","core","nsa","1","vespera",18,1.48693760940543,1.7847671115027,2.40771874477008,0.0276905590448487,2.38816495934766,0.0288074127120037
"pos","sem_covid","dfm_4b","core","sa","principal","m1",18,0.776602053745902,0.932153303194317,-0.38530859211039,0.704787340147995,0.316175443606625,0.755718382193793
"pos","sem_covid","dfm_4b","core","sa","principal","m2",18,0.795289436628316,0.954583717327111,-0.313968679970723,0.757364856104302,0.27888973531851,0.783693674523452
"pos","sem_covid","dfm_4b","core","sa","principal","m3",18,0.561288223886254,0.67371270706275,-2.98604865869307,0.00829778135882356,-2.20775358273663,0.0412896547852005
"pos","sem_covid","dfm_4b","core","sa","principal","vespera",18,0.366381130251334,0.439766260138674,-4.03796727895872,0.000854005145924965,-2.00395530265855,0.061275872681939
"pos","sem_covid","dfm_4b","core","sa","trimestre","m1",18,0.776602053745902,0.932153303194317,-0.38530859211039,0.704787340147995,0.316175443606625,0.755718382193793
"pos","sem_covid","dfm_4b","core","sa","trimestre","m2",18,0.795289436628314,0.954583717327109,-0.313968679970735,0.757364856104294,0.278889735318502,0.783693674523459
"pos","sem_covid","dfm_4b","core","sa","trimestre","m3",18,0.561288223886254,0.67371270706275,-2.98604865869307,0.00829778135882356,-2.20775358273663,0.0412896547852005
"pos","sem_covid","dfm_4b","core","sa","trimestre","vespera",18,0.364104993970337,0.437034220038318,-4.01606749851913,0.000895486226989578,-1.99489332581732,0.0623406989914132
"pos","sem_covid","dfm_4b","estendido","nsa","1","m1",18,1.09904050058126,1.31917528162545,1.34811403552884,0.195311666750778,1.55498166106868,0.138369291675727
"pos","sem_covid","dfm_4b","estendido","nsa","1","m2",18,1.22849332052802,1.47455714436861,1.62524636046977,0.122503823406112,1.68464816541116,0.110325048516086
"pos","sem_covid","dfm_4b","estendido","nsa","1","m3",18,1.03313710171866,1.24007161373636,0.990356354594218,0.335887630047056,0.595898463912856,0.559094245666595
"pos","sem_covid","dfm_4b","estendido","nsa","1","vespera",18,0.961100418107461,1.1536061810795,0.799716603479628,0.434907935831247,1.0656663761396,0.301476506794327
"pos","sem_covid","dfm_4b","estendido","sa","principal","m1",18,0.945743117097481,1.13517285503362,0.745611317947639,0.466087480790692,1.16612566566948,0.25966360346057
"pos","sem_covid","dfm_4b","estendido","sa","principal","m2",18,0.617732871691527,0.741463062145561,-2.34092833267489,0.0316819647851178,-1.00931914327674,0.326972695104526
"pos","sem_covid","dfm_4b","estendido","sa","principal","m3",18,0.587068715765531,0.704656960361242,-3.09129790083845,0.00662694038637908,-2.05356451862094,0.0557323031870579
"pos","sem_covid","dfm_4b","estendido","sa","principal","vespera",18,0.411292653066763,0.493673437105252,-4.21671278511666,0.000580314890305794,-1.81211005932842,0.087670419445695
"pos","sem_covid","dfm_4b","estendido","sa","trimestre","m1",18,0.945743117097481,1.13517285503362,0.745611317947639,0.466087480790692,1.16612566566948,0.25966360346057
"pos","sem_covid","dfm_4b","estendido","sa","trimestre","m2",18,0.617732871691527,0.741463062145561,-2.34092833267489,0.0316819647851178,-1.00931914327674,0.326972695104526
"pos","sem_covid","dfm_4b","estendido","sa","trimestre","m3",18,0.587068715765531,0.704656960361242,-3.09129790083845,0.00662694038637908,-2.05356451862094,0.0557323031870579
"pos","sem_covid","dfm_4b","estendido","sa","trimestre","vespera",18,0.41021339729227,0.492378009375783,-4.20341702594713,0.00059720316357009,-1.81450632083354,0.0872867458187238
"pos","sem_covid","famidas","core","nsa","1","m1",18,1.24967703837866,1.49998390247871,2.14492184935104,0.0467006629155186,2.19739192218757,0.0421402675728146
"pos","sem_covid","famidas","core","nsa","1","m2",18,1.36373748611434,1.63689034331002,1.98920052080808,0.0630181301982563,1.98703560594692,0.0632774851578501
"pos","sem_covid","famidas","core","nsa","1","m3",18,1.20009522352413,1.44047098685855,1.3801336625312,0.185426526660098,1.18052978178457,0.254044351685413
"pos","sem_covid","famidas","core","nsa","1","vespera",18,0.83268457730758,0.999469001546302,-0.00243622007717387,0.998084539903386,0.911607913834316,0.374721411806128
"pos","sem_covid","famidas","core","sa","principal","m1",18,0.788924684958907,0.946944123452701,-0.448935145598016,0.659148613596242,0.521815736130168,0.608531071707295
"pos","sem_covid","famidas","core","sa","principal","m2",18,0.843096379539077,1.01196625904837,0.0782030696451102,0.938579635532961,0.500175605005461,0.623364143285348
"pos","sem_covid","famidas","core","sa","principal","m3",18,0.611401021346971,0.733862959640629,-2.74900292574438,0.0136965945926549,-1.54103796992829,0.141715114437128
"pos","sem_covid","famidas","core","sa","principal","vespera",18,0.564165325845038,0.677166084608652,-1.78817152129712,0.0915853387296458,-1.09809903121623,0.287471291517119
"pos","sem_covid","famidas","core","sa","trimestre","m1",18,0.788924684958907,0.946944123452701,-0.448935145598016,0.659148613596242,0.521815736130168,0.608531071707295
"pos","sem_covid","famidas","core","sa","trimestre","m2",18,0.843096379539077,1.01196625904837,0.0782030696451071,0.938579635532963,0.500175605005459,0.62336414328535
"pos","sem_covid","famidas","core","sa","trimestre","m3",18,0.611401021346971,0.733862959640629,-2.74900292574438,0.0136965945926549,-1.54103796992829,0.141715114437128
"pos","sem_covid","famidas","core","sa","trimestre","vespera",18,0.508585300149494,0.610453533059468,-2.28381582527602,0.0355148352223533,-1.62092149914949,0.123433669455376
"pos","sem_covid","famidas","estendido","nsa","1","m1",18,1.1685046192649,1.40255287169506,2.07424048766524,0.053559252237643,2.3021928739302,0.0342368104227444
"pos","sem_covid","famidas","estendido","nsa","1","m2",18,1.81878864541111,2.18308699475447,1.58105725002,0.132290357336425,1.64240926556628,0.118872392231478
"pos","sem_covid","famidas","estendido","nsa","1","m3",18,0.899698828394024,1.07990602229588,0.646546287845507,0.526559086640317,0.0440847096198188,0.96535056887571
"pos","sem_covid","famidas","estendido","nsa","1","vespera",18,0.601761313784494,0.722292445240302,-2.23820648377044,0.0388805680142111,-0.739718410992116,0.469563539936014
"pos","sem_covid","famidas","estendido","sa","principal","m1",18,1.16042511786215,1.3928550684451,2.07154613115923,0.0538379976033607,2.95640868553946,0.00883815301497329
"pos","sem_covid","famidas","estendido","sa","principal","m2",18,0.627017214622949,0.75260703335935,-2.09942193719768,0.0510168956964861,-0.762934349236264,0.455959753230933
"pos","sem_covid","famidas","estendido","sa","principal","m3",18,0.959132993076417,1.15124468624102,0.73422270618601,0.472819340294258,0.418707232691301,0.680672376723247
"pos","sem_covid","famidas","estendido","sa","principal","vespera",18,0.531546836194452,0.638014201444882,-3.17550097076054,0.00553146148775951,-1.30790527623724,0.208316212746453
"pos","sem_covid","famidas","estendido","sa","trimestre","m1",18,1.16042511786215,1.3928550684451,2.07154613115923,0.0538379976033607,2.95640868553946,0.00883815301497329
"pos","sem_covid","famidas","estendido","sa","trimestre","m2",18,0.627017214622949,0.752607033359351,-2.09942193719767,0.0510168956964869,-0.762934349236261,0.455959753230935
"pos","sem_covid","famidas","estendido","sa","trimestre","m3",18,0.959132993076417,1.15124468624102,0.73422270618601,0.472819340294258,0.418707232691301,0.680672376723247
"pos","sem_covid","famidas","estendido","sa","trimestre","vespera",18,0.458234689034412,0.550017833408159,-3.5253592413709,0.00259722388155948,-1.36658311557846,0.189559608574529
"pos","sem_covid","focus","nenhum","nsa","principal","m1",18,0.716871833185642,0.860459284195509,-1.23148169030853,0.234907333514749,NA,NA
"pos","sem_covid","focus","nenhum","nsa","principal","m2",18,0.74634605585145,0.895837112369535,-0.926817838012726,0.36699308215737,NA,NA
"pos","sem_covid","focus","nenhum","nsa","principal","m3",18,0.892537748917141,1.07131059835048,0.386916136315858,0.703618938511204,NA,NA
"pos","sem_covid","focus","nenhum","nsa","principal","vespera",18,0.72737953874736,0.873071654200332,-0.6476183709964,0.525881943231183,NA,NA
"pos","sem_covid","lasso","core","nsa","1","m1",18,1.26499375520486,1.51836851544074,2.09662338219987,0.0512939068626153,2.20358337678157,0.0416300748489132
"pos","sem_covid","lasso","core","nsa","1","m2",18,1.35814585802934,1.63017872754165,2.05295815032337,0.0557972240077692,2.03847812588902,0.0573680454197379
"pos","sem_covid","lasso","core","nsa","1","m3",18,1.16626102176342,1.39985988780201,1.78845932644987,0.0915373756951738,1.19467786846422,0.248615258315953
"pos","sem_covid","lasso","core","nsa","1","vespera",18,0.80678018009025,0.968376025012283,-0.167282081571307,0.869121861543698,0.460867095552876,0.650735145644017
"pos","sem_covid","lasso","core","sa","esperar","m1",18,0.622297981743467,0.746942551150047,-2.55684672399298,0.020420005437295,-1.1256413728206,0.27595846294691
"pos","sem_covid","lasso","core","sa","esperar","m2",18,1.06142999285415,1.27403149293274,1.57729059489138,0.133154304059045,1.82996042283906,0.0848476230605487
"pos","sem_covid","lasso","core","sa","esperar","m3",18,0.571835185297598,0.686372195755609,-2.59137860945463,0.0190159885450833,-1.71792641228297,0.103968534242504
"pos","sem_covid","lasso","core","sa","esperar","vespera",18,0.619079580365572,0.74307951285271,-1.52480556245875,0.145695162902367,-0.537316793200207,0.598012365390476
"pos","sem_covid","lasso","core","sa","principal","m1",18,0.905919792013925,1.08737302777104,0.55254886100014,0.587764647530505,1.11445729626379,0.280591508576591
"pos","sem_covid","lasso","core","sa","principal","m2",18,0.832642359730099,0.999418327904491,-0.0030567499839058,0.997596654279112,0.412715734936768,0.684973268722257
"pos","sem_covid","lasso","core","sa","principal","m3",18,0.621476151893734,0.74595611104807,-1.96123746333548,0.0664428107283312,-1.46983342956783,0.159871467633645
"pos","sem_covid","lasso","core","sa","principal","vespera",18,0.502384016762595,0.603010149713698,-2.07737407314944,0.0532367177609551,-2.09725401625876,0.0512313649656323
"pos","sem_covid","lasso","core","sa","trimestre","m1",18,0.905919792013925,1.08737302777104,0.55254886100014,0.587764647530505,1.11445729626379,0.280591508576591
"pos","sem_covid","lasso","core","sa","trimestre","m2",18,0.832642359730099,0.999418327904491,-0.0030567499839058,0.997596654279112,0.412715734936768,0.684973268722257
"pos","sem_covid","lasso","core","sa","trimestre","m3",18,0.621476151893734,0.74595611104807,-1.96123746333548,0.0664428107283312,-1.46983342956783,0.159871467633645
"pos","sem_covid","lasso","core","sa","trimestre","vespera",18,0.457993619433539,0.549728478231116,-3.04072486016952,0.00738414135623261,-2.05494426318534,0.0555848361800449
"pos","sem_covid","lasso","estendido","nsa","1","m1",18,0.951363789304882,1.141919332382,0.68292690353378,0.503854336866475,1.2065219457637,0.244138677093175
"pos","sem_covid","lasso","estendido","nsa","1","m2",18,0.846749444500852,1.01635102284661,0.11782235214119,0.907589332145167,0.646690827588101,0.526467764915086
"pos","sem_covid","lasso","estendido","nsa","1","m3",18,0.985257789584392,1.18260220743573,1.06929104145047,0.299887099589952,0.42304515336442,0.677565516620079
"pos","sem_covid","lasso","estendido","nsa","1","vespera",18,0.926494164556771,1.11206839038882,0.566662909896838,0.578348792493375,1.09667571650488,0.288075714856529
"pos","sem_covid","lasso","estendido","sa","esperar","m1",18,0.911246149630021,1.09376624012721,0.855849280562186,0.403983284567122,1.54862985913869,0.139885112511787
"pos","sem_covid","lasso","estendido","sa","esperar","m2",18,0.971523567242394,1.16611705823847,1.32686584080424,0.202100866037858,1.62180669807347,0.123242864258771
"pos","sem_covid","lasso","estendido","sa","esperar","m3",18,0.665761958508436,0.799112242584681,-2.00501064952282,0.0611529366904946,-1.36988084672711,0.188547005481106
"pos","sem_covid","lasso","estendido","sa","esperar","vespera",18,0.615971452856118,0.739348835975523,-2.49047004213729,0.0233995493182787,-0.794728208976355,0.43772666869239
"pos","sem_covid","lasso","estendido","sa","principal","m1",18,0.738995955829125,0.887014807584773,-1.01887472147622,0.322544349769905,0.189098981411312,0.852254477954055
"pos","sem_covid","lasso","estendido","sa","principal","m2",18,0.62152496832775,0.746014705279181,-2.13634207713616,0.0474880644108298,-0.904702886790467,0.37826589121032
"pos","sem_covid","lasso","estendido","sa","principal","m3",18,0.562714195444453,0.675424296791138,-3.07492650392489,0.00686335127347593,-2.03879495309693,0.057333250920257
"pos","sem_covid","lasso","estendido","sa","principal","vespera",18,0.697776402524403,0.837539091439213,-1.38052857065634,0.18530717228115,-0.171011664188473,0.866233547786858
"pos","sem_covid","lasso","estendido","sa","trimestre","m1",18,0.738995955829125,0.887014807584773,-1.01887472147622,0.322544349769905,0.189098981411312,0.852254477954055
"pos","sem_covid","lasso","estendido","sa","trimestre","m2",18,0.62152496832775,0.746014705279181,-2.13634207713616,0.0474880644108298,-0.904702886790467,0.37826589121032
"pos","sem_covid","lasso","estendido","sa","trimestre","m3",18,0.562714195444453,0.675424296791138,-3.07492650392489,0.00686335127347593,-2.03879495309693,0.057333250920257
"pos","sem_covid","lasso","estendido","sa","trimestre","vespera",18,0.435632408454834,0.522888378366991,-3.82306528920812,0.00136096493654622,-1.64906819317123,0.117488413229501
"pos","sem_covid","mfbvar","core","sa","principal","m1",18,0.756869459371193,0.908468324590079,-0.710421100020493,0.487075490621441,0.333559255566891,0.74279112214259
"pos","sem_covid","mfbvar","core","sa","principal","m2",18,0.754407586410603,0.905513345265483,-0.549196243786552,0.590012586224608,0.0504974011948446,0.960314606901909
"pos","sem_covid","mfbvar","core","sa","principal","m3",18,0.542712730290989,0.651416593332723,-2.51111743149929,0.0224312385131493,-1.73117667723528,0.101527202013915
"pos","sem_covid","mfbvar","core","sa","principal","vespera",18,0.349352451819769,0.419326784383423,-3.98581502950282,0.000956148596296329,-2.31357227435803,0.0334670258717676
"pos","sem_covid","mfbvar","core","sa","trimestre","m1",18,0.756869459371193,0.908468324590079,-0.710421100020493,0.487075490621441,0.333559255566891,0.74279112214259
"pos","sem_covid","mfbvar","core","sa","trimestre","m2",18,0.754407586410604,0.905513345265484,-0.549196243786539,0.590012586224617,0.0504974011948531,0.960314606901902
"pos","sem_covid","mfbvar","core","sa","trimestre","m3",18,0.542712730290989,0.651416593332723,-2.51111743149929,0.0224312385131493,-1.73117667723528,0.101527202013915
"pos","sem_covid","mfbvar","core","sa","trimestre","vespera",18,0.365279612693789,0.438444111652406,-3.9331820348258,0.00107171668650567,-2.2410921995722,0.0386591563961198
"pos","sem_covid","rf","core","nsa","2","m1",18,1.71075063517419,2.05340926904266,2.42820156478112,0.0265643234028073,2.7974343396539,0.0123720118844644
"pos","sem_covid","rf","core","nsa","2","m2",18,1.72753672716881,2.07355756896671,3.1168580779614,0.00627368186144137,3.60638998802601,0.0021784798468968
"pos","sem_covid","rf","core","nsa","2","m3",18,1.6614705648853,1.99425853659241,2.71531662402483,0.0146972145917979,2.43740410869874,0.0260724770165242
"pos","sem_covid","rf","core","nsa","2","vespera",18,1.5823465954553,1.89928625431441,2.5490638594389,0.0207497721626272,2.72399056973196,0.0144330534815912
"pos","sem_covid","rf","core","nsa","3","m1",18,1.09667805663342,1.31633964667063,1.79199091585537,0.0909506211333121,2.14000226590787,0.0471506779946993
"pos","sem_covid","rf","core","nsa","3","m2",18,0.966110465259344,1.15961972685789,0.897507863991081,0.381983102509491,1.294153032863,0.212918037489709
"pos","sem_covid","rf","core","nsa","3","m3",18,0.915249704016124,1.0985716954148,0.546552125100718,0.591788515789557,0.0958299835505027,0.924776209605007
"pos","sem_covid","rf","core","nsa","3","vespera",18,0.974574856970695,1.1697795128837,1.03714820078219,0.314195034042691,1.23872061169973,0.23228101342621
"pos","sem_covid","rf","core","sa","esperar","m1",18,0.632936001383385,0.759711336783518,-4.466816128078,0.000338986429080121,-0.884723604491733,0.388647964371382
"pos","sem_covid","rf","core","sa","esperar","m2",18,0.575453857063528,0.690715677495733,-3.43441377000631,0.00316310878965317,-1.41163099258193,0.176100038205679
"pos","sem_covid","rf","core","sa","esperar","m3",18,0.557379250831765,0.669020777486638,-3.35159228145199,0.00378395081633326,-1.91063079226805,0.0730673236067641
"pos","sem_covid","rf","core","sa","esperar","vespera",18,0.447159904593226,0.53672480018835,-4.07916286395805,0.000781149225504868,-1.56171388288536,0.136777764876916
"pos","sem_covid","rf","core","sa","principal","m1",18,0.62395934529696,0.74893668124116,-3.18121827682815,0.00546388687134656,-1.18398522917033,0.252710145446547
"pos","sem_covid","rf","core","sa","principal","m2",18,0.523840590274198,0.628764415721108,-3.89008284056093,0.00117674283245416,-1.72613621125034,0.102449975887462
"pos","sem_covid","rf","core","sa","principal","m3",18,0.487539518637789,0.585192339556546,-4.00646846111132,0.00091430234566928,-2.1309220328791,0.0479917313439817
"pos","sem_covid","rf","core","sa","principal","vespera",18,0.46139172174784,0.553807211066793,-3.78368682179955,0.00148243098313064,-1.51900020788192,0.147141048698846
"pos","sem_covid","rf","core","sa","trimestre","m1",18,0.62395934529696,0.74893668124116,-3.18121827682815,0.00546388687134656,-1.18398522917033,0.252710145446547
"pos","sem_covid","rf","core","sa","trimestre","m2",18,0.523840590274198,0.628764415721108,-3.89008284056093,0.00117674283245416,-1.72613621125034,0.102449975887462
"pos","sem_covid","rf","core","sa","trimestre","m3",18,0.487539518637789,0.585192339556546,-4.00646846111132,0.00091430234566928,-2.1309220328791,0.0479917313439817
"pos","sem_covid","rf","core","sa","trimestre","vespera",18,0.474866884679943,0.569981411968857,-4.34478545091549,0.000440436091479286,-1.47324978010353,0.158958423128065
"pos","sem_covid","rf","estendido","nsa","2","m1",18,1.97353937491795,2.36883386856936,3.21539468113703,0.00507653479248994,3.60769109076181,0.00217233630900424
"pos","sem_covid","rf","estendido","nsa","2","m2",18,1.98563602536457,2.38335344473712,3.32491698507345,0.00400849352157594,3.68931892856803,0.00181954780400099
"pos","sem_covid","rf","estendido","nsa","2","m3",18,1.87450666889084,2.24996518466339,3.08293248901784,0.00674672842178629,2.84680728011386,0.0111491635605257
"pos","sem_covid","rf","estendido","nsa","2","vespera",18,1.80217682905403,2.16314787739749,2.98242385283552,0.00836209901332017,3.14134654656332,0.00595256463229796
"pos","sem_covid","rf","estendido","nsa","3","m1",18,1.19103577184822,1.42959695199849,2.36721858911673,0.0300505743911548,2.85369515522946,0.010988137013121
"pos","sem_covid","rf","estendido","nsa","3","m2",18,1.17724180339301,1.41304008970633,1.93136028724247,0.0702855824328602,2.40385367330505,0.0279080458412929
"pos","sem_covid","rf","estendido","nsa","3","m3",18,1.03667750361187,1.24432114836413,1.48235428058143,0.156546167227567,0.654609053741463,0.521478452093702
"pos","sem_covid","rf","estendido","nsa","3","vespera",18,0.996377528771232,1.19594919971276,1.30350668547192,0.209779465403789,1.46935954807379,0.159998456582036
"pos","sem_covid","rf","estendido","sa","esperar","m1",18,0.656942452785124,0.788526214189736,-4.53007576875926,0.000296092028267077,-0.667442611279158,0.513448609887401
"pos","sem_covid","rf","estendido","sa","esperar","m2",18,0.62950782405182,0.755596504987568,-3.71646226829901,0.00171540573501056,-1.24443676800818,0.230223255390505
"pos","sem_covid","rf","estendido","sa","esperar","m3",18,0.568282870589567,0.682108362209065,-3.72431691221474,0.00168639657733846,-1.93205803821427,0.0701936177199325
"pos","sem_covid","rf","estendido","sa","esperar","vespera",18,0.545219841913033,0.654425872497892,-4.48510592738325,0.000325972585075871,-1.02916935475125,0.317821411478228
"pos","sem_covid","rf","estendido","sa","principal","m1",18,0.739061454123307,0.887093425006631,-1.67744824151964,0.111743537840951,0.273044883274068,0.78810794353577
"pos","sem_covid","rf","estendido","sa","principal","m2",18,0.652841347501151,0.783603668828487,-3.24370355553223,0.00477623688782417,-0.887218326306422,0.387341351867101
"pos","sem_covid","rf","estendido","sa","principal","m3",18,0.586067750473119,0.703455504481485,-4.42440896048534,0.000371230020375126,-1.83997716525587,0.0832989391967707
"pos","sem_covid","rf","estendido","sa","principal","vespera",18,0.537630811094303,0.64531677973719,-4.19365955299524,0.000609912632892024,-1.08503514421498,0.293054065996223
"pos","sem_covid","rf","estendido","sa","trimestre","m1",18,0.739061454123307,0.887093425006631,-1.67744824151964,0.111743537840951,0.273044883274068,0.78810794353577
"pos","sem_covid","rf","estendido","sa","trimestre","m2",18,0.652841347501151,0.783603668828487,-3.24370355553223,0.00477623688782417,-0.887218326306422,0.387341351867101
"pos","sem_covid","rf","estendido","sa","trimestre","m3",18,0.586067750473119,0.703455504481485,-4.42440896048534,0.000371230020375126,-1.83997716525587,0.0832989391967707
"pos","sem_covid","rf","estendido","sa","trimestre","vespera",18,0.569602899906972,0.683692789758023,-4.29538724712398,0.000489815124259551,-0.947935526166038,0.356443734764787
"pos","sem_covid","ridge","core","nsa","1","m1",18,1.31840578163186,1.58247882344736,2.60750662178969,0.0183921764957588,2.58008136118407,0.0194648917574908
"pos","sem_covid","ridge","core","nsa","1","m2",18,1.24975903790631,1.50008232628559,1.99664638307673,0.0621334143041198,1.94841288849659,0.0680686171187514
"pos","sem_covid","ridge","core","nsa","1","m3",18,1.14846898785056,1.37850415856795,1.64802779442208,0.117703735435416,1.04919923352047,0.308774257439155
"pos","sem_covid","ridge","core","nsa","1","vespera",18,1.13636033409964,1.36397017486714,1.51611156046255,0.147864940506177,1.64060041782258,0.119250736569307
"pos","sem_covid","ridge","core","sa","esperar","m1",18,0.638515473502642,0.766408361779731,-4.56398106842009,0.000275417470933698,-0.932389802222303,0.364189188579728
"pos","sem_covid","ridge","core","sa","esperar","m2",18,0.597654499277398,0.717363047114286,-4.21990883866782,0.00057632779494366,-1.26307705241607,0.223611059359101
"pos","sem_covid","ridge","core","sa","esperar","m3",18,0.561301959400705,0.673729193762863,-3.99304903917846,0.000941276618283055,-1.91477311299729,0.0725037298588629
"pos","sem_covid","ridge","core","sa","esperar","vespera",18,0.524854263906779,0.62998112538652,-4.30705032115583,0.000477672466047897,-1.18857046331261,0.250947935018755
"pos","sem_covid","ridge","core","sa","principal","m1",18,0.660447145021042,0.792732886614348,-5.18994191527406,0.0000737864263739996,-0.62109203930326,0.542777934154418
"pos","sem_covid","ridge","core","sa","principal","m2",18,0.591885352489924,0.710438356136947,-3.26277347860832,0.00458387369830794,-1.12637142783275,0.27565802322594
"pos","sem_covid","ridge","core","sa","principal","m3",18,0.527917312076445,0.633657693656492,-3.88836117259319,0.00118114666987856,-2.08299401341262,0.0526626908771363
"pos","sem_covid","ridge","core","sa","principal","vespera",18,0.466879769695447,0.560394499881927,-4.22216423810096,0.000573530860167824,-1.51219202789432,0.148851910290149
"pos","sem_covid","ridge","core","sa","trimestre","m1",18,0.660447145021042,0.792732886614348,-5.18994191527406,0.0000737864263739996,-0.62109203930326,0.542777934154418
"pos","sem_covid","ridge","core","sa","trimestre","m2",18,0.591885352489924,0.710438356136947,-3.26277347860832,0.00458387369830794,-1.12637142783275,0.27565802322594
"pos","sem_covid","ridge","core","sa","trimestre","m3",18,0.527917312076445,0.633657693656492,-3.88836117259319,0.00118114666987856,-2.08299401341262,0.0526626908771363
"pos","sem_covid","ridge","core","sa","trimestre","vespera",18,0.480595899590645,0.576857932765193,-4.26181301558087,0.000526544860463917,-1.45622329671134,0.163551858110141
"pos","sem_covid","ridge","estendido","nsa","1","m1",18,1.07794112270187,1.29384975655022,1.40853234635411,0.17700034082313,1.64323092821981,0.118700869578656
"pos","sem_covid","ridge","estendido","nsa","1","m2",18,1.02531501073441,1.23068277950178,0.991091457630652,0.335538887496035,1.15242397341787,0.265095408477804
"pos","sem_covid","ridge","estendido","nsa","1","m3",18,0.982731195966124,1.17956954408422,0.835552225183076,0.414996451558124,0.365490102951022,0.719253505626804
"pos","sem_covid","ridge","estendido","nsa","1","vespera",18,0.986452479423541,1.18403619035463,0.881492905919115,0.390344387884596,1.14762417447972,0.267018261902919
"pos","sem_covid","ridge","estendido","sa","esperar","m1",18,0.566546065612068,0.68002367998479,-4.35981579294343,0.000426436706736061,-1.54266790531476,0.141320542394616
"pos","sem_covid","ridge","estendido","sa","esperar","m2",18,0.581442424450863,0.697903738413908,-3.43919125410002,0.00313054833245563,-1.35257575277155,0.193909464827618
"pos","sem_covid","ridge","estendido","sa","esperar","m3",18,0.567743213640745,0.681460613461801,-3.34687443540846,0.00382273859525156,-1.89455540064853,0.0752916455525032
"pos","sem_covid","ridge","estendido","sa","esperar","vespera",18,0.533623275865299,0.640506546254849,-3.50990835406735,0.00268572244040355,-1.16531078726455,0.25998428241789
"pos","sem_covid","ridge","estendido","sa","principal","m1",18,0.843478237027308,1.01242460153831,0.180711680415166,0.858730747212336,1.31298272179299,0.206637169800929
"pos","sem_covid","ridge","estendido","sa","principal","m2",18,0.586980441794446,0.704551005357214,-2.87724240547323,0.0104544579922635,-1.18543835443106,0.252150661468206
"pos","sem_covid","ridge","estendido","sa","principal","m3",18,0.541106642156146,0.649488810174162,-3.28685241237272,0.00435185601004343,-2.02272186475423,0.0591227297476081
"pos","sem_covid","ridge","estendido","sa","principal","vespera",18,0.435370032121399,0.522573448777619,-3.83655751134896,0.00132168436572154,-1.62571519887051,0.122403382228477
"pos","sem_covid","ridge","estendido","sa","trimestre","m1",18,0.843478237027308,1.01242460153831,0.180711680415166,0.858730747212336,1.31298272179299,0.206637169800929
"pos","sem_covid","ridge","estendido","sa","trimestre","m2",18,0.586980441794446,0.704551005357214,-2.87724240547323,0.0104544579922635,-1.18543835443106,0.252150661468206
"pos","sem_covid","ridge","estendido","sa","trimestre","m3",18,0.541106642156146,0.649488810174162,-3.28685241237272,0.00435185601004343,-2.02272186475423,0.0591227297476081
"pos","sem_covid","ridge","estendido","sa","trimestre","vespera",18,0.456438339378395,0.547861679870486,-3.85318639591671,0.00127483270036884,-1.60830791157404,0.126179943480209
"pos","sem_covid","sarima","core","nsa","1","m1",18,1.0883450977267,1.30633761907772,1.62644989791287,0.122246125674123,1.98817656129019,0.0631406801581003
"pos","sem_covid","sarima","core","nsa","1","m2",18,1.10990760485621,1.33221903691453,1.68528002627846,0.110201305606811,1.89460245041837,0.0752850484070394
"pos","sem_covid","sarima","core","nsa","1","m3",18,1.18260794260341,1.41948105180043,2.08735240679331,0.0522214054818838,1.29545917319178,0.212477560738755
"pos","sem_covid","sarima","core","nsa","1","vespera",18,1.18260794260341,1.41948105180043,2.08735240679331,0.0522214054818838,2.18900352190961,0.0428406870999495
"pos","sem_covid","sarima","core","sa","principal","m1",18,0.833126966438493,1,NA,NA,1.23148169030853,0.234907333514749
"pos","sem_covid","sarima","core","sa","principal","m2",18,0.833126966438493,1,NA,NA,0.926817838012726,0.36699308215737
"pos","sem_covid","sarima","core","sa","principal","m3",18,0.833126966438493,1,NA,NA,-0.386916136315858,0.703618938511204
"pos","sem_covid","sarima","core","sa","principal","vespera",18,0.833126966438493,1,NA,NA,0.6476183709964,0.525881943231183
