"corte","amostra","modelo","painel","trilha","variante","timing","n","rmse","rmse_rel_sarima","dm_sarima","p_sarima","dm_focus","p_focus"
"cheia","cheia","combo_igual","core","sa","principal","m1",46,2.16533908104121,0.58239716565109,-1.68426231214833,0.0990559641137077,1.35868887405196,0.181017145457891
"cheia","cheia","combo_igual","core","sa","principal","m2",46,1.59668808635944,0.46401068783452,-1.70094273869133,0.0958553282472562,1.38500910820176,0.172877941323383
"cheia","cheia","combo_igual","core","sa","principal","m3",46,1.28366629211115,0.442475514381325,-1.81059437975217,0.0768832814784692,1.72926422089663,0.0906172193702238
"cheia","cheia","combo_igual","core","sa","principal","vespera",46,1.33216214448562,0.459191873887395,-1.78130726867921,0.0816123123240795,1.78762961533613,0.0805712861151124
"cheia","cheia","combo_igual","estendido","sa","principal","m1",40,2.27891655179172,0.598814515220308,-1.4773846576942,0.147603167959564,1.21004993636614,0.233543110342484
"cheia","cheia","combo_igual","estendido","sa","principal","m2",40,1.48336258846658,0.410630684001122,-1.65569778599408,0.105809023458428,0.413108065946165,0.681790038968327
"cheia","cheia","combo_igual","estendido","sa","principal","m3",42,1.22264961477763,0.410823361402442,-1.75288936569777,0.0870962028707004,1.23700717841604,0.223123015066901
"cheia","cheia","combo_igual","estendido","sa","principal","vespera",42,1.61352047555397,0.542160155654492,-1.75287003470557,0.0870995638656093,2.21259402856812,0.0325529139359183
"cheia","cheia","combo_peneira","core","sa","principal","m1",46,1.52094427001381,0.409078485547573,-1.87519847600987,0.0672633399792827,0.315246653890673,0.754031688156479
"cheia","cheia","combo_peneira","core","sa","principal","m2",46,1.33552176171451,0.388113606261116,-1.75814706486253,0.0855226221068467,-0.59736102047254,0.553260547352833
"cheia","cheia","combo_peneira","core","sa","principal","m3",46,1.08079853640408,0.372547671678342,-1.84152183628789,0.0721421309444693,0.727032679147513,0.470971442950235
"cheia","cheia","combo_peneira","core","sa","principal","vespera",46,0.66572235332593,0.229472287722526,-1.95453756510367,0.0568678147885428,0.944226578790346,0.350096197676363
"cheia","cheia","combo_peneira","estendido","sa","principal","m1",46,1.54721357665004,0.41614397005414,-1.84864834191399,0.0710854222491494,0.440486492663294,0.661693580821989
"cheia","cheia","combo_peneira","estendido","sa","principal","m2",46,1.3301940556661,0.386565331072479,-1.75815674913325,0.0855209548815582,-0.663072044710649,0.510666877512919
"cheia","cheia","combo_peneira","estendido","sa","principal","m3",46,1.05365052488248,0.363189842126943,-1.85590955693258,0.0700222571906552,0.522512057928853,0.603876919730466
"cheia","cheia","combo_peneira","estendido","sa","principal","vespera",46,0.747747517799769,0.257746089929394,-1.93006247635771,0.0599166638374473,2.42125401486824,0.0195619941895946
"cheia","cheia","combo_rmse","core","sa","aa","m1",37,2.17380690188545,0.550424550744514,-1.58001530054097,0.122850874596292,1.11875046053454,0.27065626495863
"cheia","cheia","combo_rmse","core","sa","aa","m2",37,1.54450507306072,0.412018251780208,-1.68138908016383,0.101344368656399,0.619472130634644,0.539506454541508
"cheia","cheia","combo_rmse","core","sa","aa","m3",38,1.24228304561834,0.39912061856658,-1.7624654616212,0.0862504662512428,1.10342532649466,0.276967562137036
"cheia","cheia","combo_rmse","core","sa","aa","vespera",38,1.25353544875064,0.402735789935427,-1.7728982363205,0.0844786505745681,1.45650926443071,0.153686284193013
"cheia","cheia","combo_rmse","estendido","sa","aa","m1",31,2.39864822993206,0.568911982293644,-1.4549215243013,0.156075457095558,0.912230053049377,0.368920403136668
"cheia","cheia","combo_rmse","estendido","sa","aa","m2",32,1.5279216482794,0.38917016875747,-1.64710508626102,0.109637847478414,-0.00853189836613047,0.993247283333203
"cheia","cheia","combo_rmse","estendido","sa","aa","m3",34,1.20976118076939,0.373474157591492,-1.76405884480748,0.086978642917098,0.749549003556431,0.458836782597911
"cheia","cheia","combo_rmse","estendido","sa","aa","vespera",34,1.65996587776322,0.512460118313564,-1.67347425021245,0.103688831734653,1.85323842695592,0.072807624515898
"cheia","cheia","dfm_4a","core","sa","principal","m1",46,1.82836275086686,0.49176283438013,-1.81770344845587,0.0757708346595784,0.853649981655747,0.397820349958705
"cheia","cheia","dfm_4a","core","sa","principal","m2",46,1.23675575454828,0.359411392402701,-1.76718559190403,0.0839783380739356,-0.792050714402114,0.432486744567392
"cheia","cheia","dfm_4a","core","sa","principal","m3",46,1.10631690933762,0.381343770212155,-1.79828096828622,0.0788426683286196,0.565663853931644,0.574432219739577
"cheia","cheia","dfm_4a","core","sa","principal","vespera",46,0.994171027885463,0.342687456740152,-1.86228625315107,0.0690997530017631,2.01986591666078,0.0493753717676561
"cheia","cheia","dfm_4a","core","sa","trimestre","m1",46,1.82836275086686,0.49176283438013,-1.81770344845587,0.0757708346595784,0.853649981655747,0.397820349958705
"cheia","cheia","dfm_4a","core","sa","trimestre","m2",46,1.2377284722858,0.359694072176107,-1.76675775958484,0.0840509061037941,-0.787527943369384,0.435101454569286
"cheia","cheia","dfm_4a","core","sa","trimestre","m3",46,1.10631690933762,0.381343770212155,-1.79828096828622,0.0788426683286196,0.565663853931644,0.574432219739577
"cheia","cheia","dfm_4a","core","sa","trimestre","vespera",46,0.994153965488252,0.342681575388411,-1.86387359493307,0.0688717258391264,1.96956717698614,0.0550624689487564
"cheia","cheia","dfm_4a","estendido","sa","principal","m1",46,2.38753673964828,0.642160224342499,-1.44878611468831,0.154330265371721,0.986686759244883,0.329071975021252
"cheia","cheia","dfm_4a","estendido","sa","principal","m2",46,1.32648429658829,0.385487244578253,-1.73043941341868,0.0904051098022656,-0.296066256324652,0.768541524169055
"cheia","cheia","dfm_4a","estendido","sa","principal","m3",46,1.06187931115292,0.366026277468531,-1.78746840736662,0.0805976911954747,0.281729126325503,0.779442796177114
"cheia","cheia","dfm_4a","estendido","sa","principal","vespera",46,0.94046261632224,0.324174345366045,-1.84631747404818,0.0714295878607808,2.65830293527233,0.0108355135599445
"cheia","cheia","dfm_4a","estendido","sa","trimestre","m1",46,2.38753673964828,0.642160224342499,-1.44878611468831,0.154330265371721,0.986686759244883,0.329071975021252
"cheia","cheia","dfm_4a","estendido","sa","trimestre","m2",46,1.32871218969369,0.386134688635165,-1.72937486478752,0.0905972317145569,-0.285197325435697,0.776801534580592
"cheia","cheia","dfm_4a","estendido","sa","trimestre","m3",46,1.06187931115292,0.366026277468531,-1.78746840736662,0.0805976911954747,0.281729126325503,0.779442796177114
"cheia","cheia","dfm_4a","estendido","sa","trimestre","vespera",46,0.945762236854449,0.326001106990485,-1.84545123016729,0.0715578528196065,2.71428525137354,0.00938262895620121
"cheia","cheia","dfm_4b","core","nsa","1","m1",46,2.74167966205879,0.737411742247075,-1.39052406564386,0.171208893423653,2.26307612514845,0.0285036239381571
"cheia","cheia","dfm_4b","core","nsa","1","m2",46,2.16389847369933,0.628846690698776,-1.49999288051168,0.140600163510645,2.30352196924633,0.0259241274875553
"cheia","cheia","dfm_4b","core","nsa","1","m3",46,1.95782631405603,0.674856238498336,-1.43663624961483,0.157737883649243,2.8884591350455,0.00593340272543382
"cheia","cheia","dfm_4b","core","nsa","1","vespera",46,2.03673216208236,0.70205482266909,-1.3546040764652,0.182306265395766,2.86005552426356,0.00640048055546847
"cheia","cheia","dfm_4b","core","sa","principal","m1",46,2.23866249255815,0.602118486629052,-1.53398907847634,0.13203372759999,1.53988015795861,0.130592658332288
"cheia","cheia","dfm_4b","core","sa","principal","m2",46,1.2863507277172,0.373824099436617,-1.76636109392188,0.0841182345702777,-0.541050431608927,0.591141326500151
"cheia","cheia","dfm_4b","core","sa","principal","m3",46,1.11047835238013,0.382778205829978,-1.79344070588495,0.079624295480418,0.739922464020763,0.463189982632972
"cheia","cheia","dfm_4b","core","sa","principal","vespera",46,0.913837351408747,0.314996704837087,-1.88854997363226,0.0654082725570867,2.36216923504588,0.0225540182634271
"cheia","cheia","dfm_4b","core","sa","trimestre","m1",46,2.23866249255815,0.602118486629052,-1.53398907847634,0.13203372759999,1.53988015795861,0.130592658332288
"cheia","cheia","dfm_4b","core","sa","trimestre","m2",46,1.28495003892173,0.373417047754463,-1.76697871004856,0.0840134223969327,-0.546408282947922,0.587484468785423
"cheia","cheia","dfm_4b","core","sa","trimestre","m3",46,1.11047835238013,0.382778205829978,-1.79344070588495,0.079624295480418,0.739922464020763,0.463189982632972
"cheia","cheia","dfm_4b","core","sa","trimestre","vespera",46,0.91098846027681,0.314014701510547,-1.88681642973443,0.0656466428201805,2.33888877683121,0.0238416807039288
"cheia","cheia","dfm_4b","estendido","nsa","1","m1",46,2.24988923977142,0.605138071789517,-1.82982830778185,0.0739048283006953,1.39696716601655,0.16927477840467
"cheia","cheia","dfm_4b","estendido","nsa","1","m2",46,1.93863729062294,0.563383938521542,-1.64242115641895,0.107473628706245,1.9006277074883,0.0637679167321608
"cheia","cheia","dfm_4b","estendido","nsa","1","m3",46,1.61205058829358,0.555668492385838,-1.73562686582932,0.0894737583128414,2.25112765887021,0.0293081939698596
"cheia","cheia","dfm_4b","estendido","nsa","1","vespera",46,1.77714984929115,0.612577660199019,-1.68407839413257,0.099091739814094,2.29479982575931,0.0264620659319009
"cheia","cheia","dfm_4b","estendido","sa","principal","m1",44,2.4719648643579,0.652173974386664,-1.65873143220101,0.104447851608897,1.46018109058228,0.151508574721733
"cheia","cheia","dfm_4b","estendido","sa","principal","m2",44,1.65009531652629,0.470608617619273,-1.79990060694147,0.0788948898167143,0.861437571076002,0.393775518050328
"cheia","cheia","dfm_4b","estendido","sa","principal","m3",44,1.42265718658439,0.480028221275598,-1.80141057794445,0.0786528927323704,1.87567464615295,0.0674997534499251
"cheia","cheia","dfm_4b","estendido","sa","principal","vespera",44,1.35437155228353,0.45698751134124,-1.90296123948956,0.0637546519771219,2.23662388110522,0.0305500979918073
"cheia","cheia","dfm_4b","estendido","sa","trimestre","m1",44,2.4719648643579,0.652173974386664,-1.65873143220101,0.104447851608897,1.46018109058228,0.151508574721733
"cheia","cheia","dfm_4b","estendido","sa","trimestre","m2",44,1.64922158976185,0.470359429987099,-1.80044315225607,0.078807866154949,0.858370717375822,0.395447396199097
"cheia","cheia","dfm_4b","estendido","sa","trimestre","m3",44,1.42265718658439,0.480028221275598,-1.80141057794445,0.0786528927323704,1.87567464615295,0.0674997534499251
"cheia","cheia","dfm_4b","estendido","sa","trimestre","vespera",44,1.35406991490045,0.456885733866082,-1.9038377594297,0.0636373533685831,2.23277502617417,0.0308223458926544
"cheia","cheia","famidas","core","nsa","1","m1",46,2.41884538231616,0.650581106277252,-1.36357834906962,0.179483288471697,2.67424884001919,0.0104019139927382
"cheia","cheia","famidas","core","nsa","1","m2",46,2.00821372396679,0.583603422194499,-1.32795105947747,0.190890977899411,2.36955220005159,0.0221589048856746
"cheia","cheia","famidas","core","nsa","1","m3",46,1.60296539733217,0.552536857187028,-1.46201879915071,0.150685011744155,2.46399153467249,0.0176263291981671
"cheia","cheia","famidas","core","nsa","1","vespera",46,1.81409377912965,0.625312110311962,-1.52030007384436,0.135431497937577,1.56682966782838,0.124160418569356
"cheia","cheia","famidas","core","sa","principal","m1",46,3.2321674921893,0.869335062966436,-0.519251979336383,0.606129659670873,1.7364359391553,0.0893292202033047
"cheia","cheia","famidas","core","sa","principal","m2",46,1.63132282513685,0.474075827732771,-1.61572311611031,0.113144584215204,1.05932178059193,0.295106359177797
"cheia","cheia","famidas","core","sa","principal","m3",46,1.27212875993512,0.438498565297554,-1.73830668340353,0.088995762444701,2.39845542625108,0.0206712742494898
"cheia","cheia","famidas","core","sa","principal","vespera",46,1.19116683799399,0.410591259266103,-1.80249968249894,0.0781666830297266,2.89516346933684,0.00582788386005067
"cheia","cheia","famidas","core","sa","trimestre","m1",46,3.2321674921893,0.869335062966436,-0.519251979336383,0.606129659670873,1.7364359391553,0.0893292202033047
"cheia","cheia","famidas","core","sa","trimestre","m2",46,1.6302480965994,0.473763502782042,-1.6150683896787,0.113286660379298,1.06850467702088,0.290991433816034
"cheia","cheia","famidas","core","sa","trimestre","m3",46,1.27212875993512,0.438498565297554,-1.73830668340353,0.088995762444701,2.39845542625108,0.0206712742494898
"cheia","cheia","famidas","core","sa","trimestre","vespera",46,1.32639054510098,0.457202422717558,-1.85007679984725,0.0708751976493168,1.54728218255708,0.128799891680752
"cheia","cheia","famidas","estendido","nsa","1","m1",38,7.28118401536114,1.86596390455853,1.09680955965069,0.279812020880679,1.42039764724953,0.163864377255971
"cheia","cheia","famidas","estendido","nsa","1","m2",39,4.81043109277712,1.31543444886159,1.54856275543696,0.129775947949029,1.78308324247944,0.0825624766316472
"cheia","cheia","famidas","estendido","nsa","1","m3",40,2.34454188856082,0.772259728727902,-0.838155937982074,0.407050783042486,1.49018014985765,0.144220764913429
"cheia","cheia","famidas","estendido","nsa","1","vespera",40,3.63188720875112,1.19629350376937,0.345530712971885,0.731552311305166,1.18781190181834,0.242091361205073
"cheia","cheia","famidas","estendido","sa","principal","m1",40,6.09127060453808,1.60055937601771,0.936532766606668,0.354762450620142,1.39977224983406,0.169486234999002
"cheia","cheia","famidas","estendido","sa","principal","m2",40,3.94194350855931,1.09122541703496,0.642884002114321,0.524061330233586,1.76142833534761,0.0860045583765182
"cheia","cheia","famidas","estendido","sa","principal","m3",42,4.09832928369749,1.37708251989175,0.667622754314261,0.508115140063483,1.2087716337586,0.233675731289177
"cheia","cheia","famidas","estendido","sa","principal","vespera",42,3.80666786288653,1.27908115969768,0.442457969640959,0.660483296469036,1.15734987084435,0.25382770494468
"cheia","cheia","famidas","estendido","sa","trimestre","m1",40,6.09127060453808,1.60055937601771,0.936532766606668,0.354762450620142,1.39977224983406,0.169486234999002
"cheia","cheia","famidas","estendido","sa","trimestre","m2",40,4.0745039939863,1.12792136934334,0.872756392327557,0.388137824545942,1.87804860584155,0.0678662655991295
"cheia","cheia","famidas","estendido","sa","trimestre","m3",42,4.09832928369749,1.37708251989175,0.667622754314261,0.508115140063483,1.2087716337586,0.233675731289177
"cheia","cheia","famidas","estendido","sa","trimestre","vespera",42,1.63405675157662,0.549060564278796,-1.37113936817235,0.177790306117898,1.79564593188185,0.0799234438720808
"cheia","cheia","focus","nenhum","nsa","principal","m1",46,1.49483793923333,0.402056835596659,-1.89485739995235,0.0645471873621737,NA,NA
"cheia","cheia","focus","nenhum","nsa","principal","m2",46,1.38058978454426,0.401210744300302,-1.75515382881205,0.0860392345324979,NA,NA
"cheia","cheia","focus","nenhum","nsa","principal","m3",46,1.02227550350581,0.352374976294848,-1.87366568877681,0.0674791433492219,NA,NA
"cheia","cheia","focus","nenhum","nsa","principal","vespera",46,0.61450609162304,0.211818212141555,-1.97398246691255,0.0545415807422188,NA,NA
"cheia","cheia","lasso","core","nsa","1","m1",46,2.67199146762522,0.718668161958514,-1.19396201354113,0.238748936307266,1.25030700019271,0.217650238879163
"cheia","cheia","lasso","core","nsa","1","m2",46,2.07595512624858,0.603289630750934,-1.33960425899147,0.187100456375381,2.11807576299744,0.0397253017683746
"cheia","cheia","lasso","core","nsa","1","m3",46,1.92197897695409,0.662499780265492,-1.31824194061424,0.194093517310126,1.40295159491665,0.167493561366938
"cheia","cheia","lasso","core","nsa","1","vespera",46,2.17480731958842,0.74964887161798,-1.3044854611262,0.198700637829069,1.63711652397985,0.108581490610521
"cheia","cheia","lasso","core","sa","esperar","m1",46,2.92532151701613,0.786804697262064,-0.928770092570762,0.357963650640631,1.74432425379432,0.0879301604660584
"cheia","cheia","lasso","core","sa","esperar","m2",46,2.11761527664953,0.615396413038583,-1.25941672662458,0.214373251857,1.6682190283756,0.102217011688712
"cheia","cheia","lasso","core","sa","esperar","m3",46,1.62122735301416,0.558831692755784,-1.57057901068097,0.123286124381223,2.43494386396192,0.0189220091377356
"cheia","cheia","lasso","core","sa","esperar","vespera",46,2.04407095502566,0.704584480261941,-1.25094183295382,0.217420674218174,1.79843852551577,0.0788173340816948
"cheia","cheia","lasso","core","sa","principal","m1",46,2.28832481716588,0.615475838992211,-1.69799103376351,0.0964153892292737,1.56875661808721,0.123710458282333
"cheia","cheia","lasso","core","sa","principal","m2",46,2.07430101534724,0.602808932520867,-1.46229500767161,0.150609652505713,1.80020768343229,0.078533333868282
"cheia","cheia","lasso","core","sa","principal","m3",46,1.92988127037639,0.665223674604941,-1.53465035568379,0.131871334866846,1.49962744621328,0.14069459206317
"cheia","cheia","lasso","core","sa","principal","vespera",46,1.82663363062843,0.629634555542694,-1.39143737866879,0.1709336957082,1.42394931862357,0.161358717117811
"cheia","cheia","lasso","core","sa","trimestre","m1",46,2.28832481716588,0.615475838992211,-1.69799103376351,0.0964153892292737,1.56875661808721,0.123710458282333
"cheia","cheia","lasso","core","sa","trimestre","m2",46,2.04556726309729,0.594458667832685,-1.48530022181903,0.144436636123805,1.67847013484732,0.100187784777252
"cheia","cheia","lasso","core","sa","trimestre","m3",46,1.92988127037639,0.665223674604941,-1.53465035568379,0.131871334866846,1.49962744621328,0.14069459206317
"cheia","cheia","lasso","core","sa","trimestre","vespera",46,1.58132339366631,0.545076930286131,-1.70681800124806,0.0947485568536025,1.93836627650014,0.0588669149958004
"cheia","cheia","lasso","estendido","nsa","1","m1",40,3.00020206046026,0.788341521757344,-1.32824244780519,0.191818938810022,1.63452637448549,0.110195936445009
"cheia","cheia","lasso","estendido","nsa","1","m2",40,2.71355759513631,0.751178450926916,-1.37057038542752,0.178346308147875,1.75185363005079,0.0876598255149268
"cheia","cheia","lasso","estendido","nsa","1","m3",42,2.41662347038296,0.812011360693331,-1.17147786769823,0.248169851201078,1.84585206282089,0.0721427732256824
"cheia","cheia","lasso","estendido","nsa","1","vespera",42,1.92681716287305,0.647431197042818,-1.61231241860861,0.11456617779237,2.08586184667546,0.0432549501251315
"cheia","cheia","lasso","estendido","sa","esperar","m1",40,2.93271133513457,0.770607469171698,-1.26083328670877,0.21485978462217,1.76368880953936,0.0856176196592702
"cheia","cheia","lasso","estendido","sa","esperar","m2",40,2.84016114601812,0.786225379506467,-1.17567152466778,0.246853524278602,2.07860859874308,0.0442793395444291
"cheia","cheia","lasso","estendido","sa","esperar","m3",42,2.37996982763218,0.79969534428068,-1.28193142440265,0.207068513362923,1.84608576022782,0.0721081152277705
"cheia","cheia","lasso","estendido","sa","esperar","vespera",42,2.21811690356761,0.745311028845295,-1.35848097697094,0.181739085024765,1.82474904883411,0.0753312346803659
"cheia","cheia","lasso","estendido","sa","principal","m1",40,2.56917033539378,0.675082414798238,-1.45452414274095,0.153802646057991,1.30120327883257,0.200823956487508
"cheia","cheia","lasso","estendido","sa","principal","m2",40,2.53634546016883,0.702121840789389,-1.11052743873061,0.273571978184338,1.75620358275809,0.0869045287685923
"cheia","cheia","lasso","estendido","sa","principal","m3",42,1.94166466175065,0.652420115636982,-1.42863865617347,0.160682639355793,1.31881223377564,0.194551065444972
"cheia","cheia","lasso","estendido","sa","principal","vespera",42,2.33655986409357,0.785109131743796,-1.07349780170643,0.289325539785291,1.88963110126768,0.0658924127130903
"cheia","cheia","lasso","estendido","sa","trimestre","m1",40,2.56917033539378,0.675082414798238,-1.45452414274095,0.153802646057991,1.30120327883257,0.200823956487508
"cheia","cheia","lasso","estendido","sa","trimestre","m2",40,2.21487288727508,0.613130448178213,-1.38956253176404,0.172544154422478,1.43017913976223,0.160628885088348
"cheia","cheia","lasso","estendido","sa","trimestre","m3",42,1.94166466175065,0.652420115636982,-1.42863865617347,0.160682639355793,1.31881223377564,0.194551065444972
"cheia","cheia","lasso","estendido","sa","trimestre","vespera",42,1.94706328261737,0.654234110050917,-1.44335102786373,0.156519271626892,1.53346328198135,0.132842839539405
"cheia","cheia","mfbvar","core","sa","principal","m1",35,2.02843280046692,0.509620512819522,-1.60372403931884,0.118025416497538,0.792712326708285,0.433442325301454
"cheia","cheia","mfbvar","core","sa","principal","m2",35,1.43443705647035,0.380533985024334,-1.60382797314734,0.118002441130824,-0.170833284177944,0.86536746028239
"cheia","cheia","mfbvar","core","sa","principal","m3",36,1.28385258001149,0.407266344758831,-1.66151801251077,0.105542379140254,0.794415450745343,0.432307464887241
"cheia","cheia","mfbvar","core","sa","principal","vespera",36,1.33505045099241,0.423507438244539,-1.67632740088737,0.102585764346278,1.33168055506607,0.19157332236695
"cheia","cheia","mfbvar","core","sa","trimestre","m1",35,2.02843280046692,0.509620512819522,-1.60372403931884,0.118025416497538,0.792712326708285,0.433442325301454
"cheia","cheia","mfbvar","core","sa","trimestre","m2",35,1.39427357388994,0.369879233733688,-1.61987952891725,0.114497878066165,-0.345192374594427,0.732076261059117
"cheia","cheia","mfbvar","core","sa","trimestre","m3",36,1.28385258001149,0.407266344758831,-1.66151801251077,0.105542379140254,0.794415450745343,0.432307464887241
"cheia","cheia","mfbvar","core","sa","trimestre","vespera",36,1.17233106194515,0.371889260401974,-1.71967919116044,0.0943237033381068,1.47096659858274,0.150234410941901
"cheia","cheia","rf","core","nsa","2","m1",46,3.23641175093561,0.870476613629692,-0.893052227017166,0.37658038802055,2.40407544595863,0.0203926859740032
"cheia","cheia","rf","core","nsa","2","m2",46,2.87243922678369,0.834754460040928,-0.980770349149701,0.331949738154585,2.53409650489422,0.0148239711074247
"cheia","cheia","rf","core","nsa","2","m3",46,2.48591623483171,0.856887083096209,-0.94588181765612,0.349260440805801,2.58737834550933,0.012972402053506
"cheia","cheia","rf","core","nsa","2","vespera",46,2.50280273216509,0.862707802733085,-0.853100103019065,0.398121953911483,2.6989430434337,0.0097618278418028
"cheia","cheia","rf","core","nsa","3","m1",46,2.92857432054167,0.78767958266467,-1.59172276396041,0.118448319701779,1.74191207363289,0.0883560297554041
"cheia","cheia","rf","core","nsa","3","m2",46,2.6043911284693,0.756857478448749,-1.58321974346209,0.120375041090305,1.60905046784457,0.114599368951008
"cheia","cheia","rf","core","nsa","3","m3",46,2.24163339577337,0.772683598490329,-1.53968465737226,0.130640278341007,1.6994119871738,0.0961454384940832
"cheia","cheia","rf","core","nsa","3","vespera",46,2.10605968335536,0.725951789368748,-1.60904925415934,0.114599634938601,1.92788770610966,0.0601942307986634
"cheia","cheia","rf","core","sa","esperar","m1",46,2.84900118349851,0.766277313670559,-1.66965436888777,0.101930863725634,1.66407317677202,0.103047236261835
"cheia","cheia","rf","core","sa","esperar","m2",46,2.52907085478966,0.734968787541272,-1.57489918706505,0.122284887644022,1.78885462660676,0.0803708723844326
"cheia","cheia","rf","core","sa","esperar","m3",46,2.00848026482445,0.692316487364761,-1.61399562863286,0.11351976436842,1.73241052116784,0.0900502731666125
"cheia","cheia","rf","core","sa","esperar","vespera",46,2.03160658109526,0.700288051898751,-1.60341122095056,0.115840678171776,1.87119016988585,0.0678289185455813
"cheia","cheia","rf","core","sa","principal","m1",46,2.95961987369769,0.79602970312499,-1.63246277616786,0.10956109041323,1.77025902594306,0.0834585680135658
"cheia","cheia","rf","core","sa","principal","m2",46,2.62417129887169,0.762605758624638,-1.51834916897913,0.135921369978553,1.82827102187674,0.0741422992365267
"cheia","cheia","rf","core","sa","principal","m3",46,2.08095480808251,0.717298222107458,-1.61169848420014,0.114020232219526,1.71872790681091,0.092537452879747
"cheia","cheia","rf","core","sa","principal","vespera",46,2.08046921680962,0.717130840405867,-1.52721225303275,0.133707186765974,1.82934467849209,0.0739785081666436
"cheia","cheia","rf","core","sa","trimestre","m1",46,2.95961987369769,0.79602970312499,-1.63246277616786,0.10956109041323,1.77025902594306,0.0834585680135658
"cheia","cheia","rf","core","sa","trimestre","m2",46,2.61428985686248,0.75973413031936,-1.53717409554993,0.131253038818167,1.80777179880002,0.0773287671118537
"cheia","cheia","rf","core","sa","trimestre","m3",46,2.08095480808251,0.717298222107458,-1.61169848420014,0.114020232219526,1.71872790681091,0.092537452879747
"cheia","cheia","rf","core","sa","trimestre","vespera",46,2.0815221925666,0.717493797657733,-1.57373048141631,0.122555094675538,1.88114885606797,0.0664311318555131
"cheia","cheia","rf","estendido","nsa","2","m1",40,3.9112543279131,1.02773217493691,0.269327503115885,0.789097520274977,2.54222023661328,0.0150991753691713
"cheia","cheia","rf","estendido","nsa","2","m2",40,3.42223339221009,0.947357072088093,-0.408571139675695,0.685089226853331,2.5484496364322,0.0148707568592791
"cheia","cheia","rf","estendido","nsa","2","m3",42,2.79348436410069,0.938640656009801,-0.491626350316171,0.625605320966128,2.54699783275079,0.0147146204349149
"cheia","cheia","rf","estendido","nsa","2","vespera",42,2.74918323778943,0.923755003239675,-0.568134721539601,0.573042060701396,2.63511141305045,0.0118175530625481
"cheia","cheia","rf","estendido","nsa","3","m1",40,3.26433350430623,0.857745441956489,-1.29254044987007,0.203775775470464,1.77113117191088,0.084353979792156
"cheia","cheia","rf","estendido","nsa","3","m2",40,2.93717173501877,0.813080259645969,-1.40402567100678,0.168224813874753,1.7128909878238,0.0946732990653061
"cheia","cheia","rf","estendido","nsa","3","m3",42,2.40355213192368,0.807619251016964,-1.42902086107151,0.160573394115389,1.67511926126962,0.101522744544042
"cheia","cheia","rf","estendido","nsa","3","vespera",42,2.32914553694025,0.782617838435516,-1.46921770789748,0.149405626837842,1.89242705541561,0.0655094447747166
"cheia","cheia","rf","estendido","sa","esperar","m1",40,3.00364416755885,0.789245979488346,-1.66752638900334,0.103421333373787,1.5801002058158,0.122161348963889
"cheia","cheia","rf","estendido","sa","esperar","m2",40,2.80897407894048,0.777592044146893,-1.56825450296423,0.124900713067787,1.68983864444274,0.0990385718489096
"cheia","cheia","rf","estendido","sa","esperar","m3",42,2.17075360929076,0.72939645485228,-1.56047741675865,0.126333684382588,1.62847692787954,0.111084913163059
"cheia","cheia","rf","estendido","sa","esperar","vespera",42,2.20641058589532,0.741377580768554,-1.52980220811577,0.133745353052364,1.78507693885642,0.0816485284819907
"cheia","cheia","rf","estendido","sa","principal","m1",40,3.28596805272947,0.863430196677273,-1.71516557672954,0.0942513893542954,1.62816731014016,0.111542380081383
"cheia","cheia","rf","estendido","sa","principal","m2",40,2.96745268395597,0.821462759562686,-1.59235207054558,0.119379580221768,1.67039201569608,0.102849628360509
"cheia","cheia","rf","estendido","sa","principal","m3",42,2.24478356897057,0.754271313939098,-1.56815438697465,0.124531616272131,1.65361667545223,0.105843160478983
"cheia","cheia","rf","estendido","sa","principal","vespera",42,2.20987776165827,0.74254258894775,-1.55236969788015,0.12825966465099,1.72852625752346,0.0914190617925413
"cheia","cheia","rf","estendido","sa","trimestre","m1",40,3.28596805272947,0.863430196677273,-1.71516557672954,0.0942513893542954,1.62816731014016,0.111542380081383
"cheia","cheia","rf","estendido","sa","trimestre","m2",40,2.97760714106405,0.824273759179619,-1.57214326358644,0.123995987417942,1.68524851019059,0.0999274071895365
"cheia","cheia","rf","estendido","sa","trimestre","m3",42,2.24478356897057,0.754271313939098,-1.56815438697465,0.124531616272131,1.65361667545223,0.105843160478983
"cheia","cheia","rf","estendido","sa","trimestre","vespera",42,2.22592586972272,0.74793492508355,-1.54398300469616,0.130276745680113,1.78004548395467,0.0824807114178864
"cheia","cheia","ridge","core","nsa","1","m1",46,2.89710410993607,0.779215244852814,-1.29369814536406,0.202370807623945,1.94629868927395,0.0578788936976757
"cheia","cheia","ridge","core","nsa","1","m2",46,2.58577474764828,0.75144740509532,-1.22713266396099,0.226154131064603,2.17801415363427,0.0346855167493478
"cheia","cheia","ridge","core","nsa","1","m3",46,2.10331177261603,0.725004593648698,-1.33713691779162,0.18789819527275,1.80779876381079,0.0773245009846436
"cheia","cheia","ridge","core","nsa","1","vespera",46,2.13598007585286,0.7362652494496,-1.33988611276823,0.187009492388977,1.97489521441053,0.0544344319418791
"cheia","cheia","ridge","core","sa","esperar","m1",46,2.81911580894532,0.758239238901303,-1.72242400979052,0.0918600307754643,1.65005732835223,0.105895092656885
"cheia","cheia","ridge","core","sa","esperar","m2",46,2.45905318281884,0.714621076294906,-1.68903603344865,0.0981311018361044,1.71701722606676,0.0928523872573093
"cheia","cheia","ridge","core","sa","esperar","m3",46,1.88870563111515,0.651030568285906,-1.76037260730425,0.085140190283707,1.79774210746808,0.0789293656378938
"cheia","cheia","ridge","core","sa","esperar","vespera",46,2.00007948343384,0.689420765875571,-1.72218413541435,0.0919038696728469,2.00467111395505,0.051037186655753
"cheia","cheia","ridge","core","sa","principal","m1",46,2.81134740036255,0.756149820583482,-1.67971835698425,0.0999429791933544,1.68110028299307,0.099672526426863
"cheia","cheia","ridge","core","sa","principal","m2",46,2.40742088847459,0.699616306974071,-1.62828719559795,0.110446172020966,1.73020259363434,0.0904478199708165
"cheia","cheia","ridge","core","sa","principal","m3",46,1.9259931900267,0.66388346620089,-1.81913009550103,0.0755492320185035,1.75057064845875,0.0868353083395781
"cheia","cheia","ridge","core","sa","principal","vespera",46,1.93979184712707,0.668639817548418,-1.75924271376423,0.0853341694800213,1.88517134503003,0.0658735335745501
"cheia","cheia","ridge","core","sa","trimestre","m1",46,2.81134740036255,0.756149820583482,-1.67971835698425,0.0999429791933544,1.68110028299307,0.099672526426863
"cheia","cheia","ridge","core","sa","trimestre","m2",46,2.41356269795673,0.701401167315112,-1.62083540543451,0.1120401969264,1.74316010754565,0.0881354758751515
"cheia","cheia","ridge","core","sa","trimestre","m3",46,1.9259931900267,0.66388346620089,-1.81913009550103,0.0755492320185035,1.75057064845875,0.0868353083395781
"cheia","cheia","ridge","core","sa","trimestre","vespera",46,1.98431208241164,0.683985795026349,-1.78035327146569,0.0817703709958629,1.91312882852612,0.0621071725910181
"cheia","cheia","ridge","estendido","nsa","1","m1",40,2.95902367128336,0.777521372536377,-1.12705222186236,0.266607263887833,1.95125926974914,0.0582359202294445
"cheia","cheia","ridge","estendido","nsa","1","m2",40,2.67575199937264,0.740712946559872,-1.18851000348067,0.241819580167003,2.15634283546922,0.0372830902234074
"cheia","cheia","ridge","estendido","nsa","1","m3",42,2.22432421347724,0.74739675143623,-1.21799225670885,0.230190001042795,1.65858756959245,0.104831169808794
"cheia","cheia","ridge","estendido","nsa","1","vespera",42,2.22955667282508,0.749154913800738,-1.23674250617891,0.223220264859903,1.66517605687832,0.103502151846817
"cheia","cheia","ridge","estendido","sa","esperar","m1",40,2.8559469258674,0.750436637341392,-1.58471323790092,0.121107849751479,1.5745787129113,0.123432086777967
"cheia","cheia","ridge","estendido","sa","esperar","m2",40,2.76100330735244,0.764312572962696,-1.40406240505045,0.168213951769288,1.84797168485873,0.0722004682794066
"cheia","cheia","ridge","estendido","sa","esperar","m3",42,2.15237324565508,0.723220455873227,-1.45597483305903,0.15301496725842,1.61279479132715,0.114461017738257
"cheia","cheia","ridge","estendido","sa","esperar","vespera",42,2.15404727718331,0.723782948390467,-1.2736388561018,0.209964763158953,1.67363114017176,0.101816983194896
"cheia","cheia","ridge","estendido","sa","principal","m1",40,2.8721696961747,0.754699378041334,-1.47493239076963,0.148258545027329,1.59144309916277,0.119584175113711
"cheia","cheia","ridge","estendido","sa","principal","m2",40,2.22145139280932,0.614951537808107,-1.33954445092454,0.188147666768834,1.63638141339439,0.109805680002566
"cheia","cheia","ridge","estendido","sa","principal","m3",42,1.95967623913335,0.658472198486464,-1.54429994491151,0.13020005709599,1.58325624667236,0.121047343178933
"cheia","cheia","ridge","estendido","sa","principal","vespera",42,2.1238776794541,0.713645640529352,-1.43366432380465,0.159250802148056,1.69688710698106,0.0972983923444272
"cheia","cheia","ridge","estendido","sa","trimestre","m1",40,2.8721696961747,0.754699378041334,-1.47493239076963,0.148258545027329,1.59144309916277,0.119584175113711
"cheia","cheia","ridge","estendido","sa","trimestre","m2",40,2.21720919972596,0.613777196038246,-1.34335268573687,0.186922827673355,1.62249593728748,0.112754562764309
"cheia","cheia","ridge","estendido","sa","trimestre","m3",42,1.95967623913335,0.658472198486464,-1.54429994491151,0.13020005709599,1.58325624667236,0.121047343178933
"cheia","cheia","ridge","estendido","sa","trimestre","vespera",42,2.00993360390384,0.675359211151984,-1.46057325356505,0.151753951694718,1.71768267664517,0.0933998274077698
"cheia","cheia","sarima","core","nsa","1","m1",46,3.23185035567508,0.869249764821389,-0.980743903984487,0.331962638804298,2.3445813984782,0.0235208704585505
"cheia","cheia","sarima","core","nsa","1","m2",46,3.00986909335592,0.874692709384659,-0.797730040331621,0.429216757642737,2.39073744243558,0.0210594478384362
"cheia","cheia","sarima","core","nsa","1","m3",46,2.59147134211921,0.893271578568002,-0.627535191032928,0.533480035863308,2.18127936593234,0.0344279357834877
"cheia","cheia","sarima","core","nsa","1","vespera",46,2.59147134211921,0.893271578568002,-0.627535191032928,0.533480035863308,2.29674977500267,0.0263409450849053
"cheia","cheia","sarima","core","sa","principal","m1",46,3.71797668112012,1,NA,NA,1.89485739995235,0.0645471873621737
"cheia","cheia","sarima","core","sa","principal","m2",46,3.44105885537029,1,NA,NA,1.75515382881205,0.0860392345324979
"cheia","cheia","sarima","core","sa","principal","m3",46,2.9011013047942,1,NA,NA,1.87366568877681,0.0674791433492219
"cheia","cheia","sarima","core","sa","principal","vespera",46,2.9011013047942,1,NA,NA,1.97398246691255,0.0545415807422188
"cheia","sem_covid","combo_igual","core","sa","principal","m1",44,1.6628514464071,0.495222197665097,-1.53242558069984,0.132742497777553,1.49670715674348,0.141774151875506
"cheia","sem_covid","combo_igual","core","sa","principal","m2",44,1.4782090378946,0.46000189172505,-1.46513266447144,0.15015884972468,1.70765132593073,0.0949125719690305
"cheia","sem_covid","combo_igual","core","sa","principal","m3",44,1.0523470609106,0.603060262024016,-1.98826768907081,0.053171639873902,0.996294535980362,0.324680752769639
"cheia","sem_covid","combo_igual","core","sa","principal","vespera",44,0.97962414621963,0.561385512677791,-2.13501981837627,0.0384983675308832,2.08718169065758,0.0428341536098523
"cheia","sem_covid","combo_igual","estendido","sa","principal","m1",38,1.56012072076809,0.458716589690083,-1.39633496803802,0.17093501343887,1.0137250114504,0.317297485972733
"cheia","sem_covid","combo_igual","estendido","sa","principal","m2",38,1.47229487450174,0.436832196172539,-1.3868593774788,0.173783776092974,1.69734321216178,0.0980294190341481
"cheia","sem_covid","combo_igual","estendido","sa","principal","m3",40,1.1020736372756,0.63940974561571,-1.73804016124735,0.0900948538057398,1.52326629486795,0.135760474076732
"cheia","sem_covid","combo_igual","estendido","sa","principal","vespera",40,1.11587240047747,0.647415620513987,-1.69393913055142,0.0982501044623121,2.79514835699627,0.00800688459499275
"cheia","sem_covid","combo_peneira","core","sa","principal","m1",44,1.43555437964443,0.427529708857243,-1.61393663755881,0.113856742062794,0.31510321428672,0.754207398715645
"cheia","sem_covid","combo_peneira","core","sa","principal","m2",44,1.15149991499382,0.358333717112721,-1.55183357059174,0.12803186711049,-0.597166879261435,0.553527651068495
"cheia","sem_covid","combo_peneira","core","sa","principal","m3",44,0.97091659512435,0.556395544785864,-2.36948396629831,0.022371977043124,0.638352616044441,0.526629573879614
"cheia","sem_covid","combo_peneira","core","sa","principal","vespera",44,0.67739522696563,0.38818956049939,-2.59003346476549,0.0130480729538392,1.03539881989564,0.306270709110816
"cheia","sem_covid","combo_peneira","estendido","sa","principal","m1",44,1.44122587593806,0.429218765847059,-1.58719701564364,0.119795207645263,0.26471302408331,0.792495328978623
"cheia","sem_covid","combo_peneira","estendido","sa","principal","m2",44,1.154412230903,0.359239996801981,-1.54802600018229,0.128945266211361,-0.564894840509405,0.575080729601235
"cheia","sem_covid","combo_peneira","estendido","sa","principal","m3",44,0.951061320897566,0.545017238785369,-2.32453009699034,0.0248876102584899,0.522320123080674,0.604128147624643
"cheia","sem_covid","combo_peneira","estendido","sa","principal","vespera",44,0.740365917848862,0.424275679570237,-2.47821149104503,0.0172076230419734,2.26977761260508,0.0282921224838605
"cheia","sem_covid","combo_rmse","core","sa","aa","m1",35,1.54246206658879,0.436368615196267,-1.42265499363377,0.163946919470141,0.626574564193097,0.535122817881775
"cheia","sem_covid","combo_rmse","core","sa","aa","m2",35,1.40981043540751,0.402396022046279,-1.44017622089393,0.158962923035825,1.03771552678197,0.306726626963062
"cheia","sem_covid","combo_rmse","core","sa","aa","m3",36,1.02109504025794,0.571375590094282,-1.79527666156582,0.0812488377909938,0.400367500611139,0.691319243635714
"cheia","sem_covid","combo_rmse","core","sa","aa","vespera",36,0.862758200122372,0.48277482141043,-2.05729955977868,0.0471684146760518,1.68274513243064,0.101326013866617
"cheia","sem_covid","combo_rmse","estendido","sa","aa","m1",29,1.48807525194026,0.39514280150325,-1.36261720285078,0.183863264497268,-0.20993061351408,0.835241916196262
"cheia","sem_covid","combo_rmse","estendido","sa","aa","m2",30,1.47266529989628,0.401831320136324,-1.37819929749527,0.178683103685402,1.28403930611401,0.209292502245231
"cheia","sem_covid","combo_rmse","estendido","sa","aa","m3",32,0.996803743369335,0.554064990642789,-1.73062082116979,0.0934639839842969,0.246726037733711,0.806746835136999
"cheia","sem_covid","combo_rmse","estendido","sa","aa","vespera",32,1.05947537957877,0.58890049337934,-1.65866323506573,0.107269535751487,2.27075731784554,0.0302592926708813
"cheia","sem_covid","dfm_4a","core","sa","principal","m1",44,1.49037055555667,0.443854791390329,-1.5612211077424,0.125802127352307,0.571236335097977,0.570813249791
"cheia","sem_covid","dfm_4a","core","sa","principal","m2",44,1.25141253129464,0.389425390433186,-1.49808995204141,0.141415628867492,0.33292698956738,0.740807216798508
"cheia","sem_covid","dfm_4a","core","sa","principal","m3",44,1.00365416258344,0.575156205354275,-1.96918505344911,0.0553972365920059,0.565947029772059,0.574371584145862
"cheia","sem_covid","dfm_4a","core","sa","principal","vespera",44,0.879903257785137,0.504239246638395,-2.24593290508795,0.0299004453149316,1.8689874875125,0.0684456517923089
"cheia","sem_covid","dfm_4a","core","sa","trimestre","m1",44,1.49037055555667,0.443854791390329,-1.5612211077424,0.125802127352307,0.571236335097977,0.570813249791
"cheia","sem_covid","dfm_4a","core","sa","trimestre","m2",44,1.25189039808053,0.389574097158599,-1.49788225456038,0.14146943337493,0.336266109218336,0.738305700154071
"cheia","sem_covid","dfm_4a","core","sa","trimestre","m3",44,1.00365416258344,0.575156205354275,-1.96918505344911,0.0553972365920059,0.565947029772059,0.574371584145862
"cheia","sem_covid","dfm_4a","core","sa","trimestre","vespera",44,0.872852630198389,0.500198798883243,-2.25277196905368,0.0294310266510549,1.85112543976056,0.071027688400512
"cheia","sem_covid","dfm_4a","estendido","sa","principal","m1",44,1.52772344674861,0.454979044795637,-1.53687721944884,0.131649912516909,0.774213645497563,0.443040670189115
"cheia","sem_covid","dfm_4a","estendido","sa","principal","m2",44,1.35136463166467,0.420529350748293,-1.45889948065736,0.151859476293825,1.11229407753539,0.272191780560839
"cheia","sem_covid","dfm_4a","estendido","sa","principal","m3",44,1.063995246312,0.609735396113518,-1.93086260941506,0.0601103165663512,1.12823110764203,0.265478093912155
"cheia","sem_covid","dfm_4a","estendido","sa","principal","vespera",44,0.949123601564883,0.54390680519183,-2.19203823404732,0.0338386672145951,2.60399684790435,0.0125989769817666
"cheia","sem_covid","dfm_4a","estendido","sa","trimestre","m1",44,1.52772344674861,0.454979044795637,-1.53687721944884,0.131649912516909,0.774213645497563,0.443040670189115
"cheia","sem_covid","dfm_4a","estendido","sa","trimestre","m2",44,1.35109990231089,0.420446969975066,-1.45902532246071,0.15182499278764,1.10759784375632,0.274192889736951
"cheia","sem_covid","dfm_4a","estendido","sa","trimestre","m3",44,1.063995246312,0.609735396113518,-1.93086260941506,0.0601103165663512,1.12823110764203,0.265478093912155
"cheia","sem_covid","dfm_4a","estendido","sa","trimestre","vespera",44,0.950060534893737,0.544443726213217,-2.1888994916405,0.0340815702338827,2.6228744729417,0.0120143342191537
"cheia","sem_covid","dfm_4b","core","nsa","1","m1",44,2.40419846605203,0.716006502296933,-1.18158481252311,0.243864160687899,2.719212900294,0.00940015401909221
"cheia","sem_covid","dfm_4b","core","nsa","1","m2",44,2.14092919983005,0.666232891779574,-1.20986019901345,0.232941934963734,2.54539573536908,0.0145837793392556
"cheia","sem_covid","dfm_4b","core","nsa","1","m3",44,1.54262881022094,0.884022172012955,-0.597289216733754,0.553446732511166,3.56569852390666,0.000904973777321228
"cheia","sem_covid","dfm_4b","core","nsa","1","vespera",44,1.55217256929256,0.889491339039889,-0.568559057474989,0.572613006766899,4.77674332784955,0.0000209570604224648
"cheia","sem_covid","dfm_4b","core","sa","principal","m1",44,1.53853768650643,0.45819968822143,-1.55894888181061,0.126338936510424,0.866381203669075,0.391089866704534
"cheia","sem_covid","dfm_4b","core","sa","principal","m2",44,1.31105346461031,0.407984972634451,-1.49369869457114,0.14255666489972,0.924648838671147,0.3603087890685
"cheia","sem_covid","dfm_4b","core","sa","principal","m3",44,1.03672803430839,0.594109589166014,-1.95700672804273,0.056859215224867,0.929925355394608,0.357601160966385
"cheia","sem_covid","dfm_4b","core","sa","principal","vespera",44,0.878832025524434,0.503625363983305,-2.32136330948421,0.0250740405948656,2.00286995048219,0.0515212028723655
"cheia","sem_covid","dfm_4b","core","sa","trimestre","m1",44,1.53853768650643,0.45819968822143,-1.55894888181061,0.126338936510424,0.866381203669075,0.391089866704534
"cheia","sem_covid","dfm_4b","core","sa","trimestre","m2",44,1.31071725193165,0.407880347061042,-1.49382275336897,0.142524329002619,0.915983200266359,0.364784358641946
"cheia","sem_covid","dfm_4b","core","sa","trimestre","m3",44,1.03672803430839,0.594109589166014,-1.95700672804273,0.056859215224867,0.929925355394608,0.357601160966385
"cheia","sem_covid","dfm_4b","core","sa","trimestre","vespera",44,0.881342823284413,0.505064207128562,-2.31633407491104,0.025372686606597,2.01035761881398,0.0506922449175105
"cheia","sem_covid","dfm_4b","estendido","nsa","1","m1",44,1.84824628302749,0.55043557143056,-1.60591496139534,0.115612510468071,1.45811358618108,0.152074968871583
"cheia","sem_covid","dfm_4b","estendido","nsa","1","m2",44,1.86878685122449,0.581545278615365,-1.3968503455511,0.169626521359238,2.02165652107294,0.0494632449276529
"cheia","sem_covid","dfm_4b","estendido","nsa","1","m3",44,1.23171924937483,0.705851672760182,-1.49500974562118,0.142215234347192,2.33655407915863,0.0241910161039642
"cheia","sem_covid","dfm_4b","estendido","nsa","1","vespera",44,1.22241936264278,0.700522259738807,-1.58134485623923,0.121127826648666,4.66506198861172,0.0000300721200670509
"cheia","sem_covid","dfm_4b","estendido","sa","principal","m1",42,1.95038299474156,0.569649110664463,-1.5240486397185,0.135173631233354,1.91053467550563,0.0630749919609734
"cheia","sem_covid","dfm_4b","estendido","sa","principal","m2",42,1.68701938885694,0.515034317774307,-1.50260351941461,0.140605137114,1.63438573619703,0.109834169912989
"cheia","sem_covid","dfm_4b","estendido","sa","principal","m3",42,1.18267288844635,0.663850474385174,-1.7998979809812,0.0792381334780681,1.97054317558372,0.055553918287751
"cheia","sem_covid","dfm_4b","estendido","sa","principal","vespera",42,1.00333910812967,0.563187969731914,-2.18712533002452,0.0344928400031315,2.59771084401673,0.0129765053502127
"cheia","sem_covid","dfm_4b","estendido","sa","trimestre","m1",42,1.95038299474156,0.569649110664463,-1.5240486397185,0.135173631233354,1.91053467550563,0.0630749919609734
"cheia","sem_covid","dfm_4b","estendido","sa","trimestre","m2",42,1.68595719358672,0.514710037555623,-1.50328346235525,0.140430291968075,1.62995389405287,0.11077118953042
"cheia","sem_covid","dfm_4b","estendido","sa","trimestre","m3",42,1.18267288844635,0.663850474385174,-1.7998979809812,0.0792381334780681,1.97054317558372,0.055553918287751
"cheia","sem_covid","dfm_4b","estendido","sa","trimestre","vespera",42,1.00126826276147,0.562025575892092,-2.19192554786843,0.0341195631873019,2.59942515002483,0.0129211814530599
"cheia","sem_covid","famidas","core","nsa","1","m1",44,2.166158297001,0.645114555872777,-1.13271574926061,0.263610339671997,2.81809472197875,0.00727156384334134
"cheia","sem_covid","famidas","core","nsa","1","m2",44,1.84142392502489,0.57303024624019,-1.19298378852155,0.23941694867786,2.92556686799578,0.00547110777196565
"cheia","sem_covid","famidas","core","nsa","1","m3",44,1.50989844011934,0.865265635977654,-0.688420172300921,0.494885744848082,2.3700586441667,0.02234135465338
"cheia","sem_covid","famidas","core","nsa","1","vespera",44,1.07977611570242,0.61877881494658,-1.78403288347406,0.0814760650330159,1.93726680637917,0.05929951909832
"cheia","sem_covid","famidas","core","sa","principal","m1",44,2.20679739902425,0.657217492342884,-1.53068716505602,0.133171133141287,1.61375658607417,0.113895911605151
"cheia","sem_covid","famidas","core","sa","principal","m2",44,1.65203537837665,0.514094677930224,-1.34072954134867,0.187048584811536,2.02148477575155,0.0494817305868242
"cheia","sem_covid","famidas","core","sa","principal","m3",44,1.15455940484357,0.661634286890837,-1.78043524159148,0.0820710511367449,2.08191471337171,0.0433367099723639
"cheia","sem_covid","famidas","core","sa","principal","vespera",44,1.04700865876466,0.600001025849464,-1.99731122038217,0.0521441797420763,2.57709279807614,0.0134773101996512
"cheia","sem_covid","famidas","core","sa","trimestre","m1",44,2.20679739902425,0.657217492342884,-1.53068716505602,0.133171133141287,1.61375658607417,0.113895911605151
"cheia","sem_covid","famidas","core","sa","trimestre","m2",44,1.64060426691547,0.510537445656666,-1.34641204221041,0.18522452180438,1.96780077172161,0.0555617665596092
"cheia","sem_covid","famidas","core","sa","trimestre","m3",44,1.15455940484357,0.661634286890837,-1.78043524159148,0.0820710511367449,2.08191471337171,0.0433367099723639
"cheia","sem_covid","famidas","core","sa","trimestre","vespera",44,0.843538746385767,0.483400121802618,-2.34712234551964,0.0235932566820678,1.64803341120759,0.106634779064829
"cheia","sem_covid","famidas","estendido","nsa","1","m1",36,4.38265787875994,1.25529700789048,0.867111568084085,0.391787025515093,1.1613145016975,0.253373165777736
"cheia","sem_covid","famidas","estendido","nsa","1","m2",37,4.14976137939266,1.21553730180464,1.04606439315909,0.302504418961135,1.33267632661872,0.191012013397706
"cheia","sem_covid","famidas","estendido","nsa","1","m3",38,1.60734667399332,0.92192179667014,-0.262316782253646,0.794532243676033,1.37052045393909,0.178782481816398
"cheia","sem_covid","famidas","estendido","nsa","1","vespera",38,3.4850053778521,1.99888578571063,0.80090856167793,0.42829782382694,1.03757799951157,0.306200147981678
"cheia","sem_covid","famidas","estendido","sa","principal","m1",38,3.7450831165751,1.10115309185526,0.6453624827913,0.52267446510622,1.20517303978187,0.235788146887362
"cheia","sem_covid","famidas","estendido","sa","principal","m2",38,3.19758294267857,0.948727869318193,-0.641994784273057,0.524834456845958,1.43218704169408,0.160484901706197
"cheia","sem_covid","famidas","estendido","sa","principal","m3",40,1.92674540616349,1.1178742947402,0.55707855263668,0.580657001522001,1.83514201673194,0.0741197089508156
"cheia","sem_covid","famidas","estendido","sa","principal","vespera",40,3.72470930667388,2.16103112325626,0.852072118686343,0.39937632852725,1.05598021311625,0.297475021926608
"cheia","sem_covid","famidas","estendido","sa","trimestre","m1",38,3.7450831165751,1.10115309185526,0.6453624827913,0.52267446510622,1.20517303978187,0.235788146887362
"cheia","sem_covid","famidas","estendido","sa","trimestre","m2",38,3.2715554373297,0.970675624387128,-0.309232018229435,0.758879767611896,1.47643260947225,0.148288784692822
"cheia","sem_covid","famidas","estendido","sa","trimestre","m3",40,1.92674540616349,1.1178742947402,0.55707855263668,0.580657001522001,1.83514201673194,0.0741197089508156
"cheia","sem_covid","famidas","estendido","sa","trimestre","vespera",40,1.5456834434315,0.896786769902375,-0.354423010524593,0.724931169409205,1.54306199243472,0.130891984965203
"cheia","sem_covid","focus","nenhum","nsa","principal","m1",44,1.40659400212775,0.418904872387329,-1.63559499553963,0.109224567107127,NA,NA
"cheia","sem_covid","focus","nenhum","nsa","principal","m2",44,1.20578850226164,0.375227709912176,-1.54718903153829,0.129146747798217,NA,NA
"cheia","sem_covid","focus","nenhum","nsa","principal","m3",44,0.914562658857201,0.524101237295763,-2.40638062986667,0.0204807954483142,NA,NA
"cheia","sem_covid","focus","nenhum","nsa","principal","vespera",44,0.619774768115631,0.35516945686366,-2.66197859361356,0.0108816828356789,NA,NA
"cheia","sem_covid","lasso","core","nsa","1","m1",44,1.83937594446136,0.547793851048234,-1.37361545009394,0.17668054919892,1.86764136787237,0.0686374179655195
"cheia","sem_covid","lasso","core","nsa","1","m2",44,1.68361733411231,0.523922624458997,-1.28076817926717,0.207140271269977,2.10903813647665,0.0408027915254733
"cheia","sem_covid","lasso","core","nsa","1","m3",44,1.25004808703643,0.716355235751308,-1.37824708108837,0.17525662764824,2.06627830550181,0.0448591750261736
"cheia","sem_covid","lasso","core","nsa","1","vespera",44,1.13332080797974,0.649463251055343,-1.72833214042882,0.0911044474161205,2.2741468193406,0.0280059267742687
"cheia","sem_covid","lasso","core","sa","esperar","m1",44,2.4528601277402,0.730498677827897,-0.887709899555036,0.379635456705178,1.51703541446039,0.136575860706215
"cheia","sem_covid","lasso","core","sa","esperar","m2",44,2.02325832403262,0.629615049458128,-1.0767862793323,0.287580028359043,1.72665533020824,0.0914084016414965
"cheia","sem_covid","lasso","core","sa","esperar","m3",44,1.40212896479945,0.803507029488678,-1.11112047577522,0.272690890837884,1.91966603057835,0.0615507129637286
"cheia","sem_covid","lasso","core","sa","esperar","vespera",44,1.34890927484983,0.773008839910346,-1.1967934464306,0.237943922288775,2.91705319695677,0.00559693399302332
"cheia","sem_covid","lasso","core","sa","principal","m1",44,1.89439060342548,0.564178044822652,-1.48662669848429,0.144409635862855,1.92374137528802,0.0610230476421784
"cheia","sem_covid","lasso","core","sa","principal","m2",44,1.64483867879695,0.511855146621747,-1.4158504765535,0.164022247942342,2.09057650982569,0.0425129412471523
"cheia","sem_covid","lasso","core","sa","principal","m3",44,1.12805083065783,0.646443226557091,-1.89877102589348,0.0643179564548336,1.359761110218,0.180993131463595
"cheia","sem_covid","lasso","core","sa","principal","vespera",44,1.12751428677002,0.646135753566871,-1.77073638998578,0.0836932631632998,1.89290864256457,0.0651131894013049
"cheia","sem_covid","lasso","core","sa","trimestre","m1",44,1.89439060342548,0.564178044822652,-1.48662669848429,0.144409635862855,1.92374137528802,0.0610230476421784
"cheia","sem_covid","lasso","core","sa","trimestre","m2",44,1.65900514522358,0.516263590345369,-1.40570167600218,0.166997506374223,2.10889807580133,0.0408155351970522
"cheia","sem_covid","lasso","core","sa","trimestre","m3",44,1.12805083065783,0.646443226557091,-1.89877102589348,0.0643179564548336,1.359761110218,0.180993131463595
"cheia","sem_covid","lasso","core","sa","trimestre","vespera",44,1.10486144934527,0.633154270004651,-1.896351890486,0.0646451012331869,2.05909501538069,0.0455741026117553
"cheia","sem_covid","lasso","estendido","nsa","1","m1",38,2.39843430735633,0.705202867586128,-1.33956462940195,0.18855735395868,1.49777335126922,0.142675619396641
"cheia","sem_covid","lasso","estendido","nsa","1","m2",38,2.29798672466102,0.68181626187399,-1.39556197376775,0.17116603609636,1.50706633879558,0.140284973575279
"cheia","sem_covid","lasso","estendido","nsa","1","m3",40,1.42658491945565,0.827687252099862,-0.764812406951515,0.448986616833008,2.1598771361334,0.036989603998967
"cheia","sem_covid","lasso","estendido","nsa","1","vespera",40,1.22714508278092,0.711974679980747,-1.28247331443142,0.207247179671932,3.40421555763015,0.00154844244218551
"cheia","sem_covid","lasso","estendido","sa","esperar","m1",38,2.36970953202134,0.696757026949647,-1.21226144603909,0.233096627462087,1.8670862224238,0.069828185025715
"cheia","sem_covid","lasso","estendido","sa","esperar","m2",38,2.44409714088332,0.725167451304487,-1.2093702284466,0.234191692729967,1.87929402412956,0.0680982257908486
"cheia","sem_covid","lasso","estendido","sa","esperar","m3",40,1.41202216201177,0.819238117016954,-1.12813308857786,0.266156164641541,2.14846537924336,0.0379446480505245
"cheia","sem_covid","lasso","estendido","sa","esperar","vespera",40,1.25689398107619,0.729234629631978,-1.35302500111609,0.183839438434795,2.7662743677218,0.0086216065277214
"cheia","sem_covid","lasso","estendido","sa","principal","m1",38,1.85470437157999,0.54533194315604,-1.42499259083484,0.162540637911497,1.42272694216168,0.163192286688825
"cheia","sem_covid","lasso","estendido","sa","principal","m2",38,2.05208239927391,0.608856063229321,-1.14136431240118,0.261051783113417,1.52521367268061,0.135709059143178
"cheia","sem_covid","lasso","estendido","sa","principal","m3",40,1.06475804859498,0.617759694059482,-1.67940328417962,0.101068833562638,0.999662178219429,0.323636384647366
"cheia","sem_covid","lasso","estendido","sa","principal","vespera",40,1.5384205714276,0.892572939734062,-0.52991793438942,0.599172984681362,1.43249770488748,0.15996868810309
"cheia","sem_covid","lasso","estendido","sa","trimestre","m1",38,1.85470437157999,0.54533194315604,-1.42499259083484,0.162540637911497,1.42272694216168,0.163192286688825
"cheia","sem_covid","lasso","estendido","sa","trimestre","m2",38,1.61752666340414,0.479922695500517,-1.42001895079206,0.163973850546843,1.49275677351936,0.143979612914696
"cheia","sem_covid","lasso","estendido","sa","trimestre","m3",40,1.06475804859498,0.617759694059482,-1.67940328417962,0.101068833562638,0.999662178219429,0.323636384647366
"cheia","sem_covid","lasso","estendido","sa","trimestre","vespera",40,1.04992841394435,0.609155720060995,-1.72123039263788,0.0931340843868983,3.69361962484712,0.00067621927589609
"cheia","sem_covid","mfbvar","core","sa","principal","m1",33,1.51319024743628,0.426854516683825,-1.35921505841606,0.18358111103613,0.264145731396986,0.793361420321739
"cheia","sem_covid","mfbvar","core","sa","principal","m2",33,1.31295669671959,0.373854602890172,-1.36219170564724,0.182649550026728,0.252717330122385,0.802103015924602
"cheia","sem_covid","mfbvar","core","sa","principal","m3",34,1.03069915432445,0.587700162530333,-1.52605893682648,0.136523491846881,0.373644881682326,0.711058357755543
"cheia","sem_covid","mfbvar","core","sa","principal","vespera",34,0.89738541396437,0.511685249208224,-1.76791989404655,0.0863200096604301,1.30913582938869,0.199531231460219
"cheia","sem_covid","mfbvar","core","sa","trimestre","m1",33,1.51319024743628,0.426854516683825,-1.35921505841606,0.18358111103613,0.264145731396986,0.793361420321739
"cheia","sem_covid","mfbvar","core","sa","trimestre","m2",33,1.3085173583709,0.372590534486703,-1.36379896008623,0.182148077520345,0.234741552757115,0.815904937047673
"cheia","sem_covid","mfbvar","core","sa","trimestre","m3",34,1.03069915432445,0.587700162530333,-1.52605893682648,0.136523491846881,0.373644881682326,0.711058357755543
"cheia","sem_covid","mfbvar","core","sa","trimestre","vespera",34,0.894181541966532,0.509858415368344,-1.77236811042264,0.0855664425017992,1.30009835307517,0.20257494405492
"cheia","sem_covid","rf","core","nsa","2","m1",44,2.8486740131894,0.84837801253458,-0.806774268104805,0.424236512085134,2.62980215812971,0.011806100529443
"cheia","sem_covid","rf","core","nsa","2","m2",44,2.64934310244666,0.824445533555907,-0.86633208777708,0.391116492390109,2.38762778640851,0.0214231816200128
"cheia","sem_covid","rf","core","nsa","2","m3",44,1.79933387156436,1.03113012461435,0.156117224730612,0.87667126574604,4.47312310108821,0.0000556453707972912
"cheia","sem_covid","rf","core","nsa","2","vespera",44,1.80161603296585,1.03243794491802,0.162108119174276,0.871980079591246,5.91429444136336,0.000000487143728794911
"cheia","sem_covid","rf","core","nsa","3","m1",44,2.45514712470571,0.731179779958674,-1.5220535652729,0.135316344117365,1.62885660651156,0.110648921716641
"cheia","sem_covid","rf","core","nsa","3","m2",44,2.20260558916848,0.685425884815837,-1.64997740731655,0.106234610271042,1.32016256781095,0.193765398649883
"cheia","sem_covid","rf","core","nsa","3","m3",44,1.22915001472173,0.70437934164372,-1.41988269706901,0.162851686368889,1.86695257723323,0.0687357186801132
"cheia","sem_covid","rf","core","nsa","3","vespera",44,1.21195978334087,0.694528270807997,-1.46308583976863,0.150715628349255,5.01372788325896,0.00000967741353698823
"cheia","sem_covid","rf","core","sa","esperar","m1",44,2.33028567662433,0.69399416072846,-1.63557659674762,0.10922843569929,1.56417079273574,0.125108015169023
"cheia","sem_covid","rf","core","sa","esperar","m2",44,2.18732761867144,0.680671553628438,-1.53349346614674,0.132479741546576,1.51204641846513,0.137837325665683
"cheia","sem_covid","rf","core","sa","esperar","m3",44,1.2052684384938,0.690693714389626,-1.67682664756463,0.10083277375876,1.92109182376076,0.0613656618718676
"cheia","sem_covid","rf","core","sa","esperar","vespera",44,1.17628048457203,0.67408181539076,-1.76031362981166,0.0854664263889954,3.31385143651284,0.00187386551361565
"cheia","sem_covid","rf","core","sa","principal","m1",44,2.48820591367642,0.741025185067831,-1.56707740605588,0.124427064755141,1.65065572150541,0.106095270647648
"cheia","sem_covid","rf","core","sa","principal","m2",44,2.27914490750983,0.709244052832529,-1.5047026651475,0.13971108444642,1.55321908168596,0.127700791458488
"cheia","sem_covid","rf","core","sa","principal","m3",44,1.21208326203921,0.694599031775496,-1.79625421333556,0.0794818690288104,1.87244291515161,0.0679554826837624
"cheia","sem_covid","rf","core","sa","principal","vespera",44,1.18618836218855,0.67975964497138,-1.73398149782392,0.090086577463897,3.08150798372159,0.00358616270059911
"cheia","sem_covid","rf","core","sa","trimestre","m1",44,2.48820591367642,0.741025185067831,-1.56707740605588,0.124427064755141,1.65065572150541,0.106095270647648
"cheia","sem_covid","rf","core","sa","trimestre","m2",44,2.27165661833025,0.706913782146794,-1.51737593505986,0.136490097540029,1.53887522277614,0.131161885136612
"cheia","sem_covid","rf","core","sa","trimestre","m3",44,1.21208326203921,0.694599031775496,-1.79625421333556,0.0794818690288104,1.87244291515161,0.0679554826837624
"cheia","sem_covid","rf","core","sa","trimestre","vespera",44,1.2050045281969,0.690542477389295,-1.79848779904269,0.0791218823965445,3.14572819465141,0.00300405905975867
"cheia","sem_covid","rf","estendido","nsa","2","m1",38,3.55056221350975,1.04395882214923,0.326727288184729,0.74571531056656,2.48081983076389,0.0177800151104113
"cheia","sem_covid","rf","estendido","nsa","2","m2",38,3.24013507446131,0.96135315349217,-0.251679506318627,0.802681497153782,2.37360507633782,0.0229192000543719
"cheia","sem_covid","rf","estendido","nsa","2","m3",40,1.9905016774084,1.15486490934096,0.736260497246116,0.465977911009041,4.83239250607084,0.0000212238413618879
"cheia","sem_covid","rf","estendido","nsa","2","vespera",40,1.938058994845,1.12443830155079,0.58967221388662,0.558811395267905,5.99972748347241,0.000000518340436207053
"cheia","sem_covid","rf","estendido","nsa","3","m1",38,2.79829465648642,0.822772343629584,-1.19873272282871,0.238253364766021,1.55814660694759,0.127711956438773
"cheia","sem_covid","rf","estendido","nsa","3","m2",38,2.57347709643794,0.763554686840272,-1.43357511770905,0.160090637725194,1.44221054666132,0.157654960258232
"cheia","sem_covid","rf","estendido","nsa","3","m3",40,1.24947086493594,0.724927827761057,-1.24364639214088,0.221053552376819,2.2191617064357,0.03236251526857
"cheia","sem_covid","rf","estendido","nsa","3","vespera",40,1.2822555507861,0.743949104498394,-1.18611501953172,0.242752912546937,6.06284673540707,0.000000423577888482511
"cheia","sem_covid","rf","estendido","sa","esperar","m1",38,2.48339653953346,0.73018400198037,-1.56925897131039,0.125101200036019,1.31044914309265,0.198120724289211
"cheia","sem_covid","rf","estendido","sa","esperar","m2",38,2.44694963307241,0.726013790206499,-1.55226485752068,0.129111575511873,1.38652788580703,0.173884100980655
"cheia","sem_covid","rf","estendido","sa","esperar","m3",40,1.16280676709094,0.674646370258752,-1.61420122462765,0.114546852347124,1.70701595105588,0.0957703285781876
"cheia","sem_covid","rf","estendido","sa","esperar","vespera",40,1.16762160757229,0.677439882255797,-1.66906608058356,0.103113832850077,3.61266602507799,0.000854861784267741
"cheia","sem_covid","rf","estendido","sa","principal","m1",38,2.79834758099156,0.822787904828269,-1.65188066800657,0.107021958589564,1.33597695161881,0.189716278414368
"cheia","sem_covid","rf","estendido","sa","principal","m2",38,2.61554997634886,0.776037776232954,-1.61378663214041,0.115071259356374,1.37448592421509,0.177559173784309
"cheia","sem_covid","rf","estendido","sa","principal","m3",40,1.19222862460961,0.691716574821542,-1.72173776491404,0.0930411150579168,2.04391300188349,0.0477571463712288
"cheia","sem_covid","rf","estendido","sa","principal","vespera",40,1.11538862526262,0.647134940007166,-1.78272235886267,0.0824171524959015,3.76874973263191,0.00054306478210633
"cheia","sem_covid","rf","estendido","sa","trimestre","m1",38,2.79834758099156,0.822787904828269,-1.65188066800657,0.107021958589564,1.33597695161881,0.189716278414368
"cheia","sem_covid","rf","estendido","sa","trimestre","m2",38,2.63037675004574,0.780436903220577,-1.5879692596433,0.120803358701566,1.39455909468743,0.171466126378524
"cheia","sem_covid","rf","estendido","sa","trimestre","m3",40,1.19222862460961,0.691716574821542,-1.72173776491404,0.0930411150579168,2.04391300188349,0.0477571463712288
"cheia","sem_covid","rf","estendido","sa","trimestre","vespera",40,1.16500980713558,0.675924547348629,-1.7286609284561,0.0917802487304993,3.74780770162421,0.000577389345517379
"cheia","sem_covid","ridge","core","nsa","1","m1",44,2.40786871261616,0.717099556985244,-1.24759442759026,0.21893144856585,2.43843431130091,0.018956310239222
"cheia","sem_covid","ridge","core","nsa","1","m2",44,2.18117524599254,0.678757005010249,-1.27117447213109,0.21050014969815,2.24620237331184,0.0298818242555068
"cheia","sem_covid","ridge","core","nsa","1","m3",44,1.35140509758708,0.774439101436981,-1.27165174061066,0.210332043007485,3.12808215454957,0.00315443932040788
"cheia","sem_covid","ridge","core","nsa","1","vespera",44,1.33719454142571,0.766295569668323,-1.28166795872517,0.206827231102895,4.44954809483598,0.0000599846775567481
"cheia","sem_covid","ridge","core","sa","esperar","m1",44,2.32248712788453,0.69167163549395,-1.64839190129014,0.106560891537896,1.55565189839777,0.127121124213374
"cheia","sem_covid","ridge","core","sa","esperar","m2",44,2.17003055394621,0.675288903210988,-1.5696944470242,0.123816517399125,1.47190696087831,0.148327674831233
"cheia","sem_covid","ridge","core","sa","esperar","m3",44,1.18108436914058,0.67683473977688,-1.84266396011274,0.0722794052088202,1.90088835739936,0.0640327871397264
"cheia","sem_covid","ridge","core","sa","esperar","vespera",44,1.21146058499821,0.69424219913591,-1.71060232893806,0.0943612338139171,3.3119569590859,0.00188397929905114
"cheia","sem_covid","ridge","core","sa","principal","m1",44,2.30017761826984,0.68502752762485,-1.6245791229756,0.111560945332116,1.59545230868116,0.117935598089338
"cheia","sem_covid","ridge","core","sa","principal","m2",44,2.07561139357893,0.645906731088769,-1.55032783932769,0.128392453028139,1.49721804411654,0.141641607911512
"cheia","sem_covid","ridge","core","sa","principal","m3",44,1.16835011567528,0.669537221195109,-1.9316006599392,0.0600163938400694,1.75651522469871,0.0861203944823628
"cheia","sem_covid","ridge","core","sa","principal","vespera",44,1.12347448413245,0.643820695609629,-1.93829388722897,0.0591703644110988,2.76696863682042,0.0083089556487419
"cheia","sem_covid","ridge","core","sa","trimestre","m1",44,2.30017761826984,0.68502752762485,-1.6245791229756,0.111560945332116,1.59545230868116,0.117935598089338
"cheia","sem_covid","ridge","core","sa","trimestre","m2",44,2.08286886717088,0.648165174580767,-1.54305885093653,0.130144706150052,1.51237088473858,0.137755002847725
"cheia","sem_covid","ridge","core","sa","trimestre","m3",44,1.16835011567528,0.669537221195109,-1.9316006599392,0.0600163938400694,1.75651522469871,0.0861203944823628
"cheia","sem_covid","ridge","core","sa","trimestre","vespera",44,1.15136126432354,0.659801553630456,-1.93902631972891,0.0590784092219691,2.96556865449963,0.00491450855340954
"cheia","sem_covid","ridge","estendido","nsa","1","m1",38,2.40913824201756,0.708350106347016,-1.0780297269456,0.287998801318939,2.61026061220313,0.0129852828804872
"cheia","sem_covid","ridge","estendido","nsa","1","m2",38,2.20272586796686,0.6535522164306,-1.25145642506426,0.218622703198933,2.17586512591257,0.0360256183243546
"cheia","sem_covid","ridge","estendido","nsa","1","m3",40,1.31882704660114,0.765167442407,-1.1631958648607,0.251817847145261,2.4026446286142,0.0211345338668349
"cheia","sem_covid","ridge","estendido","nsa","1","vespera",40,1.18556811662714,0.687852228946007,-1.41873991139087,0.163917485918143,4.20903336302664,0.000145847901355419
"cheia","sem_covid","ridge","estendido","sa","esperar","m1",38,2.30430016468548,0.677524949893892,-1.49264995600601,0.144007481806151,1.36575661342231,0.18026069582115
"cheia","sem_covid","ridge","estendido","sa","esperar","m2",38,2.34237966065589,0.694987715542027,-1.44750700796134,0.156175577845027,1.52216719993268,0.136468750181381
"cheia","sem_covid","ridge","estendido","sa","esperar","m3",40,1.18419696760422,0.687056704928106,-1.5960159307241,0.118557790849569,1.85208336746395,0.0715943982342429
"cheia","sem_covid","ridge","estendido","sa","esperar","vespera",40,1.21513226562492,0.705004989297615,-1.57342421981279,0.123699136766294,3.64037376908287,0.000789127576440145
"cheia","sem_covid","ridge","estendido","sa","principal","m1",38,2.29827587589306,0.675753650292919,-1.41221473068753,0.166242681738985,1.52807277457367,0.134999188158327
"cheia","sem_covid","ridge","estendido","sa","principal","m2",38,1.66830073321043,0.494987441568864,-1.34608232275196,0.186465866033747,2.45348915248781,0.0189794984085388
"cheia","sem_covid","ridge","estendido","sa","principal","m3",40,1.14357121144772,0.66348613438648,-1.66889900832609,0.10314716323094,1.83502264577817,0.0741377675850225
"cheia","sem_covid","ridge","estendido","sa","principal","vespera",40,1.13743358681495,0.659925159082841,-1.75615158156659,0.0869135255809546,3.23618997655965,0.0024724262421252
"cheia","sem_covid","ridge","estendido","sa","trimestre","m1",38,2.29827587589306,0.675753650292919,-1.41221473068753,0.166242681738985,1.52807277457367,0.134999188158327
"cheia","sem_covid","ridge","estendido","sa","trimestre","m2",38,1.67952466430253,0.498317599510431,-1.3403659283438,0.188299255067589,2.52899384379097,0.0158328251461859
"cheia","sem_covid","ridge","estendido","sa","trimestre","m3",40,1.14357121144772,0.66348613438648,-1.66889900832609,0.10314716323094,1.83502264577817,0.0741377675850225
"cheia","sem_covid","ridge","estendido","sa","trimestre","vespera",40,1.15740699399535,0.671513487459767,-1.78505182127639,0.082032464173552,3.26196934382299,0.00230268703592312
"cheia","sem_covid","sarima","core","nsa","1","m1",44,2.79218070965356,0.831553456143313,-0.967908927447065,0.338502643888946,2.43903148047716,0.0189289094292093
"cheia","sem_covid","sarima","core","nsa","1","m2",44,2.59375102588017,0.807145909666492,-1.00339340965914,0.32128434592756,2.23777857378613,0.0304688389657159
"cheia","sem_covid","sarima","core","nsa","1","m3",44,1.83862585979942,1.0536468755995,0.440088852755825,0.662077025875945,2.23678702946556,0.0305386051005165
"cheia","sem_covid","sarima","core","nsa","1","vespera",44,1.83862585979942,1.0536468755995,0.440088852755825,0.662077025875945,2.55902476028694,0.014098236057786
"cheia","sem_covid","sarima","core","sa","principal","m1",44,3.35778859317536,1,NA,NA,1.63559499553963,0.109224567107127
"cheia","sem_covid","sarima","core","sa","principal","m2",44,3.21348469318501,1,NA,NA,1.54718903153829,0.129146747798217
"cheia","sem_covid","sarima","core","sa","principal","m3",44,1.74501144774267,1,NA,NA,2.40638062986667,0.0204807954483142
"cheia","sem_covid","sarima","core","sa","principal","vespera",44,1.74501144774267,1,NA,NA,2.66197859361356,0.0108816828356789
"pre_covid","cheia","combo_igual","core","sa","principal","m1",20,1.56087382004111,0.722907215225056,-2.1945433387096,0.0408275964790755,2.17094356997167,0.042811123422764
"pre_covid","cheia","combo_igual","core","sa","principal","m2",20,1.34115101679811,0.798243993943422,-1.6908953105963,0.107195702689942,2.19993028430138,0.0403867778804653
"pre_covid","cheia","combo_igual","core","sa","principal","m3",20,1.08718051472199,0.793289599064209,-2.04003840507681,0.0554952623507031,2.0851218160184,0.0507870521322773
"pre_covid","cheia","combo_igual","core","sa","principal","vespera",20,1.13816723774804,0.830493390448641,-2.60293983645819,0.0174752381713894,1.95752797253717,0.0651383460622538
"pre_covid","cheia","combo_igual","estendido","sa","principal","m1",14,1.43765032042128,0.887896159300253,-0.79964319936243,0.438285398019821,2.04281534375454,0.0618929523120531
"pre_covid","cheia","combo_igual","estendido","sa","principal","m2",14,1.31037668148472,0.843921264137183,-1.18718664805451,0.256394909398775,1.76493352369776,0.101039283498142
"pre_covid","cheia","combo_igual","estendido","sa","principal","m3",16,1.04184781109656,0.880324828659739,-1.62679394265668,0.124599943926165,2.24409499456805,0.0403428681147096
"pre_covid","cheia","combo_igual","estendido","sa","principal","vespera",16,0.975267567585888,0.824066860042456,-2.49003371295829,0.0249924086898791,2.21093636929341,0.0429882416096761
"pre_covid","cheia","combo_peneira","core","sa","principal","m1",20,1.20016398430023,0.555847111127176,-2.21833843342521,0.0389131113859129,1.5986196562633,0.126402512710947
"pre_covid","cheia","combo_peneira","core","sa","principal","m2",20,0.974410917637292,0.579962772942487,-1.99656747180998,0.0604032692497325,0.993583661824553,0.332911690790133
"pre_covid","cheia","combo_peneira","core","sa","principal","m3",20,0.821706467158518,0.599579540889157,-2.29022493783023,0.0336188235983372,1.93130832849794,0.0685014290744095
"pre_covid","cheia","combo_peneira","core","sa","principal","vespera",20,0.636708470649647,0.464590930910498,-2.12156718744046,0.0472483006858644,1.96901142935093,0.0637122819405372
"pre_covid","cheia","combo_peneira","estendido","sa","principal","m1",20,1.28751299836498,0.59630216373901,-2.11410521707622,0.047954085574725,1.51343936091249,0.146625344976737
"pre_covid","cheia","combo_peneira","estendido","sa","principal","m2",20,0.943967158298279,0.561842853752891,-2.08373324515123,0.0509265038190898,0.642879263193362,0.527985235129515
"pre_covid","cheia","combo_peneira","estendido","sa","principal","m3",20,0.755411707287947,0.551205841429292,-2.09870486097546,0.0494410383161394,1.73493878527733,0.098944583371219
"pre_covid","cheia","combo_peneira","estendido","sa","principal","vespera",20,0.697529970817609,0.508970923772185,-2.00068265827297,0.0599225246018289,2.35669612006965,0.029323208044578
"pre_covid","cheia","combo_rmse","core","sa","aa","m1",11,1.26218854822562,0.713105239951113,-1.47433703506918,0.171162495418376,1.79265405276245,0.103280107765112
"pre_covid","cheia","combo_rmse","core","sa","aa","m2",11,1.26563101212308,0.745440469189102,-1.30949227088071,0.21965433322732,1.84546039302904,0.0947474284182602
"pre_covid","cheia","combo_rmse","core","sa","aa","m3",12,1.02202121515103,0.82195070893183,-1.60276963743333,0.137289197260575,1.52906136966221,0.154482238978762
"pre_covid","cheia","combo_rmse","core","sa","aa","vespera",12,0.958327180783414,0.770725395868778,-2.23271272660898,0.0473011611939033,1.73114534404943,0.111339230449561
"pre_covid","cheia","combo_rmse","estendido","sa","aa","m1",5,1.25953626513706,0.969861305199893,-0.104599133057486,0.921728953286758,1.78677471709953,0.148507429317656
"pre_covid","cheia","combo_rmse","estendido","sa","aa","m2",6,0.957141288623053,1.0451013959492,0.191147488804403,0.855929523032263,1.25705669392476,0.26425620444427
"pre_covid","cheia","combo_rmse","estendido","sa","aa","m3",8,0.754419082462018,0.797764379712071,-1.13879946621529,0.292254686283202,1.89548562224126,0.0998667347766759
"pre_covid","cheia","combo_rmse","estendido","sa","aa","vespera",8,0.672702660181493,0.711352924264568,-1.50545308897302,0.175926301927552,1.58936077646838,0.156003329127376
"pre_covid","cheia","dfm_4a","core","sa","principal","m1",20,1.5252813914962,0.706422844052874,-1.82789259293333,0.0833129915540265,2.56032277597667,0.0191351546085559
"pre_covid","cheia","dfm_4a","core","sa","principal","m2",20,1.31818470286682,0.784574599573175,-1.5133728603249,0.14664212343181,2.2509966222154,0.0364194661452413
"pre_covid","cheia","dfm_4a","core","sa","principal","m3",20,1.08494463160147,0.791658128668802,-1.6570509372986,0.113929888816514,2.06583320711233,0.0527554191106623
"pre_covid","cheia","dfm_4a","core","sa","principal","vespera",20,1.00063115762234,0.730136604816141,-2.24116592325331,0.0371541958874523,1.92790233869522,0.0689494305399408
"pre_covid","cheia","dfm_4a","core","sa","trimestre","m1",20,1.5252813914962,0.706422844052874,-1.82789259293333,0.0833129915540265,2.56032277597667,0.0191351546085559
"pre_covid","cheia","dfm_4a","core","sa","trimestre","m2",20,1.31961143406486,0.785423780310872,-1.50956148264468,0.147606408321703,2.25694453719895,0.0359814430404188
"pre_covid","cheia","dfm_4a","core","sa","trimestre","m3",20,1.08494463160147,0.791658128668802,-1.6570509372986,0.113929888816514,2.06583320711233,0.0527554191106623
"pre_covid","cheia","dfm_4a","core","sa","trimestre","vespera",20,0.991505697538524,0.723477975018112,-2.19085112816283,0.0411322714054755,1.94409024119949,0.0668431411438714
"pre_covid","cheia","dfm_4a","estendido","sa","principal","m1",20,1.55863892742019,0.721872141165787,-1.66673094885066,0.111967981190424,2.59197650774059,0.0178887463029708
"pre_covid","cheia","dfm_4a","estendido","sa","principal","m2",20,1.3573113523495,0.80786251611761,-1.45684913605331,0.161486737935616,2.12954590427816,0.0465040857485801
"pre_covid","cheia","dfm_4a","estendido","sa","principal","m3",20,1.09729525232518,0.800670080988983,-1.58210679185544,0.130129036713373,2.31098063831023,0.0322187363984519
"pre_covid","cheia","dfm_4a","estendido","sa","principal","vespera",20,1.01233594844675,0.738677310517255,-2.14249352261799,0.0453190427136527,2.03704125980934,0.0558217778073556
"pre_covid","cheia","dfm_4a","estendido","sa","trimestre","m1",20,1.55863892742019,0.721872141165787,-1.66673094885066,0.111967981190424,2.59197650774059,0.0178887463029708
"pre_covid","cheia","dfm_4a","estendido","sa","trimestre","m2",20,1.3570978912839,0.807735465538355,-1.46285113203794,0.159854336861659,2.12065065273617,0.0473344794768912
"pre_covid","cheia","dfm_4a","estendido","sa","trimestre","m3",20,1.09729525232518,0.800670080988983,-1.58210679185544,0.130129036713373,2.31098063831023,0.0322187363984519
"pre_covid","cheia","dfm_4a","estendido","sa","trimestre","vespera",20,1.01497105340525,0.740600083532145,-2.11441502783388,0.0479245930356896,2.0682776652039,0.0525022118972081
"pre_covid","cheia","dfm_4b","core","nsa","1","m1",20,1.70407193321137,0.789228366805821,-1.64231395098698,0.116972810484117,2.52937903332804,0.0204324588469449
"pre_covid","cheia","dfm_4b","core","nsa","1","m2",20,1.57463664988662,0.937213060029615,-0.532400354639807,0.600620195632591,2.80965171922923,0.0111858878564803
"pre_covid","cheia","dfm_4b","core","nsa","1","m3",20,1.30740840869352,0.953984621965817,-0.392654325724883,0.698945139464515,3.53920409092054,0.00219133693571968
"pre_covid","cheia","dfm_4b","core","nsa","1","vespera",20,1.35722112525174,0.990331768931447,-0.0831681789404538,0.934587796476628,3.22876436631383,0.00441958830133535
"pre_covid","cheia","dfm_4b","core","sa","principal","m1",20,1.35475387989377,0.627444282846357,-2.12082526738049,0.0473180500304706,2.07649045378087,0.0516595122427712
"pre_covid","cheia","dfm_4b","core","sa","principal","m2",20,1.18047329226547,0.70260970148702,-1.82174249194871,0.0842763073365648,1.87859982989847,0.0757313309905766
"pre_covid","cheia","dfm_4b","core","sa","principal","m3",20,1.02712746707212,0.749470327611452,-1.76799148317607,0.0931175013925333,1.95133238456944,0.0659194892175997
"pre_covid","cheia","dfm_4b","core","sa","principal","vespera",20,0.909674538509186,0.663767736968138,-2.38884146877995,0.0274339386369988,1.71168073647947,0.103231004303199
"pre_covid","cheia","dfm_4b","core","sa","trimestre","m1",20,1.35475387989377,0.627444282846357,-2.12082526738049,0.0473180500304706,2.07649045378087,0.0516595122427712
"pre_covid","cheia","dfm_4b","core","sa","trimestre","m2",20,1.18202906244551,0.703535685352087,-1.81732936459603,0.0849735394309055,1.89228645891258,0.0737919642157623
"pre_covid","cheia","dfm_4b","core","sa","trimestre","m3",20,1.02712746707212,0.749470327611452,-1.76799148317607,0.0931175013925333,1.95133238456944,0.0659194892175997
"pre_covid","cheia","dfm_4b","core","sa","trimestre","vespera",20,0.911433359258609,0.665051106370222,-2.38977161260988,0.0273809966270653,1.71577875523719,0.102464362961048
"pre_covid","cheia","dfm_4b","estendido","nsa","1","m1",20,1.36758701207162,0.633387853509268,-1.69035427986218,0.107300618241383,1.34086217836092,0.195776857853715
"pre_covid","cheia","dfm_4b","estendido","nsa","1","m2",20,1.57374798015156,0.936684129827332,-0.345604821916647,0.733436805541651,2.06897350932389,0.0524303342978283
"pre_covid","cheia","dfm_4b","estendido","nsa","1","m3",20,1.08537828436793,0.791974554712667,-1.15446963018096,0.262622189857122,3.72705221590618,0.00142883998515459
"pre_covid","cheia","dfm_4b","estendido","nsa","1","vespera",20,1.19049789128868,0.86867781576152,-0.943135616881713,0.357450598571012,3.25702141391362,0.00414773733452901
"pre_covid","cheia","dfm_4b","estendido","sa","principal","m1",18,1.84132111993997,0.825755217430481,-0.968024601676359,0.34660336331854,2.76926128592769,0.0131267203818983
"pre_covid","cheia","dfm_4b","estendido","sa","principal","m2",18,1.41869281513714,0.828981243221733,-1.09452696074122,0.288989972115006,2.26051193500941,0.0371992377956674
"pre_covid","cheia","dfm_4b","estendido","sa","principal","m3",18,1.25829652276305,0.879030327990029,-1.17140716470606,0.25759241133366,2.57316420428882,0.01974470520929
"pre_covid","cheia","dfm_4b","estendido","sa","principal","vespera",18,1.09823654064838,0.767214411764354,-2.32130230319483,0.0329533397687276,1.93648525222216,0.0696126061602467
"pre_covid","cheia","dfm_4b","estendido","sa","trimestre","m1",18,1.84132111993997,0.825755217430481,-0.968024601676359,0.34660336331854,2.76926128592769,0.0131267203818983
"pre_covid","cheia","dfm_4b","estendido","sa","trimestre","m2",18,1.41764202657718,0.828367238556662,-1.09643570458705,0.288177730052736,2.25641749704552,0.0375027281052178
"pre_covid","cheia","dfm_4b","estendido","sa","trimestre","m3",18,1.25829652276305,0.879030327990029,-1.17140716470606,0.25759241133366,2.57316420428882,0.01974470520929
"pre_covid","cheia","dfm_4b","estendido","sa","trimestre","vespera",18,1.09390087897056,0.764185572347122,-2.33265714243537,0.0322120881500618,1.93555156953167,0.0697347802221914
"pre_covid","cheia","famidas","core","nsa","1","m1",20,1.96657232756154,0.910803491353791,-0.503963275444668,0.620080825291422,2.51209923680915,0.0211924976309365
"pre_covid","cheia","famidas","core","nsa","1","m2",20,1.72001815668325,1.02374314737795,0.0919826633191168,0.927674725173163,1.89721782249239,0.0731040195378244
"pre_covid","cheia","famidas","core","nsa","1","m3",20,1.61821637451336,1.18077375518923,0.518158512039566,0.610329252882931,1.8753046284017,0.076204911737313
"pre_covid","cheia","famidas","core","nsa","1","vespera",20,1.43601627710679,1.04782670521558,0.308043353307279,0.761400894303589,2.2514064593656,0.036389127782734
"pre_covid","cheia","famidas","core","sa","principal","m1",20,1.32795908050063,0.615034468828653,-1.78939986655849,0.0895039841144997,2.93771085245694,0.00844771858419453
"pre_covid","cheia","famidas","core","sa","principal","m2",20,1.45212677312238,0.864296011836733,-0.666254234183265,0.51325780758866,2.24066775037513,0.0371917887596857
"pre_covid","cheia","famidas","core","sa","principal","m3",20,1.05841534800632,0.772300345428878,-1.31956683266576,0.202660235993164,2.87860082160394,0.00962018939376308
"pre_covid","cheia","famidas","core","sa","principal","vespera",20,1.22203078807363,0.89168661578059,-0.920047273298364,0.369082352708912,2.42954980624293,0.025204006883337
"pre_covid","cheia","famidas","core","sa","trimestre","m1",20,1.32795908050063,0.615034468828653,-1.78939986655849,0.0895039841144997,2.93771085245694,0.00844771858419453
"pre_covid","cheia","famidas","core","sa","trimestre","m2",20,1.49068984096766,0.887248488410936,-0.597690274083593,0.557103982508812,2.40420739954004,0.0265714448174108
"pre_covid","cheia","famidas","core","sa","trimestre","m3",20,1.05841534800632,0.772300345428878,-1.31956683266576,0.202660235993164,2.87860082160394,0.00962018939376308
"pre_covid","cheia","famidas","core","sa","trimestre","vespera",20,1.01453953144293,0.740285212285062,-2.16467512823023,0.0433525665949387,2.2003390877716,0.0403535036200098
"pre_covid","cheia","famidas","estendido","nsa","1","m1",12,2.03431971929329,1.17501958895732,0.818328038244756,0.430540672484623,2.16880603795523,0.0528870002229698
"pre_covid","cheia","famidas","estendido","nsa","1","m2",13,2.81668643358064,1.75927620709779,1.56730074932872,0.1430228070629,2.28764227083147,0.0411064348198609
"pre_covid","cheia","famidas","estendido","nsa","1","m3",14,2.15054543464544,1.84167902038892,0.961894355360418,0.353653938345777,1.32533915322215,0.207880088661913
"pre_covid","cheia","famidas","estendido","nsa","1","vespera",14,0.900840408552758,0.77145958156598,-1.19740288021879,0.252527638642046,2.71767163467882,0.0175908952434957
"pre_covid","cheia","famidas","estendido","sa","principal","m1",14,2.05309642691071,1.2679970965352,0.705579381512991,0.492900150561672,1.94927170854191,0.0731716637530171
"pre_covid","cheia","famidas","estendido","sa","principal","m2",14,2.07674310624301,1.33748386419926,0.910443301135179,0.379160643082594,2.27955367267972,0.0401521449867468
"pre_covid","cheia","famidas","estendido","sa","principal","m3",16,1.53863934268155,1.30009623410317,0.892767694875718,0.386080542031809,2.05280185378288,0.0579637195211772
"pre_covid","cheia","famidas","estendido","sa","principal","vespera",16,1.12887724307754,0.953861643711807,-0.469917852581326,0.645172706535041,3.15907654488766,0.00648484001349124
"pre_covid","cheia","famidas","estendido","sa","trimestre","m1",14,2.05309642691071,1.2679970965352,0.705579381512991,0.492900150561672,1.94927170854191,0.0731716637530171
"pre_covid","cheia","famidas","estendido","sa","trimestre","m2",14,1.93711375980143,1.24755844334538,0.584159819205641,0.569111439984206,1.93163835187491,0.0754979108548731
"pre_covid","cheia","famidas","estendido","sa","trimestre","m3",16,1.53863934268155,1.30009623410317,0.892767694875718,0.386080542031809,2.05280185378288,0.0579637195211772
"pre_covid","cheia","famidas","estendido","sa","trimestre","vespera",16,0.998207566290365,0.84345035369084,-0.979648818887464,0.34279661041251,1.636322367541,0.122576247406599
"pre_covid","cheia","focus","nenhum","nsa","principal","m1",20,1.03267258375167,0.478274702396844,-2.2450586596244,0.0368616447525226,NA,NA
"pre_covid","cheia","focus","nenhum","nsa","principal","m2",20,0.844537071476146,0.502662740082673,-2.04189563464677,0.0552937950487779,NA,NA
"pre_covid","cheia","focus","nenhum","nsa","principal","m3",20,0.6229034303087,0.454517723408306,-2.41606667904284,0.025923138210604,NA,NA
"pre_covid","cheia","focus","nenhum","nsa","principal","vespera",20,0.496165346587709,0.362039977293714,-2.35815202234132,0.0292350901175433,NA,NA
"pre_covid","cheia","lasso","core","nsa","1","m1",20,1.70743162371305,0.790784382720374,-1.05343308274383,0.305355659889833,1.67673119410518,0.109971468595564
"pre_covid","cheia","lasso","core","nsa","1","m2",20,1.5818560279109,0.941509984891701,-0.321382166511792,0.751429355505264,1.9390921136734,0.0674872882232735
"pre_covid","cheia","lasso","core","nsa","1","m3",20,1.14139769017562,0.832850574261603,-0.720461224349924,0.480011835338296,1.74677284151674,0.0968230811798268
"pre_covid","cheia","lasso","core","nsa","1","vespera",20,1.31427877254594,0.958997762021314,-0.359889950127319,0.722898762443132,1.84989115573458,0.0799457027042329
"pre_covid","cheia","lasso","core","sa","esperar","m1",20,1.56593545767669,0.725251475421257,-1.94689580354175,0.0664839669950851,2.33709667364234,0.0305337099027232
"pre_covid","cheia","lasso","core","sa","esperar","m2",20,1.33185924854737,0.792713596466652,-1.98707052933825,0.0615259196521733,1.77939526605592,0.0911772092860281
"pre_covid","cheia","lasso","core","sa","esperar","m3",20,1.07375958625963,0.783496668805802,-1.89134144056473,0.073924448764183,2.2631650138575,0.0355285394960795
"pre_covid","cheia","lasso","core","sa","esperar","vespera",20,1.1950213801291,0.87197849729508,-2.82608120210415,0.0107920002687405,1.84971083140215,0.0799728121674174
"pre_covid","cheia","lasso","core","sa","principal","m1",20,1.82700017266495,0.846161675645334,-1.65118646521271,0.115132641315031,1.81042827473777,0.0860739444625195
"pre_covid","cheia","lasso","core","sa","principal","m2",20,1.42830663369155,0.85011842631698,-1.50855769248646,0.147861238043138,1.96313901927809,0.0644380273381157
"pre_covid","cheia","lasso","core","sa","principal","m3",20,1.21668846942873,0.887788453738041,-2.30277656913278,0.0327655762329613,2.0987457687548,0.0494370338089683
"pre_covid","cheia","lasso","core","sa","principal","vespera",20,1.45839543062737,1.06415623787675,0.629762746519416,0.536350236178246,1.94983214984851,0.0661098889867891
"pre_covid","cheia","lasso","core","sa","trimestre","m1",20,1.82700017266495,0.846161675645334,-1.65118646521271,0.115132641315031,1.81042827473777,0.0860739444625195
"pre_covid","cheia","lasso","core","sa","trimestre","m2",20,1.43564721399413,0.854487489953516,-1.47323283614495,0.157062598556515,1.99777056735309,0.0602623652378998
"pre_covid","cheia","lasso","core","sa","trimestre","m3",20,1.21668846942873,0.887788453738041,-2.30277656913278,0.0327655762329613,2.0987457687548,0.0494370338089683
"pre_covid","cheia","lasso","core","sa","trimestre","vespera",20,1.32363822786361,0.965827132540625,-0.652532970340168,0.521874803646735,1.87116616688233,0.0768033781527323
"pre_covid","cheia","lasso","estendido","nsa","1","m1",14,1.83791146140975,1.13509836469931,0.64602545399927,0.52950240011823,2.60260419514453,0.0218975116054884
"pre_covid","cheia","lasso","estendido","nsa","1","m2",14,1.73066848674716,1.11460159340074,0.32510252845455,0.750276190154491,1.77624680286399,0.0990875890956664
"pre_covid","cheia","lasso","estendido","nsa","1","m3",16,1.27837368287107,1.08018088760211,0.272906980800745,0.788646090539916,1.62789047441618,0.12436560375601
"pre_covid","cheia","lasso","estendido","nsa","1","vespera",16,1.29637001128871,1.09538715339451,0.535821697925851,0.599937584406588,2.18676528201594,0.045017392325792
"pre_covid","cheia","lasso","estendido","sa","esperar","m1",14,1.40505131910109,0.867762940771326,-0.692634286036759,0.500725465114734,3.13627650879206,0.00787702429038861
"pre_covid","cheia","lasso","estendido","sa","esperar","m2",14,1.56920752365156,1.01061596696999,0.290766542550608,0.775816823407172,1.4961011062512,0.158505253782013
"pre_covid","cheia","lasso","estendido","sa","esperar","m3",16,1.14240395908741,0.965291243915306,-0.394289076855886,0.69891658592289,2.12182777450669,0.0509170579365601
"pre_covid","cheia","lasso","estendido","sa","esperar","vespera",16,1.04660653978193,0.884345787354443,-1.6136126866582,0.127446726021249,2.59290317436864,0.0203848777571921
"pre_covid","cheia","lasso","estendido","sa","principal","m1",14,1.74031869464368,1.07482484647571,1.02541274336007,0.323871429633063,2.08789707172207,0.0570512306686452
"pre_covid","cheia","lasso","estendido","sa","principal","m2",14,1.60401569700877,1.03303345812119,0.711846046731296,0.489138419589741,1.90558397560332,0.0790586449732432
"pre_covid","cheia","lasso","estendido","sa","principal","m3",16,1.14104017879499,0.964138897440639,-0.830798760950824,0.41911547146658,2.45147370720137,0.0269631933788023
"pre_covid","cheia","lasso","estendido","sa","principal","vespera",16,1.1104489492139,0.938290382280711,-1.39846849717318,0.182306470044195,3.07073322870103,0.00776782057335758
"pre_covid","cheia","lasso","estendido","sa","trimestre","m1",14,1.74031869464368,1.07482484647571,1.02541274336007,0.323871429633063,2.08789707172207,0.0570512306686452
"pre_covid","cheia","lasso","estendido","sa","trimestre","m2",14,1.5755219692775,1.01468265635042,0.277709566313941,0.785602737924122,1.82692535219732,0.0907519154417208
"pre_covid","cheia","lasso","estendido","sa","trimestre","m3",16,1.14104017879499,0.964138897440639,-0.830798760950824,0.41911547146658,2.45147370720137,0.0269631933788023
"pre_covid","cheia","lasso","estendido","sa","trimestre","vespera",16,1.11236322257802,0.939907876077149,-0.569015209360059,0.577767228101013,2.86309695445948,0.011848268056277
"pre_covid","cheia","mfbvar","core","sa","principal","m1",9,0.981340448485796,0.854948132008306,-1.08022976430674,0.311526619649754,1.38742727665825,0.202735511065353
"pre_covid","cheia","mfbvar","core","sa","principal","m2",9,0.912698355688889,0.90741249653142,-0.652914133272983,0.532122190650372,2.23875659937932,0.0555330814740552
"pre_covid","cheia","mfbvar","core","sa","principal","m3",10,0.788884394555773,0.873483598989269,-1.16110377669439,0.275468730744491,2.7318790248891,0.0231532295880369
"pre_covid","cheia","mfbvar","core","sa","principal","vespera",10,0.732576758034622,0.811137585633572,-1.30631201908013,0.22384229742055,2.07617697101888,0.0676832506650924
"pre_covid","cheia","mfbvar","core","sa","trimestre","m1",9,0.981340448485796,0.854948132008306,-1.08022976430674,0.311526619649754,1.38742727665825,0.202735511065353
"pre_covid","cheia","mfbvar","core","sa","trimestre","m2",9,0.905767886955998,0.900522165354808,-0.733404066339341,0.484246710606888,2.12938249290849,0.0658562521254529
"pre_covid","cheia","mfbvar","core","sa","trimestre","m3",10,0.788884394555773,0.873483598989269,-1.16110377669439,0.275468730744491,2.7318790248891,0.0231532295880369
"pre_covid","cheia","mfbvar","core","sa","trimestre","vespera",10,0.689620135791358,0.76357433649794,-1.79331473217778,0.106511296817178,2.14674458563729,0.0603554726901029
"pre_covid","cheia","rf","core","nsa","2","m1",20,2.362311092638,1.09408698611475,0.407359397232126,0.688297046983312,2.96729847105031,0.00791384886943571
"pre_covid","cheia","rf","core","nsa","2","m2",20,2.08077222722567,1.23846152472269,0.922536751132328,0.367816058559808,2.63574179002851,0.016291398992387
"pre_covid","cheia","rf","core","nsa","2","m3",20,1.68878336088357,1.23226479606675,1.02234410008882,0.319459576974684,4.42529760940731,0.00029051961071607
"pre_covid","cheia","rf","core","nsa","2","vespera",20,1.7258429712712,1.25930630671541,1.14304231155643,0.267219983548722,5.00101939763556,0.0000793190000412577
"pre_covid","cheia","rf","core","nsa","3","m1",20,2.06405541736106,0.955952066513218,-0.347947930109687,0.731704517878282,2.58941667713918,0.0179866201253326
"pre_covid","cheia","rf","core","nsa","3","m2",20,1.54419837282472,0.919096403854192,-0.55749170019612,0.583700595861638,2.55967086813357,0.0191616659910422
"pre_covid","cheia","rf","core","nsa","3","m3",20,1.27776179655648,0.932352198704603,-0.320957529531459,0.751746116891474,2.70219400072953,0.0141222758763383
"pre_covid","cheia","rf","core","nsa","3","vespera",20,1.12271277710899,0.819216640435106,-0.907385772219764,0.375568009592409,3.60527376574949,0.00188568331850823
"pre_covid","cheia","rf","core","sa","esperar","m1",20,1.8246809933551,0.845087564826788,-2.35937683951574,0.0291611490875736,1.95729968262392,0.0651669820713592
"pre_covid","cheia","rf","core","sa","esperar","m2",20,1.45673376872567,0.867038064390385,-1.70483224913433,0.104523185556843,1.96535602789618,0.0641631755125462
"pre_covid","cheia","rf","core","sa","esperar","m3",20,1.1979354713654,0.874104839919118,-2.10352315816366,0.0489713857179407,2.27879744037043,0.0344134485676184
"pre_covid","cheia","rf","core","sa","esperar","vespera",20,1.20473512089558,0.879066381426285,-2.16757147513048,0.0431016198654354,2.22226316958936,0.0386053624362378
"pre_covid","cheia","rf","core","sa","principal","m1",20,1.97680864845346,0.915544367992962,-1.71253600747235,0.103070598039432,2.17955822350587,0.0420770923608585
"pre_covid","cheia","rf","core","sa","principal","m2",20,1.57773074009117,0.939054641545465,-1.10345781254691,0.283608626323535,2.07942857771489,0.0513610169173373
"pre_covid","cheia","rf","core","sa","principal","m3",20,1.25879518518594,0.918512716368416,-1.73907693731751,0.0981982185478473,2.28781657733598,0.0337848697286613
"pre_covid","cheia","rf","core","sa","principal","vespera",20,1.25117944938511,0.912955696243233,-2.17248176762832,0.0426792064621579,2.12770295393723,0.0466750347306085
"pre_covid","cheia","rf","core","sa","trimestre","m1",20,1.97680864845346,0.915544367992962,-1.71253600747235,0.103070598039432,2.17955822350587,0.0420770923608585
"pre_covid","cheia","rf","core","sa","trimestre","m2",20,1.59425942101115,0.94889240038614,-0.964523799393904,0.346900143574931,2.0225048257668,0.0574300426297226
"pre_covid","cheia","rf","core","sa","trimestre","m3",20,1.25879518518594,0.918512716368416,-1.73907693731751,0.0981982185478473,2.28781657733598,0.0337848697286613
"pre_covid","cheia","rf","core","sa","trimestre","vespera",20,1.26708584427187,0.924562211859915,-1.93283364468996,0.0683016379519161,2.12169186929087,0.0472365882699963
"pre_covid","cheia","rf","estendido","nsa","2","m1",14,2.84195530381519,1.75519816141456,1.96830195558105,0.0707347868929818,2.98284721032321,0.0105822212198937
"pre_covid","cheia","rf","estendido","nsa","2","m2",14,2.2900919942375,1.47488684595452,1.62856115444736,0.127386626998522,3.13108610991627,0.00795612828689018
"pre_covid","cheia","rf","estendido","nsa","2","m3",16,1.81218969954043,1.53123668328081,3.32431990298373,0.00462252532734727,6.30230801502265,0.0000141794181534004
"pre_covid","cheia","rf","estendido","nsa","2","vespera",16,1.78782448523566,1.51064893247916,3.10206275776716,0.00728646322747014,6.32725057032087,0.0000135694171628867
"pre_covid","cheia","rf","estendido","nsa","3","m1",14,1.95888500696392,1.20981190591913,1.06956269498367,0.304273865170893,2.7454670498947,0.0166816912774531
"pre_covid","cheia","rf","estendido","nsa","3","m2",14,1.61811951434501,1.04211673281902,0.222924432520128,0.827058780550447,2.50759728251783,0.0262104744706687
"pre_covid","cheia","rf","estendido","nsa","3","m3",16,1.10467054407555,0.933407832776684,-0.528197117842298,0.605089583590767,4.87964490996408,0.000200138003515792
"pre_covid","cheia","rf","estendido","nsa","3","vespera",16,1.15562594237063,0.976463355661726,-0.156573922278638,0.877668578552997,4.43676702294312,0.000480245384142983
"pre_covid","cheia","rf","estendido","sa","esperar","m1",14,1.51810212442917,0.937583379323579,-1.21962776769796,0.244271829019522,1.54938694216672,0.145282702750534
"pre_covid","cheia","rf","estendido","sa","esperar","m2",14,1.45006362895862,0.933883781756214,-1.59426581967109,0.134889831228203,1.51425940316813,0.153888977139582
"pre_covid","cheia","rf","estendido","sa","esperar","m3",16,1.04994053072327,0.887162892667645,-2.24788027858633,0.0400507345481198,2.18493440348694,0.0451746632950335
"pre_covid","cheia","rf","estendido","sa","esperar","vespera",16,1.05687607130644,0.893023181003916,-2.52099062695873,0.0235103295173985,2.27125922611896,0.0382897951955653
"pre_covid","cheia","rf","estendido","sa","principal","m1",14,1.56713181556498,0.967864229842508,-0.771472502529925,0.45422218541557,1.57775494880811,0.138636371967259
"pre_covid","cheia","rf","estendido","sa","principal","m2",14,1.4849731637829,0.956366552684322,-1.19766624679282,0.252428547487949,1.57521773316279,0.139219975978917
"pre_covid","cheia","rf","estendido","sa","principal","m3",16,1.08194251821385,0.914203448739614,-1.71835163980062,0.106297484653984,2.15204378621761,0.048088185257073
"pre_covid","cheia","rf","estendido","sa","principal","vespera",16,1.06005007409631,0.895705101945149,-2.45374101580572,0.0268433355970778,2.27313053870257,0.0381520219094707
"pre_covid","cheia","rf","estendido","sa","trimestre","m1",14,1.56713181556498,0.967864229842508,-0.771472502529925,0.45422218541557,1.57775494880811,0.138636371967259
"pre_covid","cheia","rf","estendido","sa","trimestre","m2",14,1.50705371506879,0.970587079512467,-0.907316950550384,0.380750462587664,1.57855043132315,0.138453831332683
"pre_covid","cheia","rf","estendido","sa","trimestre","m3",16,1.08194251821385,0.914203448739614,-1.71835163980062,0.106297484653984,2.15204378621761,0.048088185257073
"pre_covid","cheia","rf","estendido","sa","trimestre","vespera",16,1.06831555049277,0.902689139359259,-1.97718484205066,0.0666991344275965,2.10141630421773,0.0529140488512809
"pre_covid","cheia","ridge","core","nsa","1","m1",20,1.65229423172309,0.765247905660884,-1.53492886387962,0.141285967763374,1.91989218379148,0.0700132921748227
"pre_covid","cheia","ridge","core","nsa","1","m2",20,1.51655723530527,0.902644586173485,-0.77197975008015,0.449622483708749,2.03795060315987,0.0557225298482894
"pre_covid","cheia","ridge","core","nsa","1","m3",20,1.1454538210979,0.835810235908875,-0.930222891707817,0.363924906223628,2.14118668969701,0.0454373929635264
"pre_covid","cheia","ridge","core","nsa","1","vespera",20,1.20936389679687,0.882443888408035,-0.899183067516963,0.379810083757829,2.19347739348072,0.0409153437955636
"pre_covid","cheia","ridge","core","sa","esperar","m1",20,1.74628364326325,0.8087784094625,-2.21659138274989,0.0390508245889157,2.0620326544246,0.053151285292643
"pre_covid","cheia","ridge","core","sa","esperar","m2",20,1.4376498194232,0.855679427129845,-1.37933903674848,0.183810717679107,2.13646965902296,0.0458669228398117
"pre_covid","cheia","ridge","core","sa","esperar","m3",20,1.14977858060278,0.838965909403032,-2.10014795183299,0.0492999500722693,2.17819883266268,0.04219215322812
"pre_covid","cheia","ridge","core","sa","esperar","vespera",20,1.28185212614728,0.935336814301728,-1.08155835389597,0.292985722639683,2.14266381963264,0.0453036408425402
"pre_covid","cheia","ridge","core","sa","principal","m1",20,1.81431709743276,0.840287602751758,-2.05686186499758,0.0536941779149689,2.24877110714207,0.0365846174326518
"pre_covid","cheia","ridge","core","sa","principal","m2",20,1.48885119022427,0.88615413595212,-1.59046958219741,0.128230410871932,2.14066821701356,0.0454844250936747
"pre_covid","cheia","ridge","core","sa","principal","m3",20,1.21207736575238,0.884423841755837,-1.92057764346261,0.069921687490632,2.27034528124406,0.035012286308121
"pre_covid","cheia","ridge","core","sa","principal","vespera",20,1.24430279043595,0.907937962806324,-2.4887346168221,0.0222625016777774,1.99922210877023,0.0600927554564799
"pre_covid","cheia","ridge","core","sa","trimestre","m1",20,1.81431709743276,0.840287602751758,-2.05686186499758,0.0536941779149689,2.24877110714207,0.0365846174326518
"pre_covid","cheia","ridge","core","sa","trimestre","m2",20,1.50194676376709,0.8939485325539,-1.61655883417189,0.122456238320684,2.1105098121112,0.048297557700971
"pre_covid","cheia","ridge","core","sa","trimestre","m3",20,1.21207736575238,0.884423841755837,-1.92057764346261,0.069921687490632,2.27034528124406,0.035012286308121
"pre_covid","cheia","ridge","core","sa","trimestre","vespera",20,1.23074653333514,0.898046286479632,-2.8082477082615,0.0112201800182731,2.00440808099674,0.0594902708062356
"pre_covid","cheia","ridge","estendido","nsa","1","m1",14,1.93728517479987,1.19647179967245,1.07405315543668,0.302330924286472,2.30408371059871,0.0383669614062043
"pre_covid","cheia","ridge","estendido","nsa","1","m2",14,1.7260470791449,1.11162527048467,0.618676122306728,0.546817926009914,2.23611639841597,0.0435077542023772
"pre_covid","cheia","ridge","estendido","nsa","1","m3",16,1.30873975182565,1.10583914993639,0.450662969419152,0.65867826692334,2.07407171057389,0.0557023379444005
"pre_covid","cheia","ridge","estendido","nsa","1","vespera",16,1.07428671355655,0.907734562543951,-0.625035002271573,0.541340502781179,2.01923071884468,0.0617043422731935
"pre_covid","cheia","ridge","estendido","sa","esperar","m1",14,1.46521959874826,0.904923009288384,-1.20531165635709,0.249565172640303,1.54740773387248,0.145756435297727
"pre_covid","cheia","ridge","estendido","sa","esperar","m2",14,1.4835997532695,0.955482035771719,-1.40446795735774,0.18361933820453,1.51486625546665,0.153736692863218
"pre_covid","cheia","ridge","estendido","sa","esperar","m3",16,1.08249918142104,0.914673809609289,-1.30517409413362,0.211500580411192,1.94807583580664,0.0703690421412635
"pre_covid","cheia","ridge","estendido","sa","esperar","vespera",16,1.06072212046617,0.896272957537016,-1.74369835065899,0.101664240355036,2.35933930444847,0.0322863459694976
"pre_covid","cheia","ridge","estendido","sa","principal","m1",14,1.55619016819989,0.961106643151307,-0.612192861926215,0.550968249656149,1.60920120989049,0.131576452634348
"pre_covid","cheia","ridge","estendido","sa","principal","m2",14,1.44916702162396,0.933306340165572,-1.1319183929606,0.278116495715468,1.62835308730566,0.127431032754016
"pre_covid","cheia","ridge","estendido","sa","principal","m3",16,1.16217334837714,0.981995683905315,-0.418471754076708,0.681532170872698,2.49573117437735,0.0247131130293119
"pre_covid","cheia","ridge","estendido","sa","principal","vespera",16,1.11421189771125,0.941469941671155,-1.24369551109107,0.232698258012917,2.60508354437633,0.0198965950307236
"pre_covid","cheia","ridge","estendido","sa","trimestre","m1",14,1.55619016819989,0.961106643151307,-0.612192861926215,0.550968249656149,1.60920120989049,0.131576452634348
"pre_covid","cheia","ridge","estendido","sa","trimestre","m2",14,1.46228639315154,0.941755602702582,-1.01273805419973,0.329664244092624,1.670659512508,0.118674725208282
"pre_covid","cheia","ridge","estendido","sa","trimestre","m3",16,1.16217334837714,0.981995683905315,-0.418471754076708,0.681532170872698,2.49573117437735,0.0247131130293119
"pre_covid","cheia","ridge","estendido","sa","trimestre","vespera",16,1.10955891296229,0.937538332890813,-1.30927058022779,0.210144515175492,2.47802519836752,0.0255909608420843
"pre_covid","cheia","sarima","core","nsa","1","m1",20,2.2805200026165,1.05620604509409,0.676290657998775,0.507005924466893,2.34089841657619,0.0302953425503154
"pre_covid","cheia","sarima","core","nsa","1","m2",20,1.83734674754023,1.0935763293212,0.735546007702325,0.470990275548885,2.26303346136883,0.0355380630486836
"pre_covid","cheia","sarima","core","nsa","1","m3",20,1.49403506603123,1.09016162676799,0.548165761011063,0.589961230636513,2.1805978983654,0.0419892862616203
"pre_covid","cheia","sarima","core","nsa","1","vespera",20,1.49403506603123,1.09016162676799,0.548165761011063,0.589961230636513,2.14636995726835,0.0449696310186548
"pre_covid","cheia","sarima","core","sa","principal","m1",20,2.15916204343759,1,NA,NA,2.2450586596244,0.0368616447525226
"pre_covid","cheia","sarima","core","sa","principal","m2",20,1.68012666173993,1,NA,NA,2.04189563464677,0.0552937950487779
"pre_covid","cheia","sarima","core","sa","principal","m3",20,1.37047115707109,1,NA,NA,2.41606667904284,0.025923138210604
"pre_covid","cheia","sarima","core","sa","principal","vespera",20,1.37047115707109,1,NA,NA,2.35815202234132,0.0292350901175433
"pre_covid","sem_covid","combo_igual","core","sa","principal","m1",20,1.56087382004111,0.722907215225056,-2.1945433387096,0.0408275964790755,2.17094356997167,0.042811123422764
"pre_covid","sem_covid","combo_igual","core","sa","principal","m2",20,1.34115101679811,0.798243993943422,-1.6908953105963,0.107195702689942,2.19993028430138,0.0403867778804653
"pre_covid","sem_covid","combo_igual","core","sa","principal","m3",20,1.08718051472199,0.793289599064209,-2.04003840507681,0.0554952623507031,2.0851218160184,0.0507870521322773
"pre_covid","sem_covid","combo_igual","core","sa","principal","vespera",20,1.13816723774804,0.830493390448641,-2.60293983645819,0.0174752381713894,1.95752797253717,0.0651383460622538
"pre_covid","sem_covid","combo_igual","estendido","sa","principal","m1",14,1.43765032042128,0.887896159300253,-0.79964319936243,0.438285398019821,2.04281534375454,0.0618929523120531
"pre_covid","sem_covid","combo_igual","estendido","sa","principal","m2",14,1.31037668148472,0.843921264137183,-1.18718664805451,0.256394909398775,1.76493352369776,0.101039283498142
"pre_covid","sem_covid","combo_igual","estendido","sa","principal","m3",16,1.04184781109656,0.880324828659739,-1.62679394265668,0.124599943926165,2.24409499456805,0.0403428681147096
"pre_covid","sem_covid","combo_igual","estendido","sa","principal","vespera",16,0.975267567585888,0.824066860042456,-2.49003371295829,0.0249924086898791,2.21093636929341,0.0429882416096761
"pre_covid","sem_covid","combo_peneira","core","sa","principal","m1",20,1.20016398430023,0.555847111127176,-2.21833843342521,0.0389131113859129,1.5986196562633,0.126402512710947
"pre_covid","sem_covid","combo_peneira","core","sa","principal","m2",20,0.974410917637292,0.579962772942487,-1.99656747180998,0.0604032692497325,0.993583661824553,0.332911690790133
"pre_covid","sem_covid","combo_peneira","core","sa","principal","m3",20,0.821706467158518,0.599579540889157,-2.29022493783023,0.0336188235983372,1.93130832849794,0.0685014290744095
"pre_covid","sem_covid","combo_peneira","core","sa","principal","vespera",20,0.636708470649647,0.464590930910498,-2.12156718744046,0.0472483006858644,1.96901142935093,0.0637122819405372
"pre_covid","sem_covid","combo_peneira","estendido","sa","principal","m1",20,1.28751299836498,0.59630216373901,-2.11410521707622,0.047954085574725,1.51343936091249,0.146625344976737
"pre_covid","sem_covid","combo_peneira","estendido","sa","principal","m2",20,0.943967158298279,0.561842853752891,-2.08373324515123,0.0509265038190898,0.642879263193362,0.527985235129515
"pre_covid","sem_covid","combo_peneira","estendido","sa","principal","m3",20,0.755411707287947,0.551205841429292,-2.09870486097546,0.0494410383161394,1.73493878527733,0.098944583371219
"pre_covid","sem_covid","combo_peneira","estendido","sa","principal","vespera",20,0.697529970817609,0.508970923772185,-2.00068265827297,0.0599225246018289,2.35669612006965,0.029323208044578
"pre_covid","sem_covid","combo_rmse","core","sa","aa","m1",11,1.26218854822562,0.713105239951113,-1.47433703506918,0.171162495418376,1.79265405276245,0.103280107765112
"pre_covid","sem_covid","combo_rmse","core","sa","aa","m2",11,1.26563101212308,0.745440469189102,-1.30949227088071,0.21965433322732,1.84546039302904,0.0947474284182602
"pre_covid","sem_covid","combo_rmse","core","sa","aa","m3",12,1.02202121515103,0.82195070893183,-1.60276963743333,0.137289197260575,1.52906136966221,0.154482238978762
"pre_covid","sem_covid","combo_rmse","core","sa","aa","vespera",12,0.958327180783414,0.770725395868778,-2.23271272660898,0.0473011611939033,1.73114534404943,0.111339230449561
"pre_covid","sem_covid","combo_rmse","estendido","sa","aa","m1",5,1.25953626513706,0.969861305199893,-0.104599133057486,0.921728953286758,1.78677471709953,0.148507429317656
"pre_covid","sem_covid","combo_rmse","estendido","sa","aa","m2",6,0.957141288623053,1.0451013959492,0.191147488804403,0.855929523032263,1.25705669392476,0.26425620444427
"pre_covid","sem_covid","combo_rmse","estendido","sa","aa","m3",8,0.754419082462018,0.797764379712071,-1.13879946621529,0.292254686283202,1.89548562224126,0.0998667347766759
"pre_covid","sem_covid","combo_rmse","estendido","sa","aa","vespera",8,0.672702660181493,0.711352924264568,-1.50545308897302,0.175926301927552,1.58936077646838,0.156003329127376
"pre_covid","sem_covid","dfm_4a","core","sa","principal","m1",20,1.5252813914962,0.706422844052874,-1.82789259293333,0.0833129915540265,2.56032277597667,0.0191351546085559
"pre_covid","sem_covid","dfm_4a","core","sa","principal","m2",20,1.31818470286682,0.784574599573175,-1.5133728603249,0.14664212343181,2.2509966222154,0.0364194661452413
"pre_covid","sem_covid","dfm_4a","core","sa","principal","m3",20,1.08494463160147,0.791658128668802,-1.6570509372986,0.113929888816514,2.06583320711233,0.0527554191106623
"pre_covid","sem_covid","dfm_4a","core","sa","principal","vespera",20,1.00063115762234,0.730136604816141,-2.24116592325331,0.0371541958874523,1.92790233869522,0.0689494305399408
"pre_covid","sem_covid","dfm_4a","core","sa","trimestre","m1",20,1.5252813914962,0.706422844052874,-1.82789259293333,0.0833129915540265,2.56032277597667,0.0191351546085559
"pre_covid","sem_covid","dfm_4a","core","sa","trimestre","m2",20,1.31961143406486,0.785423780310872,-1.50956148264468,0.147606408321703,2.25694453719895,0.0359814430404188
"pre_covid","sem_covid","dfm_4a","core","sa","trimestre","m3",20,1.08494463160147,0.791658128668802,-1.6570509372986,0.113929888816514,2.06583320711233,0.0527554191106623
"pre_covid","sem_covid","dfm_4a","core","sa","trimestre","vespera",20,0.991505697538524,0.723477975018112,-2.19085112816283,0.0411322714054755,1.94409024119949,0.0668431411438714
"pre_covid","sem_covid","dfm_4a","estendido","sa","principal","m1",20,1.55863892742019,0.721872141165787,-1.66673094885066,0.111967981190424,2.59197650774059,0.0178887463029708
"pre_covid","sem_covid","dfm_4a","estendido","sa","principal","m2",20,1.3573113523495,0.80786251611761,-1.45684913605331,0.161486737935616,2.12954590427816,0.0465040857485801
"pre_covid","sem_covid","dfm_4a","estendido","sa","principal","m3",20,1.09729525232518,0.800670080988983,-1.58210679185544,0.130129036713373,2.31098063831023,0.0322187363984519
"pre_covid","sem_covid","dfm_4a","estendido","sa","principal","vespera",20,1.01233594844675,0.738677310517255,-2.14249352261799,0.0453190427136527,2.03704125980934,0.0558217778073556
"pre_covid","sem_covid","dfm_4a","estendido","sa","trimestre","m1",20,1.55863892742019,0.721872141165787,-1.66673094885066,0.111967981190424,2.59197650774059,0.0178887463029708
"pre_covid","sem_covid","dfm_4a","estendido","sa","trimestre","m2",20,1.3570978912839,0.807735465538355,-1.46285113203794,0.159854336861659,2.12065065273617,0.0473344794768912
"pre_covid","sem_covid","dfm_4a","estendido","sa","trimestre","m3",20,1.09729525232518,0.800670080988983,-1.58210679185544,0.130129036713373,2.31098063831023,0.0322187363984519
"pre_covid","sem_covid","dfm_4a","estendido","sa","trimestre","vespera",20,1.01497105340525,0.740600083532145,-2.11441502783388,0.0479245930356896,2.0682776652039,0.0525022118972081
"pre_covid","sem_covid","dfm_4b","core","nsa","1","m1",20,1.70407193321137,0.789228366805821,-1.64231395098698,0.116972810484117,2.52937903332804,0.0204324588469449
"pre_covid","sem_covid","dfm_4b","core","nsa","1","m2",20,1.57463664988662,0.937213060029615,-0.532400354639807,0.600620195632591,2.80965171922923,0.0111858878564803
"pre_covid","sem_covid","dfm_4b","core","nsa","1","m3",20,1.30740840869352,0.953984621965817,-0.392654325724883,0.698945139464515,3.53920409092054,0.00219133693571968
"pre_covid","sem_covid","dfm_4b","core","nsa","1","vespera",20,1.35722112525174,0.990331768931447,-0.0831681789404538,0.934587796476628,3.22876436631383,0.00441958830133535
"pre_covid","sem_covid","dfm_4b","core","sa","principal","m1",20,1.35475387989377,0.627444282846357,-2.12082526738049,0.0473180500304706,2.07649045378087,0.0516595122427712
"pre_covid","sem_covid","dfm_4b","core","sa","principal","m2",20,1.18047329226547,0.70260970148702,-1.82174249194871,0.0842763073365648,1.87859982989847,0.0757313309905766
"pre_covid","sem_covid","dfm_4b","core","sa","principal","m3",20,1.02712746707212,0.749470327611452,-1.76799148317607,0.0931175013925333,1.95133238456944,0.0659194892175997
"pre_covid","sem_covid","dfm_4b","core","sa","principal","vespera",20,0.909674538509186,0.663767736968138,-2.38884146877995,0.0274339386369988,1.71168073647947,0.103231004303199
"pre_covid","sem_covid","dfm_4b","core","sa","trimestre","m1",20,1.35475387989377,0.627444282846357,-2.12082526738049,0.0473180500304706,2.07649045378087,0.0516595122427712
"pre_covid","sem_covid","dfm_4b","core","sa","trimestre","m2",20,1.18202906244551,0.703535685352087,-1.81732936459603,0.0849735394309055,1.89228645891258,0.0737919642157623
"pre_covid","sem_covid","dfm_4b","core","sa","trimestre","m3",20,1.02712746707212,0.749470327611452,-1.76799148317607,0.0931175013925333,1.95133238456944,0.0659194892175997
"pre_covid","sem_covid","dfm_4b","core","sa","trimestre","vespera",20,0.911433359258609,0.665051106370222,-2.38977161260988,0.0273809966270653,1.71577875523719,0.102464362961048
"pre_covid","sem_covid","dfm_4b","estendido","nsa","1","m1",20,1.36758701207162,0.633387853509268,-1.69035427986218,0.107300618241383,1.34086217836092,0.195776857853715
"pre_covid","sem_covid","dfm_4b","estendido","nsa","1","m2",20,1.57374798015156,0.936684129827332,-0.345604821916647,0.733436805541651,2.06897350932389,0.0524303342978283
"pre_covid","sem_covid","dfm_4b","estendido","nsa","1","m3",20,1.08537828436793,0.791974554712667,-1.15446963018096,0.262622189857122,3.72705221590618,0.00142883998515459
"pre_covid","sem_covid","dfm_4b","estendido","nsa","1","vespera",20,1.19049789128868,0.86867781576152,-0.943135616881713,0.357450598571012,3.25702141391362,0.00414773733452901
"pre_covid","sem_covid","dfm_4b","estendido","sa","principal","m1",18,1.84132111993997,0.825755217430481,-0.968024601676359,0.34660336331854,2.76926128592769,0.0131267203818983
"pre_covid","sem_covid","dfm_4b","estendido","sa","principal","m2",18,1.41869281513714,0.828981243221733,-1.09452696074122,0.288989972115006,2.26051193500941,0.0371992377956674
"pre_covid","sem_covid","dfm_4b","estendido","sa","principal","m3",18,1.25829652276305,0.879030327990029,-1.17140716470606,0.25759241133366,2.57316420428882,0.01974470520929
"pre_covid","sem_covid","dfm_4b","estendido","sa","principal","vespera",18,1.09823654064838,0.767214411764354,-2.32130230319483,0.0329533397687276,1.93648525222216,0.0696126061602467
"pre_covid","sem_covid","dfm_4b","estendido","sa","trimestre","m1",18,1.84132111993997,0.825755217430481,-0.968024601676359,0.34660336331854,2.76926128592769,0.0131267203818983
"pre_covid","sem_covid","dfm_4b","estendido","sa","trimestre","m2",18,1.41764202657718,0.828367238556662,-1.09643570458705,0.288177730052736,2.25641749704552,0.0375027281052178
"pre_covid","sem_covid","dfm_4b","estendido","sa","trimestre","m3",18,1.25829652276305,0.879030327990029,-1.17140716470606,0.25759241133366,2.57316420428882,0.01974470520929
"pre_covid","sem_covid","dfm_4b","estendido","sa","trimestre","vespera",18,1.09390087897056,0.764185572347122,-2.33265714243537,0.0322120881500618,1.93555156953167,0.0697347802221914
"pre_covid","sem_covid","famidas","core","nsa","1","m1",20,1.96657232756154,0.910803491353791,-0.503963275444668,0.620080825291422,2.51209923680915,0.0211924976309365
"pre_covid","sem_covid","famidas","core","nsa","1","m2",20,1.72001815668325,1.02374314737795,0.0919826633191168,0.927674725173163,1.89721782249239,0.0731040195378244
"pre_covid","sem_covid","famidas","core","nsa","1","m3",20,1.61821637451336,1.18077375518923,0.518158512039566,0.610329252882931,1.8753046284017,0.076204911737313
"pre_covid","sem_covid","famidas","core","nsa","1","vespera",20,1.43601627710679,1.04782670521558,0.308043353307279,0.761400894303589,2.2514064593656,0.036389127782734
"pre_covid","sem_covid","famidas","core","sa","principal","m1",20,1.32795908050063,0.615034468828653,-1.78939986655849,0.0895039841144997,2.93771085245694,0.00844771858419453
"pre_covid","sem_covid","famidas","core","sa","principal","m2",20,1.45212677312238,0.864296011836733,-0.666254234183265,0.51325780758866,2.24066775037513,0.0371917887596857
"pre_covid","sem_covid","famidas","core","sa","principal","m3",20,1.05841534800632,0.772300345428878,-1.31956683266576,0.202660235993164,2.87860082160394,0.00962018939376308
"pre_covid","sem_covid","famidas","core","sa","principal","vespera",20,1.22203078807363,0.89168661578059,-0.920047273298364,0.369082352708912,2.42954980624293,0.025204006883337
"pre_covid","sem_covid","famidas","core","sa","trimestre","m1",20,1.32795908050063,0.615034468828653,-1.78939986655849,0.0895039841144997,2.93771085245694,0.00844771858419453
"pre_covid","sem_covid","famidas","core","sa","trimestre","m2",20,1.49068984096766,0.887248488410936,-0.597690274083593,0.557103982508812,2.40420739954004,0.0265714448174108
"pre_covid","sem_covid","famidas","core","sa","trimestre","m3",20,1.05841534800632,0.772300345428878,-1.31956683266576,0.202660235993164,2.87860082160394,0.00962018939376308
"pre_covid","sem_covid","famidas","core","sa","trimestre","vespera",20,1.01453953144293,0.740285212285062,-2.16467512823023,0.0433525665949387,2.2003390877716,0.0403535036200098
"pre_covid","sem_covid","famidas","estendido","nsa","1","m1",12,2.03431971929329,1.17501958895732,0.818328038244756,0.430540672484623,2.16880603795523,0.0528870002229698
"pre_covid","sem_covid","famidas","estendido","nsa","1","m2",13,2.81668643358064,1.75927620709779,1.56730074932872,0.1430228070629,2.28764227083147,0.0411064348198609
"pre_covid","sem_covid","famidas","estendido","nsa","1","m3",14,2.15054543464544,1.84167902038892,0.961894355360418,0.353653938345777,1.32533915322215,0.207880088661913
"pre_covid","sem_covid","famidas","estendido","nsa","1","vespera",14,0.900840408552758,0.77145958156598,-1.19740288021879,0.252527638642046,2.71767163467882,0.0175908952434957
"pre_covid","sem_covid","famidas","estendido","sa","principal","m1",14,2.05309642691071,1.2679970965352,0.705579381512991,0.492900150561672,1.94927170854191,0.0731716637530171
"pre_covid","sem_covid","famidas","estendido","sa","principal","m2",14,2.07674310624301,1.33748386419926,0.910443301135179,0.379160643082594,2.27955367267972,0.0401521449867468
"pre_covid","sem_covid","famidas","estendido","sa","principal","m3",16,1.53863934268155,1.30009623410317,0.892767694875718,0.386080542031809,2.05280185378288,0.0579637195211772
"pre_covid","sem_covid","famidas","estendido","sa","principal","vespera",16,1.12887724307754,0.953861643711807,-0.469917852581326,0.645172706535041,3.15907654488766,0.00648484001349124
"pre_covid","sem_covid","famidas","estendido","sa","trimestre","m1",14,2.05309642691071,1.2679970965352,0.705579381512991,0.492900150561672,1.94927170854191,0.0731716637530171
"pre_covid","sem_covid","famidas","estendido","sa","trimestre","m2",14,1.93711375980143,1.24755844334538,0.584159819205641,0.569111439984206,1.93163835187491,0.0754979108548731
"pre_covid","sem_covid","famidas","estendido","sa","trimestre","m3",16,1.53863934268155,1.30009623410317,0.892767694875718,0.386080542031809,2.05280185378288,0.0579637195211772
"pre_covid","sem_covid","famidas","estendido","sa","trimestre","vespera",16,0.998207566290365,0.84345035369084,-0.979648818887464,0.34279661041251,1.636322367541,0.122576247406599
"pre_covid","sem_covid","focus","nenhum","nsa","principal","m1",20,1.03267258375167,0.478274702396844,-2.2450586596244,0.0368616447525226,NA,NA
"pre_covid","sem_covid","focus","nenhum","nsa","principal","m2",20,0.844537071476146,0.502662740082673,-2.04189563464677,0.0552937950487779,NA,NA
"pre_covid","sem_covid","focus","nenhum","nsa","principal","m3",20,0.6229034303087,0.454517723408306,-2.41606667904284,0.025923138210604,NA,NA
"pre_covid","sem_covid","focus","nenhum","nsa","principal","vespera",20,0.496165346587709,0.362039977293714,-2.35815202234132,0.0292350901175433,NA,NA
"pre_covid","sem_covid","lasso","core","nsa","1","m1",20,1.70743162371305,0.790784382720374,-1.05343308274383,0.305355659889833,1.67673119410518,0.109971468595564
"pre_covid","sem_covid","lasso","core","nsa","1","m2",20,1.5818560279109,0.941509984891701,-0.321382166511792,0.751429355505264,1.9390921136734,0.0674872882232735
"pre_covid","sem_covid","lasso","core","nsa","1","m3",20,1.14139769017562,0.832850574261603,-0.720461224349924,0.480011835338296,1.74677284151674,0.0968230811798268
"pre_covid","sem_covid","lasso","core","nsa","1","vespera",20,1.31427877254594,0.958997762021314,-0.359889950127319,0.722898762443132,1.84989115573458,0.0799457027042329
"pre_covid","sem_covid","lasso","core","sa","esperar","m1",20,1.56593545767669,0.725251475421257,-1.94689580354175,0.0664839669950851,2.33709667364234,0.0305337099027232
"pre_covid","sem_covid","lasso","core","sa","esperar","m2",20,1.33185924854737,0.792713596466652,-1.98707052933825,0.0615259196521733,1.77939526605592,0.0911772092860281
"pre_covid","sem_covid","lasso","core","sa","esperar","m3",20,1.07375958625963,0.783496668805802,-1.89134144056473,0.073924448764183,2.2631650138575,0.0355285394960795
"pre_covid","sem_covid","lasso","core","sa","esperar","vespera",20,1.1950213801291,0.87197849729508,-2.82608120210415,0.0107920002687405,1.84971083140215,0.0799728121674174
"pre_covid","sem_covid","lasso","core","sa","principal","m1",20,1.82700017266495,0.846161675645334,-1.65118646521271,0.115132641315031,1.81042827473777,0.0860739444625195
"pre_covid","sem_covid","lasso","core","sa","principal","m2",20,1.42830663369155,0.85011842631698,-1.50855769248646,0.147861238043138,1.96313901927809,0.0644380273381157
"pre_covid","sem_covid","lasso","core","sa","principal","m3",20,1.21668846942873,0.887788453738041,-2.30277656913278,0.0327655762329613,2.0987457687548,0.0494370338089683
"pre_covid","sem_covid","lasso","core","sa","principal","vespera",20,1.45839543062737,1.06415623787675,0.629762746519416,0.536350236178246,1.94983214984851,0.0661098889867891
"pre_covid","sem_covid","lasso","core","sa","trimestre","m1",20,1.82700017266495,0.846161675645334,-1.65118646521271,0.115132641315031,1.81042827473777,0.0860739444625195
"pre_covid","sem_covid","lasso","core","sa","trimestre","m2",20,1.43564721399413,0.854487489953516,-1.47323283614495,0.157062598556515,1.99777056735309,0.0602623652378998
"pre_covid","sem_covid","lasso","core","sa","trimestre","m3",20,1.21668846942873,0.887788453738041,-2.30277656913278,0.0327655762329613,2.0987457687548,0.0494370338089683
"pre_covid","sem_covid","lasso","core","sa","trimestre","vespera",20,1.32363822786361,0.965827132540625,-0.652532970340168,0.521874803646735,1.87116616688233,0.0768033781527323
"pre_covid","sem_covid","lasso","estendido","nsa","1","m1",14,1.83791146140975,1.13509836469931,0.64602545399927,0.52950240011823,2.60260419514453,0.0218975116054884
"pre_covid","sem_covid","lasso","estendido","nsa","1","m2",14,1.73066848674716,1.11460159340074,0.32510252845455,0.750276190154491,1.77624680286399,0.0990875890956664
"pre_covid","sem_covid","lasso","estendido","nsa","1","m3",16,1.27837368287107,1.08018088760211,0.272906980800745,0.788646090539916,1.62789047441618,0.12436560375601
"pre_covid","sem_covid","lasso","estendido","nsa","1","vespera",16,1.29637001128871,1.09538715339451,0.535821697925851,0.599937584406588,2.18676528201594,0.045017392325792
"pre_covid","sem_covid","lasso","estendido","sa","esperar","m1",14,1.40505131910109,0.867762940771326,-0.692634286036759,0.500725465114734,3.13627650879206,0.00787702429038861
"pre_covid","sem_covid","lasso","estendido","sa","esperar","m2",14,1.56920752365156,1.01061596696999,0.290766542550608,0.775816823407172,1.4961011062512,0.158505253782013
"pre_covid","sem_covid","lasso","estendido","sa","esperar","m3",16,1.14240395908741,0.965291243915306,-0.394289076855886,0.69891658592289,2.12182777450669,0.0509170579365601
"pre_covid","sem_covid","lasso","estendido","sa","esperar","vespera",16,1.04660653978193,0.884345787354443,-1.6136126866582,0.127446726021249,2.59290317436864,0.0203848777571921
"pre_covid","sem_covid","lasso","estendido","sa","principal","m1",14,1.74031869464368,1.07482484647571,1.02541274336007,0.323871429633063,2.08789707172207,0.0570512306686452
"pre_covid","sem_covid","lasso","estendido","sa","principal","m2",14,1.60401569700877,1.03303345812119,0.711846046731296,0.489138419589741,1.90558397560332,0.0790586449732432
"pre_covid","sem_covid","lasso","estendido","sa","principal","m3",16,1.14104017879499,0.964138897440639,-0.830798760950824,0.41911547146658,2.45147370720137,0.0269631933788023
"pre_covid","sem_covid","lasso","estendido","sa","principal","vespera",16,1.1104489492139,0.938290382280711,-1.39846849717318,0.182306470044195,3.07073322870103,0.00776782057335758
"pre_covid","sem_covid","lasso","estendido","sa","trimestre","m1",14,1.74031869464368,1.07482484647571,1.02541274336007,0.323871429633063,2.08789707172207,0.0570512306686452
"pre_covid","sem_covid","lasso","estendido","sa","trimestre","m2",14,1.5755219692775,1.01468265635042,0.277709566313941,0.785602737924122,1.82692535219732,0.0907519154417208
"pre_covid","sem_covid","lasso","estendido","sa","trimestre","m3",16,1.14104017879499,0.964138897440639,-0.830798760950824,0.41911547146658,2.45147370720137,0.0269631933788023
"pre_covid","sem_covid","lasso","estendido","sa","trimestre","vespera",16,1.11236322257802,0.939907876077149,-0.569015209360059,0.577767228101013,2.86309695445948,0.011848268056277
"pre_covid","sem_covid","mfbvar","core","sa","principal","m1",9,0.981340448485796,0.854948132008306,-1.08022976430674,0.311526619649754,1.38742727665825,0.202735511065353
"pre_covid","sem_covid","mfbvar","core","sa","principal","m2",9,0.912698355688889,0.90741249653142,-0.652914133272983,0.532122190650372,2.23875659937932,0.0555330814740552
"pre_covid","sem_covid","mfbvar","core","sa","principal","m3",10,0.788884394555773,0.873483598989269,-1.16110377669439,0.275468730744491,2.7318790248891,0.0231532295880369
"pre_covid","sem_covid","mfbvar","core","sa","principal","vespera",10,0.732576758034622,0.811137585633572,-1.30631201908013,0.22384229742055,2.07617697101888,0.0676832506650924
"pre_covid","sem_covid","mfbvar","core","sa","trimestre","m1",9,0.981340448485796,0.854948132008306,-1.08022976430674,0.311526619649754,1.38742727665825,0.202735511065353
"pre_covid","sem_covid","mfbvar","core","sa","trimestre","m2",9,0.905767886955998,0.900522165354808,-0.733404066339341,0.484246710606888,2.12938249290849,0.0658562521254529
"pre_covid","sem_covid","mfbvar","core","sa","trimestre","m3",10,0.788884394555773,0.873483598989269,-1.16110377669439,0.275468730744491,2.7318790248891,0.0231532295880369
"pre_covid","sem_covid","mfbvar","core","sa","trimestre","vespera",10,0.689620135791358,0.76357433649794,-1.79331473217778,0.106511296817178,2.14674458563729,0.0603554726901029
"pre_covid","sem_covid","rf","core","nsa","2","m1",20,2.362311092638,1.09408698611475,0.407359397232126,0.688297046983312,2.96729847105031,0.00791384886943571
"pre_covid","sem_covid","rf","core","nsa","2","m2",20,2.08077222722567,1.23846152472269,0.922536751132328,0.367816058559808,2.63574179002851,0.016291398992387
"pre_covid","sem_covid","rf","core","nsa","2","m3",20,1.68878336088357,1.23226479606675,1.02234410008882,0.319459576974684,4.42529760940731,0.00029051961071607
"pre_covid","sem_covid","rf","core","nsa","2","vespera",20,1.7258429712712,1.25930630671541,1.14304231155643,0.267219983548722,5.00101939763556,0.0000793190000412577
"pre_covid","sem_covid","rf","core","nsa","3","m1",20,2.06405541736106,0.955952066513218,-0.347947930109687,0.731704517878282,2.58941667713918,0.0179866201253326
"pre_covid","sem_covid","rf","core","nsa","3","m2",20,1.54419837282472,0.919096403854192,-0.55749170019612,0.583700595861638,2.55967086813357,0.0191616659910422
"pre_covid","sem_covid","rf","core","nsa","3","m3",20,1.27776179655648,0.932352198704603,-0.320957529531459,0.751746116891474,2.70219400072953,0.0141222758763383
"pre_covid","sem_covid","rf","core","nsa","3","vespera",20,1.12271277710899,0.819216640435106,-0.907385772219764,0.375568009592409,3.60527376574949,0.00188568331850823
"pre_covid","sem_covid","rf","core","sa","esperar","m1",20,1.8246809933551,0.845087564826788,-2.35937683951574,0.0291611490875736,1.95729968262392,0.0651669820713592
"pre_covid","sem_covid","rf","core","sa","esperar","m2",20,1.45673376872567,0.867038064390385,-1.70483224913433,0.104523185556843,1.96535602789618,0.0641631755125462
"pre_covid","sem_covid","rf","core","sa","esperar","m3",20,1.1979354713654,0.874104839919118,-2.10352315816366,0.0489713857179407,2.27879744037043,0.0344134485676184
"pre_covid","sem_covid","rf","core","sa","esperar","vespera",20,1.20473512089558,0.879066381426285,-2.16757147513048,0.0431016198654354,2.22226316958936,0.0386053624362378
"pre_covid","sem_covid","rf","core","sa","principal","m1",20,1.97680864845346,0.915544367992962,-1.71253600747235,0.103070598039432,2.17955822350587,0.0420770923608585
"pre_covid","sem_covid","rf","core","sa","principal","m2",20,1.57773074009117,0.939054641545465,-1.10345781254691,0.283608626323535,2.07942857771489,0.0513610169173373
"pre_covid","sem_covid","rf","core","sa","principal","m3",20,1.25879518518594,0.918512716368416,-1.73907693731751,0.0981982185478473,2.28781657733598,0.0337848697286613
"pre_covid","sem_covid","rf","core","sa","principal","vespera",20,1.25117944938511,0.912955696243233,-2.17248176762832,0.0426792064621579,2.12770295393723,0.0466750347306085
"pre_covid","sem_covid","rf","core","sa","trimestre","m1",20,1.97680864845346,0.915544367992962,-1.71253600747235,0.103070598039432,2.17955822350587,0.0420770923608585
"pre_covid","sem_covid","rf","core","sa","trimestre","m2",20,1.59425942101115,0.94889240038614,-0.964523799393904,0.346900143574931,2.0225048257668,0.0574300426297226
"pre_covid","sem_covid","rf","core","sa","trimestre","m3",20,1.25879518518594,0.918512716368416,-1.73907693731751,0.0981982185478473,2.28781657733598,0.0337848697286613
"pre_covid","sem_covid","rf","core","sa","trimestre","vespera",20,1.26708584427187,0.924562211859915,-1.93283364468996,0.0683016379519161,2.12169186929087,0.0472365882699963
"pre_covid","sem_covid","rf","estendido","nsa","2","m1",14,2.84195530381519,1.75519816141456,1.96830195558105,0.0707347868929818,2.98284721032321,0.0105822212198937
"pre_covid","sem_covid","rf","estendido","nsa","2","m2",14,2.2900919942375,1.47488684595452,1.62856115444736,0.127386626998522,3.13108610991627,0.00795612828689018
"pre_covid","sem_covid","rf","estendido","nsa","2","m3",16,1.81218969954043,1.53123668328081,3.32431990298373,0.00462252532734727,6.30230801502265,0.0000141794181534004
"pre_covid","sem_covid","rf","estendido","nsa","2","vespera",16,1.78782448523566,1.51064893247916,3.10206275776716,0.00728646322747014,6.32725057032087,0.0000135694171628867
"pre_covid","sem_covid","rf","estendido","nsa","3","m1",14,1.95888500696392,1.20981190591913,1.06956269498367,0.304273865170893,2.7454670498947,0.0166816912774531
"pre_covid","sem_covid","rf","estendido","nsa","3","m2",14,1.61811951434501,1.04211673281902,0.222924432520128,0.827058780550447,2.50759728251783,0.0262104744706687
"pre_covid","sem_covid","rf","estendido","nsa","3","m3",16,1.10467054407555,0.933407832776684,-0.528197117842298,0.605089583590767,4.87964490996408,0.000200138003515792
"pre_covid","sem_covid","rf","estendido","nsa","3","vespera",16,1.15562594237063,0.976463355661726,-0.156573922278638,0.877668578552997,4.43676702294312,0.000480245384142983
"pre_covid","sem_covid","rf","estendido","sa","esperar","m1",14,1.51810212442917,0.937583379323579,-1.21962776769796,0.244271829019522,1.54938694216672,0.145282702750534
"pre_covid","sem_covid","rf","estendido","sa","esperar","m2",14,1.45006362895862,0.933883781756214,-1.59426581967109,0.134889831228203,1.51425940316813,0.153888977139582
"pre_covid","sem_covid","rf","estendido","sa","esperar","m3",16,1.04994053072327,0.887162892667645,-2.24788027858633,0.0400507345481198,2.18493440348694,0.0451746632950335
"pre_covid","sem_covid","rf","estendido","sa","esperar","vespera",16,1.05687607130644,0.893023181003916,-2.52099062695873,0.0235103295173985,2.27125922611896,0.0382897951955653
"pre_covid","sem_covid","rf","estendido","sa","principal","m1",14,1.56713181556498,0.967864229842508,-0.771472502529925,0.45422218541557,1.57775494880811,0.138636371967259
"pre_covid","sem_covid","rf","estendido","sa","principal","m2",14,1.4849731637829,0.956366552684322,-1.19766624679282,0.252428547487949,1.57521773316279,0.139219975978917
"pre_covid","sem_covid","rf","estendido","sa","principal","m3",16,1.08194251821385,0.914203448739614,-1.71835163980062,0.106297484653984,2.15204378621761,0.048088185257073
"pre_covid","sem_covid","rf","estendido","sa","principal","vespera",16,1.06005007409631,0.895705101945149,-2.45374101580572,0.0268433355970778,2.27313053870257,0.0381520219094707
"pre_covid","sem_covid","rf","estendido","sa","trimestre","m1",14,1.56713181556498,0.967864229842508,-0.771472502529925,0.45422218541557,1.57775494880811,0.138636371967259
"pre_covid","sem_covid","rf","estendido","sa","trimestre","m2",14,1.50705371506879,0.970587079512467,-0.907316950550384,0.380750462587664,1.57855043132315,0.138453831332683
"pre_covid","sem_covid","rf","estendido","sa","trimestre","m3",16,1.08194251821385,0.914203448739614,-1.71835163980062,0.106297484653984,2.15204378621761,0.048088185257073
"pre_covid","sem_covid","rf","estendido","sa","trimestre","vespera",16,1.06831555049277,0.902689139359259,-1.97718484205066,0.0666991344275965,2.10141630421773,0.0529140488512809
"pre_covid","sem_covid","ridge","core","nsa","1","m1",20,1.65229423172309,0.765247905660884,-1.53492886387962,0.141285967763374,1.91989218379148,0.0700132921748227
"pre_covid","sem_covid","ridge","core","nsa","1","m2",20,1.51655723530527,0.902644586173485,-0.77197975008015,0.449622483708749,2.03795060315987,0.0557225298482894
"pre_covid","sem_covid","ridge","core","nsa","1","m3",20,1.1454538210979,0.835810235908875,-0.930222891707817,0.363924906223628,2.14118668969701,0.0454373929635264
"pre_covid","sem_covid","ridge","core","nsa","1","vespera",20,1.20936389679687,0.882443888408035,-0.899183067516963,0.379810083757829,2.19347739348072,0.0409153437955636
"pre_covid","sem_covid","ridge","core","sa","esperar","m1",20,1.74628364326325,0.8087784094625,-2.21659138274989,0.0390508245889157,2.0620326544246,0.053151285292643
"pre_covid","sem_covid","ridge","core","sa","esperar","m2",20,1.4376498194232,0.855679427129845,-1.37933903674848,0.183810717679107,2.13646965902296,0.0458669228398117
"pre_covid","sem_covid","ridge","core","sa","esperar","m3",20,1.14977858060278,0.838965909403032,-2.10014795183299,0.0492999500722693,2.17819883266268,0.04219215322812
"pre_covid","sem_covid","ridge","core","sa","esperar","vespera",20,1.28185212614728,0.935336814301728,-1.08155835389597,0.292985722639683,2.14266381963264,0.0453036408425402
"pre_covid","sem_covid","ridge","core","sa","principal","m1",20,1.81431709743276,0.840287602751758,-2.05686186499758,0.0536941779149689,2.24877110714207,0.0365846174326518
"pre_covid","sem_covid","ridge","core","sa","principal","m2",20,1.48885119022427,0.88615413595212,-1.59046958219741,0.128230410871932,2.14066821701356,0.0454844250936747
"pre_covid","sem_covid","ridge","core","sa","principal","m3",20,1.21207736575238,0.884423841755837,-1.92057764346261,0.069921687490632,2.27034528124406,0.035012286308121
"pre_covid","sem_covid","ridge","core","sa","principal","vespera",20,1.24430279043595,0.907937962806324,-2.4887346168221,0.0222625016777774,1.99922210877023,0.0600927554564799
"pre_covid","sem_covid","ridge","core","sa","trimestre","m1",20,1.81431709743276,0.840287602751758,-2.05686186499758,0.0536941779149689,2.24877110714207,0.0365846174326518
"pre_covid","sem_covid","ridge","core","sa","trimestre","m2",20,1.50194676376709,0.8939485325539,-1.61655883417189,0.122456238320684,2.1105098121112,0.048297557700971
"pre_covid","sem_covid","ridge","core","sa","trimestre","m3",20,1.21207736575238,0.884423841755837,-1.92057764346261,0.069921687490632,2.27034528124406,0.035012286308121
"pre_covid","sem_covid","ridge","core","sa","trimestre","vespera",20,1.23074653333514,0.898046286479632,-2.8082477082615,0.0112201800182731,2.00440808099674,0.0594902708062356
"pre_covid","sem_covid","ridge","estendido","nsa","1","m1",14,1.93728517479987,1.19647179967245,1.07405315543668,0.302330924286472,2.30408371059871,0.0383669614062043
"pre_covid","sem_covid","ridge","estendido","nsa","1","m2",14,1.7260470791449,1.11162527048467,0.618676122306728,0.546817926009914,2.23611639841597,0.0435077542023772
"pre_covid","sem_covid","ridge","estendido","nsa","1","m3",16,1.30873975182565,1.10583914993639,0.450662969419152,0.65867826692334,2.07407171057389,0.0557023379444005
"pre_covid","sem_covid","ridge","estendido","nsa","1","vespera",16,1.07428671355655,0.907734562543951,-0.625035002271573,0.541340502781179,2.01923071884468,0.0617043422731935
"pre_covid","sem_covid","ridge","estendido","sa","esperar","m1",14,1.46521959874826,0.904923009288384,-1.20531165635709,0.249565172640303,1.54740773387248,0.145756435297727
"pre_covid","sem_covid","ridge","estendido","sa","esperar","m2",14,1.4835997532695,0.955482035771719,-1.40446795735774,0.18361933820453,1.51486625546665,0.153736692863218
"pre_covid","sem_covid","ridge","estendido","sa","esperar","m3",16,1.08249918142104,0.914673809609289,-1.30517409413362,0.211500580411192,1.94807583580664,0.0703690421412635
"pre_covid","sem_covid","ridge","estendido","sa","esperar","vespera",16,1.06072212046617,0.896272957537016,-1.74369835065899,0.101664240355036,2.35933930444847,0.0322863459694976
"pre_covid","sem_covid","ridge","estendido","sa","principal","m1",14,1.55619016819989,0.961106643151307,-0.612192861926215,0.550968249656149,1.60920120989049,0.131576452634348
"pre_covid","sem_covid","ridge","estendido","sa","principal","m2",14,1.44916702162396,0.933306340165572,-1.1319183929606,0.278116495715468,1.62835308730566,0.127431032754016
"pre_covid","sem_covid","ridge","estendido","sa","principal","m3",16,1.16217334837714,0.981995683905315,-0.418471754076708,0.681532170872698,2.49573117437735,0.0247131130293119
"pre_covid","sem_covid","ridge","estendido","sa","principal","vespera",16,1.11421189771125,0.941469941671155,-1.24369551109107,0.232698258012917,2.60508354437633,0.0198965950307236
"pre_covid","sem_covid","ridge","estendido","sa","trimestre","m1",14,1.55619016819989,0.961106643151307,-0.612192861926215,0.550968249656149,1.60920120989049,0.131576452634348
"pre_covid","sem_covid","ridge","estendido","sa","trimestre","m2",14,1.46228639315154,0.941755602702582,-1.01273805419973,0.329664244092624,1.670659512508,0.118674725208282
"pre_covid","sem_covid","ridge","estendido","sa","trimestre","m3",16,1.16217334837714,0.981995683905315,-0.418471754076708,0.681532170872698,2.49573117437735,0.0247131130293119
"pre_covid","sem_covid","ridge","estendido","sa","trimestre","vespera",16,1.10955891296229,0.937538332890813,-1.30927058022779,0.210144515175492,2.47802519836752,0.0255909608420843
"pre_covid","sem_covid","sarima","core","nsa","1","m1",20,2.2805200026165,1.05620604509409,0.676290657998775,0.507005924466893,2.34089841657619,0.0302953425503154
"pre_covid","sem_covid","sarima","core","nsa","1","m2",20,1.83734674754023,1.0935763293212,0.735546007702325,0.470990275548885,2.26303346136883,0.0355380630486836
"pre_covid","sem_covid","sarima","core","nsa","1","m3",20,1.49403506603123,1.09016162676799,0.548165761011063,0.589961230636513,2.1805978983654,0.0419892862616203
"pre_covid","sem_covid","sarima","core","nsa","1","vespera",20,1.49403506603123,1.09016162676799,0.548165761011063,0.589961230636513,2.14636995726835,0.0449696310186548
"pre_covid","sem_covid","sarima","core","sa","principal","m1",20,2.15916204343759,1,NA,NA,2.2450586596244,0.0368616447525226
"pre_covid","sem_covid","sarima","core","sa","principal","m2",20,1.68012666173993,1,NA,NA,2.04189563464677,0.0552937950487779
"pre_covid","sem_covid","sarima","core","sa","principal","m3",20,1.37047115707109,1,NA,NA,2.41606667904284,0.025923138210604
"pre_covid","sem_covid","sarima","core","sa","principal","vespera",20,1.37047115707109,1,NA,NA,2.35815202234132,0.0292350901175433
"pos","cheia","combo_igual","core","sa","principal","m1",18,1.3721600336461,0.687431007539095,-3.23691045995014,0.00484666285043246,-0.581141933925018,0.56877044541116
"pos","cheia","combo_igual","core","sa","principal","m2",18,1.1028488955332,0.57258379991128,-2.69202445133683,0.0154297114823069,-1.03884039346527,0.313429760855474
"pos","cheia","combo_igual","core","sa","principal","m3",18,0.854751823939572,0.687693863955064,-2.55272906643805,0.0205938493267031,-0.802755620839353,0.433196326294072
"pos","cheia","combo_igual","core","sa","principal","vespera",18,0.672170839291279,0.540797631269889,-3.27769913864251,0.00443865771159197,0.121371686922606,0.904819735660527
"pos","cheia","combo_igual","estendido","sa","principal","m1",18,1.47734169461698,0.740125396971004,-3.43232019870071,0.003177482894375,0.0118817227659066,0.990658305913977
"pos","cheia","combo_igual","estendido","sa","principal","m2",18,1.27776089268498,0.663395674851608,-2.85409662020457,0.0109788211412431,-0.195228627304331,0.847528293240144
"pos","cheia","combo_igual","estendido","sa","principal","m3",18,0.999395037666296,0.804067117286245,-1.9566477131776,0.0670206206478456,-0.0262767012592051,0.97934263251769
"pos","cheia","combo_igual","estendido","sa","principal","vespera",18,0.859026635440685,0.69113317997235,-2.64475040952764,0.0170253153803867,1.72506772992035,0.102646517495999
"pos","cheia","combo_peneira","core","sa","principal","m1",18,1.33767543167696,0.670154753971761,-3.5119748657374,0.00267371458862568,-0.790550701948071,0.440095998793353
"pos","cheia","combo_peneira","core","sa","principal","m2",18,1.09900429275289,0.570587735647161,-3.08335410288117,0.00674064079488419,-1.48728535485672,0.155252347620729
"pos","cheia","combo_peneira","core","sa","principal","m3",18,0.86499524433902,0.695935247193236,-2.60771961947906,0.0183840699147529,-0.888616715566345,0.386610222921512
"pos","cheia","combo_peneira","core","sa","principal","vespera",18,0.660423729767647,0.531346449169597,-3.46185054098199,0.00298058651620607,0.0658150643236203,0.948292861246108
"pos","cheia","combo_peneira","estendido","sa","principal","m1",18,1.43143771580528,0.717128211780635,-3.62397395907376,0.00209689698931853,-0.231033362392697,0.820046558329899
"pos","cheia","combo_peneira","estendido","sa","principal","m2",18,1.20532156983658,0.62578618645521,-3.33179396566895,0.00394937680195353,-0.743674310390788,0.467228345187654
"pos","cheia","combo_peneira","estendido","sa","principal","m3",18,0.915817350076054,0.736824367625349,-2.6236811391449,0.0177861786585977,-0.680157121378858,0.505562925780927
"pos","cheia","combo_peneira","estendido","sa","principal","vespera",18,0.753119346816231,0.605925064007798,-3.19316496200102,0.00532529160754795,1.05009532485865,0.308373886519941
"pos","cheia","combo_rmse","core","sa","aa","m1",18,1.34657610418814,0.674613853582674,-3.26694038872983,0.0045428680691194,-0.734786755993759,0.472484559498746
"pos","cheia","combo_rmse","core","sa","aa","m2",18,1.08275861475318,0.562153205695792,-2.6950901987748,0.0153313370198238,-1.14717063310962,0.267200495058652
"pos","cheia","combo_rmse","core","sa","aa","m3",18,0.84974354302603,0.683664432303977,-2.56333182396244,0.0201490329746441,-0.837211878425336,0.414088718839754
"pos","cheia","combo_rmse","core","sa","aa","vespera",18,0.668399541876565,0.537763419445345,-3.30546561462604,0.00418047541892338,0.0974863977878947,0.923480288880398
"pos","cheia","combo_rmse","estendido","sa","aa","m1",18,1.45353604012425,0.728199131337411,-3.44971620410116,0.0030599844686348,-0.116947006666755,0.90827256649426
"pos","cheia","combo_rmse","estendido","sa","aa","m2",18,1.28203785084317,0.665616212011499,-2.82148064145753,0.011761094022052,-0.174065659500464,0.863869879198568
"pos","cheia","combo_rmse","estendido","sa","aa","m3",18,0.955436251182653,0.768699906728705,-2.31557654895315,0.0333331234256357,-0.299644031073331,0.768081401090311
"pos","cheia","combo_rmse","estendido","sa","aa","vespera",18,0.858374525498684,0.69060852241307,-2.84464057074824,0.0112002874359532,1.65962329066682,0.115322902518567
"pos","cheia","dfm_4a","core","sa","principal","m1",18,1.27690455601332,0.639709482821078,-3.26601093313331,0.00455198320063967,-1.06068355825471,0.303671426857881
"pos","cheia","dfm_4a","core","sa","principal","m2",18,1.11200261251681,0.577336282390993,-2.68511733932234,0.0156535692848905,-1.14762834716943,0.267016585746685
"pos","cheia","dfm_4a","core","sa","principal","m3",18,0.809094940644841,0.65096044308398,-2.67317867716294,0.0160478503767121,-1.00056105277322,0.331069112715832
"pos","cheia","dfm_4a","core","sa","principal","vespera",18,0.716566332475698,0.57651619588139,-3.25032393986913,0.00470857114324687,0.496364380474793,0.625994115283852
"pos","cheia","dfm_4a","core","sa","trimestre","m1",18,1.27690455601332,0.639709482821078,-3.26601093313331,0.00455198320063967,-1.06068355825471,0.303671426857881
"pos","cheia","dfm_4a","core","sa","trimestre","m2",18,1.11170323744485,0.577180851019574,-2.68413024014577,0.0156858138391641,-1.14769628336167,0.266989297103113
"pos","cheia","dfm_4a","core","sa","trimestre","m3",18,0.809094940644841,0.65096044308398,-2.67317867716294,0.0160478503767121,-1.00056105277322,0.331069112715832
"pos","cheia","dfm_4a","core","sa","trimestre","vespera",18,0.715212292543882,0.57542679785195,-3.25049805625571,0.00470680432988602,0.483019727802942,0.635243493935467
"pos","cheia","dfm_4a","estendido","sa","principal","m1",18,1.35810483226806,0.680389568488582,-3.3555434371545,0.00375176589988861,-0.567231562246846,0.577971054496666
"pos","cheia","dfm_4a","estendido","sa","principal","m2",18,1.27674783245922,0.662869708079592,-2.80947592913696,0.0120623543385028,-0.201029790132955,0.843060878047311
"pos","cheia","dfm_4a","estendido","sa","principal","m3",18,0.907290511770602,0.729964067106107,-2.61586833219004,0.0180764786613781,-0.530350855274418,0.602728179969684
"pos","cheia","dfm_4a","estendido","sa","principal","vespera",18,0.854917190508123,0.687826910263139,-2.96903064614812,0.00860397981854746,1.5531412563443,0.138807068396349
"pos","cheia","dfm_4a","estendido","sa","trimestre","m1",18,1.35810483226806,0.680389568488582,-3.3555434371545,0.00375176589988861,-0.567231562246846,0.577971054496666
"pos","cheia","dfm_4a","estendido","sa","trimestre","m2",18,1.27618565393355,0.662577832812036,-2.81040847906765,0.0120386875891882,-0.204433834909091,0.840442009354684
"pos","cheia","dfm_4a","estendido","sa","trimestre","m3",18,0.907290511770602,0.729964067106107,-2.61586833219004,0.0180764786613781,-0.530350855274418,0.602728179969684
"pos","cheia","dfm_4a","estendido","sa","trimestre","vespera",18,0.854003351977277,0.687091677962128,-2.97913017290274,0.0084209618567473,1.52945337219074,0.144546136623022
"pos","cheia","dfm_4b","core","nsa","1","m1",18,2.46013323873659,1.23248879833013,1.36230140019759,0.190880865845633,2.31023942049018,0.0336907985047017
"pos","cheia","dfm_4b","core","nsa","1","m2",18,2.13041225906932,1.10608039924248,0.709296852371937,0.487755079020732,2.61665591790456,0.0180470108729669
"pos","cheia","dfm_4b","core","nsa","1","m3",18,1.80773462461347,1.45441983765066,2.39629769338103,0.0283378580477732,2.71128036199705,0.0148217128141857
"pos","cheia","dfm_4b","core","nsa","1","vespera",18,1.85661178258834,1.49374414288812,2.69514892620136,0.0153294584385863,3.82122147930328,0.00136642307013489
"pos","cheia","dfm_4b","core","sa","principal","m1",18,1.32363923613402,0.663122836551419,-2.85348911740918,0.0109929210253677,-0.843676932837096,0.410564939764862
"pos","cheia","dfm_4b","core","sa","principal","m2",18,1.1552659809561,0.599798021255001,-2.47530770493622,0.0241356395778512,-0.833684772974945,0.416019369866569
"pos","cheia","dfm_4b","core","sa","principal","m3",18,0.890208531568675,0.716220694304719,-2.21746916628164,0.0405064944474196,-0.76286951985137,0.455997401971582
"pos","cheia","dfm_4b","core","sa","principal","vespera",18,0.765508707704896,0.615892971911394,-3.26403876840384,0.00457138386156632,0.847957812858793,0.408242362803137
"pos","cheia","dfm_4b","core","sa","trimestre","m1",18,1.32363923613402,0.663122836551419,-2.85348911740918,0.0109929210253677,-0.843676932837096,0.410564939764862
"pos","cheia","dfm_4b","core","sa","trimestre","m2",18,1.14949647346176,0.59680257324929,-2.48637919950437,0.0235960318664158,-0.86038584740393,0.401548038426662
"pos","cheia","dfm_4b","core","sa","trimestre","m3",18,0.890208531568675,0.716220694304719,-2.21746916628164,0.0405064944474196,-0.76286951985137,0.455997401971582
"pos","cheia","dfm_4b","core","sa","trimestre","vespera",18,0.768148018097325,0.618016439228001,-3.23525516824898,0.00486397801348604,0.852934628264473,0.405552955498161
"pos","cheia","dfm_4b","estendido","nsa","1","m1",18,1.61480260839909,0.808991194065668,-1.58499760073102,0.131391639237907,0.544534983841398,0.593145131791428
"pos","cheia","dfm_4b","estendido","nsa","1","m2",18,1.58016763295353,0.820401046270177,-1.03579075533601,0.314809889539003,1.15034813336555,0.265925733779151
"pos","cheia","dfm_4b","estendido","nsa","1","m3",18,1.25464884677496,1.00943255010408,0.0550568124209833,0.956735084872068,0.995072926801398,0.333654443224377
"pos","cheia","dfm_4b","estendido","nsa","1","vespera",18,1.2417724626604,0.999072805792919,-0.00686996501476293,0.994598579923853,2.80294940350613,0.0122292485760615
"pos","cheia","dfm_4b","estendido","sa","principal","m1",18,1.43906260262247,0.720948162441337,-2.72795908069423,0.0143137193721924,-0.151261470444936,0.881549917428142
"pos","cheia","dfm_4b","estendido","sa","principal","m2",18,1.36529369149078,0.70884148593243,-2.53443886429559,0.0213831619887195,0.389622842227507,0.701653363967794
"pos","cheia","dfm_4b","estendido","sa","principal","m3",18,0.954935885724323,0.768297335776773,-2.2825266764884,0.0356061325844817,-0.315642697899556,0.756115755187184
"pos","cheia","dfm_4b","estendido","sa","principal","vespera",18,0.873495671038137,0.702774298153127,-3.24844688149338,0.00472765975874017,1.46901889135438,0.160089795804425
"pos","cheia","dfm_4b","estendido","sa","trimestre","m1",18,1.43906260262247,0.720948162441337,-2.72795908069423,0.0143137193721924,-0.151261470444936,0.881549917428142
"pos","cheia","dfm_4b","estendido","sa","trimestre","m2",18,1.36365507731116,0.707990740252441,-2.53687624386296,0.0212763441445627,0.377497085067715,0.710475700222849
"pos","cheia","dfm_4b","estendido","sa","trimestre","m3",18,0.954935885724323,0.768297335776773,-2.2825266764884,0.0356061325844817,-0.315642697899556,0.756115755187184
"pos","cheia","dfm_4b","estendido","sa","trimestre","vespera",18,0.872466204844238,0.701946037171558,-3.24173818542919,0.00479650822664915,1.45450681867327,0.164020925947745
"pos","cheia","famidas","core","nsa","1","m1",18,1.9310663090831,0.967434428876663,-0.169674043833623,0.867269224078273,1.15805984956931,0.262850908949508
"pos","cheia","famidas","core","nsa","1","m2",18,1.84497523094217,0.957885466226377,-0.230004818387247,0.820832845514116,1.91833412011646,0.072022330465305
"pos","cheia","famidas","core","nsa","1","m3",18,1.1259369777666,0.90587692137518,-0.56049735983917,0.582452480006483,0.54555173194765,0.592461129904403
"pos","cheia","famidas","core","nsa","1","vespera",18,0.642848715452076,0.517206403877813,-2.31370331995767,0.0334582556326853,-0.0523986990595774,0.958821817278699
"pos","cheia","famidas","core","sa","principal","m1",18,1.5666048783684,0.784844874901967,-1.83619815788497,0.0838802561318861,0.324284291798696,0.749678781387073
"pos","cheia","famidas","core","sa","principal","m2",18,1.19493210852916,0.620392122718528,-2.3592493901234,0.0305365969435169,-0.421947743254824,0.678350930161514
"pos","cheia","famidas","core","sa","principal","m3",18,1.06034467940257,0.853104385717111,-1.67170530800505,0.11288619233774,0.329488289075451,0.745811529498994
"pos","cheia","famidas","core","sa","principal","vespera",18,0.700325703419879,0.563449735377123,-2.66726329062404,0.0162467133432432,0.257356021125565,0.799993155483148
"pos","cheia","famidas","core","sa","trimestre","m1",18,1.5666048783684,0.784844874901967,-1.83619815788497,0.0838802561318861,0.324284291798696,0.749678781387073
"pos","cheia","famidas","core","sa","trimestre","m2",18,1.23310075962158,0.640208755231383,-2.21801822625354,0.0404626474556796,-0.281861892900556,0.781451878011937
"pos","cheia","famidas","core","sa","trimestre","m3",18,1.06034467940257,0.853104385717111,-1.67170530800505,0.11288619233774,0.329488289075451,0.745811529498994
"pos","cheia","famidas","core","sa","trimestre","vespera",18,0.559767793606234,0.450363329005176,-3.0974349203565,0.00654038720636239,-0.501314245691368,0.622579426015104
"pos","cheia","famidas","estendido","nsa","1","m1",18,1.7388950920518,0.871159613910065,-0.825367195788226,0.420595098702444,0.841669803045636,0.411656842645969
"pos","cheia","famidas","estendido","nsa","1","m2",18,1.80487828557328,0.937067690158284,-0.424237010315028,0.676712940437018,1.53426010806064,0.143365790726151
"pos","cheia","famidas","estendido","nsa","1","m3",18,1.1637900347471,0.936331743802409,-0.372766708571491,0.713928967928118,0.795268550172256,0.437420792094472
"pos","cheia","famidas","estendido","nsa","1","vespera",18,0.810246164197202,0.651886664416097,-2.33294172021244,0.0321937120876763,0.905149555090562,0.378035929078042
"pos","cheia","famidas","estendido","sa","principal","m1",18,1.70553177623344,0.854445107405369,-1.36196031330196,0.190986435846985,0.899005047970752,0.381207596112029
"pos","cheia","famidas","estendido","sa","principal","m2",18,1.22198817391728,0.634439255370451,-2.86829776241581,0.010654158413981,-0.427199227464723,0.674595922740967
"pos","cheia","famidas","estendido","sa","principal","m3",18,1.36856544361949,1.10108458576931,0.64966443799793,0.524590965566119,2.61205081965797,0.0182199633803017
"pos","cheia","famidas","estendido","sa","principal","vespera",18,0.878724091440745,0.70698084387593,-1.87934887692418,0.0774509628306236,1.79571891549327,0.0903348117488856
"pos","cheia","famidas","estendido","sa","trimestre","m1",18,1.70553177623344,0.854445107405369,-1.36196031330196,0.190986435846985,0.899005047970752,0.381207596112029
"pos","cheia","famidas","estendido","sa","trimestre","m2",18,1.17064410630543,0.60778212994269,-2.65530978965955,0.0166557823059769,-0.596352832581009,0.558797693044028
"pos","cheia","famidas","estendido","sa","trimestre","m3",18,1.36856544361949,1.10108458576931,0.64966443799793,0.524590965566119,2.61205081965797,0.0182199633803017
"pos","cheia","famidas","estendido","sa","trimestre","vespera",18,0.687925949638279,0.553473465831586,-2.65369059033223,0.0167119455123209,0.231949897557101,0.819346064248527
"pos","cheia","focus","nenhum","nsa","principal","m1",18,1.47516075485119,0.7390327797953,-2.47228137028644,0.0242851536102581,NA,NA
"pos","cheia","focus","nenhum","nsa","principal","m2",18,1.31003958322935,0.680154321809424,-2.46401839853317,0.0246978434311044,NA,NA
"pos","cheia","focus","nenhum","nsa","principal","m3",18,1.00328891463269,0.807199950960048,-1.34558570864042,0.196109844204876,NA,NA
"pos","cheia","focus","nenhum","nsa","principal","vespera",18,0.653058275724946,0.525420544821054,-3.06180953801857,0.00705869776221211,NA,NA
"pos","cheia","lasso","core","nsa","1","m1",18,1.87664701386048,0.940171201536447,-0.34729956915383,0.732628752276508,1.21272731363902,0.241818055926781
"pos","cheia","lasso","core","nsa","1","m2",18,1.43663639722573,0.74588162598346,-1.4113489601713,0.17618182769381,0.532295541187794,0.601409826338541
"pos","cheia","lasso","core","nsa","1","m3",18,1.26146982723826,1.01492039614242,0.076648482031328,0.939798047425578,1.25380264984467,0.226882211918409
"pos","cheia","lasso","core","nsa","1","vespera",18,0.868008701038388,0.698359735358582,-1.39327856420278,0.181486879024368,0.931476613918842,0.36464771558437
"pos","cheia","lasso","core","sa","esperar","m1",18,1.44969792146405,0.726276293102116,-3.59705208047926,0.0022230825534685,-0.13203726482121,0.896504972323621
"pos","cheia","lasso","core","sa","esperar","m2",18,1.43678050638061,0.745956445451328,-2.10119435250846,0.050842161989127,0.746329475892093,0.465664926897495
"pos","cheia","lasso","core","sa","esperar","m3",18,1.10503031790098,0.889056387855733,-1.23397655647597,0.233999605392213,0.513832146961203,0.613983428541003
"pos","cheia","lasso","core","sa","esperar","vespera",18,1.08561016425827,0.873431828629174,-0.865832375196207,0.398637037530976,1.86861528008252,0.079008044565036
"pos","cheia","lasso","core","sa","principal","m1",18,1.57303943957318,0.788068490794875,-1.68984929171499,0.109310017063078,0.509781248878547,0.616758924725476
"pos","cheia","lasso","core","sa","principal","m2",18,1.27789559583499,0.663465610852638,-1.7599621024149,0.0963944474400762,-0.125846484790904,0.901329789995412
"pos","cheia","lasso","core","sa","principal","m3",18,0.857608225254824,0.689991992607704,-1.9944203597472,0.0623967299941269,-0.712178337318906,0.486014388510009
"pos","cheia","lasso","core","sa","principal","vespera",18,0.545387801382484,0.438793851012821,-3.02568125378335,0.00762524666204704,-0.543177264664479,0.594059131404927
"pos","cheia","lasso","core","sa","trimestre","m1",18,1.57303943957318,0.788068490794875,-1.68984929171499,0.109310017063078,0.509781248878547,0.616758924725476
"pos","cheia","lasso","core","sa","trimestre","m2",18,1.26910356476109,0.658900910664226,-1.80242485254307,0.0892362892522435,-0.16305865980242,0.872394919349808
"pos","cheia","lasso","core","sa","trimestre","m3",18,0.857608225254824,0.689991992607704,-1.9944203597472,0.0623967299941269,-0.712178337318906,0.486014388510009
"pos","cheia","lasso","core","sa","trimestre","vespera",18,0.585838059015219,0.471338261203398,-3.4490864470159,0.00306416191011496,-0.352267862058274,0.728966619351951
"pos","cheia","lasso","estendido","nsa","1","m1",18,1.79896487465892,0.90125364825571,-0.588671463614001,0.563822261912024,0.813898110890663,0.426957176075197
"pos","cheia","lasso","estendido","nsa","1","m2",18,1.42730361238178,0.741036173962474,-1.61045812648052,0.125708155661887,0.416475521004993,0.682273059079236
"pos","cheia","lasso","estendido","nsa","1","m3",18,1.37476683608964,1.10607393990727,0.834475639475111,0.415585965733871,1.49156631221762,0.154136292187779
"pos","cheia","lasso","estendido","nsa","1","vespera",18,1.10963338585763,0.892759803865508,-0.634348389516164,0.534297521701319,2.25439259495519,0.0376536656250681
"pos","cheia","lasso","estendido","sa","esperar","m1",18,1.72978585112122,0.866596024738773,-1.89601415874585,0.075087342845955,1.06480620380247,0.301854586462208
"pos","cheia","lasso","estendido","sa","esperar","m2",18,1.69121842381859,0.878057071564494,-1.32042280282729,0.204196199551793,1.50785959392091,0.149949222931184
"pos","cheia","lasso","estendido","sa","esperar","m3",18,1.23253515734636,0.991640896312269,-0.0900668453796701,0.929286760369285,1.08040903682408,0.295049911173286
"pos","cheia","lasso","estendido","sa","esperar","vespera",18,1.02612049970367,0.825569190449137,-1.71603234120104,0.104321632787721,2.38517986396368,0.028981584103378
"pos","cheia","lasso","estendido","sa","principal","m1",18,1.31191484075788,0.657249095348805,-2.96246324120839,0.00872506061637414,-0.767484820439944,0.453321898146899
"pos","cheia","lasso","estendido","sa","principal","m2",18,1.26364978247567,0.656069382793524,-2.0716538023808,0.0538268331927942,-0.193802099592412,0.848627672551298
"pos","cheia","lasso","estendido","sa","principal","m3",18,0.956868146926225,0.76985194395062,-1.69163984712436,0.108962445558789,-0.262712713281216,0.795929308705044
"pos","cheia","lasso","estendido","sa","principal","vespera",18,0.922719913260388,0.74237785135534,-1.65865757290088,0.115519600580933,1.48170090837496,0.156718266370388
"pos","cheia","lasso","estendido","sa","trimestre","m1",18,1.31191484075788,0.657249095348805,-2.96246324120839,0.00872506061637414,-0.767484820439944,0.453321898146899
"pos","cheia","lasso","estendido","sa","trimestre","m2",18,1.24232123330477,0.644995896860559,-2.23277994615173,0.0393001088292272,-0.291040781470686,0.774541129551612
"pos","cheia","lasso","estendido","sa","trimestre","m3",18,0.956868146926225,0.76985194395062,-1.69163984712436,0.108962445558789,-0.262712713281216,0.795929308705044
"pos","cheia","lasso","estendido","sa","trimestre","vespera",18,0.904616968411257,0.727813057524442,-2.22326510488417,0.0400458458127001,1.81858163192561,0.0866376232518642
"pos","cheia","mfbvar","core","sa","principal","m1",18,1.14440799173456,0.573330748238935,-3.49682696181552,0.00276298732682514,-1.67036094360508,0.113155121437842
"pos","cheia","mfbvar","core","sa","principal","m2",18,0.98216557105041,0.509926697203777,-2.67414104025138,0.0160157188119481,-1.56059694880848,0.137040743427471
"pos","cheia","mfbvar","core","sa","principal","m3",18,0.736262531244394,0.592362848274646,-2.39722290457644,0.028284896873363,-1.11773133188544,0.279229301246611
"pos","cheia","mfbvar","core","sa","principal","vespera",18,0.602339626167213,0.484614660455482,-3.07184233001257,0.00690880217796854,-0.280170176001393,0.782727640689757
"pos","cheia","mfbvar","core","sa","trimestre","m1",18,1.14440799173456,0.573330748238935,-3.49682696181552,0.00276298732682514,-1.67036094360508,0.113155121437842
"pos","cheia","mfbvar","core","sa","trimestre","m2",18,0.980538445235821,0.509081916123047,-2.67355213663642,0.0160353739220461,-1.56245287441705,0.136604005015581
"pos","cheia","mfbvar","core","sa","trimestre","m3",18,0.736262531244394,0.592362848274646,-2.39722290457644,0.028284896873363,-1.11773133188544,0.279229301246611
"pos","cheia","mfbvar","core","sa","trimestre","vespera",18,0.590891598061006,0.475404105458666,-3.08179928263132,0.0067631172959506,-0.344864198460022,0.734426299777644
"pos","cheia","rf","core","nsa","2","m1",18,2.57417055976355,1.28961973682738,1.58223396118364,0.132021430288909,2.3931867679098,0.0285166174618984
"pos","cheia","rf","core","nsa","2","m2",18,2.38467717482978,1.23809120529208,1.56310304254817,0.136451283824454,2.78760800041095,0.0126303677922995
"pos","cheia","rf","core","nsa","2","m3",18,1.99825871624508,1.60770672757712,2.28292602785776,0.0355778272857244,2.92647320349599,0.00941857851896766
"pos","cheia","rf","core","nsa","2","vespera",18,1.91887238921098,1.54383615315512,2.0132809195529,0.0601972232742755,3.53322573170392,0.00255328671366265
"pos","cheia","rf","core","nsa","3","m1",18,1.85574496030652,0.929699595177199,-0.587019644591854,0.564905850196217,1.05265520208196,0.307232203465938
"pos","cheia","rf","core","nsa","3","m2",18,1.51752013629402,0.787875337773289,-1.78535244963439,0.0920563045038082,0.696407211243618,0.495586390533963
"pos","cheia","rf","core","nsa","3","m3",18,1.2809996924846,1.0306332242612,0.20914388214726,0.836821560052706,1.0687859119992,0.300108231741516
"pos","cheia","rf","core","nsa","3","vespera",18,1.30079631211761,1.04656067064666,0.28998988642098,0.775331370041937,3.56609237008619,0.00237757284092689
"pos","cheia","rf","core","sa","esperar","m1",18,1.60428254988604,0.803720807051279,-2.77958516967713,0.0128451526761641,0.68568437746778,0.502156645725571
"pos","cheia","rf","core","sa","esperar","m2",18,1.46039879275526,0.758218731077728,-2.27483409349362,0.0361554673006395,0.702903442195054,0.491630375105917
"pos","cheia","rf","core","sa","esperar","m3",18,1.06051638164201,0.853242529413542,-1.77422390821911,0.0939362401749123,0.323446163068114,0.750302266064313
"pos","cheia","rf","core","sa","esperar","vespera",18,0.97206110661874,0.782075498043436,-2.57590064615643,0.0196335562374474,2.09428732970796,0.0515261872916991
"pos","cheia","rf","core","sa","principal","m1",18,1.59078793193255,0.796960211647933,-2.85256756037677,0.0110143434096882,0.584557683641735,0.566522913333138
"pos","cheia","rf","core","sa","principal","m2",18,1.3433811241498,0.697464785892444,-2.65743333719773,0.0165823987863684,0.164204798318608,0.871506449348091
"pos","cheia","rf","core","sa","principal","m3",18,0.986742513009942,0.793887479962266,-2.1879137013665,0.042932468297015,-0.085751886241252,0.932665517259462
"pos","cheia","rf","core","sa","principal","vespera",18,0.938200139118017,0.754832526544992,-2.42156913043691,0.0269242027554763,2.21492199118333,0.0407104818825605
"pos","cheia","rf","core","sa","trimestre","m1",18,1.59078793193255,0.796960211647933,-2.85256756037677,0.0110143434096882,0.584557683641735,0.566522913333138
"pos","cheia","rf","core","sa","trimestre","m2",18,1.37127792714915,0.711948417812864,-2.64306351182827,0.0170850703847034,0.308134250019924,0.761723711418162
"pos","cheia","rf","core","sa","trimestre","m3",18,0.986742513009942,0.793887479962266,-2.1879137013665,0.042932468297015,-0.085751886241252,0.932665517259462
"pos","cheia","rf","core","sa","trimestre","vespera",18,0.955493235907993,0.768745754008416,-2.36605476384407,0.0301210991541798,2.19040507718201,0.0427229181527077
"pos","cheia","rf","estendido","nsa","2","m1",18,3.01552617492311,1.51073209090607,2.69892692319874,0.0152090697759312,3.22928232018382,0.0049269645519413
"pos","cheia","rf","estendido","nsa","2","m2",18,2.8801685936843,1.49534345497039,2.77848023210527,0.0128750079492029,3.5350556979193,0.0025431721355195
"pos","cheia","rf","estendido","nsa","2","m3",18,2.24296852004661,1.80458894041444,2.82819852575235,0.0115956903516347,3.34423430867061,0.00384461560301958
"pos","cheia","rf","estendido","nsa","2","vespera",18,2.16917531328627,1.74521833239777,2.60422924516571,0.0185173419331828,3.95304612572732,0.00102653492156421
"pos","cheia","rf","estendido","nsa","3","m1",18,2.15294554510054,1.07859250302796,0.67092394162188,0.511282527393768,1.77556304878618,0.0937082583492175
"pos","cheia","rf","estendido","nsa","3","m2",18,1.92510768860992,0.999489123167473,-0.00487223417236808,0.996169253793988,1.6858335450449,0.110093003313433
"pos","cheia","rf","estendido","nsa","3","m3",18,1.44534583262035,1.16285854273451,1.35021203151569,0.194651314805537,1.9411145139557,0.0690096823235237
"pos","cheia","rf","estendido","nsa","3","vespera",18,1.40507866308111,1.13046143677299,0.927781428744606,0.366507142756305,4.4674747892156,0.000338508724439187
"pos","cheia","rf","estendido","sa","esperar","m1",18,1.64628985967642,0.824765821178731,-3.0473309512534,0.00728063096359344,0.911951420968204,0.374545669307773
"pos","cheia","rf","estendido","sa","esperar","m2",18,1.577477921566,0.819004585546342,-2.39680112905216,0.0283090287279349,1.30176915028791,0.210359710855243
"pos","cheia","rf","estendido","sa","esperar","m3",18,1.07981852255303,0.86877214104341,-1.95234105076848,0.0675668856163477,0.433165517206665,0.67034050318148
"pos","cheia","rf","estendido","sa","esperar","vespera",18,1.0566647538249,0.850143687455116,-2.2995284020769,0.034419420173127,2.49600318024586,0.0231362524805469
"pos","cheia","rf","estendido","sa","principal","m1",18,1.71435178871441,0.858863797585545,-3.269090291799,0.00452185291855371,1.29797775687332,0.211630230795186
"pos","cheia","rf","estendido","sa","principal","m2",18,1.52158024569647,0.789983290076749,-3.18978775949437,0.00536411704272371,1.09915929854647,0.287021646079276
"pos","cheia","rf","estendido","sa","principal","m3",18,1.0753616776603,0.865186369361514,-2.38887732228549,0.0287659937314284,0.411559930849848,0.685804230993416
"pos","cheia","rf","estendido","sa","principal","vespera",18,1.01213128019031,0.8143141101423,-2.28622898938755,0.0353445195832775,2.65428130169143,0.016691435283525
"pos","cheia","rf","estendido","sa","trimestre","m1",18,1.71435178871441,0.858863797585545,-3.269090291799,0.00452185291855371,1.29797775687332,0.211630230795186
"pos","cheia","rf","estendido","sa","trimestre","m2",18,1.55551023504042,0.807599268392724,-3.17427774497001,0.00554602537604742,1.23106542762428,0.235059050069757
"pos","cheia","rf","estendido","sa","trimestre","m3",18,1.0753616776603,0.865186369361514,-2.38887732228549,0.0287659937314284,0.411559930849848,0.685804230993416
"pos","cheia","rf","estendido","sa","trimestre","vespera",18,1.06334654664968,0.855519549544116,-2.2691834072726,0.0365639893496005,2.73834405875084,0.0140059072226938
"pos","cheia","ridge","core","nsa","1","m1",18,2.45423797887356,1.22953536408924,1.54453540318947,0.140869592955218,2.55491185260843,0.0205015197600258
"pos","cheia","ridge","core","nsa","1","m2",18,1.94645297723273,1.01057129999093,0.087915995465554,0.930970778018026,2.42624644417466,0.0266699363432647
"pos","cheia","ridge","core","nsa","1","m3",18,1.51638163962469,1.22001067418341,1.66990714295932,0.113246024630656,2.40216459379748,0.0280035926138867
"pos","cheia","ridge","core","nsa","1","vespera",18,1.49790263056514,1.20514331644716,1.48752517914504,0.155189648546807,4.22019196771876,0.000575975928816577
"pos","cheia","ridge","core","sa","esperar","m1",18,1.59918525669476,0.801167141802121,-3.88736439600032,0.00118370387672886,0.698200073766297,0.494492741199524
"pos","cheia","ridge","core","sa","esperar","m2",18,1.48686485413432,0.771959541858322,-3.06782124828235,0.00696850214027033,1.01655972477184,0.323613257523606
"pos","cheia","ridge","core","sa","esperar","m3",18,1.05811377283875,0.851309501269917,-2.46122851672173,0.0248386700626036,0.3144487782101,0.757006550654528
"pos","cheia","ridge","core","sa","esperar","vespera",18,1.0253444357554,0.824944805217881,-2.56853830585753,0.0199339616798772,2.63184615265315,0.0174875464327479
"pos","cheia","ridge","core","sa","principal","m1",18,1.61323182561937,0.808204256126647,-3.17417901014715,0.005547202566486,0.870736145080523,0.396028004576448
"pos","cheia","ridge","core","sa","principal","m2",18,1.30359615647496,0.676808984301792,-2.9953633934132,0.0081347041619221,-0.0443076871665599,0.965175435427362
"pos","cheia","ridge","core","sa","principal","m3",18,0.942665845881034,0.758425428078673,-2.71273223051062,0.0147768139795726,-0.351794492553546,0.729315251587867
"pos","cheia","ridge","core","sa","principal","vespera",18,0.885821561656792,0.712691140807129,-2.83960297906396,0.0113200275316005,1.95146227978325,0.0676788395513928
"pos","cheia","ridge","core","sa","trimestre","m1",18,1.61323182561937,0.808204256126647,-3.17417901014715,0.005547202566486,0.870736145080523,0.396028004576448
"pos","cheia","ridge","core","sa","trimestre","m2",18,1.31486407283092,0.682659129675564,-3.02638121143218,0.00761385996103348,0.0336393436311004,0.973556566694306
"pos","cheia","ridge","core","sa","trimestre","m3",18,0.942665845881034,0.758425428078673,-2.71273223051062,0.0147768139795726,-0.351794492553546,0.729315251587867
"pos","cheia","ridge","core","sa","trimestre","vespera",18,0.894427358191392,0.719614967472995,-2.86906148474823,0.010636964191893,2.04102728366437,0.0570886339740164
"pos","cheia","ridge","estendido","nsa","1","m1",18,2.03171310574989,1.01785692125489,0.132026528663393,0.89651333605187,1.66256087414925,0.1147263368257
"pos","cheia","ridge","estendido","nsa","1","m2",18,1.66032436807344,0.862017307726605,-0.972913150981758,0.344237546498104,1.29970041004434,0.211052211254138
"pos","cheia","ridge","estendido","nsa","1","m3",18,1.29929493921388,1.04535273530861,0.286210804229113,0.778175213903748,1.2908299040446,0.214041953792492
"pos","cheia","ridge","estendido","nsa","1","vespera",18,1.29522815262663,1.04208078653501,0.275826925093064,0.786005897004965,3.56832127097556,0.00236610196965877
"pos","cheia","ridge","estendido","sa","esperar","m1",18,1.51017819407617,0.756575976607335,-3.55124494606992,0.00245540931021666,0.205171196486679,0.83987497991048
"pos","cheia","ridge","estendido","sa","esperar","m2",18,1.49712644569161,0.777287217400101,-2.55669132903783,0.0204265406995635,1.07474510370973,0.297506999096701
"pos","cheia","ridge","estendido","sa","esperar","m3",18,1.05414235018397,0.848114277914583,-2.0924251798089,0.0517120325762172,0.301350341631854,0.766802289248191
"pos","cheia","ridge","estendido","sa","esperar","vespera",18,1.03633315854377,0.833785824356552,-2.06633507753884,0.0543808539134904,2.75865491024558,0.0134221749545535
"pos","cheia","ridge","estendido","sa","principal","m1",18,1.73427009385806,0.868842561168236,-2.31828456347776,0.0331529979545459,1.47591254488573,0.158249765661352
"pos","cheia","ridge","estendido","sa","principal","m2",18,1.32185381256746,0.686288105281337,-2.66175980504556,0.016433844081588,0.0728527154003381,0.942773628378957
"pos","cheia","ridge","estendido","sa","principal","m3",18,0.965125746083714,0.776495627078937,-2.29435076350079,0.0347768639005139,-0.229021824177985,0.821584494943132
"pos","cheia","ridge","estendido","sa","principal","vespera",18,0.880050912383602,0.708048342763226,-2.67815422502155,0.0158823883224924,1.67329812140492,0.112568273587656
"pos","cheia","ridge","estendido","sa","trimestre","m1",18,1.73427009385806,0.868842561168236,-2.31828456347776,0.0331529979545459,1.47591254488573,0.158249765661352
"pos","cheia","ridge","estendido","sa","trimestre","m2",18,1.33304984202349,0.692100927977008,-2.69686417938954,0.0152746878759356,0.145159743405661,0.886291920853544
"pos","cheia","ridge","estendido","sa","trimestre","m3",18,0.965125746083714,0.776495627078937,-2.29435076350079,0.0347768639005139,-0.229021824177985,0.821584494943132
"pos","cheia","ridge","estendido","sa","trimestre","vespera",18,0.893436009292633,0.71881737390768,-2.74940241983226,0.0136851301645853,1.9213328818502,0.0716191530463111
"pos","cheia","sarima","core","nsa","1","m1",18,2.27878679243453,1.14163702649722,1.36893918860459,0.188835707086781,2.58948923884354,0.0190903714923824
"pos","cheia","sarima","core","nsa","1","m2",18,2.1466530858883,1.11451241052832,1.06345817075914,0.302447791944399,2.54208774892957,0.0210496457420139
"pos","cheia","sarima","core","nsa","1","m3",18,1.62155315503673,1.30462682098304,2.3875127937783,0.0288453806472877,2.41489178961575,0.0272911447420254
"pos","cheia","sarima","core","nsa","1","vespera",18,1.62155315503673,1.30462682098304,2.3875127937783,0.0288453806472877,3.892514940419,0.00117054987643428
"pos","cheia","sarima","core","sa","principal","m1",18,1.99606945074857,1,NA,NA,2.47228137028644,0.0242851536102581
"pos","cheia","sarima","core","sa","principal","m2",18,1.92609168422872,1,NA,NA,2.46401839853317,0.0246978434311044
"pos","cheia","sarima","core","sa","principal","m3",18,1.24292489542327,1,NA,NA,1.34558570864042,0.196109844204876
"pos","cheia","sarima","core","sa","principal","vespera",18,1.24292489542327,1,NA,NA,3.06180953801857,0.00705869776221211
"pos","sem_covid","combo_igual","core","sa","principal","m1",18,1.3721600336461,0.687431007539095,-3.23691045995014,0.00484666285043246,-0.581141933925018,0.56877044541116
"pos","sem_covid","combo_igual","core","sa","principal","m2",18,1.1028488955332,0.57258379991128,-2.69202445133683,0.0154297114823069,-1.03884039346527,0.313429760855474
"pos","sem_covid","combo_igual","core","sa","principal","m3",18,0.854751823939572,0.687693863955064,-2.55272906643805,0.0205938493267031,-0.802755620839353,0.433196326294072
"pos","sem_covid","combo_igual","core","sa","principal","vespera",18,0.672170839291279,0.540797631269889,-3.27769913864251,0.00443865771159197,0.121371686922606,0.904819735660527
"pos","sem_covid","combo_igual","estendido","sa","principal","m1",18,1.47734169461698,0.740125396971004,-3.43232019870071,0.003177482894375,0.0118817227659066,0.990658305913977
"pos","sem_covid","combo_igual","estendido","sa","principal","m2",18,1.27776089268498,0.663395674851608,-2.85409662020457,0.0109788211412431,-0.195228627304331,0.847528293240144
"pos","sem_covid","combo_igual","estendido","sa","principal","m3",18,0.999395037666296,0.804067117286245,-1.9566477131776,0.0670206206478456,-0.0262767012592051,0.97934263251769
"pos","sem_covid","combo_igual","estendido","sa","principal","vespera",18,0.859026635440685,0.69113317997235,-2.64475040952764,0.0170253153803867,1.72506772992035,0.102646517495999
"pos","sem_covid","combo_peneira","core","sa","principal","m1",18,1.33767543167696,0.670154753971761,-3.5119748657374,0.00267371458862568,-0.790550701948071,0.440095998793353
"pos","sem_covid","combo_peneira","core","sa","principal","m2",18,1.09900429275289,0.570587735647161,-3.08335410288117,0.00674064079488419,-1.48728535485672,0.155252347620729
"pos","sem_covid","combo_peneira","core","sa","principal","m3",18,0.86499524433902,0.695935247193236,-2.60771961947906,0.0183840699147529,-0.888616715566345,0.386610222921512
"pos","sem_covid","combo_peneira","core","sa","principal","vespera",18,0.660423729767647,0.531346449169597,-3.46185054098199,0.00298058651620607,0.0658150643236203,0.948292861246108
"pos","sem_covid","combo_peneira","estendido","sa","principal","m1",18,1.43143771580528,0.717128211780635,-3.62397395907376,0.00209689698931853,-0.231033362392697,0.820046558329899
"pos","sem_covid","combo_peneira","estendido","sa","principal","m2",18,1.20532156983658,0.62578618645521,-3.33179396566895,0.00394937680195353,-0.743674310390788,0.467228345187654
"pos","sem_covid","combo_peneira","estendido","sa","principal","m3",18,0.915817350076054,0.736824367625349,-2.6236811391449,0.0177861786585977,-0.680157121378858,0.505562925780927
"pos","sem_covid","combo_peneira","estendido","sa","principal","vespera",18,0.753119346816231,0.605925064007798,-3.19316496200102,0.00532529160754795,1.05009532485865,0.308373886519941
"pos","sem_covid","combo_rmse","core","sa","aa","m1",18,1.34657610418814,0.674613853582674,-3.26694038872983,0.0045428680691194,-0.734786755993759,0.472484559498746
"pos","sem_covid","combo_rmse","core","sa","aa","m2",18,1.08275861475318,0.562153205695792,-2.6950901987748,0.0153313370198238,-1.14717063310962,0.267200495058652
"pos","sem_covid","combo_rmse","core","sa","aa","m3",18,0.84974354302603,0.683664432303977,-2.56333182396244,0.0201490329746441,-0.837211878425336,0.414088718839754
"pos","sem_covid","combo_rmse","core","sa","aa","vespera",18,0.668399541876565,0.537763419445345,-3.30546561462604,0.00418047541892338,0.0974863977878947,0.923480288880398
"pos","sem_covid","combo_rmse","estendido","sa","aa","m1",18,1.45353604012425,0.728199131337411,-3.44971620410116,0.0030599844686348,-0.116947006666755,0.90827256649426
"pos","sem_covid","combo_rmse","estendido","sa","aa","m2",18,1.28203785084317,0.665616212011499,-2.82148064145753,0.011761094022052,-0.174065659500464,0.863869879198568
"pos","sem_covid","combo_rmse","estendido","sa","aa","m3",18,0.955436251182653,0.768699906728705,-2.31557654895315,0.0333331234256357,-0.299644031073331,0.768081401090311
"pos","sem_covid","combo_rmse","estendido","sa","aa","vespera",18,0.858374525498684,0.69060852241307,-2.84464057074824,0.0112002874359532,1.65962329066682,0.115322902518567
"pos","sem_covid","dfm_4a","core","sa","principal","m1",18,1.27690455601332,0.639709482821078,-3.26601093313331,0.00455198320063967,-1.06068355825471,0.303671426857881
"pos","sem_covid","dfm_4a","core","sa","principal","m2",18,1.11200261251681,0.577336282390993,-2.68511733932234,0.0156535692848905,-1.14762834716943,0.267016585746685
"pos","sem_covid","dfm_4a","core","sa","principal","m3",18,0.809094940644841,0.65096044308398,-2.67317867716294,0.0160478503767121,-1.00056105277322,0.331069112715832
"pos","sem_covid","dfm_4a","core","sa","principal","vespera",18,0.716566332475698,0.57651619588139,-3.25032393986913,0.00470857114324687,0.496364380474793,0.625994115283852
"pos","sem_covid","dfm_4a","core","sa","trimestre","m1",18,1.27690455601332,0.639709482821078,-3.26601093313331,0.00455198320063967,-1.06068355825471,0.303671426857881
"pos","sem_covid","dfm_4a","core","sa","trimestre","m2",18,1.11170323744485,0.577180851019574,-2.68413024014577,0.0156858138391641,-1.14769628336167,0.266989297103113
"pos","sem_covid","dfm_4a","core","sa","trimestre","m3",18,0.809094940644841,0.65096044308398,-2.67317867716294,0.0160478503767121,-1.00056105277322,0.331069112715832
"pos","sem_covid","dfm_4a","core","sa","trimestre","vespera",18,0.715212292543882,0.57542679785195,-3.25049805625571,0.00470680432988602,0.483019727802942,0.635243493935467
"pos","sem_covid","dfm_4a","estendido","sa","principal","m1",18,1.35810483226806,0.680389568488582,-3.3555434371545,0.00375176589988861,-0.567231562246846,0.577971054496666
"pos","sem_covid","dfm_4a","estendido","sa","principal","m2",18,1.27674783245922,0.662869708079592,-2.80947592913696,0.0120623543385028,-0.201029790132955,0.843060878047311
"pos","sem_covid","dfm_4a","estendido","sa","principal","m3",18,0.907290511770602,0.729964067106107,-2.61586833219004,0.0180764786613781,-0.530350855274418,0.602728179969684
"pos","sem_covid","dfm_4a","estendido","sa","principal","vespera",18,0.854917190508123,0.687826910263139,-2.96903064614812,0.00860397981854746,1.5531412563443,0.138807068396349
"pos","sem_covid","dfm_4a","estendido","sa","trimestre","m1",18,1.35810483226806,0.680389568488582,-3.3555434371545,0.00375176589988861,-0.567231562246846,0.577971054496666
"pos","sem_covid","dfm_4a","estendido","sa","trimestre","m2",18,1.27618565393355,0.662577832812036,-2.81040847906765,0.0120386875891882,-0.204433834909091,0.840442009354684
"pos","sem_covid","dfm_4a","estendido","sa","trimestre","m3",18,0.907290511770602,0.729964067106107,-2.61586833219004,0.0180764786613781,-0.530350855274418,0.602728179969684
"pos","sem_covid","dfm_4a","estendido","sa","trimestre","vespera",18,0.854003351977277,0.687091677962128,-2.97913017290274,0.0084209618567473,1.52945337219074,0.144546136623022
"pos","sem_covid","dfm_4b","core","nsa","1","m1",18,2.46013323873659,1.23248879833013,1.36230140019759,0.190880865845633,2.31023942049018,0.0336907985047017
"pos","sem_covid","dfm_4b","core","nsa","1","m2",18,2.13041225906932,1.10608039924248,0.709296852371937,0.487755079020732,2.61665591790456,0.0180470108729669
"pos","sem_covid","dfm_4b","core","nsa","1","m3",18,1.80773462461347,1.45441983765066,2.39629769338103,0.0283378580477732,2.71128036199705,0.0148217128141857
"pos","sem_covid","dfm_4b","core","nsa","1","vespera",18,1.85661178258834,1.49374414288812,2.69514892620136,0.0153294584385863,3.82122147930328,0.00136642307013489
"pos","sem_covid","dfm_4b","core","sa","principal","m1",18,1.32363923613402,0.663122836551419,-2.85348911740918,0.0109929210253677,-0.843676932837096,0.410564939764862
"pos","sem_covid","dfm_4b","core","sa","principal","m2",18,1.1552659809561,0.599798021255001,-2.47530770493622,0.0241356395778512,-0.833684772974945,0.416019369866569
"pos","sem_covid","dfm_4b","core","sa","principal","m3",18,0.890208531568675,0.716220694304719,-2.21746916628164,0.0405064944474196,-0.76286951985137,0.455997401971582
"pos","sem_covid","dfm_4b","core","sa","principal","vespera",18,0.765508707704896,0.615892971911394,-3.26403876840384,0.00457138386156632,0.847957812858793,0.408242362803137
"pos","sem_covid","dfm_4b","core","sa","trimestre","m1",18,1.32363923613402,0.663122836551419,-2.85348911740918,0.0109929210253677,-0.843676932837096,0.410564939764862
"pos","sem_covid","dfm_4b","core","sa","trimestre","m2",18,1.14949647346176,0.59680257324929,-2.48637919950437,0.0235960318664158,-0.86038584740393,0.401548038426662
"pos","sem_covid","dfm_4b","core","sa","trimestre","m3",18,0.890208531568675,0.716220694304719,-2.21746916628164,0.0405064944474196,-0.76286951985137,0.455997401971582
"pos","sem_covid","dfm_4b","core","sa","trimestre","vespera",18,0.768148018097325,0.618016439228001,-3.23525516824898,0.00486397801348604,0.852934628264473,0.405552955498161
"pos","sem_covid","dfm_4b","estendido","nsa","1","m1",18,1.61480260839909,0.808991194065668,-1.58499760073102,0.131391639237907,0.544534983841398,0.593145131791428
"pos","sem_covid","dfm_4b","estendido","nsa","1","m2",18,1.58016763295353,0.820401046270177,-1.03579075533601,0.314809889539003,1.15034813336555,0.265925733779151
"pos","sem_covid","dfm_4b","estendido","nsa","1","m3",18,1.25464884677496,1.00943255010408,0.0550568124209833,0.956735084872068,0.995072926801398,0.333654443224377
"pos","sem_covid","dfm_4b","estendido","nsa","1","vespera",18,1.2417724626604,0.999072805792919,-0.00686996501476293,0.994598579923853,2.80294940350613,0.0122292485760615
"pos","sem_covid","dfm_4b","estendido","sa","principal","m1",18,1.43906260262247,0.720948162441337,-2.72795908069423,0.0143137193721924,-0.151261470444936,0.881549917428142
"pos","sem_covid","dfm_4b","estendido","sa","principal","m2",18,1.36529369149078,0.70884148593243,-2.53443886429559,0.0213831619887195,0.389622842227507,0.701653363967794
"pos","sem_covid","dfm_4b","estendido","sa","principal","m3",18,0.954935885724323,0.768297335776773,-2.2825266764884,0.0356061325844817,-0.315642697899556,0.756115755187184
"pos","sem_covid","dfm_4b","estendido","sa","principal","vespera",18,0.873495671038137,0.702774298153127,-3.24844688149338,0.00472765975874017,1.46901889135438,0.160089795804425
"pos","sem_covid","dfm_4b","estendido","sa","trimestre","m1",18,1.43906260262247,0.720948162441337,-2.72795908069423,0.0143137193721924,-0.151261470444936,0.881549917428142
"pos","sem_covid","dfm_4b","estendido","sa","trimestre","m2",18,1.36365507731116,0.707990740252441,-2.53687624386296,0.0212763441445627,0.377497085067715,0.710475700222849
"pos","sem_covid","dfm_4b","estendido","sa","trimestre","m3",18,0.954935885724323,0.768297335776773,-2.2825266764884,0.0356061325844817,-0.315642697899556,0.756115755187184
"pos","sem_covid","dfm_4b","estendido","sa","trimestre","vespera",18,0.872466204844238,0.701946037171558,-3.24173818542919,0.00479650822664915,1.45450681867327,0.164020925947745
"pos","sem_covid","famidas","core","nsa","1","m1",18,1.9310663090831,0.967434428876663,-0.169674043833623,0.867269224078273,1.15805984956931,0.262850908949508
"pos","sem_covid","famidas","core","nsa","1","m2",18,1.84497523094217,0.957885466226377,-0.230004818387247,0.820832845514116,1.91833412011646,0.072022330465305
"pos","sem_covid","famidas","core","nsa","1","m3",18,1.1259369777666,0.90587692137518,-0.56049735983917,0.582452480006483,0.54555173194765,0.592461129904403
"pos","sem_covid","famidas","core","nsa","1","vespera",18,0.642848715452076,0.517206403877813,-2.31370331995767,0.0334582556326853,-0.0523986990595774,0.958821817278699
"pos","sem_covid","famidas","core","sa","principal","m1",18,1.5666048783684,0.784844874901967,-1.83619815788497,0.0838802561318861,0.324284291798696,0.749678781387073
"pos","sem_covid","famidas","core","sa","principal","m2",18,1.19493210852916,0.620392122718528,-2.3592493901234,0.0305365969435169,-0.421947743254824,0.678350930161514
"pos","sem_covid","famidas","core","sa","principal","m3",18,1.06034467940257,0.853104385717111,-1.67170530800505,0.11288619233774,0.329488289075451,0.745811529498994
"pos","sem_covid","famidas","core","sa","principal","vespera",18,0.700325703419879,0.563449735377123,-2.66726329062404,0.0162467133432432,0.257356021125565,0.799993155483148
"pos","sem_covid","famidas","core","sa","trimestre","m1",18,1.5666048783684,0.784844874901967,-1.83619815788497,0.0838802561318861,0.324284291798696,0.749678781387073
"pos","sem_covid","famidas","core","sa","trimestre","m2",18,1.23310075962158,0.640208755231383,-2.21801822625354,0.0404626474556796,-0.281861892900556,0.781451878011937
"pos","sem_covid","famidas","core","sa","trimestre","m3",18,1.06034467940257,0.853104385717111,-1.67170530800505,0.11288619233774,0.329488289075451,0.745811529498994
"pos","sem_covid","famidas","core","sa","trimestre","vespera",18,0.559767793606234,0.450363329005176,-3.0974349203565,0.00654038720636239,-0.501314245691368,0.622579426015104
"pos","sem_covid","famidas","estendido","nsa","1","m1",18,1.7388950920518,0.871159613910065,-0.825367195788226,0.420595098702444,0.841669803045636,0.411656842645969
"pos","sem_covid","famidas","estendido","nsa","1","m2",18,1.80487828557328,0.937067690158284,-0.424237010315028,0.676712940437018,1.53426010806064,0.143365790726151
"pos","sem_covid","famidas","estendido","nsa","1","m3",18,1.1637900347471,0.936331743802409,-0.372766708571491,0.713928967928118,0.795268550172256,0.437420792094472
"pos","sem_covid","famidas","estendido","nsa","1","vespera",18,0.810246164197202,0.651886664416097,-2.33294172021244,0.0321937120876763,0.905149555090562,0.378035929078042
"pos","sem_covid","famidas","estendido","sa","principal","m1",18,1.70553177623344,0.854445107405369,-1.36196031330196,0.190986435846985,0.899005047970752,0.381207596112029
"pos","sem_covid","famidas","estendido","sa","principal","m2",18,1.22198817391728,0.634439255370451,-2.86829776241581,0.010654158413981,-0.427199227464723,0.674595922740967
"pos","sem_covid","famidas","estendido","sa","principal","m3",18,1.36856544361949,1.10108458576931,0.64966443799793,0.524590965566119,2.61205081965797,0.0182199633803017
"pos","sem_covid","famidas","estendido","sa","principal","vespera",18,0.878724091440745,0.70698084387593,-1.87934887692418,0.0774509628306236,1.79571891549327,0.0903348117488856
"pos","sem_covid","famidas","estendido","sa","trimestre","m1",18,1.70553177623344,0.854445107405369,-1.36196031330196,0.190986435846985,0.899005047970752,0.381207596112029
"pos","sem_covid","famidas","estendido","sa","trimestre","m2",18,1.17064410630543,0.60778212994269,-2.65530978965955,0.0166557823059769,-0.596352832581009,0.558797693044028
"pos","sem_covid","famidas","estendido","sa","trimestre","m3",18,1.36856544361949,1.10108458576931,0.64966443799793,0.524590965566119,2.61205081965797,0.0182199633803017
"pos","sem_covid","famidas","estendido","sa","trimestre","vespera",18,0.687925949638279,0.553473465831586,-2.65369059033223,0.0167119455123209,0.231949897557101,0.819346064248527
"pos","sem_covid","focus","nenhum","nsa","principal","m1",18,1.47516075485119,0.7390327797953,-2.47228137028644,0.0242851536102581,NA,NA
"pos","sem_covid","focus","nenhum","nsa","principal","m2",18,1.31003958322935,0.680154321809424,-2.46401839853317,0.0246978434311044,NA,NA
"pos","sem_covid","focus","nenhum","nsa","principal","m3",18,1.00328891463269,0.807199950960048,-1.34558570864042,0.196109844204876,NA,NA
"pos","sem_covid","focus","nenhum","nsa","principal","vespera",18,0.653058275724946,0.525420544821054,-3.06180953801857,0.00705869776221211,NA,NA
"pos","sem_covid","lasso","core","nsa","1","m1",18,1.87664701386048,0.940171201536447,-0.34729956915383,0.732628752276508,1.21272731363902,0.241818055926781
"pos","sem_covid","lasso","core","nsa","1","m2",18,1.43663639722573,0.74588162598346,-1.4113489601713,0.17618182769381,0.532295541187794,0.601409826338541
"pos","sem_covid","lasso","core","nsa","1","m3",18,1.26146982723826,1.01492039614242,0.076648482031328,0.939798047425578,1.25380264984467,0.226882211918409
"pos","sem_covid","lasso","core","nsa","1","vespera",18,0.868008701038388,0.698359735358582,-1.39327856420278,0.181486879024368,0.931476613918842,0.36464771558437
"pos","sem_covid","lasso","core","sa","esperar","m1",18,1.44969792146405,0.726276293102116,-3.59705208047926,0.0022230825534685,-0.13203726482121,0.896504972323621
"pos","sem_covid","lasso","core","sa","esperar","m2",18,1.43678050638061,0.745956445451328,-2.10119435250846,0.050842161989127,0.746329475892093,0.465664926897495
"pos","sem_covid","lasso","core","sa","esperar","m3",18,1.10503031790098,0.889056387855733,-1.23397655647597,0.233999605392213,0.513832146961203,0.613983428541003
"pos","sem_covid","lasso","core","sa","esperar","vespera",18,1.08561016425827,0.873431828629174,-0.865832375196207,0.398637037530976,1.86861528008252,0.079008044565036
"pos","sem_covid","lasso","core","sa","principal","m1",18,1.57303943957318,0.788068490794875,-1.68984929171499,0.109310017063078,0.509781248878547,0.616758924725476
"pos","sem_covid","lasso","core","sa","principal","m2",18,1.27789559583499,0.663465610852638,-1.7599621024149,0.0963944474400762,-0.125846484790904,0.901329789995412
"pos","sem_covid","lasso","core","sa","principal","m3",18,0.857608225254824,0.689991992607704,-1.9944203597472,0.0623967299941269,-0.712178337318906,0.486014388510009
"pos","sem_covid","lasso","core","sa","principal","vespera",18,0.545387801382484,0.438793851012821,-3.02568125378335,0.00762524666204704,-0.543177264664479,0.594059131404927
"pos","sem_covid","lasso","core","sa","trimestre","m1",18,1.57303943957318,0.788068490794875,-1.68984929171499,0.109310017063078,0.509781248878547,0.616758924725476
"pos","sem_covid","lasso","core","sa","trimestre","m2",18,1.26910356476109,0.658900910664226,-1.80242485254307,0.0892362892522435,-0.16305865980242,0.872394919349808
"pos","sem_covid","lasso","core","sa","trimestre","m3",18,0.857608225254824,0.689991992607704,-1.9944203597472,0.0623967299941269,-0.712178337318906,0.486014388510009
"pos","sem_covid","lasso","core","sa","trimestre","vespera",18,0.585838059015219,0.471338261203398,-3.4490864470159,0.00306416191011496,-0.352267862058274,0.728966619351951
"pos","sem_covid","lasso","estendido","nsa","1","m1",18,1.79896487465892,0.90125364825571,-0.588671463614001,0.563822261912024,0.813898110890663,0.426957176075197
"pos","sem_covid","lasso","estendido","nsa","1","m2",18,1.42730361238178,0.741036173962474,-1.61045812648052,0.125708155661887,0.416475521004993,0.682273059079236
"pos","sem_covid","lasso","estendido","nsa","1","m3",18,1.37476683608964,1.10607393990727,0.834475639475111,0.415585965733871,1.49156631221762,0.154136292187779
"pos","sem_covid","lasso","estendido","nsa","1","vespera",18,1.10963338585763,0.892759803865508,-0.634348389516164,0.534297521701319,2.25439259495519,0.0376536656250681
"pos","sem_covid","lasso","estendido","sa","esperar","m1",18,1.72978585112122,0.866596024738773,-1.89601415874585,0.075087342845955,1.06480620380247,0.301854586462208
"pos","sem_covid","lasso","estendido","sa","esperar","m2",18,1.69121842381859,0.878057071564494,-1.32042280282729,0.204196199551793,1.50785959392091,0.149949222931184
"pos","sem_covid","lasso","estendido","sa","esperar","m3",18,1.23253515734636,0.991640896312269,-0.0900668453796701,0.929286760369285,1.08040903682408,0.295049911173286
"pos","sem_covid","lasso","estendido","sa","esperar","vespera",18,1.02612049970367,0.825569190449137,-1.71603234120104,0.104321632787721,2.38517986396368,0.028981584103378
"pos","sem_covid","lasso","estendido","sa","principal","m1",18,1.31191484075788,0.657249095348805,-2.96246324120839,0.00872506061637414,-0.767484820439944,0.453321898146899
"pos","sem_covid","lasso","estendido","sa","principal","m2",18,1.26364978247567,0.656069382793524,-2.0716538023808,0.0538268331927942,-0.193802099592412,0.848627672551298
"pos","sem_covid","lasso","estendido","sa","principal","m3",18,0.956868146926225,0.76985194395062,-1.69163984712436,0.108962445558789,-0.262712713281216,0.795929308705044
"pos","sem_covid","lasso","estendido","sa","principal","vespera",18,0.922719913260388,0.74237785135534,-1.65865757290088,0.115519600580933,1.48170090837496,0.156718266370388
"pos","sem_covid","lasso","estendido","sa","trimestre","m1",18,1.31191484075788,0.657249095348805,-2.96246324120839,0.00872506061637414,-0.767484820439944,0.453321898146899
"pos","sem_covid","lasso","estendido","sa","trimestre","m2",18,1.24232123330477,0.644995896860559,-2.23277994615173,0.0393001088292272,-0.291040781470686,0.774541129551612
"pos","sem_covid","lasso","estendido","sa","trimestre","m3",18,0.956868146926225,0.76985194395062,-1.69163984712436,0.108962445558789,-0.262712713281216,0.795929308705044
"pos","sem_covid","lasso","estendido","sa","trimestre","vespera",18,0.904616968411257,0.727813057524442,-2.22326510488417,0.0400458458127001,1.81858163192561,0.0866376232518642
"pos","sem_covid","mfbvar","core","sa","principal","m1",18,1.14440799173456,0.573330748238935,-3.49682696181552,0.00276298732682514,-1.67036094360508,0.113155121437842
"pos","sem_covid","mfbvar","core","sa","principal","m2",18,0.98216557105041,0.509926697203777,-2.67414104025138,0.0160157188119481,-1.56059694880848,0.137040743427471
"pos","sem_covid","mfbvar","core","sa","principal","m3",18,0.736262531244394,0.592362848274646,-2.39722290457644,0.028284896873363,-1.11773133188544,0.279229301246611
"pos","sem_covid","mfbvar","core","sa","principal","vespera",18,0.602339626167213,0.484614660455482,-3.07184233001257,0.00690880217796854,-0.280170176001393,0.782727640689757
"pos","sem_covid","mfbvar","core","sa","trimestre","m1",18,1.14440799173456,0.573330748238935,-3.49682696181552,0.00276298732682514,-1.67036094360508,0.113155121437842
"pos","sem_covid","mfbvar","core","sa","trimestre","m2",18,0.980538445235821,0.509081916123047,-2.67355213663642,0.0160353739220461,-1.56245287441705,0.136604005015581
"pos","sem_covid","mfbvar","core","sa","trimestre","m3",18,0.736262531244394,0.592362848274646,-2.39722290457644,0.028284896873363,-1.11773133188544,0.279229301246611
"pos","sem_covid","mfbvar","core","sa","trimestre","vespera",18,0.590891598061006,0.475404105458666,-3.08179928263132,0.0067631172959506,-0.344864198460022,0.734426299777644
"pos","sem_covid","rf","core","nsa","2","m1",18,2.57417055976355,1.28961973682738,1.58223396118364,0.132021430288909,2.3931867679098,0.0285166174618984
"pos","sem_covid","rf","core","nsa","2","m2",18,2.38467717482978,1.23809120529208,1.56310304254817,0.136451283824454,2.78760800041095,0.0126303677922995
"pos","sem_covid","rf","core","nsa","2","m3",18,1.99825871624508,1.60770672757712,2.28292602785776,0.0355778272857244,2.92647320349599,0.00941857851896766
"pos","sem_covid","rf","core","nsa","2","vespera",18,1.91887238921098,1.54383615315512,2.0132809195529,0.0601972232742755,3.53322573170392,0.00255328671366265
"pos","sem_covid","rf","core","nsa","3","m1",18,1.85574496030652,0.929699595177199,-0.587019644591854,0.564905850196217,1.05265520208196,0.307232203465938
"pos","sem_covid","rf","core","nsa","3","m2",18,1.51752013629402,0.787875337773289,-1.78535244963439,0.0920563045038082,0.696407211243618,0.495586390533963
"pos","sem_covid","rf","core","nsa","3","m3",18,1.2809996924846,1.0306332242612,0.20914388214726,0.836821560052706,1.0687859119992,0.300108231741516
"pos","sem_covid","rf","core","nsa","3","vespera",18,1.30079631211761,1.04656067064666,0.28998988642098,0.775331370041937,3.56609237008619,0.00237757284092689
"pos","sem_covid","rf","core","sa","esperar","m1",18,1.60428254988604,0.803720807051279,-2.77958516967713,0.0128451526761641,0.68568437746778,0.502156645725571
"pos","sem_covid","rf","core","sa","esperar","m2",18,1.46039879275526,0.758218731077728,-2.27483409349362,0.0361554673006395,0.702903442195054,0.491630375105917
"pos","sem_covid","rf","core","sa","esperar","m3",18,1.06051638164201,0.853242529413542,-1.77422390821911,0.0939362401749123,0.323446163068114,0.750302266064313
"pos","sem_covid","rf","core","sa","esperar","vespera",18,0.97206110661874,0.782075498043436,-2.57590064615643,0.0196335562374474,2.09428732970796,0.0515261872916991
"pos","sem_covid","rf","core","sa","principal","m1",18,1.59078793193255,0.796960211647933,-2.85256756037677,0.0110143434096882,0.584557683641735,0.566522913333138
"pos","sem_covid","rf","core","sa","principal","m2",18,1.3433811241498,0.697464785892444,-2.65743333719773,0.0165823987863684,0.164204798318608,0.871506449348091
"pos","sem_covid","rf","core","sa","principal","m3",18,0.986742513009942,0.793887479962266,-2.1879137013665,0.042932468297015,-0.085751886241252,0.932665517259462
"pos","sem_covid","rf","core","sa","principal","vespera",18,0.938200139118017,0.754832526544992,-2.42156913043691,0.0269242027554763,2.21492199118333,0.0407104818825605
"pos","sem_covid","rf","core","sa","trimestre","m1",18,1.59078793193255,0.796960211647933,-2.85256756037677,0.0110143434096882,0.584557683641735,0.566522913333138
"pos","sem_covid","rf","core","sa","trimestre","m2",18,1.37127792714915,0.711948417812864,-2.64306351182827,0.0170850703847034,0.308134250019924,0.761723711418162
"pos","sem_covid","rf","core","sa","trimestre","m3",18,0.986742513009942,0.793887479962266,-2.1879137013665,0.042932468297015,-0.085751886241252,0.932665517259462
"pos","sem_covid","rf","core","sa","trimestre","vespera",18,0.955493235907993,0.768745754008416,-2.36605476384407,0.0301210991541798,2.19040507718201,0.0427229181527077
"pos","sem_covid","rf","estendido","nsa","2","m1",18,3.01552617492311,1.51073209090607,2.69892692319874,0.0152090697759312,3.22928232018382,0.0049269645519413
"pos","sem_covid","rf","estendido","nsa","2","m2",18,2.8801685936843,1.49534345497039,2.77848023210527,0.0128750079492029,3.5350556979193,0.0025431721355195
"pos","sem_covid","rf","estendido","nsa","2","m3",18,2.24296852004661,1.80458894041444,2.82819852575235,0.0115956903516347,3.34423430867061,0.00384461560301958
"pos","sem_covid","rf","estendido","nsa","2","vespera",18,2.16917531328627,1.74521833239777,2.60422924516571,0.0185173419331828,3.95304612572732,0.00102653492156421
"pos","sem_covid","rf","estendido","nsa","3","m1",18,2.15294554510054,1.07859250302796,0.67092394162188,0.511282527393768,1.77556304878618,0.0937082583492175
"pos","sem_covid","rf","estendido","nsa","3","m2",18,1.92510768860992,0.999489123167473,-0.00487223417236808,0.996169253793988,1.6858335450449,0.110093003313433
"pos","sem_covid","rf","estendido","nsa","3","m3",18,1.44534583262035,1.16285854273451,1.35021203151569,0.194651314805537,1.9411145139557,0.0690096823235237
"pos","sem_covid","rf","estendido","nsa","3","vespera",18,1.40507866308111,1.13046143677299,0.927781428744606,0.366507142756305,4.4674747892156,0.000338508724439187
"pos","sem_covid","rf","estendido","sa","esperar","m1",18,1.64628985967642,0.824765821178731,-3.0473309512534,0.00728063096359344,0.911951420968204,0.374545669307773
"pos","sem_covid","rf","estendido","sa","esperar","m2",18,1.577477921566,0.819004585546342,-2.39680112905216,0.0283090287279349,1.30176915028791,0.210359710855243
"pos","sem_covid","rf","estendido","sa","esperar","m3",18,1.07981852255303,0.86877214104341,-1.95234105076848,0.0675668856163477,0.433165517206665,0.67034050318148
"pos","sem_covid","rf","estendido","sa","esperar","vespera",18,1.0566647538249,0.850143687455116,-2.2995284020769,0.034419420173127,2.49600318024586,0.0231362524805469
"pos","sem_covid","rf","estendido","sa","principal","m1",18,1.71435178871441,0.858863797585545,-3.269090291799,0.00452185291855371,1.29797775687332,0.211630230795186
"pos","sem_covid","rf","estendido","sa","principal","m2",18,1.52158024569647,0.789983290076749,-3.18978775949437,0.00536411704272371,1.09915929854647,0.287021646079276
"pos","sem_covid","rf","estendido","sa","principal","m3",18,1.0753616776603,0.865186369361514,-2.38887732228549,0.0287659937314284,0.411559930849848,0.685804230993416
"pos","sem_covid","rf","estendido","sa","principal","vespera",18,1.01213128019031,0.8143141101423,-2.28622898938755,0.0353445195832775,2.65428130169143,0.016691435283525
"pos","sem_covid","rf","estendido","sa","trimestre","m1",18,1.71435178871441,0.858863797585545,-3.269090291799,0.00452185291855371,1.29797775687332,0.211630230795186
"pos","sem_covid","rf","estendido","sa","trimestre","m2",18,1.55551023504042,0.807599268392724,-3.17427774497001,0.00554602537604742,1.23106542762428,0.235059050069757
"pos","sem_covid","rf","estendido","sa","trimestre","m3",18,1.0753616776603,0.865186369361514,-2.38887732228549,0.0287659937314284,0.411559930849848,0.685804230993416
"pos","sem_covid","rf","estendido","sa","trimestre","vespera",18,1.06334654664968,0.855519549544116,-2.2691834072726,0.0365639893496005,2.73834405875084,0.0140059072226938
"pos","sem_covid","ridge","core","nsa","1","m1",18,2.45423797887356,1.22953536408924,1.54453540318947,0.140869592955218,2.55491185260843,0.0205015197600258
"pos","sem_covid","ridge","core","nsa","1","m2",18,1.94645297723273,1.01057129999093,0.087915995465554,0.930970778018026,2.42624644417466,0.0266699363432647
"pos","sem_covid","ridge","core","nsa","1","m3",18,1.51638163962469,1.22001067418341,1.66990714295932,0.113246024630656,2.40216459379748,0.0280035926138867
"pos","sem_covid","ridge","core","nsa","1","vespera",18,1.49790263056514,1.20514331644716,1.48752517914504,0.155189648546807,4.22019196771876,0.000575975928816577
"pos","sem_covid","ridge","core","sa","esperar","m1",18,1.59918525669476,0.801167141802121,-3.88736439600032,0.00118370387672886,0.698200073766297,0.494492741199524
"pos","sem_covid","ridge","core","sa","esperar","m2",18,1.48686485413432,0.771959541858322,-3.06782124828235,0.00696850214027033,1.01655972477184,0.323613257523606
"pos","sem_covid","ridge","core","sa","esperar","m3",18,1.05811377283875,0.851309501269917,-2.46122851672173,0.0248386700626036,0.3144487782101,0.757006550654528
"pos","sem_covid","ridge","core","sa","esperar","vespera",18,1.0253444357554,0.824944805217881,-2.56853830585753,0.0199339616798772,2.63184615265315,0.0174875464327479
"pos","sem_covid","ridge","core","sa","principal","m1",18,1.61323182561937,0.808204256126647,-3.17417901014715,0.005547202566486,0.870736145080523,0.396028004576448
"pos","sem_covid","ridge","core","sa","principal","m2",18,1.30359615647496,0.676808984301792,-2.9953633934132,0.0081347041619221,-0.0443076871665599,0.965175435427362
"pos","sem_covid","ridge","core","sa","principal","m3",18,0.942665845881034,0.758425428078673,-2.71273223051062,0.0147768139795726,-0.351794492553546,0.729315251587867
"pos","sem_covid","ridge","core","sa","principal","vespera",18,0.885821561656792,0.712691140807129,-2.83960297906396,0.0113200275316005,1.95146227978325,0.0676788395513928
"pos","sem_covid","ridge","core","sa","trimestre","m1",18,1.61323182561937,0.808204256126647,-3.17417901014715,0.005547202566486,0.870736145080523,0.396028004576448
"pos","sem_covid","ridge","core","sa","trimestre","m2",18,1.31486407283092,0.682659129675564,-3.02638121143218,0.00761385996103348,0.0336393436311004,0.973556566694306
"pos","sem_covid","ridge","core","sa","trimestre","m3",18,0.942665845881034,0.758425428078673,-2.71273223051062,0.0147768139795726,-0.351794492553546,0.729315251587867
"pos","sem_covid","ridge","core","sa","trimestre","vespera",18,0.894427358191392,0.719614967472995,-2.86906148474823,0.010636964191893,2.04102728366437,0.0570886339740164
"pos","sem_covid","ridge","estendido","nsa","1","m1",18,2.03171310574989,1.01785692125489,0.132026528663393,0.89651333605187,1.66256087414925,0.1147263368257
"pos","sem_covid","ridge","estendido","nsa","1","m2",18,1.66032436807344,0.862017307726605,-0.972913150981758,0.344237546498104,1.29970041004434,0.211052211254138
"pos","sem_covid","ridge","estendido","nsa","1","m3",18,1.29929493921388,1.04535273530861,0.286210804229113,0.778175213903748,1.2908299040446,0.214041953792492
"pos","sem_covid","ridge","estendido","nsa","1","vespera",18,1.29522815262663,1.04208078653501,0.275826925093064,0.786005897004965,3.56832127097556,0.00236610196965877
"pos","sem_covid","ridge","estendido","sa","esperar","m1",18,1.51017819407617,0.756575976607335,-3.55124494606992,0.00245540931021666,0.205171196486679,0.83987497991048
"pos","sem_covid","ridge","estendido","sa","esperar","m2",18,1.49712644569161,0.777287217400101,-2.55669132903783,0.0204265406995635,1.07474510370973,0.297506999096701
"pos","sem_covid","ridge","estendido","sa","esperar","m3",18,1.05414235018397,0.848114277914583,-2.0924251798089,0.0517120325762172,0.301350341631854,0.766802289248191
"pos","sem_covid","ridge","estendido","sa","esperar","vespera",18,1.03633315854377,0.833785824356552,-2.06633507753884,0.0543808539134904,2.75865491024558,0.0134221749545535
"pos","sem_covid","ridge","estendido","sa","principal","m1",18,1.73427009385806,0.868842561168236,-2.31828456347776,0.0331529979545459,1.47591254488573,0.158249765661352
"pos","sem_covid","ridge","estendido","sa","principal","m2",18,1.32185381256746,0.686288105281337,-2.66175980504556,0.016433844081588,0.0728527154003381,0.942773628378957
"pos","sem_covid","ridge","estendido","sa","principal","m3",18,0.965125746083714,0.776495627078937,-2.29435076350079,0.0347768639005139,-0.229021824177985,0.821584494943132
"pos","sem_covid","ridge","estendido","sa","principal","vespera",18,0.880050912383602,0.708048342763226,-2.67815422502155,0.0158823883224924,1.67329812140492,0.112568273587656
"pos","sem_covid","ridge","estendido","sa","trimestre","m1",18,1.73427009385806,0.868842561168236,-2.31828456347776,0.0331529979545459,1.47591254488573,0.158249765661352
"pos","sem_covid","ridge","estendido","sa","trimestre","m2",18,1.33304984202349,0.692100927977008,-2.69686417938954,0.0152746878759356,0.145159743405661,0.886291920853544
"pos","sem_covid","ridge","estendido","sa","trimestre","m3",18,0.965125746083714,0.776495627078937,-2.29435076350079,0.0347768639005139,-0.229021824177985,0.821584494943132
"pos","sem_covid","ridge","estendido","sa","trimestre","vespera",18,0.893436009292633,0.71881737390768,-2.74940241983226,0.0136851301645853,1.9213328818502,0.0716191530463111
"pos","sem_covid","sarima","core","nsa","1","m1",18,2.27878679243453,1.14163702649722,1.36893918860459,0.188835707086781,2.58948923884354,0.0190903714923824
"pos","sem_covid","sarima","core","nsa","1","m2",18,2.1466530858883,1.11451241052832,1.06345817075914,0.302447791944399,2.54208774892957,0.0210496457420139
"pos","sem_covid","sarima","core","nsa","1","m3",18,1.62155315503673,1.30462682098304,2.3875127937783,0.0288453806472877,2.41489178961575,0.0272911447420254
"pos","sem_covid","sarima","core","nsa","1","vespera",18,1.62155315503673,1.30462682098304,2.3875127937783,0.0288453806472877,3.892514940419,0.00117054987643428
"pos","sem_covid","sarima","core","sa","principal","m1",18,1.99606945074857,1,NA,NA,2.47228137028644,0.0242851536102581
"pos","sem_covid","sarima","core","sa","principal","m2",18,1.92609168422872,1,NA,NA,2.46401839853317,0.0246978434311044
"pos","sem_covid","sarima","core","sa","principal","m3",18,1.24292489542327,1,NA,NA,1.34558570864042,0.196109844204876
"pos","sem_covid","sarima","core","sa","principal","vespera",18,1.24292489542327,1,NA,NA,3.06180953801857,0.00705869776221211
